{
  "years": [
    {
      "date": "1991",
      "value": "582",
      "year": "1991",
      "month": "",
      "quarter": "",
      "sourceDataset": "",
      "updateDate": "2015-07-09T00:48:25.460Z"
    },
    {
      "date": "1992",
      "value": "544",
      "year": "1992",
      "month": "",
      "quarter": "",
      "sourceDataset": "",
      "updateDate": "2015-07-09T00:48:25.460Z"
    },
    {
      "date": "1993",
      "value": "515",
      "year": "1993",
      "month": "",
      "quarter": "",
      "sourceDataset": "",
      "updateDate": "2015-07-09T00:48:25.460Z"
    },
    {
      "date": "1994",
      "value": "446",
      "year": "1994",
      "month": "",
      "quarter": "",
      "sourceDataset": "",
      "updateDate": "2015-07-09T00:48:25.460Z"
    },
    {
      "date": "1995",
      "value": "433",
      "year": "1995",
      "month": "",
      "quarter": "",
      "sourceDataset": "",
      "updateDate": "2015-07-09T00:48:25.460Z"
    },
    {
      "date": "1996",
      "value": "395",
      "year": "1996",
      "month": "",
      "quarter": "",
      "sourceDataset": "",
      "updateDate": "2015-07-09T00:48:25.460Z"
    },
    {
      "date": "1997",
      "value": "348",
      "year": "1997",
      "month": "",
      "quarter": "",
      "sourceDataset": "",
      "updateDate": "2015-07-09T00:48:25.460Z"
    },
    {
      "date": "1998",
      "value": "350",
      "year": "1998",
      "month": "",
      "quarter": "",
      "sourceDataset": "",
      "updateDate": "2015-07-09T00:48:25.460Z"
    },
    {
      "date": "1999",
      "value": "359",
      "year": "1999",
      "month": "",
      "quarter": "",
      "sourceDataset": "",
      "updateDate": "2015-07-09T00:48:25.460Z"
    },
    {
      "date": "2000",
      "value": "367",
      "year": "2000",
      "month": "",
      "quarter": "",
      "sourceDataset": "",
      "updateDate": "2015-07-09T00:48:25.460Z"
    },
    {
      "date": "2001",
      "value": "379",
      "year": "2001",
      "month": "",
      "quarter": "",
      "sourceDataset": "",
      "updateDate": "2015-07-09T00:48:25.460Z"
    },
    {
      "date": "2002",
      "value": "377",
      "year": "2002",
      "month": "",
      "quarter": "",
      "sourceDataset": "",
      "updateDate": "2015-07-09T00:48:25.460Z"
    },
    {
      "date": "2003",
      "value": "387",
      "year": "2003",
      "month": "",
      "quarter": "",
      "sourceDataset": "",
      "updateDate": "2015-07-09T00:48:25.460Z"
    },
    {
      "date": "2004",
      "value": "378",
      "year": "2004",
      "month": "",
      "quarter": "",
      "sourceDataset": "",
      "updateDate": "2015-07-09T00:48:25.460Z"
    },
    {
      "date": "2005",
      "value": "383",
      "year": "2005",
      "month": "",
      "quarter": "",
      "sourceDataset": "",
      "updateDate": "2015-07-09T00:48:25.460Z"
    },
    {
      "date": "2006",
      "value": "362",
      "year": "2006",
      "month": "",
      "quarter": "",
      "sourceDataset": "",
      "updateDate": "2015-07-09T00:48:25.460Z"
    },
    {
      "date": "2007",
      "value": "356",
      "year": "2007",
      "month": "",
      "quarter": "",
      "sourceDataset": "",
      "updateDate": "2015-07-09T00:48:25.460Z"
    },
    {
      "date": "2008",
      "value": "361",
      "year": "2008",
      "month": "",
      "quarter": "",
      "sourceDataset": "",
      "updateDate": "2015-07-09T00:48:25.460Z"
    },
    {
      "date": "2009",
      "value": "566",
      "year": "2009",
      "month": "",
      "quarter": "",
      "sourceDataset": "",
      "updateDate": "2015-07-09T00:48:25.460Z"
    },
    {
      "date": "2010",
      "value": "540",
      "year": "2010",
      "month": "",
      "quarter": "",
      "sourceDataset": "",
      "updateDate": "2015-07-09T00:48:25.460Z"
    },
    {
      "date": "2011",
      "value": "507",
      "year": "2011",
      "month": "",
      "quarter": "",
      "sourceDataset": "",
      "updateDate": "2015-07-09T00:48:25.460Z"
    },
    {
      "date": "2012",
      "value": "475",
      "year": "2012",
      "month": "",
      "quarter": "",
      "sourceDataset": "",
      "updateDate": "2015-07-09T00:48:25.460Z"
    },
    {
      "date": "2013",
      "value": "454",
      "year": "2013",
      "month": "",
      "quarter": "",
      "sourceDataset": "",
      "updateDate": "2015-07-09T00:48:25.460Z"
    },
    {
      "date": "2014",
      "value": "183",
      "year": "2014",
      "month": "",
      "quarter": "",
      "sourceDataset": "",
      "updateDate": "2015-07-09T00:48:25.460Z"
    }
  ],
  "quarters": [
    {
      "date": "1991 Q1",
      "value": "0",
      "year": "1991",
      "month": "",
      "quarter": "Q1",
      "sourceDataset": "",
      "updateDate": "2015-07-09T00:48:25.460Z"
    },
    {
      "date": "1991 Q2",
      "value": "583",
      "year": "1991",
      "month": "",
      "quarter": "Q2",
      "sourceDataset": "",
      "updateDate": "2015-07-09T00:48:25.460Z"
    },
    {
      "date": "1991 Q3",
      "value": "0",
      "year": "1991",
      "month": "",
      "quarter": "Q3",
      "sourceDataset": "",
      "updateDate": "2015-07-09T00:48:25.460Z"
    },
    {
      "date": "1991 Q4",
      "value": "0",
      "year": "1991",
      "month": "",
      "quarter": "Q4",
      "sourceDataset": "",
      "updateDate": "2015-07-09T00:48:25.460Z"
    },
    {
      "date": "1992 Q1",
      "value": "0",
      "year": "1992",
      "month": "",
      "quarter": "Q1",
      "sourceDataset": "",
      "updateDate": "2015-07-09T00:48:25.460Z"
    },
    {
      "date": "1992 Q2",
      "value": "545",
      "year": "1992",
      "month": "",
      "quarter": "Q2",
      "sourceDataset": "",
      "updateDate": "2015-07-09T00:48:25.460Z"
    },
    {
      "date": "1992 Q3",
      "value": "0",
      "year": "1992",
      "month": "",
      "quarter": "Q3",
      "sourceDataset": "",
      "updateDate": "2015-07-09T00:48:25.460Z"
    },
    {
      "date": "1992 Q4",
      "value": "0",
      "year": "1992",
      "month": "",
      "quarter": "Q4",
      "sourceDataset": "",
      "updateDate": "2015-07-09T00:48:25.460Z"
    },
    {
      "date": "1993 Q1",
      "value": "0",
      "year": "1993",
      "month": "",
      "quarter": "Q1",
      "sourceDataset": "",
      "updateDate": "2015-07-09T00:48:25.460Z"
    },
    {
      "date": "1993 Q2",
      "value": "516",
      "year": "1993",
      "month": "",
      "quarter": "Q2",
      "sourceDataset": "",
      "updateDate": "2015-07-09T00:48:25.460Z"
    },
    {
      "date": "1993 Q3",
      "value": "0",
      "year": "1993",
      "month": "",
      "quarter": "Q3",
      "sourceDataset": "",
      "updateDate": "2015-07-09T00:48:25.460Z"
    },
    {
      "date": "1993 Q4",
      "value": "0",
      "year": "1993",
      "month": "",
      "quarter": "Q4",
      "sourceDataset": "",
      "updateDate": "2015-07-09T00:48:25.460Z"
    },
    {
      "date": "1994 Q1",
      "value": "0",
      "year": "1994",
      "month": "",
      "quarter": "Q1",
      "sourceDataset": "",
      "updateDate": "2015-07-09T00:48:25.460Z"
    },
    {
      "date": "1994 Q2",
      "value": "447",
      "year": "1994",
      "month": "",
      "quarter": "Q2",
      "sourceDataset": "",
      "updateDate": "2015-07-09T00:48:25.460Z"
    },
    {
      "date": "1994 Q3",
      "value": "0",
      "year": "1994",
      "month": "",
      "quarter": "Q3",
      "sourceDataset": "",
      "updateDate": "2015-07-09T00:48:25.460Z"
    },
    {
      "date": "1994 Q4",
      "value": "0",
      "year": "1994",
      "month": "",
      "quarter": "Q4",
      "sourceDataset": "",
      "updateDate": "2015-07-09T00:48:25.460Z"
    },
    {
      "date": "1995 Q1",
      "value": "0",
      "year": "1995",
      "month": "",
      "quarter": "Q1",
      "sourceDataset": "",
      "updateDate": "2015-07-09T00:48:25.460Z"
    },
    {
      "date": "1995 Q2",
      "value": "434",
      "year": "1995",
      "month": "",
      "quarter": "Q2",
      "sourceDataset": "",
      "updateDate": "2015-07-09T00:48:25.460Z"
    },
    {
      "date": "1995 Q3",
      "value": "0",
      "year": "1995",
      "month": "",
      "quarter": "Q3",
      "sourceDataset": "",
      "updateDate": "2015-07-09T00:48:25.460Z"
    },
    {
      "date": "1995 Q4",
      "value": "0",
      "year": "1995",
      "month": "",
      "quarter": "Q4",
      "sourceDataset": "",
      "updateDate": "2015-07-09T00:48:25.460Z"
    },
    {
      "date": "1996 Q1",
      "value": "0",
      "year": "1996",
      "month": "",
      "quarter": "Q1",
      "sourceDataset": "",
      "updateDate": "2015-07-09T00:48:25.460Z"
    },
    {
      "date": "1996 Q2",
      "value": "396",
      "year": "1996",
      "month": "",
      "quarter": "Q2",
      "sourceDataset": "",
      "updateDate": "2015-07-09T00:48:25.460Z"
    },
    {
      "date": "1996 Q3",
      "value": "0",
      "year": "1996",
      "month": "",
      "quarter": "Q3",
      "sourceDataset": "",
      "updateDate": "2015-07-09T00:48:25.460Z"
    },
    {
      "date": "1996 Q4",
      "value": "0",
      "year": "1996",
      "month": "",
      "quarter": "Q4",
      "sourceDataset": "",
      "updateDate": "2015-07-09T00:48:25.460Z"
    },
    {
      "date": "1997 Q1",
      "value": "0",
      "year": "1997",
      "month": "",
      "quarter": "Q1",
      "sourceDataset": "",
      "updateDate": "2015-07-09T00:48:25.460Z"
    },
    {
      "date": "1997 Q2",
      "value": "349",
      "year": "1997",
      "month": "",
      "quarter": "Q2",
      "sourceDataset": "",
      "updateDate": "2015-07-09T00:48:25.460Z"
    },
    {
      "date": "1997 Q3",
      "value": "0",
      "year": "1997",
      "month": "",
      "quarter": "Q3",
      "sourceDataset": "",
      "updateDate": "2015-07-09T00:48:25.460Z"
    },
    {
      "date": "1997 Q4",
      "value": "0",
      "year": "1997",
      "month": "",
      "quarter": "Q4",
      "sourceDataset": "",
      "updateDate": "2015-07-09T00:48:25.460Z"
    },
    {
      "date": "1998 Q1",
      "value": "358",
      "year": "1998",
      "month": "",
      "quarter": "Q1",
      "sourceDataset": "",
      "updateDate": "2015-07-09T00:48:25.460Z"
    },
    {
      "date": "1998 Q2",
      "value": "351",
      "year": "1998",
      "month": "",
      "quarter": "Q2",
      "sourceDataset": "",
      "updateDate": "2015-07-09T00:48:25.460Z"
    },
    {
      "date": "1998 Q3",
      "value": "0",
      "year": "1998",
      "month": "",
      "quarter": "Q3",
      "sourceDataset": "",
      "updateDate": "2015-07-09T00:48:25.460Z"
    },
    {
      "date": "1998 Q4",
      "value": "0",
      "year": "1998",
      "month": "",
      "quarter": "Q4",
      "sourceDataset": "",
      "updateDate": "2015-07-09T00:48:25.460Z"
    },
    {
      "date": "1999 Q1",
      "value": "361",
      "year": "1999",
      "month": "",
      "quarter": "Q1",
      "sourceDataset": "",
      "updateDate": "2015-07-09T00:48:25.460Z"
    },
    {
      "date": "1999 Q2",
      "value": "359",
      "year": "1999",
      "month": "",
      "quarter": "Q2",
      "sourceDataset": "",
      "updateDate": "2015-07-09T00:48:25.460Z"
    },
    {
      "date": "1999 Q3",
      "value": "359",
      "year": "1999",
      "month": "",
      "quarter": "Q3",
      "sourceDataset": "",
      "updateDate": "2015-07-09T00:48:25.460Z"
    },
    {
      "date": "1999 Q4",
      "value": "383",
      "year": "1999",
      "month": "",
      "quarter": "Q4",
      "sourceDataset": "",
      "updateDate": "2015-07-09T00:48:25.460Z"
    },
    {
      "date": "2000 Q1",
      "value": "378",
      "year": "2000",
      "month": "",
      "quarter": "Q1",
      "sourceDataset": "",
      "updateDate": "2015-07-09T00:48:25.460Z"
    },
    {
      "date": "2000 Q2",
      "value": "367",
      "year": "2000",
      "month": "",
      "quarter": "Q2",
      "sourceDataset": "",
      "updateDate": "2015-07-09T00:48:25.460Z"
    },
    {
      "date": "2000 Q3",
      "value": "366",
      "year": "2000",
      "month": "",
      "quarter": "Q3",
      "sourceDataset": "",
      "updateDate": "2015-07-09T00:48:25.460Z"
    },
    {
      "date": "2000 Q4",
      "value": "389",
      "year": "2000",
      "month": "",
      "quarter": "Q4",
      "sourceDataset": "",
      "updateDate": "2015-07-09T00:48:25.460Z"
    },
    {
      "date": "2001 Q1",
      "value": "376",
      "year": "2001",
      "month": "",
      "quarter": "Q1",
      "sourceDataset": "",
      "updateDate": "2015-07-09T00:48:25.460Z"
    },
    {
      "date": "2001 Q2",
      "value": "379",
      "year": "2001",
      "month": "",
      "quarter": "Q2",
      "sourceDataset": "",
      "updateDate": "2015-07-09T00:48:25.460Z"
    },
    {
      "date": "2001 Q3",
      "value": "369",
      "year": "2001",
      "month": "",
      "quarter": "Q3",
      "sourceDataset": "",
      "updateDate": "2015-07-09T00:48:25.460Z"
    },
    {
      "date": "2001 Q4",
      "value": "388",
      "year": "2001",
      "month": "",
      "quarter": "Q4",
      "sourceDataset": "",
      "updateDate": "2015-07-09T00:48:25.460Z"
    },
    {
      "date": "2002 Q1",
      "value": "402",
      "year": "2002",
      "month": "",
      "quarter": "Q1",
      "sourceDataset": "",
      "updateDate": "2015-07-09T00:48:25.460Z"
    },
    {
      "date": "2002 Q2",
      "value": "377",
      "year": "2002",
      "month": "",
      "quarter": "Q2",
      "sourceDataset": "",
      "updateDate": "2015-07-09T00:48:25.460Z"
    },
    {
      "date": "2002 Q3",
      "value": "376",
      "year": "2002",
      "month": "",
      "quarter": "Q3",
      "sourceDataset": "",
      "updateDate": "2015-07-09T00:48:25.460Z"
    },
    {
      "date": "2002 Q4",
      "value": "406",
      "year": "2002",
      "month": "",
      "quarter": "Q4",
      "sourceDataset": "",
      "updateDate": "2015-07-09T00:48:25.460Z"
    },
    {
      "date": "2003 Q1",
      "value": "382",
      "year": "2003",
      "month": "",
      "quarter": "Q1",
      "sourceDataset": "",
      "updateDate": "2015-07-09T00:48:25.460Z"
    },
    {
      "date": "2003 Q2",
      "value": "387",
      "year": "2003",
      "month": "",
      "quarter": "Q2",
      "sourceDataset": "",
      "updateDate": "2015-07-09T00:48:25.460Z"
    },
    {
      "date": "2003 Q3",
      "value": "388",
      "year": "2003",
      "month": "",
      "quarter": "Q3",
      "sourceDataset": "",
      "updateDate": "2015-07-09T00:48:25.460Z"
    },
    {
      "date": "2003 Q4",
      "value": "399",
      "year": "2003",
      "month": "",
      "quarter": "Q4",
      "sourceDataset": "",
      "updateDate": "2015-07-09T00:48:25.460Z"
    },
    {
      "date": "2004 Q1",
      "value": "380",
      "year": "2004",
      "month": "",
      "quarter": "Q1",
      "sourceDataset": "",
      "updateDate": "2015-07-09T00:48:25.460Z"
    },
    {
      "date": "2004 Q2",
      "value": "378",
      "year": "2004",
      "month": "",
      "quarter": "Q2",
      "sourceDataset": "",
      "updateDate": "2015-07-09T00:48:25.460Z"
    },
    {
      "date": "2004 Q3",
      "value": "376",
      "year": "2004",
      "month": "",
      "quarter": "Q3",
      "sourceDataset": "",
      "updateDate": "2015-07-09T00:48:25.460Z"
    },
    {
      "date": "2004 Q4",
      "value": "391",
      "year": "2004",
      "month": "",
      "quarter": "Q4",
      "sourceDataset": "",
      "updateDate": "2015-07-09T00:48:25.460Z"
    },
    {
      "date": "2005 Q1",
      "value": "369",
      "year": "2005",
      "month": "",
      "quarter": "Q1",
      "sourceDataset": "",
      "updateDate": "2015-07-09T00:48:25.460Z"
    },
    {
      "date": "2005 Q2",
      "value": "383",
      "year": "2005",
      "month": "",
      "quarter": "Q2",
      "sourceDataset": "",
      "updateDate": "2015-07-09T00:48:25.460Z"
    },
    {
      "date": "2005 Q3",
      "value": "382",
      "year": "2005",
      "month": "",
      "quarter": "Q3",
      "sourceDataset": "",
      "updateDate": "2015-07-09T00:48:25.460Z"
    },
    {
      "date": "2005 Q4",
      "value": "389",
      "year": "2005",
      "month": "",
      "quarter": "Q4",
      "sourceDataset": "",
      "updateDate": "2015-07-09T00:48:25.460Z"
    },
    {
      "date": "2006 Q1",
      "value": "358",
      "year": "2006",
      "month": "",
      "quarter": "Q1",
      "sourceDataset": "",
      "updateDate": "2015-07-09T00:48:25.460Z"
    },
    {
      "date": "2006 Q2",
      "value": "362",
      "year": "2006",
      "month": "",
      "quarter": "Q2",
      "sourceDataset": "",
      "updateDate": "2015-07-09T00:48:25.460Z"
    },
    {
      "date": "2006 Q3",
      "value": "361",
      "year": "2006",
      "month": "",
      "quarter": "Q3",
      "sourceDataset": "",
      "updateDate": "2015-07-09T00:48:25.460Z"
    },
    {
      "date": "2006 Q4",
      "value": "373",
      "year": "2006",
      "month": "",
      "quarter": "Q4",
      "sourceDataset": "",
      "updateDate": "2015-07-09T00:48:25.460Z"
    },
    {
      "date": "2007 Q1",
      "value": "361",
      "year": "2007",
      "month": "",
      "quarter": "Q1",
      "sourceDataset": "",
      "updateDate": "2015-07-09T00:48:25.460Z"
    },
    {
      "date": "2007 Q2",
      "value": "356",
      "year": "2007",
      "month": "",
      "quarter": "Q2",
      "sourceDataset": "",
      "updateDate": "2015-07-09T00:48:25.460Z"
    },
    {
      "date": "2007 Q3",
      "value": "355",
      "year": "2007",
      "month": "",
      "quarter": "Q3",
      "sourceDataset": "",
      "updateDate": "2015-07-09T00:48:25.460Z"
    },
    {
      "date": "2007 Q4",
      "value": "388",
      "year": "2007",
      "month": "",
      "quarter": "Q4",
      "sourceDataset": "",
      "updateDate": "2015-07-09T00:48:25.460Z"
    },
    {
      "date": "2008 Q1",
      "value": "573",
      "year": "2008",
      "month": "",
      "quarter": "Q1",
      "sourceDataset": "",
      "updateDate": "2015-07-09T00:48:25.460Z"
    },
    {
      "date": "2008 Q2",
      "value": "361",
      "year": "2008",
      "month": "",
      "quarter": "Q2",
      "sourceDataset": "",
      "updateDate": "2015-07-09T00:48:25.460Z"
    },
    {
      "date": "2008 Q3",
      "value": "359",
      "year": "2008",
      "month": "",
      "quarter": "Q3",
      "sourceDataset": "",
      "updateDate": "2015-07-09T00:48:25.460Z"
    },
    {
      "date": "2008 Q4",
      "value": "605",
      "year": "2008",
      "month": "",
      "quarter": "Q4",
      "sourceDataset": "",
      "updateDate": "2015-07-09T00:48:25.460Z"
    },
    {
      "date": "2009 Q1",
      "value": "541",
      "year": "2009",
      "month": "",
      "quarter": "Q1",
      "sourceDataset": "",
      "updateDate": "2015-07-09T00:48:25.460Z"
    },
    {
      "date": "2009 Q2",
      "value": "566",
      "year": "2009",
      "month": "",
      "quarter": "Q2",
      "sourceDataset": "",
      "updateDate": "2015-07-09T00:48:25.460Z"
    },
    {
      "date": "2009 Q3",
      "value": "554",
      "year": "2009",
      "month": "",
      "quarter": "Q3",
      "sourceDataset": "",
      "updateDate": "2015-07-09T00:48:25.460Z"
    },
    {
      "date": "2009 Q4",
      "value": "564",
      "year": "2009",
      "month": "",
      "quarter": "Q4",
      "sourceDataset": "",
      "updateDate": "2015-07-09T00:48:25.460Z"
    },
    {
      "date": "2010 Q1",
      "value": "520",
      "year": "2010",
      "month": "",
      "quarter": "Q1",
      "sourceDataset": "",
      "updateDate": "2015-07-09T00:48:25.460Z"
    },
    {
      "date": "2010 Q2",
      "value": "540",
      "year": "2010",
      "month": "",
      "quarter": "Q2",
      "sourceDataset": "",
      "updateDate": "2015-07-09T00:48:25.460Z"
    },
    {
      "date": "2010 Q3",
      "value": "534",
      "year": "2010",
      "month": "",
      "quarter": "Q3",
      "sourceDataset": "",
      "updateDate": "2015-07-09T00:48:25.460Z"
    },
    {
      "date": "2010 Q4",
      "value": "541",
      "year": "2010",
      "month": "",
      "quarter": "Q4",
      "sourceDataset": "",
      "updateDate": "2015-07-09T00:48:25.460Z"
    },
    {
      "date": "2011 Q1",
      "value": "482",
      "year": "2011",
      "month": "",
      "quarter": "Q1",
      "sourceDataset": "",
      "updateDate": "2015-07-09T00:48:25.460Z"
    },
    {
      "date": "2011 Q2",
      "value": "507",
      "year": "2011",
      "month": "",
      "quarter": "Q2",
      "sourceDataset": "",
      "updateDate": "2015-07-09T00:48:25.460Z"
    },
    {
      "date": "2011 Q3",
      "value": "496",
      "year": "2011",
      "month": "",
      "quarter": "Q3",
      "sourceDataset": "",
      "updateDate": "2015-07-09T00:48:25.460Z"
    },
    {
      "date": "2011 Q4",
      "value": "505",
      "year": "2011",
      "month": "",
      "quarter": "Q4",
      "sourceDataset": "",
      "updateDate": "2015-07-09T00:48:25.460Z"
    },
    {
      "date": "2012 Q1",
      "value": "459",
      "year": "2012",
      "month": "",
      "quarter": "Q1",
      "sourceDataset": "",
      "updateDate": "2015-07-09T00:48:25.460Z"
    },
    {
      "date": "2012 Q2",
      "value": "475",
      "year": "2012",
      "month": "",
      "quarter": "Q2",
      "sourceDataset": "",
      "updateDate": "2015-07-09T00:48:25.460Z"
    },
    {
      "date": "2012 Q3",
      "value": "468",
      "year": "2012",
      "month": "",
      "quarter": "Q3",
      "sourceDataset": "",
      "updateDate": "2015-07-09T00:48:25.460Z"
    },
    {
      "date": "2012 Q4",
      "value": "485",
      "year": "2012",
      "month": "",
      "quarter": "Q4",
      "sourceDataset": "",
      "updateDate": "2015-07-09T00:48:25.460Z"
    },
    {
      "date": "2013 Q1",
      "value": "184",
      "year": "2013",
      "month": "",
      "quarter": "Q1",
      "sourceDataset": "",
      "updateDate": "2015-07-09T00:48:25.460Z"
    },
    {
      "date": "2013 Q2",
      "value": "454",
      "year": "2013",
      "month": "",
      "quarter": "Q2",
      "sourceDataset": "",
      "updateDate": "2015-07-09T00:48:25.460Z"
    },
    {
      "date": "2013 Q3",
      "value": "439",
      "year": "2013",
      "month": "",
      "quarter": "Q3",
      "sourceDataset": "",
      "updateDate": "2015-07-09T00:48:25.460Z"
    },
    {
      "date": "2013 Q4",
      "value": "281",
      "year": "2013",
      "month": "",
      "quarter": "Q4",
      "sourceDataset": "",
      "updateDate": "2015-07-09T00:48:25.460Z"
    },
    {
      "date": "2014 Q1",
      "value": "179",
      "year": "2014",
      "month": "",
      "quarter": "Q1",
      "sourceDataset": "",
      "updateDate": "2015-07-09T00:48:25.460Z"
    },
    {
      "date": "2014 Q2",
      "value": "183",
      "year": "2014",
      "month": "",
      "quarter": "Q2",
      "sourceDataset": "",
      "updateDate": "2015-07-09T00:48:25.460Z"
    },
    {
      "date": "2014 Q3",
      "value": "182",
      "year": "2014",
      "month": "",
      "quarter": "Q3",
      "sourceDataset": "",
      "updateDate": "2015-07-09T00:48:25.460Z"
    },
    {
      "date": "2014 Q4",
      "value": "180",
      "year": "2014",
      "month": "",
      "quarter": "Q4",
      "sourceDataset": "",
      "updateDate": "2015-07-09T00:48:25.460Z"
    }
  ],
  "months": [],
  "sourceDatasets": [
    ""
  ],
  "type": "timeseries",
  "uri": "/employmentandlabourmarket/publicsectorpersonnel/timeseries/c9kc",
  "breadcrumb": [
    {
      "uri": "/"
    },
    {
      "uri": "/employmentandlabourmarket"
    },
    {
      "uri": "/employmentandlabourmarket/publicsectorpersonnel"
    }
  ],
  "description": {
    "title": "Public Sector Employment by Sector; Total Public Corps; UK; HC; NSA; Thousands",
    "nationalStatistic": false,
    "latestRelease": false,
    "releaseDate": "2015-06-16T23:00:00.000Z",
    "nextRelease": "16 Sept 2015",
    "cdid": "C9KC",
    "unit": "",
    "preUnit": "",
    "source": "Office for National Statistics",
    "seasonalAdjustment": "NSA",
    "number": "180",
    "sampleSize": 0
  }
}