{
  "years": [
    {
      "date": "1999",
      "value": "2346",
      "year": "1999",
      "month": "",
      "quarter": "",
      "sourceDataset": "",
      "updateDate": "2015-07-09T00:48:25.562Z"
    },
    {
      "date": "2000",
      "value": "2384",
      "year": "2000",
      "month": "",
      "quarter": "",
      "sourceDataset": "",
      "updateDate": "2015-07-09T00:48:25.562Z"
    },
    {
      "date": "2001",
      "value": "2462",
      "year": "2001",
      "month": "",
      "quarter": "",
      "sourceDataset": "",
      "updateDate": "2015-07-09T00:48:25.562Z"
    },
    {
      "date": "2002",
      "value": "2553",
      "year": "2002",
      "month": "",
      "quarter": "",
      "sourceDataset": "",
      "updateDate": "2015-07-09T00:48:25.562Z"
    },
    {
      "date": "2003",
      "value": "2663",
      "year": "2003",
      "month": "",
      "quarter": "",
      "sourceDataset": "",
      "updateDate": "2015-07-09T00:48:25.562Z"
    },
    {
      "date": "2004",
      "value": "2749",
      "year": "2004",
      "month": "",
      "quarter": "",
      "sourceDataset": "",
      "updateDate": "2015-07-09T00:48:25.562Z"
    },
    {
      "date": "2005",
      "value": "2808",
      "year": "2005",
      "month": "",
      "quarter": "",
      "sourceDataset": "",
      "updateDate": "2015-07-09T00:48:25.562Z"
    },
    {
      "date": "2006",
      "value": "2785",
      "year": "2006",
      "month": "",
      "quarter": "",
      "sourceDataset": "",
      "updateDate": "2015-07-09T00:48:25.562Z"
    },
    {
      "date": "2007",
      "value": "2745",
      "year": "2007",
      "month": "",
      "quarter": "",
      "sourceDataset": "",
      "updateDate": "2015-07-09T00:48:25.562Z"
    },
    {
      "date": "2008",
      "value": "2750",
      "year": "2008",
      "month": "",
      "quarter": "",
      "sourceDataset": "",
      "updateDate": "2015-07-09T00:48:25.562Z"
    },
    {
      "date": "2009",
      "value": "2852",
      "year": "2009",
      "month": "",
      "quarter": "",
      "sourceDataset": "",
      "updateDate": "2015-07-09T00:48:25.562Z"
    },
    {
      "date": "2010",
      "value": "2868",
      "year": "2010",
      "month": "",
      "quarter": "",
      "sourceDataset": "",
      "updateDate": "2015-07-09T00:48:25.562Z"
    },
    {
      "date": "2011",
      "value": "2839",
      "year": "2011",
      "month": "",
      "quarter": "",
      "sourceDataset": "",
      "updateDate": "2015-07-09T00:48:25.562Z"
    },
    {
      "date": "2012",
      "value": "2731",
      "year": "2012",
      "month": "",
      "quarter": "",
      "sourceDataset": "",
      "updateDate": "2015-07-09T00:48:25.562Z"
    },
    {
      "date": "2013",
      "value": "2822",
      "year": "2013",
      "month": "",
      "quarter": "",
      "sourceDataset": "",
      "updateDate": "2015-07-09T00:48:25.562Z"
    },
    {
      "date": "2014",
      "value": "2883",
      "year": "2014",
      "month": "",
      "quarter": "",
      "sourceDataset": "",
      "updateDate": "2015-07-09T00:48:25.562Z"
    }
  ],
  "quarters": [
    {
      "date": "1999 Q1",
      "value": "2340",
      "year": "1999",
      "month": "",
      "quarter": "Q1",
      "sourceDataset": "",
      "updateDate": "2015-07-09T00:48:25.562Z"
    },
    {
      "date": "1999 Q2",
      "value": "2346",
      "year": "1999",
      "month": "",
      "quarter": "Q2",
      "sourceDataset": "",
      "updateDate": "2015-07-09T00:48:25.562Z"
    },
    {
      "date": "1999 Q3",
      "value": "2360",
      "year": "1999",
      "month": "",
      "quarter": "Q3",
      "sourceDataset": "",
      "updateDate": "2015-07-09T00:48:25.562Z"
    },
    {
      "date": "1999 Q4",
      "value": "2367",
      "year": "1999",
      "month": "",
      "quarter": "Q4",
      "sourceDataset": "",
      "updateDate": "2015-07-09T00:48:25.562Z"
    },
    {
      "date": "2000 Q1",
      "value": "2374",
      "year": "2000",
      "month": "",
      "quarter": "Q1",
      "sourceDataset": "",
      "updateDate": "2015-07-09T00:48:25.562Z"
    },
    {
      "date": "2000 Q2",
      "value": "2384",
      "year": "2000",
      "month": "",
      "quarter": "Q2",
      "sourceDataset": "",
      "updateDate": "2015-07-09T00:48:25.562Z"
    },
    {
      "date": "2000 Q3",
      "value": "2399",
      "year": "2000",
      "month": "",
      "quarter": "Q3",
      "sourceDataset": "",
      "updateDate": "2015-07-09T00:48:25.562Z"
    },
    {
      "date": "2000 Q4",
      "value": "2410",
      "year": "2000",
      "month": "",
      "quarter": "Q4",
      "sourceDataset": "",
      "updateDate": "2015-07-09T00:48:25.562Z"
    },
    {
      "date": "2001 Q1",
      "value": "2441",
      "year": "2001",
      "month": "",
      "quarter": "Q1",
      "sourceDataset": "",
      "updateDate": "2015-07-09T00:48:25.562Z"
    },
    {
      "date": "2001 Q2",
      "value": "2462",
      "year": "2001",
      "month": "",
      "quarter": "Q2",
      "sourceDataset": "",
      "updateDate": "2015-07-09T00:48:25.562Z"
    },
    {
      "date": "2001 Q3",
      "value": "2482",
      "year": "2001",
      "month": "",
      "quarter": "Q3",
      "sourceDataset": "",
      "updateDate": "2015-07-09T00:48:25.562Z"
    },
    {
      "date": "2001 Q4",
      "value": "2503",
      "year": "2001",
      "month": "",
      "quarter": "Q4",
      "sourceDataset": "",
      "updateDate": "2015-07-09T00:48:25.562Z"
    },
    {
      "date": "2002 Q1",
      "value": "2530",
      "year": "2002",
      "month": "",
      "quarter": "Q1",
      "sourceDataset": "",
      "updateDate": "2015-07-09T00:48:25.562Z"
    },
    {
      "date": "2002 Q2",
      "value": "2553",
      "year": "2002",
      "month": "",
      "quarter": "Q2",
      "sourceDataset": "",
      "updateDate": "2015-07-09T00:48:25.562Z"
    },
    {
      "date": "2002 Q3",
      "value": "2581",
      "year": "2002",
      "month": "",
      "quarter": "Q3",
      "sourceDataset": "",
      "updateDate": "2015-07-09T00:48:25.562Z"
    },
    {
      "date": "2002 Q4",
      "value": "2606",
      "year": "2002",
      "month": "",
      "quarter": "Q4",
      "sourceDataset": "",
      "updateDate": "2015-07-09T00:48:25.562Z"
    },
    {
      "date": "2003 Q1",
      "value": "2639",
      "year": "2003",
      "month": "",
      "quarter": "Q1",
      "sourceDataset": "",
      "updateDate": "2015-07-09T00:48:25.562Z"
    },
    {
      "date": "2003 Q2",
      "value": "2663",
      "year": "2003",
      "month": "",
      "quarter": "Q2",
      "sourceDataset": "",
      "updateDate": "2015-07-09T00:48:25.562Z"
    },
    {
      "date": "2003 Q3",
      "value": "2683",
      "year": "2003",
      "month": "",
      "quarter": "Q3",
      "sourceDataset": "",
      "updateDate": "2015-07-09T00:48:25.562Z"
    },
    {
      "date": "2003 Q4",
      "value": "2706",
      "year": "2003",
      "month": "",
      "quarter": "Q4",
      "sourceDataset": "",
      "updateDate": "2015-07-09T00:48:25.562Z"
    },
    {
      "date": "2004 Q1",
      "value": "2732",
      "year": "2004",
      "month": "",
      "quarter": "Q1",
      "sourceDataset": "",
      "updateDate": "2015-07-09T00:48:25.562Z"
    },
    {
      "date": "2004 Q2",
      "value": "2749",
      "year": "2004",
      "month": "",
      "quarter": "Q2",
      "sourceDataset": "",
      "updateDate": "2015-07-09T00:48:25.562Z"
    },
    {
      "date": "2004 Q3",
      "value": "2764",
      "year": "2004",
      "month": "",
      "quarter": "Q3",
      "sourceDataset": "",
      "updateDate": "2015-07-09T00:48:25.562Z"
    },
    {
      "date": "2004 Q4",
      "value": "2774",
      "year": "2004",
      "month": "",
      "quarter": "Q4",
      "sourceDataset": "",
      "updateDate": "2015-07-09T00:48:25.562Z"
    },
    {
      "date": "2005 Q1",
      "value": "2785",
      "year": "2005",
      "month": "",
      "quarter": "Q1",
      "sourceDataset": "",
      "updateDate": "2015-07-09T00:48:25.562Z"
    },
    {
      "date": "2005 Q2",
      "value": "2808",
      "year": "2005",
      "month": "",
      "quarter": "Q2",
      "sourceDataset": "",
      "updateDate": "2015-07-09T00:48:25.562Z"
    },
    {
      "date": "2005 Q3",
      "value": "2804",
      "year": "2005",
      "month": "",
      "quarter": "Q3",
      "sourceDataset": "",
      "updateDate": "2015-07-09T00:48:25.562Z"
    },
    {
      "date": "2005 Q4",
      "value": "2805",
      "year": "2005",
      "month": "",
      "quarter": "Q4",
      "sourceDataset": "",
      "updateDate": "2015-07-09T00:48:25.562Z"
    },
    {
      "date": "2006 Q1",
      "value": "2796",
      "year": "2006",
      "month": "",
      "quarter": "Q1",
      "sourceDataset": "",
      "updateDate": "2015-07-09T00:48:25.562Z"
    },
    {
      "date": "2006 Q2",
      "value": "2785",
      "year": "2006",
      "month": "",
      "quarter": "Q2",
      "sourceDataset": "",
      "updateDate": "2015-07-09T00:48:25.562Z"
    },
    {
      "date": "2006 Q3",
      "value": "2763",
      "year": "2006",
      "month": "",
      "quarter": "Q3",
      "sourceDataset": "",
      "updateDate": "2015-07-09T00:48:25.562Z"
    },
    {
      "date": "2006 Q4",
      "value": "2763",
      "year": "2006",
      "month": "",
      "quarter": "Q4",
      "sourceDataset": "",
      "updateDate": "2015-07-09T00:48:25.562Z"
    },
    {
      "date": "2007 Q1",
      "value": "2758",
      "year": "2007",
      "month": "",
      "quarter": "Q1",
      "sourceDataset": "",
      "updateDate": "2015-07-09T00:48:25.562Z"
    },
    {
      "date": "2007 Q2",
      "value": "2745",
      "year": "2007",
      "month": "",
      "quarter": "Q2",
      "sourceDataset": "",
      "updateDate": "2015-07-09T00:48:25.562Z"
    },
    {
      "date": "2007 Q3",
      "value": "2745",
      "year": "2007",
      "month": "",
      "quarter": "Q3",
      "sourceDataset": "",
      "updateDate": "2015-07-09T00:48:25.562Z"
    },
    {
      "date": "2007 Q4",
      "value": "2742",
      "year": "2007",
      "month": "",
      "quarter": "Q4",
      "sourceDataset": "",
      "updateDate": "2015-07-09T00:48:25.562Z"
    },
    {
      "date": "2008 Q1",
      "value": "2741",
      "year": "2008",
      "month": "",
      "quarter": "Q1",
      "sourceDataset": "",
      "updateDate": "2015-07-09T00:48:25.562Z"
    },
    {
      "date": "2008 Q2",
      "value": "2750",
      "year": "2008",
      "month": "",
      "quarter": "Q2",
      "sourceDataset": "",
      "updateDate": "2015-07-09T00:48:25.562Z"
    },
    {
      "date": "2008 Q3",
      "value": "2785",
      "year": "2008",
      "month": "",
      "quarter": "Q3",
      "sourceDataset": "",
      "updateDate": "2015-07-09T00:48:25.562Z"
    },
    {
      "date": "2008 Q4",
      "value": "2829",
      "year": "2008",
      "month": "",
      "quarter": "Q4",
      "sourceDataset": "",
      "updateDate": "2015-07-09T00:48:25.562Z"
    },
    {
      "date": "2009 Q1",
      "value": "2838",
      "year": "2009",
      "month": "",
      "quarter": "Q1",
      "sourceDataset": "",
      "updateDate": "2015-07-09T00:48:25.562Z"
    },
    {
      "date": "2009 Q2",
      "value": "2852",
      "year": "2009",
      "month": "",
      "quarter": "Q2",
      "sourceDataset": "",
      "updateDate": "2015-07-09T00:48:25.562Z"
    },
    {
      "date": "2009 Q3",
      "value": "2904",
      "year": "2009",
      "month": "",
      "quarter": "Q3",
      "sourceDataset": "",
      "updateDate": "2015-07-09T00:48:25.562Z"
    },
    {
      "date": "2009 Q4",
      "value": "2917",
      "year": "2009",
      "month": "",
      "quarter": "Q4",
      "sourceDataset": "",
      "updateDate": "2015-07-09T00:48:25.562Z"
    },
    {
      "date": "2010 Q1",
      "value": "2905",
      "year": "2010",
      "month": "",
      "quarter": "Q1",
      "sourceDataset": "",
      "updateDate": "2015-07-09T00:48:25.562Z"
    },
    {
      "date": "2010 Q2",
      "value": "2868",
      "year": "2010",
      "month": "",
      "quarter": "Q2",
      "sourceDataset": "",
      "updateDate": "2015-07-09T00:48:25.562Z"
    },
    {
      "date": "2010 Q3",
      "value": "2845",
      "year": "2010",
      "month": "",
      "quarter": "Q3",
      "sourceDataset": "",
      "updateDate": "2015-07-09T00:48:25.562Z"
    },
    {
      "date": "2010 Q4",
      "value": "2845",
      "year": "2010",
      "month": "",
      "quarter": "Q4",
      "sourceDataset": "",
      "updateDate": "2015-07-09T00:48:25.562Z"
    },
    {
      "date": "2011 Q1",
      "value": "2862",
      "year": "2011",
      "month": "",
      "quarter": "Q1",
      "sourceDataset": "",
      "updateDate": "2015-07-09T00:48:25.562Z"
    },
    {
      "date": "2011 Q2",
      "value": "2839",
      "year": "2011",
      "month": "",
      "quarter": "Q2",
      "sourceDataset": "",
      "updateDate": "2015-07-09T00:48:25.562Z"
    },
    {
      "date": "2011 Q3",
      "value": "2883",
      "year": "2011",
      "month": "",
      "quarter": "Q3",
      "sourceDataset": "",
      "updateDate": "2015-07-09T00:48:25.562Z"
    },
    {
      "date": "2011 Q4",
      "value": "2887",
      "year": "2011",
      "month": "",
      "quarter": "Q4",
      "sourceDataset": "",
      "updateDate": "2015-07-09T00:48:25.562Z"
    },
    {
      "date": "2012 Q1",
      "value": "2900",
      "year": "2012",
      "month": "",
      "quarter": "Q1",
      "sourceDataset": "",
      "updateDate": "2015-07-09T00:48:25.562Z"
    },
    {
      "date": "2012 Q2",
      "value": "2731",
      "year": "2012",
      "month": "",
      "quarter": "Q2",
      "sourceDataset": "",
      "updateDate": "2015-07-09T00:48:25.562Z"
    },
    {
      "date": "2012 Q3",
      "value": "2753",
      "year": "2012",
      "month": "",
      "quarter": "Q3",
      "sourceDataset": "",
      "updateDate": "2015-07-09T00:48:25.562Z"
    },
    {
      "date": "2012 Q4",
      "value": "2772",
      "year": "2012",
      "month": "",
      "quarter": "Q4",
      "sourceDataset": "",
      "updateDate": "2015-07-09T00:48:25.562Z"
    },
    {
      "date": "2013 Q1",
      "value": "2789",
      "year": "2013",
      "month": "",
      "quarter": "Q1",
      "sourceDataset": "",
      "updateDate": "2015-07-09T00:48:25.562Z"
    },
    {
      "date": "2013 Q2",
      "value": "2822",
      "year": "2013",
      "month": "",
      "quarter": "Q2",
      "sourceDataset": "",
      "updateDate": "2015-07-09T00:48:25.562Z"
    },
    {
      "date": "2013 Q3",
      "value": "2850",
      "year": "2013",
      "month": "",
      "quarter": "Q3",
      "sourceDataset": "",
      "updateDate": "2015-07-09T00:48:25.562Z"
    },
    {
      "date": "2013 Q4",
      "value": "2866",
      "year": "2013",
      "month": "",
      "quarter": "Q4",
      "sourceDataset": "",
      "updateDate": "2015-07-09T00:48:25.562Z"
    },
    {
      "date": "2014 Q1",
      "value": "2878",
      "year": "2014",
      "month": "",
      "quarter": "Q1",
      "sourceDataset": "",
      "updateDate": "2015-07-09T00:48:25.562Z"
    },
    {
      "date": "2014 Q2",
      "value": "2883",
      "year": "2014",
      "month": "",
      "quarter": "Q2",
      "sourceDataset": "",
      "updateDate": "2015-07-09T00:48:25.562Z"
    },
    {
      "date": "2014 Q3",
      "value": "2893",
      "year": "2014",
      "month": "",
      "quarter": "Q3",
      "sourceDataset": "",
      "updateDate": "2015-07-09T00:48:25.562Z"
    },
    {
      "date": "2014 Q4",
      "value": "2911",
      "year": "2014",
      "month": "",
      "quarter": "Q4",
      "sourceDataset": "",
      "updateDate": "2015-07-09T00:48:25.562Z"
    },
    {
      "date": "2015 Q1",
      "value": "2909",
      "year": "2015",
      "month": "",
      "quarter": "Q1",
      "sourceDataset": "",
      "updateDate": "2015-07-09T00:48:25.562Z"
    }
  ],
  "months": [],
  "sourceDatasets": [
    ""
  ],
  "type": "timeseries",
  "uri": "/employmentandlabourmarket/publicsectorpersonnel/timeseries/g6nq",
  "breadcrumb": [
    {
      "uri": "/"
    },
    {
      "uri": "/employmentandlabourmarket"
    },
    {
      "uri": "/employmentandlabourmarket/publicsectorpersonnel"
    }
  ],
  "description": {
    "title": "Public Sector Employment by Sector; Central Gov; UK; HC; SA; Thousands  ",
    "nationalStatistic": false,
    "latestRelease": false,
    "releaseDate": "2015-06-16T23:00:00.000Z",
    "nextRelease": "16 Sept 2015",
    "cdid": "G6NQ",
    "unit": "m",
    "preUnit": "",
    "source": "Office for National Statistics",
    "seasonalAdjustment": "NSA",
    "number": "2909",
    "sampleSize": 0
  }
}