{
  "years": [
    {
      "date": "1999",
      "value": "389",
      "year": "1999",
      "month": "",
      "quarter": "",
      "sourceDataset": "",
      "updateDate": "2015-07-09T00:48:25.471Z"
    },
    {
      "date": "2000",
      "value": "385",
      "year": "2000",
      "month": "",
      "quarter": "",
      "sourceDataset": "",
      "updateDate": "2015-07-09T00:48:25.471Z"
    },
    {
      "date": "2001",
      "value": "372",
      "year": "2001",
      "month": "",
      "quarter": "",
      "sourceDataset": "",
      "updateDate": "2015-07-09T00:48:25.471Z"
    },
    {
      "date": "2002",
      "value": "364",
      "year": "2002",
      "month": "",
      "quarter": "",
      "sourceDataset": "",
      "updateDate": "2015-07-09T00:48:25.471Z"
    },
    {
      "date": "2003",
      "value": "344",
      "year": "2003",
      "month": "",
      "quarter": "",
      "sourceDataset": "",
      "updateDate": "2015-07-09T00:48:25.471Z"
    },
    {
      "date": "2004",
      "value": "357",
      "year": "2004",
      "month": "",
      "quarter": "",
      "sourceDataset": "",
      "updateDate": "2015-07-09T00:48:25.471Z"
    },
    {
      "date": "2005",
      "value": "364",
      "year": "2005",
      "month": "",
      "quarter": "",
      "sourceDataset": "",
      "updateDate": "2015-07-09T00:48:25.471Z"
    },
    {
      "date": "2006",
      "value": "357",
      "year": "2006",
      "month": "",
      "quarter": "",
      "sourceDataset": "",
      "updateDate": "2015-07-09T00:48:25.471Z"
    },
    {
      "date": "2007",
      "value": "354",
      "year": "2007",
      "month": "",
      "quarter": "",
      "sourceDataset": "",
      "updateDate": "2015-07-09T00:48:25.471Z"
    },
    {
      "date": "2008",
      "value": "351",
      "year": "2008",
      "month": "",
      "quarter": "",
      "sourceDataset": "",
      "updateDate": "2015-07-09T00:48:25.471Z"
    },
    {
      "date": "2009",
      "value": "352",
      "year": "2009",
      "month": "",
      "quarter": "",
      "sourceDataset": "",
      "updateDate": "2015-07-09T00:48:25.471Z"
    },
    {
      "date": "2010",
      "value": "355",
      "year": "2010",
      "month": "",
      "quarter": "",
      "sourceDataset": "",
      "updateDate": "2015-07-09T00:48:25.471Z"
    },
    {
      "date": "2011",
      "value": "337",
      "year": "2011",
      "month": "",
      "quarter": "",
      "sourceDataset": "",
      "updateDate": "2015-07-09T00:48:25.471Z"
    },
    {
      "date": "2012",
      "value": "307",
      "year": "2012",
      "month": "",
      "quarter": "",
      "sourceDataset": "",
      "updateDate": "2015-07-09T00:48:25.471Z"
    },
    {
      "date": "2013",
      "value": "288",
      "year": "2013",
      "month": "",
      "quarter": "",
      "sourceDataset": "",
      "updateDate": "2015-07-09T00:48:25.471Z"
    },
    {
      "date": "2014",
      "value": "268",
      "year": "2014",
      "month": "",
      "quarter": "",
      "sourceDataset": "",
      "updateDate": "2015-07-09T00:48:25.471Z"
    }
  ],
  "quarters": [
    {
      "date": "1999 Q1",
      "value": "391",
      "year": "1999",
      "month": "",
      "quarter": "Q1",
      "sourceDataset": "",
      "updateDate": "2015-07-09T00:48:25.471Z"
    },
    {
      "date": "1999 Q2",
      "value": "389",
      "year": "1999",
      "month": "",
      "quarter": "Q2",
      "sourceDataset": "",
      "updateDate": "2015-07-09T00:48:25.471Z"
    },
    {
      "date": "1999 Q3",
      "value": "394",
      "year": "1999",
      "month": "",
      "quarter": "Q3",
      "sourceDataset": "",
      "updateDate": "2015-07-09T00:48:25.471Z"
    },
    {
      "date": "1999 Q4",
      "value": "399",
      "year": "1999",
      "month": "",
      "quarter": "Q4",
      "sourceDataset": "",
      "updateDate": "2015-07-09T00:48:25.471Z"
    },
    {
      "date": "2000 Q1",
      "value": "397",
      "year": "2000",
      "month": "",
      "quarter": "Q1",
      "sourceDataset": "",
      "updateDate": "2015-07-09T00:48:25.471Z"
    },
    {
      "date": "2000 Q2",
      "value": "385",
      "year": "2000",
      "month": "",
      "quarter": "Q2",
      "sourceDataset": "",
      "updateDate": "2015-07-09T00:48:25.471Z"
    },
    {
      "date": "2000 Q3",
      "value": "377",
      "year": "2000",
      "month": "",
      "quarter": "Q3",
      "sourceDataset": "",
      "updateDate": "2015-07-09T00:48:25.471Z"
    },
    {
      "date": "2000 Q4",
      "value": "375",
      "year": "2000",
      "month": "",
      "quarter": "Q4",
      "sourceDataset": "",
      "updateDate": "2015-07-09T00:48:25.471Z"
    },
    {
      "date": "2001 Q1",
      "value": "371",
      "year": "2001",
      "month": "",
      "quarter": "Q1",
      "sourceDataset": "",
      "updateDate": "2015-07-09T00:48:25.471Z"
    },
    {
      "date": "2001 Q2",
      "value": "372",
      "year": "2001",
      "month": "",
      "quarter": "Q2",
      "sourceDataset": "",
      "updateDate": "2015-07-09T00:48:25.471Z"
    },
    {
      "date": "2001 Q3",
      "value": "373",
      "year": "2001",
      "month": "",
      "quarter": "Q3",
      "sourceDataset": "",
      "updateDate": "2015-07-09T00:48:25.471Z"
    },
    {
      "date": "2001 Q4",
      "value": "364",
      "year": "2001",
      "month": "",
      "quarter": "Q4",
      "sourceDataset": "",
      "updateDate": "2015-07-09T00:48:25.471Z"
    },
    {
      "date": "2002 Q1",
      "value": "366",
      "year": "2002",
      "month": "",
      "quarter": "Q1",
      "sourceDataset": "",
      "updateDate": "2015-07-09T00:48:25.471Z"
    },
    {
      "date": "2002 Q2",
      "value": "364",
      "year": "2002",
      "month": "",
      "quarter": "Q2",
      "sourceDataset": "",
      "updateDate": "2015-07-09T00:48:25.471Z"
    },
    {
      "date": "2002 Q3",
      "value": "352",
      "year": "2002",
      "month": "",
      "quarter": "Q3",
      "sourceDataset": "",
      "updateDate": "2015-07-09T00:48:25.471Z"
    },
    {
      "date": "2002 Q4",
      "value": "341",
      "year": "2002",
      "month": "",
      "quarter": "Q4",
      "sourceDataset": "",
      "updateDate": "2015-07-09T00:48:25.471Z"
    },
    {
      "date": "2003 Q1",
      "value": "341",
      "year": "2003",
      "month": "",
      "quarter": "Q1",
      "sourceDataset": "",
      "updateDate": "2015-07-09T00:48:25.471Z"
    },
    {
      "date": "2003 Q2",
      "value": "344",
      "year": "2003",
      "month": "",
      "quarter": "Q2",
      "sourceDataset": "",
      "updateDate": "2015-07-09T00:48:25.471Z"
    },
    {
      "date": "2003 Q3",
      "value": "349",
      "year": "2003",
      "month": "",
      "quarter": "Q3",
      "sourceDataset": "",
      "updateDate": "2015-07-09T00:48:25.471Z"
    },
    {
      "date": "2003 Q4",
      "value": "358",
      "year": "2003",
      "month": "",
      "quarter": "Q4",
      "sourceDataset": "",
      "updateDate": "2015-07-09T00:48:25.471Z"
    },
    {
      "date": "2004 Q1",
      "value": "358",
      "year": "2004",
      "month": "",
      "quarter": "Q1",
      "sourceDataset": "",
      "updateDate": "2015-07-09T00:48:25.471Z"
    },
    {
      "date": "2004 Q2",
      "value": "357",
      "year": "2004",
      "month": "",
      "quarter": "Q2",
      "sourceDataset": "",
      "updateDate": "2015-07-09T00:48:25.471Z"
    },
    {
      "date": "2004 Q3",
      "value": "361",
      "year": "2004",
      "month": "",
      "quarter": "Q3",
      "sourceDataset": "",
      "updateDate": "2015-07-09T00:48:25.471Z"
    },
    {
      "date": "2004 Q4",
      "value": "363",
      "year": "2004",
      "month": "",
      "quarter": "Q4",
      "sourceDataset": "",
      "updateDate": "2015-07-09T00:48:25.471Z"
    },
    {
      "date": "2005 Q1",
      "value": "363",
      "year": "2005",
      "month": "",
      "quarter": "Q1",
      "sourceDataset": "",
      "updateDate": "2015-07-09T00:48:25.471Z"
    },
    {
      "date": "2005 Q2",
      "value": "364",
      "year": "2005",
      "month": "",
      "quarter": "Q2",
      "sourceDataset": "",
      "updateDate": "2015-07-09T00:48:25.471Z"
    },
    {
      "date": "2005 Q3",
      "value": "358",
      "year": "2005",
      "month": "",
      "quarter": "Q3",
      "sourceDataset": "",
      "updateDate": "2015-07-09T00:48:25.471Z"
    },
    {
      "date": "2005 Q4",
      "value": "360",
      "year": "2005",
      "month": "",
      "quarter": "Q4",
      "sourceDataset": "",
      "updateDate": "2015-07-09T00:48:25.471Z"
    },
    {
      "date": "2006 Q1",
      "value": "357",
      "year": "2006",
      "month": "",
      "quarter": "Q1",
      "sourceDataset": "",
      "updateDate": "2015-07-09T00:48:25.471Z"
    },
    {
      "date": "2006 Q2",
      "value": "357",
      "year": "2006",
      "month": "",
      "quarter": "Q2",
      "sourceDataset": "",
      "updateDate": "2015-07-09T00:48:25.471Z"
    },
    {
      "date": "2006 Q3",
      "value": "360",
      "year": "2006",
      "month": "",
      "quarter": "Q3",
      "sourceDataset": "",
      "updateDate": "2015-07-09T00:48:25.471Z"
    },
    {
      "date": "2006 Q4",
      "value": "356",
      "year": "2006",
      "month": "",
      "quarter": "Q4",
      "sourceDataset": "",
      "updateDate": "2015-07-09T00:48:25.471Z"
    },
    {
      "date": "2007 Q1",
      "value": "355",
      "year": "2007",
      "month": "",
      "quarter": "Q1",
      "sourceDataset": "",
      "updateDate": "2015-07-09T00:48:25.471Z"
    },
    {
      "date": "2007 Q2",
      "value": "354",
      "year": "2007",
      "month": "",
      "quarter": "Q2",
      "sourceDataset": "",
      "updateDate": "2015-07-09T00:48:25.471Z"
    },
    {
      "date": "2007 Q3",
      "value": "351",
      "year": "2007",
      "month": "",
      "quarter": "Q3",
      "sourceDataset": "",
      "updateDate": "2015-07-09T00:48:25.471Z"
    },
    {
      "date": "2007 Q4",
      "value": "348",
      "year": "2007",
      "month": "",
      "quarter": "Q4",
      "sourceDataset": "",
      "updateDate": "2015-07-09T00:48:25.471Z"
    },
    {
      "date": "2008 Q1",
      "value": "351",
      "year": "2008",
      "month": "",
      "quarter": "Q1",
      "sourceDataset": "",
      "updateDate": "2015-07-09T00:48:25.471Z"
    },
    {
      "date": "2008 Q2",
      "value": "351",
      "year": "2008",
      "month": "",
      "quarter": "Q2",
      "sourceDataset": "",
      "updateDate": "2015-07-09T00:48:25.471Z"
    },
    {
      "date": "2008 Q3",
      "value": "352",
      "year": "2008",
      "month": "",
      "quarter": "Q3",
      "sourceDataset": "",
      "updateDate": "2015-07-09T00:48:25.471Z"
    },
    {
      "date": "2008 Q4",
      "value": "353",
      "year": "2008",
      "month": "",
      "quarter": "Q4",
      "sourceDataset": "",
      "updateDate": "2015-07-09T00:48:25.471Z"
    },
    {
      "date": "2009 Q1",
      "value": "351",
      "year": "2009",
      "month": "",
      "quarter": "Q1",
      "sourceDataset": "",
      "updateDate": "2015-07-09T00:48:25.471Z"
    },
    {
      "date": "2009 Q2",
      "value": "352",
      "year": "2009",
      "month": "",
      "quarter": "Q2",
      "sourceDataset": "",
      "updateDate": "2015-07-09T00:48:25.471Z"
    },
    {
      "date": "2009 Q3",
      "value": "359",
      "year": "2009",
      "month": "",
      "quarter": "Q3",
      "sourceDataset": "",
      "updateDate": "2015-07-09T00:48:25.471Z"
    },
    {
      "date": "2009 Q4",
      "value": "358",
      "year": "2009",
      "month": "",
      "quarter": "Q4",
      "sourceDataset": "",
      "updateDate": "2015-07-09T00:48:25.471Z"
    },
    {
      "date": "2010 Q1",
      "value": "354",
      "year": "2010",
      "month": "",
      "quarter": "Q1",
      "sourceDataset": "",
      "updateDate": "2015-07-09T00:48:25.471Z"
    },
    {
      "date": "2010 Q2",
      "value": "355",
      "year": "2010",
      "month": "",
      "quarter": "Q2",
      "sourceDataset": "",
      "updateDate": "2015-07-09T00:48:25.471Z"
    },
    {
      "date": "2010 Q3",
      "value": "349",
      "year": "2010",
      "month": "",
      "quarter": "Q3",
      "sourceDataset": "",
      "updateDate": "2015-07-09T00:48:25.471Z"
    },
    {
      "date": "2010 Q4",
      "value": "344",
      "year": "2010",
      "month": "",
      "quarter": "Q4",
      "sourceDataset": "",
      "updateDate": "2015-07-09T00:48:25.471Z"
    },
    {
      "date": "2011 Q1",
      "value": "342",
      "year": "2011",
      "month": "",
      "quarter": "Q1",
      "sourceDataset": "",
      "updateDate": "2015-07-09T00:48:25.471Z"
    },
    {
      "date": "2011 Q2",
      "value": "337",
      "year": "2011",
      "month": "",
      "quarter": "Q2",
      "sourceDataset": "",
      "updateDate": "2015-07-09T00:48:25.471Z"
    },
    {
      "date": "2011 Q3",
      "value": "326",
      "year": "2011",
      "month": "",
      "quarter": "Q3",
      "sourceDataset": "",
      "updateDate": "2015-07-09T00:48:25.471Z"
    },
    {
      "date": "2011 Q4",
      "value": "328",
      "year": "2011",
      "month": "",
      "quarter": "Q4",
      "sourceDataset": "",
      "updateDate": "2015-07-09T00:48:25.471Z"
    },
    {
      "date": "2012 Q1",
      "value": "315",
      "year": "2012",
      "month": "",
      "quarter": "Q1",
      "sourceDataset": "",
      "updateDate": "2015-07-09T00:48:25.471Z"
    },
    {
      "date": "2012 Q2",
      "value": "307",
      "year": "2012",
      "month": "",
      "quarter": "Q2",
      "sourceDataset": "",
      "updateDate": "2015-07-09T00:48:25.471Z"
    },
    {
      "date": "2012 Q3",
      "value": "299",
      "year": "2012",
      "month": "",
      "quarter": "Q3",
      "sourceDataset": "",
      "updateDate": "2015-07-09T00:48:25.471Z"
    },
    {
      "date": "2012 Q4",
      "value": "294",
      "year": "2012",
      "month": "",
      "quarter": "Q4",
      "sourceDataset": "",
      "updateDate": "2015-07-09T00:48:25.471Z"
    },
    {
      "date": "2013 Q1",
      "value": "291",
      "year": "2013",
      "month": "",
      "quarter": "Q1",
      "sourceDataset": "",
      "updateDate": "2015-07-09T00:48:25.471Z"
    },
    {
      "date": "2013 Q2",
      "value": "288",
      "year": "2013",
      "month": "",
      "quarter": "Q2",
      "sourceDataset": "",
      "updateDate": "2015-07-09T00:48:25.471Z"
    },
    {
      "date": "2013 Q3",
      "value": "285",
      "year": "2013",
      "month": "",
      "quarter": "Q3",
      "sourceDataset": "",
      "updateDate": "2015-07-09T00:48:25.471Z"
    },
    {
      "date": "2013 Q4",
      "value": "282",
      "year": "2013",
      "month": "",
      "quarter": "Q4",
      "sourceDataset": "",
      "updateDate": "2015-07-09T00:48:25.471Z"
    },
    {
      "date": "2014 Q1",
      "value": "276",
      "year": "2014",
      "month": "",
      "quarter": "Q1",
      "sourceDataset": "",
      "updateDate": "2015-07-09T00:48:25.471Z"
    },
    {
      "date": "2014 Q2",
      "value": "268",
      "year": "2014",
      "month": "",
      "quarter": "Q2",
      "sourceDataset": "",
      "updateDate": "2015-07-09T00:48:25.471Z"
    },
    {
      "date": "2014 Q3",
      "value": "262",
      "year": "2014",
      "month": "",
      "quarter": "Q3",
      "sourceDataset": "",
      "updateDate": "2015-07-09T00:48:25.471Z"
    },
    {
      "date": "2014 Q4",
      "value": "259",
      "year": "2014",
      "month": "",
      "quarter": "Q4",
      "sourceDataset": "",
      "updateDate": "2015-07-09T00:48:25.471Z"
    },
    {
      "date": "2015 Q1",
      "value": "252",
      "year": "2015",
      "month": "",
      "quarter": "Q1",
      "sourceDataset": "",
      "updateDate": "2015-07-09T00:48:25.471Z"
    }
  ],
  "months": [],
  "sourceDatasets": [
    ""
  ],
  "type": "timeseries",
  "uri": "/employmentandlabourmarket/publicsectorpersonnel/timeseries/g7fj",
  "breadcrumb": [
    {
      "uri": "/"
    },
    {
      "uri": "/employmentandlabourmarket"
    },
    {
      "uri": "/employmentandlabourmarket/publicsectorpersonnel"
    }
  ],
  "description": {
    "title": "Public Sector Employment by Industry: Other Health \u0026 Social;UK;HC;SA;Thousands",
    "nationalStatistic": false,
    "latestRelease": false,
    "releaseDate": "2015-06-16T23:00:00.000Z",
    "nextRelease": "16 Sept 2015",
    "cdid": "G7FJ",
    "unit": "",
    "preUnit": "",
    "source": "Office for National Statistics",
    "seasonalAdjustment": "NSA",
    "number": "252",
    "sampleSize": 0
  }
}