{"items":[{"uri":"/employmentandlabourmarket/peopleinwork/employmentandemployeetypes/timeseries/bbfw"},{"uri":"/employmentandlabourmarket/peopleinwork/employmentandemployeetypes/timeseries/f8xz"},{"uri":"/employmentandlabourmarket/peopleinwork/employmentandemployeetypes/timeseries/f8y2"},{"uri":"/employmentandlabourmarket/peopleinwork/employmentandemployeetypes/timeseries/bluu"}],"datasets":[{"uri":"/employmentandlabourmarket/peopleinwork/workplacedisputesandworkingconditions/datasets/labourdisputeslabd01"},{"uri":"/employmentandlabourmarket/peopleinwork/workplacedisputesandworkingconditions/datasets/labourdisputesbysectorlabd02"},{"uri":"/employmentandlabourmarket/peopleinwork/workplacedisputesandworkingconditions/datasets/stoppagesofworklabd03"},{"uri":"/employmentandlabourmarket/peopleinwork/employmentandemployeetypes/datasets/summaryoflabourmarketstatistics"},{"uri":"employmentandlabourmarket/peopleinwork/employmentandemployeetypes/datasets/labourmarketstatistics"}],"statsBulletins":[{"uri":"/employmentandlabourmarket/peopleinwork/employmentandemployeetypes/bulletins/uklabourmarket/2015-07-15"}],"index":3,"type":"product_page","uri":"/employmentandlabourmarket/peopleinwork/workplacedisputesandworkingconditions","breadcrumb":[{"uri":"/"},{"uri":"/employmentandlabourmarket"},{"uri":"/employmentandlabourmarket/peopleinwork"}],"description":{"title":"Workplace disputes and working conditions","summary":"Workplace disputes mean stoppages of work because of a dispute between an employer and employees. These include strikes (lawful and unlawful) and lock-outs (where an employer stops employees from entering a place of work). Our figures include the number of days lost to workplace disputes in the public and private sectors and the number of workers involved."},"relatedArticles":[{"uri":"/employmentandlabourmarket/peopleinwork/workplacedisputesandworkingconditions/articles/labourdisputes/2015-07-16"}]}