{"description":{"releaseDate":"2015-06-16T23:00:00.000Z","nextRelease":"16 September 2015","contact":{"name":"Mark Williams","email":"pse@ons.gsi.gov.uk ","telephone":"+44 (0)1633 456728"},"summary":"Made up of central and local government and public corporations, such as the NHS and civil service. Quarterly estimates, on a headcount and full-time equivalent basis by sector, indsutry and region.","datasetId":"","keywords":["headcount, full-time equivalents, pse, civil service, earnings"],"metaDescription":"Made up of central and local government and public corporations, such as the NHS and civil service. Quarterly estimates, on a headcount and full-time equivalent basis by sector, indsutry and region.","nationalStatistic":true,"title":"Public Sector Employment, Q1 2015 reference tables"},"migrated":true,"downloads":[{"title":"Public Sector Employment, Q1 2015 (Excel sheet 647Kb) ","fileDescription":"Esitmates of public sector employment, made up of central government, local government and public corporations.","file":"employmentandlabourmarket/publicsectorpersonnel/datasets/publicsectoremploymentq12015referencetables/referencetables2015q1_tcm77-402543.xls"}],"correction":[],"relatedDocuments":[{"uri":"/employmentandlabourmarket/publicsectorpersonnel/bulletins/publicsectoremployment/2015-06-17"}],"relatedMethodology":[],"type":"reference_tables","uri":"/employmentandlabourmarket/publicsectorpersonnel/datasets/publicsectoremploymentq12015referencetables","breadcrumb":[{"uri":"/"},{"uri":"/employmentandlabourmarket"},{"uri":"/employmentandlabourmarket/publicsectorpersonnel"}]}