{
  "years": [
    {
      "date": "1999",
      "value": "3983",
      "year": "1999",
      "month": "",
      "quarter": "",
      "sourceDataset": "",
      "updateDate": "2015-07-09T00:48:25.376Z"
    },
    {
      "date": "2000",
      "value": "4026",
      "year": "2000",
      "month": "",
      "quarter": "",
      "sourceDataset": "",
      "updateDate": "2015-07-09T00:48:25.376Z"
    },
    {
      "date": "2001",
      "value": "4084",
      "year": "2001",
      "month": "",
      "quarter": "",
      "sourceDataset": "",
      "updateDate": "2015-07-09T00:48:25.376Z"
    },
    {
      "date": "2002",
      "value": "4178",
      "year": "2002",
      "month": "",
      "quarter": "",
      "sourceDataset": "",
      "updateDate": "2015-07-09T00:48:25.376Z"
    },
    {
      "date": "2003",
      "value": "4303",
      "year": "2003",
      "month": "",
      "quarter": "",
      "sourceDataset": "",
      "updateDate": "2015-07-09T00:48:25.376Z"
    },
    {
      "date": "2004",
      "value": "4429",
      "year": "2004",
      "month": "",
      "quarter": "",
      "sourceDataset": "",
      "updateDate": "2015-07-09T00:48:25.376Z"
    },
    {
      "date": "2005",
      "value": "4506",
      "year": "2005",
      "month": "",
      "quarter": "",
      "sourceDataset": "",
      "updateDate": "2015-07-09T00:48:25.376Z"
    },
    {
      "date": "2006",
      "value": "4520",
      "year": "2006",
      "month": "",
      "quarter": "",
      "sourceDataset": "",
      "updateDate": "2015-07-09T00:48:25.376Z"
    },
    {
      "date": "2007",
      "value": "4520",
      "year": "2007",
      "month": "",
      "quarter": "",
      "sourceDataset": "",
      "updateDate": "2015-07-09T00:48:25.376Z"
    },
    {
      "date": "2008",
      "value": "4518",
      "year": "2008",
      "month": "",
      "quarter": "",
      "sourceDataset": "",
      "updateDate": "2015-07-09T00:48:25.376Z"
    },
    {
      "date": "2009",
      "value": "4617",
      "year": "2009",
      "month": "",
      "quarter": "",
      "sourceDataset": "",
      "updateDate": "2015-07-09T00:48:25.376Z"
    },
    {
      "date": "2010",
      "value": "4645",
      "year": "2010",
      "month": "",
      "quarter": "",
      "sourceDataset": "",
      "updateDate": "2015-07-09T00:48:25.376Z"
    },
    {
      "date": "2011",
      "value": "4503",
      "year": "2011",
      "month": "",
      "quarter": "",
      "sourceDataset": "",
      "updateDate": "2015-07-09T00:48:25.376Z"
    },
    {
      "date": "2012",
      "value": "4292",
      "year": "2012",
      "month": "",
      "quarter": "",
      "sourceDataset": "",
      "updateDate": "2015-07-09T00:48:25.376Z"
    },
    {
      "date": "2013",
      "value": "4269",
      "year": "2013",
      "month": "",
      "quarter": "",
      "sourceDataset": "",
      "updateDate": "2015-07-09T00:48:25.376Z"
    },
    {
      "date": "2014",
      "value": "4264",
      "year": "2014",
      "month": "",
      "quarter": "",
      "sourceDataset": "",
      "updateDate": "2015-07-09T00:48:25.376Z"
    }
  ],
  "quarters": [
    {
      "date": "1999 Q1",
      "value": "3977",
      "year": "1999",
      "month": "",
      "quarter": "Q1",
      "sourceDataset": "",
      "updateDate": "2015-07-09T00:48:25.376Z"
    },
    {
      "date": "1999 Q2",
      "value": "3983",
      "year": "1999",
      "month": "",
      "quarter": "Q2",
      "sourceDataset": "",
      "updateDate": "2015-07-09T00:48:25.376Z"
    },
    {
      "date": "1999 Q3",
      "value": "3994",
      "year": "1999",
      "month": "",
      "quarter": "Q3",
      "sourceDataset": "",
      "updateDate": "2015-07-09T00:48:25.376Z"
    },
    {
      "date": "1999 Q4",
      "value": "4006",
      "year": "1999",
      "month": "",
      "quarter": "Q4",
      "sourceDataset": "",
      "updateDate": "2015-07-09T00:48:25.376Z"
    },
    {
      "date": "2000 Q1",
      "value": "4017",
      "year": "2000",
      "month": "",
      "quarter": "Q1",
      "sourceDataset": "",
      "updateDate": "2015-07-09T00:48:25.376Z"
    },
    {
      "date": "2000 Q2",
      "value": "4026",
      "year": "2000",
      "month": "",
      "quarter": "Q2",
      "sourceDataset": "",
      "updateDate": "2015-07-09T00:48:25.376Z"
    },
    {
      "date": "2000 Q3",
      "value": "4040",
      "year": "2000",
      "month": "",
      "quarter": "Q3",
      "sourceDataset": "",
      "updateDate": "2015-07-09T00:48:25.376Z"
    },
    {
      "date": "2000 Q4",
      "value": "4048",
      "year": "2000",
      "month": "",
      "quarter": "Q4",
      "sourceDataset": "",
      "updateDate": "2015-07-09T00:48:25.376Z"
    },
    {
      "date": "2001 Q1",
      "value": "4063",
      "year": "2001",
      "month": "",
      "quarter": "Q1",
      "sourceDataset": "",
      "updateDate": "2015-07-09T00:48:25.376Z"
    },
    {
      "date": "2001 Q2",
      "value": "4084",
      "year": "2001",
      "month": "",
      "quarter": "Q2",
      "sourceDataset": "",
      "updateDate": "2015-07-09T00:48:25.376Z"
    },
    {
      "date": "2001 Q3",
      "value": "4103",
      "year": "2001",
      "month": "",
      "quarter": "Q3",
      "sourceDataset": "",
      "updateDate": "2015-07-09T00:48:25.376Z"
    },
    {
      "date": "2001 Q4",
      "value": "4123",
      "year": "2001",
      "month": "",
      "quarter": "Q4",
      "sourceDataset": "",
      "updateDate": "2015-07-09T00:48:25.376Z"
    },
    {
      "date": "2002 Q1",
      "value": "4154",
      "year": "2002",
      "month": "",
      "quarter": "Q1",
      "sourceDataset": "",
      "updateDate": "2015-07-09T00:48:25.376Z"
    },
    {
      "date": "2002 Q2",
      "value": "4178",
      "year": "2002",
      "month": "",
      "quarter": "Q2",
      "sourceDataset": "",
      "updateDate": "2015-07-09T00:48:25.376Z"
    },
    {
      "date": "2002 Q3",
      "value": "4199",
      "year": "2002",
      "month": "",
      "quarter": "Q3",
      "sourceDataset": "",
      "updateDate": "2015-07-09T00:48:25.376Z"
    },
    {
      "date": "2002 Q4",
      "value": "4236",
      "year": "2002",
      "month": "",
      "quarter": "Q4",
      "sourceDataset": "",
      "updateDate": "2015-07-09T00:48:25.376Z"
    },
    {
      "date": "2003 Q1",
      "value": "4267",
      "year": "2003",
      "month": "",
      "quarter": "Q1",
      "sourceDataset": "",
      "updateDate": "2015-07-09T00:48:25.376Z"
    },
    {
      "date": "2003 Q2",
      "value": "4303",
      "year": "2003",
      "month": "",
      "quarter": "Q2",
      "sourceDataset": "",
      "updateDate": "2015-07-09T00:48:25.376Z"
    },
    {
      "date": "2003 Q3",
      "value": "4331",
      "year": "2003",
      "month": "",
      "quarter": "Q3",
      "sourceDataset": "",
      "updateDate": "2015-07-09T00:48:25.376Z"
    },
    {
      "date": "2003 Q4",
      "value": "4364",
      "year": "2003",
      "month": "",
      "quarter": "Q4",
      "sourceDataset": "",
      "updateDate": "2015-07-09T00:48:25.376Z"
    },
    {
      "date": "2004 Q1",
      "value": "4401",
      "year": "2004",
      "month": "",
      "quarter": "Q1",
      "sourceDataset": "",
      "updateDate": "2015-07-09T00:48:25.376Z"
    },
    {
      "date": "2004 Q2",
      "value": "4429",
      "year": "2004",
      "month": "",
      "quarter": "Q2",
      "sourceDataset": "",
      "updateDate": "2015-07-09T00:48:25.376Z"
    },
    {
      "date": "2004 Q3",
      "value": "4451",
      "year": "2004",
      "month": "",
      "quarter": "Q3",
      "sourceDataset": "",
      "updateDate": "2015-07-09T00:48:25.376Z"
    },
    {
      "date": "2004 Q4",
      "value": "4461",
      "year": "2004",
      "month": "",
      "quarter": "Q4",
      "sourceDataset": "",
      "updateDate": "2015-07-09T00:48:25.376Z"
    },
    {
      "date": "2005 Q1",
      "value": "4482",
      "year": "2005",
      "month": "",
      "quarter": "Q1",
      "sourceDataset": "",
      "updateDate": "2015-07-09T00:48:25.376Z"
    },
    {
      "date": "2005 Q2",
      "value": "4506",
      "year": "2005",
      "month": "",
      "quarter": "Q2",
      "sourceDataset": "",
      "updateDate": "2015-07-09T00:48:25.376Z"
    },
    {
      "date": "2005 Q3",
      "value": "4523",
      "year": "2005",
      "month": "",
      "quarter": "Q3",
      "sourceDataset": "",
      "updateDate": "2015-07-09T00:48:25.376Z"
    },
    {
      "date": "2005 Q4",
      "value": "4522",
      "year": "2005",
      "month": "",
      "quarter": "Q4",
      "sourceDataset": "",
      "updateDate": "2015-07-09T00:48:25.376Z"
    },
    {
      "date": "2006 Q1",
      "value": "4517",
      "year": "2006",
      "month": "",
      "quarter": "Q1",
      "sourceDataset": "",
      "updateDate": "2015-07-09T00:48:25.376Z"
    },
    {
      "date": "2006 Q2",
      "value": "4520",
      "year": "2006",
      "month": "",
      "quarter": "Q2",
      "sourceDataset": "",
      "updateDate": "2015-07-09T00:48:25.376Z"
    },
    {
      "date": "2006 Q3",
      "value": "4518",
      "year": "2006",
      "month": "",
      "quarter": "Q3",
      "sourceDataset": "",
      "updateDate": "2015-07-09T00:48:25.376Z"
    },
    {
      "date": "2006 Q4",
      "value": "4539",
      "year": "2006",
      "month": "",
      "quarter": "Q4",
      "sourceDataset": "",
      "updateDate": "2015-07-09T00:48:25.376Z"
    },
    {
      "date": "2007 Q1",
      "value": "4530",
      "year": "2007",
      "month": "",
      "quarter": "Q1",
      "sourceDataset": "",
      "updateDate": "2015-07-09T00:48:25.376Z"
    },
    {
      "date": "2007 Q2",
      "value": "4520",
      "year": "2007",
      "month": "",
      "quarter": "Q2",
      "sourceDataset": "",
      "updateDate": "2015-07-09T00:48:25.376Z"
    },
    {
      "date": "2007 Q3",
      "value": "4523",
      "year": "2007",
      "month": "",
      "quarter": "Q3",
      "sourceDataset": "",
      "updateDate": "2015-07-09T00:48:25.376Z"
    },
    {
      "date": "2007 Q4",
      "value": "4510",
      "year": "2007",
      "month": "",
      "quarter": "Q4",
      "sourceDataset": "",
      "updateDate": "2015-07-09T00:48:25.376Z"
    },
    {
      "date": "2008 Q1",
      "value": "4502",
      "year": "2008",
      "month": "",
      "quarter": "Q1",
      "sourceDataset": "",
      "updateDate": "2015-07-09T00:48:25.376Z"
    },
    {
      "date": "2008 Q2",
      "value": "4518",
      "year": "2008",
      "month": "",
      "quarter": "Q2",
      "sourceDataset": "",
      "updateDate": "2015-07-09T00:48:25.376Z"
    },
    {
      "date": "2008 Q3",
      "value": "4558",
      "year": "2008",
      "month": "",
      "quarter": "Q3",
      "sourceDataset": "",
      "updateDate": "2015-07-09T00:48:25.376Z"
    },
    {
      "date": "2008 Q4",
      "value": "4591",
      "year": "2008",
      "month": "",
      "quarter": "Q4",
      "sourceDataset": "",
      "updateDate": "2015-07-09T00:48:25.376Z"
    },
    {
      "date": "2009 Q1",
      "value": "4616",
      "year": "2009",
      "month": "",
      "quarter": "Q1",
      "sourceDataset": "",
      "updateDate": "2015-07-09T00:48:25.376Z"
    },
    {
      "date": "2009 Q2",
      "value": "4617",
      "year": "2009",
      "month": "",
      "quarter": "Q2",
      "sourceDataset": "",
      "updateDate": "2015-07-09T00:48:25.376Z"
    },
    {
      "date": "2009 Q3",
      "value": "4654",
      "year": "2009",
      "month": "",
      "quarter": "Q3",
      "sourceDataset": "",
      "updateDate": "2015-07-09T00:48:25.376Z"
    },
    {
      "date": "2009 Q4",
      "value": "4674",
      "year": "2009",
      "month": "",
      "quarter": "Q4",
      "sourceDataset": "",
      "updateDate": "2015-07-09T00:48:25.376Z"
    },
    {
      "date": "2010 Q1",
      "value": "4656",
      "year": "2010",
      "month": "",
      "quarter": "Q1",
      "sourceDataset": "",
      "updateDate": "2015-07-09T00:48:25.376Z"
    },
    {
      "date": "2010 Q2",
      "value": "4645",
      "year": "2010",
      "month": "",
      "quarter": "Q2",
      "sourceDataset": "",
      "updateDate": "2015-07-09T00:48:25.376Z"
    },
    {
      "date": "2010 Q3",
      "value": "4605",
      "year": "2010",
      "month": "",
      "quarter": "Q3",
      "sourceDataset": "",
      "updateDate": "2015-07-09T00:48:25.376Z"
    },
    {
      "date": "2010 Q4",
      "value": "4579",
      "year": "2010",
      "month": "",
      "quarter": "Q4",
      "sourceDataset": "",
      "updateDate": "2015-07-09T00:48:25.376Z"
    },
    {
      "date": "2011 Q1",
      "value": "4557",
      "year": "2011",
      "month": "",
      "quarter": "Q1",
      "sourceDataset": "",
      "updateDate": "2015-07-09T00:48:25.376Z"
    },
    {
      "date": "2011 Q2",
      "value": "4503",
      "year": "2011",
      "month": "",
      "quarter": "Q2",
      "sourceDataset": "",
      "updateDate": "2015-07-09T00:48:25.376Z"
    },
    {
      "date": "2011 Q3",
      "value": "4490",
      "year": "2011",
      "month": "",
      "quarter": "Q3",
      "sourceDataset": "",
      "updateDate": "2015-07-09T00:48:25.376Z"
    },
    {
      "date": "2011 Q4",
      "value": "4466",
      "year": "2011",
      "month": "",
      "quarter": "Q4",
      "sourceDataset": "",
      "updateDate": "2015-07-09T00:48:25.376Z"
    },
    {
      "date": "2012 Q1",
      "value": "4447",
      "year": "2012",
      "month": "",
      "quarter": "Q1",
      "sourceDataset": "",
      "updateDate": "2015-07-09T00:48:25.376Z"
    },
    {
      "date": "2012 Q2",
      "value": "4292",
      "year": "2012",
      "month": "",
      "quarter": "Q2",
      "sourceDataset": "",
      "updateDate": "2015-07-09T00:48:25.376Z"
    },
    {
      "date": "2012 Q3",
      "value": "4283",
      "year": "2012",
      "month": "",
      "quarter": "Q3",
      "sourceDataset": "",
      "updateDate": "2015-07-09T00:48:25.376Z"
    },
    {
      "date": "2012 Q4",
      "value": "4280",
      "year": "2012",
      "month": "",
      "quarter": "Q4",
      "sourceDataset": "",
      "updateDate": "2015-07-09T00:48:25.376Z"
    },
    {
      "date": "2013 Q1",
      "value": "4272",
      "year": "2013",
      "month": "",
      "quarter": "Q1",
      "sourceDataset": "",
      "updateDate": "2015-07-09T00:48:25.376Z"
    },
    {
      "date": "2013 Q2",
      "value": "4269",
      "year": "2013",
      "month": "",
      "quarter": "Q2",
      "sourceDataset": "",
      "updateDate": "2015-07-09T00:48:25.376Z"
    },
    {
      "date": "2013 Q3",
      "value": "4295",
      "year": "2013",
      "month": "",
      "quarter": "Q3",
      "sourceDataset": "",
      "updateDate": "2015-07-09T00:48:25.376Z"
    },
    {
      "date": "2013 Q4",
      "value": "4284",
      "year": "2013",
      "month": "",
      "quarter": "Q4",
      "sourceDataset": "",
      "updateDate": "2015-07-09T00:48:25.376Z"
    },
    {
      "date": "2014 Q1",
      "value": "4273",
      "year": "2014",
      "month": "",
      "quarter": "Q1",
      "sourceDataset": "",
      "updateDate": "2015-07-09T00:48:25.376Z"
    },
    {
      "date": "2014 Q2",
      "value": "4264",
      "year": "2014",
      "month": "",
      "quarter": "Q2",
      "sourceDataset": "",
      "updateDate": "2015-07-09T00:48:25.376Z"
    },
    {
      "date": "2014 Q3",
      "value": "4258",
      "year": "2014",
      "month": "",
      "quarter": "Q3",
      "sourceDataset": "",
      "updateDate": "2015-07-09T00:48:25.376Z"
    },
    {
      "date": "2014 Q4",
      "value": "4258",
      "year": "2014",
      "month": "",
      "quarter": "Q4",
      "sourceDataset": "",
      "updateDate": "2015-07-09T00:48:25.376Z"
    },
    {
      "date": "2015 Q1",
      "value": "4238",
      "year": "2015",
      "month": "",
      "quarter": "Q1",
      "sourceDataset": "",
      "updateDate": "2015-07-09T00:48:25.376Z"
    }
  ],
  "months": [],
  "sourceDatasets": [
    ""
  ],
  "type": "timeseries",
  "uri": "/employmentandlabourmarket/publicsectorpersonnel/timeseries/g7fv",
  "breadcrumb": [
    {
      "uri": "/"
    },
    {
      "uri": "/employmentandlabourmarket"
    },
    {
      "uri": "/employmentandlabourmarket/publicsectorpersonnel"
    }
  ],
  "description": {
    "title": "Public Sector Employment by Sector;Total General Gov;UK;FTE;SA;Thousands",
    "nationalStatistic": false,
    "latestRelease": false,
    "releaseDate": "2015-06-16T23:00:00.000Z",
    "nextRelease": "16 Sept 2015",
    "cdid": "G7FV",
    "unit": "",
    "preUnit": "",
    "source": "Office for National Statistics",
    "seasonalAdjustment": "NSA",
    "number": "4238",
    "sampleSize": 0
  }
}