{
  "years": [
    {
      "date": "1998",
      "value": "157.4",
      "year": "1998",
      "month": "",
      "quarter": "",
      "sourceDataset": "UNEM",
      "updateDate": "2015-07-09T00:48:24.915Z"
    },
    {
      "date": "1999",
      "value": "147.0",
      "year": "1999",
      "month": "",
      "quarter": "",
      "sourceDataset": "UNEM",
      "updateDate": "2015-07-09T00:48:24.915Z"
    },
    {
      "date": "2000",
      "value": "128.0",
      "year": "2000",
      "month": "",
      "quarter": "",
      "sourceDataset": "UNEM",
      "updateDate": "2015-07-09T00:48:24.915Z"
    },
    {
      "date": "2001",
      "value": "113.3",
      "year": "2001",
      "month": "",
      "quarter": "",
      "sourceDataset": "UNEM",
      "updateDate": "2015-07-09T00:48:24.915Z"
    },
    {
      "date": "2002",
      "value": "111.4",
      "year": "2002",
      "month": "",
      "quarter": "",
      "sourceDataset": "UNEM",
      "updateDate": "2015-07-09T00:48:24.915Z"
    },
    {
      "date": "2003",
      "value": "112.1",
      "year": "2003",
      "month": "",
      "quarter": "",
      "sourceDataset": "UNEM",
      "updateDate": "2015-07-09T00:48:24.915Z"
    },
    {
      "date": "2004",
      "value": "102.1",
      "year": "2004",
      "month": "",
      "quarter": "",
      "sourceDataset": "UNEM",
      "updateDate": "2015-07-09T00:48:24.915Z"
    },
    {
      "date": "2005",
      "value": "101.9",
      "year": "2005",
      "month": "",
      "quarter": "",
      "sourceDataset": "UNEM",
      "updateDate": "2015-07-09T00:48:24.915Z"
    },
    {
      "date": "2006",
      "value": "111.8",
      "year": "2006",
      "month": "",
      "quarter": "",
      "sourceDataset": "UNEM",
      "updateDate": "2015-07-09T00:48:24.915Z"
    },
    {
      "date": "2007",
      "value": "105.6",
      "year": "2007",
      "month": "",
      "quarter": "",
      "sourceDataset": "UNEM",
      "updateDate": "2015-07-09T00:48:24.915Z"
    },
    {
      "date": "2008",
      "value": "110.0",
      "year": "2008",
      "month": "",
      "quarter": "",
      "sourceDataset": "UNEM",
      "updateDate": "2015-07-09T00:48:24.915Z"
    },
    {
      "date": "2009",
      "value": "197.0",
      "year": "2009",
      "month": "",
      "quarter": "",
      "sourceDataset": "UNEM",
      "updateDate": "2015-07-09T00:48:24.915Z"
    },
    {
      "date": "2010",
      "value": "223.6",
      "year": "2010",
      "month": "",
      "quarter": "",
      "sourceDataset": "UNEM",
      "updateDate": "2015-07-09T00:48:24.915Z"
    },
    {
      "date": "2011",
      "value": "271.9",
      "year": "2011",
      "month": "",
      "quarter": "",
      "sourceDataset": "UNEM",
      "updateDate": "2015-07-09T00:48:24.915Z"
    },
    {
      "date": "2012",
      "value": "292.9",
      "year": "2012",
      "month": "",
      "quarter": "",
      "sourceDataset": "UNEM",
      "updateDate": "2015-07-09T00:48:24.915Z"
    },
    {
      "date": "2013",
      "value": "281.4",
      "year": "2013",
      "month": "",
      "quarter": "",
      "sourceDataset": "UNEM",
      "updateDate": "2015-07-09T00:48:24.915Z"
    },
    {
      "date": "2014",
      "value": "209.8",
      "year": "2014",
      "month": "",
      "quarter": "",
      "sourceDataset": "UNEM",
      "updateDate": "2015-07-09T00:48:24.915Z"
    }
  ],
  "quarters": [
    {
      "date": "1997 Q1",
      "value": "159.7",
      "year": "1997",
      "month": "",
      "quarter": "Q1",
      "sourceDataset": "UNEM",
      "updateDate": "2015-07-09T00:48:24.915Z"
    },
    {
      "date": "1997 Q2",
      "value": "185.2",
      "year": "1997",
      "month": "",
      "quarter": "Q2",
      "sourceDataset": "UNEM",
      "updateDate": "2015-07-09T00:48:24.915Z"
    },
    {
      "date": "1997 Q3",
      "value": "173.6",
      "year": "1997",
      "month": "",
      "quarter": "Q3",
      "sourceDataset": "UNEM",
      "updateDate": "2015-07-09T00:48:24.915Z"
    },
    {
      "date": "1997 Q4",
      "value": "164.2",
      "year": "1997",
      "month": "",
      "quarter": "Q4",
      "sourceDataset": "UNEM",
      "updateDate": "2015-07-09T00:48:24.915Z"
    },
    {
      "date": "1998 Q1",
      "value": "154.4",
      "year": "1998",
      "month": "",
      "quarter": "Q1",
      "sourceDataset": "UNEM",
      "updateDate": "2015-07-09T00:48:24.915Z"
    },
    {
      "date": "1998 Q2",
      "value": "157.0",
      "year": "1998",
      "month": "",
      "quarter": "Q2",
      "sourceDataset": "UNEM",
      "updateDate": "2015-07-09T00:48:24.915Z"
    },
    {
      "date": "1998 Q3",
      "value": "157.7",
      "year": "1998",
      "month": "",
      "quarter": "Q3",
      "sourceDataset": "UNEM",
      "updateDate": "2015-07-09T00:48:24.915Z"
    },
    {
      "date": "1998 Q4",
      "value": "155.2",
      "year": "1998",
      "month": "",
      "quarter": "Q4",
      "sourceDataset": "UNEM",
      "updateDate": "2015-07-09T00:48:24.915Z"
    },
    {
      "date": "1999 Q1",
      "value": "136.1",
      "year": "1999",
      "month": "",
      "quarter": "Q1",
      "sourceDataset": "UNEM",
      "updateDate": "2015-07-09T00:48:24.915Z"
    },
    {
      "date": "1999 Q2",
      "value": "149.8",
      "year": "1999",
      "month": "",
      "quarter": "Q2",
      "sourceDataset": "UNEM",
      "updateDate": "2015-07-09T00:48:24.915Z"
    },
    {
      "date": "1999 Q3",
      "value": "144.5",
      "year": "1999",
      "month": "",
      "quarter": "Q3",
      "sourceDataset": "UNEM",
      "updateDate": "2015-07-09T00:48:24.915Z"
    },
    {
      "date": "1999 Q4",
      "value": "139.5",
      "year": "1999",
      "month": "",
      "quarter": "Q4",
      "sourceDataset": "UNEM",
      "updateDate": "2015-07-09T00:48:24.915Z"
    },
    {
      "date": "2000 Q1",
      "value": "116.4",
      "year": "2000",
      "month": "",
      "quarter": "Q1",
      "sourceDataset": "UNEM",
      "updateDate": "2015-07-09T00:48:24.915Z"
    },
    {
      "date": "2000 Q2",
      "value": "130.2",
      "year": "2000",
      "month": "",
      "quarter": "Q2",
      "sourceDataset": "UNEM",
      "updateDate": "2015-07-09T00:48:24.915Z"
    },
    {
      "date": "2000 Q3",
      "value": "124.9",
      "year": "2000",
      "month": "",
      "quarter": "Q3",
      "sourceDataset": "UNEM",
      "updateDate": "2015-07-09T00:48:24.915Z"
    },
    {
      "date": "2000 Q4",
      "value": "120.8",
      "year": "2000",
      "month": "",
      "quarter": "Q4",
      "sourceDataset": "UNEM",
      "updateDate": "2015-07-09T00:48:24.915Z"
    },
    {
      "date": "2001 Q1",
      "value": "111.7",
      "year": "2001",
      "month": "",
      "quarter": "Q1",
      "sourceDataset": "UNEM",
      "updateDate": "2015-07-09T00:48:24.915Z"
    },
    {
      "date": "2001 Q2",
      "value": "112.7",
      "year": "2001",
      "month": "",
      "quarter": "Q2",
      "sourceDataset": "UNEM",
      "updateDate": "2015-07-09T00:48:24.915Z"
    },
    {
      "date": "2001 Q3",
      "value": "111.1",
      "year": "2001",
      "month": "",
      "quarter": "Q3",
      "sourceDataset": "UNEM",
      "updateDate": "2015-07-09T00:48:24.915Z"
    },
    {
      "date": "2001 Q4",
      "value": "112.9",
      "year": "2001",
      "month": "",
      "quarter": "Q4",
      "sourceDataset": "UNEM",
      "updateDate": "2015-07-09T00:48:24.915Z"
    },
    {
      "date": "2002 Q1",
      "value": "112.7",
      "year": "2002",
      "month": "",
      "quarter": "Q1",
      "sourceDataset": "UNEM",
      "updateDate": "2015-07-09T00:48:24.915Z"
    },
    {
      "date": "2002 Q2",
      "value": "111.7",
      "year": "2002",
      "month": "",
      "quarter": "Q2",
      "sourceDataset": "UNEM",
      "updateDate": "2015-07-09T00:48:24.915Z"
    },
    {
      "date": "2002 Q3",
      "value": "111.0",
      "year": "2002",
      "month": "",
      "quarter": "Q3",
      "sourceDataset": "UNEM",
      "updateDate": "2015-07-09T00:48:24.915Z"
    },
    {
      "date": "2002 Q4",
      "value": "111.0",
      "year": "2002",
      "month": "",
      "quarter": "Q4",
      "sourceDataset": "UNEM",
      "updateDate": "2015-07-09T00:48:24.915Z"
    },
    {
      "date": "2003 Q1",
      "value": "106.2",
      "year": "2003",
      "month": "",
      "quarter": "Q1",
      "sourceDataset": "UNEM",
      "updateDate": "2015-07-09T00:48:24.915Z"
    },
    {
      "date": "2003 Q2",
      "value": "113.7",
      "year": "2003",
      "month": "",
      "quarter": "Q2",
      "sourceDataset": "UNEM",
      "updateDate": "2015-07-09T00:48:24.915Z"
    },
    {
      "date": "2003 Q3",
      "value": "112.4",
      "year": "2003",
      "month": "",
      "quarter": "Q3",
      "sourceDataset": "UNEM",
      "updateDate": "2015-07-09T00:48:24.915Z"
    },
    {
      "date": "2003 Q4",
      "value": "109.5",
      "year": "2003",
      "month": "",
      "quarter": "Q4",
      "sourceDataset": "UNEM",
      "updateDate": "2015-07-09T00:48:24.915Z"
    },
    {
      "date": "2004 Q1",
      "value": "98.6",
      "year": "2004",
      "month": "",
      "quarter": "Q1",
      "sourceDataset": "UNEM",
      "updateDate": "2015-07-09T00:48:24.915Z"
    },
    {
      "date": "2004 Q2",
      "value": "103.0",
      "year": "2004",
      "month": "",
      "quarter": "Q2",
      "sourceDataset": "UNEM",
      "updateDate": "2015-07-09T00:48:24.915Z"
    },
    {
      "date": "2004 Q3",
      "value": "100.2",
      "year": "2004",
      "month": "",
      "quarter": "Q3",
      "sourceDataset": "UNEM",
      "updateDate": "2015-07-09T00:48:24.915Z"
    },
    {
      "date": "2004 Q4",
      "value": "98.9",
      "year": "2004",
      "month": "",
      "quarter": "Q4",
      "sourceDataset": "UNEM",
      "updateDate": "2015-07-09T00:48:24.915Z"
    },
    {
      "date": "2005 Q1",
      "value": "108.9",
      "year": "2005",
      "month": "",
      "quarter": "Q1",
      "sourceDataset": "UNEM",
      "updateDate": "2015-07-09T00:48:24.915Z"
    },
    {
      "date": "2005 Q2",
      "value": "100.6",
      "year": "2005",
      "month": "",
      "quarter": "Q2",
      "sourceDataset": "UNEM",
      "updateDate": "2015-07-09T00:48:24.915Z"
    },
    {
      "date": "2005 Q3",
      "value": "102.3",
      "year": "2005",
      "month": "",
      "quarter": "Q3",
      "sourceDataset": "UNEM",
      "updateDate": "2015-07-09T00:48:24.915Z"
    },
    {
      "date": "2005 Q4",
      "value": "105.9",
      "year": "2005",
      "month": "",
      "quarter": "Q4",
      "sourceDataset": "UNEM",
      "updateDate": "2015-07-09T00:48:24.915Z"
    },
    {
      "date": "2006 Q1",
      "value": "110.5",
      "year": "2006",
      "month": "",
      "quarter": "Q1",
      "sourceDataset": "UNEM",
      "updateDate": "2015-07-09T00:48:24.915Z"
    },
    {
      "date": "2006 Q2",
      "value": "111.3",
      "year": "2006",
      "month": "",
      "quarter": "Q2",
      "sourceDataset": "UNEM",
      "updateDate": "2015-07-09T00:48:24.915Z"
    },
    {
      "date": "2006 Q3",
      "value": "113.3",
      "year": "2006",
      "month": "",
      "quarter": "Q3",
      "sourceDataset": "UNEM",
      "updateDate": "2015-07-09T00:48:24.915Z"
    },
    {
      "date": "2006 Q4",
      "value": "113.9",
      "year": "2006",
      "month": "",
      "quarter": "Q4",
      "sourceDataset": "UNEM",
      "updateDate": "2015-07-09T00:48:24.915Z"
    },
    {
      "date": "2007 Q1",
      "value": "96.9",
      "year": "2007",
      "month": "",
      "quarter": "Q1",
      "sourceDataset": "UNEM",
      "updateDate": "2015-07-09T00:48:24.915Z"
    },
    {
      "date": "2007 Q2",
      "value": "106.3",
      "year": "2007",
      "month": "",
      "quarter": "Q2",
      "sourceDataset": "UNEM",
      "updateDate": "2015-07-09T00:48:24.915Z"
    },
    {
      "date": "2007 Q3",
      "value": "103.4",
      "year": "2007",
      "month": "",
      "quarter": "Q3",
      "sourceDataset": "UNEM",
      "updateDate": "2015-07-09T00:48:24.915Z"
    },
    {
      "date": "2007 Q4",
      "value": "102.0",
      "year": "2007",
      "month": "",
      "quarter": "Q4",
      "sourceDataset": "UNEM",
      "updateDate": "2015-07-09T00:48:24.915Z"
    },
    {
      "date": "2008 Q1",
      "value": "166.7",
      "year": "2008",
      "month": "",
      "quarter": "Q1",
      "sourceDataset": "UNEM",
      "updateDate": "2015-07-09T00:48:24.915Z"
    },
    {
      "date": "2008 Q2",
      "value": "100.2",
      "year": "2008",
      "month": "",
      "quarter": "Q2",
      "sourceDataset": "UNEM",
      "updateDate": "2015-07-09T00:48:24.915Z"
    },
    {
      "date": "2008 Q3",
      "value": "111.1",
      "year": "2008",
      "month": "",
      "quarter": "Q3",
      "sourceDataset": "UNEM",
      "updateDate": "2015-07-09T00:48:24.915Z"
    },
    {
      "date": "2008 Q4",
      "value": "131.7",
      "year": "2008",
      "month": "",
      "quarter": "Q4",
      "sourceDataset": "UNEM",
      "updateDate": "2015-07-09T00:48:24.915Z"
    },
    {
      "date": "2009 Q1",
      "value": "218.3",
      "year": "2009",
      "month": "",
      "quarter": "Q1",
      "sourceDataset": "UNEM",
      "updateDate": "2015-07-09T00:48:24.915Z"
    },
    {
      "date": "2009 Q2",
      "value": "194.3",
      "year": "2009",
      "month": "",
      "quarter": "Q2",
      "sourceDataset": "UNEM",
      "updateDate": "2015-07-09T00:48:24.915Z"
    },
    {
      "date": "2009 Q3",
      "value": "208.7",
      "year": "2009",
      "month": "",
      "quarter": "Q3",
      "sourceDataset": "UNEM",
      "updateDate": "2015-07-09T00:48:24.915Z"
    },
    {
      "date": "2009 Q4",
      "value": "218.3",
      "year": "2009",
      "month": "",
      "quarter": "Q4",
      "sourceDataset": "UNEM",
      "updateDate": "2015-07-09T00:48:24.915Z"
    },
    {
      "date": "2010 Q1",
      "value": "251.1",
      "year": "2010",
      "month": "",
      "quarter": "Q1",
      "sourceDataset": "UNEM",
      "updateDate": "2015-07-09T00:48:24.915Z"
    },
    {
      "date": "2010 Q2",
      "value": "219.9",
      "year": "2010",
      "month": "",
      "quarter": "Q2",
      "sourceDataset": "UNEM",
      "updateDate": "2015-07-09T00:48:24.915Z"
    },
    {
      "date": "2010 Q3",
      "value": "224.0",
      "year": "2010",
      "month": "",
      "quarter": "Q3",
      "sourceDataset": "UNEM",
      "updateDate": "2015-07-09T00:48:24.915Z"
    },
    {
      "date": "2010 Q4",
      "value": "232.3",
      "year": "2010",
      "month": "",
      "quarter": "Q4",
      "sourceDataset": "UNEM",
      "updateDate": "2015-07-09T00:48:24.915Z"
    },
    {
      "date": "2011 Q1",
      "value": "284.9",
      "year": "2011",
      "month": "",
      "quarter": "Q1",
      "sourceDataset": "UNEM",
      "updateDate": "2015-07-09T00:48:24.915Z"
    },
    {
      "date": "2011 Q2",
      "value": "269.7",
      "year": "2011",
      "month": "",
      "quarter": "Q2",
      "sourceDataset": "UNEM",
      "updateDate": "2015-07-09T00:48:24.915Z"
    },
    {
      "date": "2011 Q3",
      "value": "282.5",
      "year": "2011",
      "month": "",
      "quarter": "Q3",
      "sourceDataset": "UNEM",
      "updateDate": "2015-07-09T00:48:24.915Z"
    },
    {
      "date": "2011 Q4",
      "value": "284.5",
      "year": "2011",
      "month": "",
      "quarter": "Q4",
      "sourceDataset": "UNEM",
      "updateDate": "2015-07-09T00:48:24.915Z"
    },
    {
      "date": "2012 Q1",
      "value": "302.9",
      "year": "2012",
      "month": "",
      "quarter": "Q1",
      "sourceDataset": "UNEM",
      "updateDate": "2015-07-09T00:48:24.915Z"
    },
    {
      "date": "2012 Q2",
      "value": "282.7",
      "year": "2012",
      "month": "",
      "quarter": "Q2",
      "sourceDataset": "UNEM",
      "updateDate": "2015-07-09T00:48:24.915Z"
    },
    {
      "date": "2012 Q3",
      "value": "295.9",
      "year": "2012",
      "month": "",
      "quarter": "Q3",
      "sourceDataset": "UNEM",
      "updateDate": "2015-07-09T00:48:24.915Z"
    },
    {
      "date": "2012 Q4",
      "value": "308.2",
      "year": "2012",
      "month": "",
      "quarter": "Q4",
      "sourceDataset": "UNEM",
      "updateDate": "2015-07-09T00:48:24.915Z"
    },
    {
      "date": "2013 Q1",
      "value": "237.6",
      "year": "2013",
      "month": "",
      "quarter": "Q1",
      "sourceDataset": "UNEM",
      "updateDate": "2015-07-09T00:48:24.915Z"
    },
    {
      "date": "2013 Q2",
      "value": "294.1",
      "year": "2013",
      "month": "",
      "quarter": "Q2",
      "sourceDataset": "UNEM",
      "updateDate": "2015-07-09T00:48:24.915Z"
    },
    {
      "date": "2013 Q3",
      "value": "275.1",
      "year": "2013",
      "month": "",
      "quarter": "Q3",
      "sourceDataset": "UNEM",
      "updateDate": "2015-07-09T00:48:24.915Z"
    },
    {
      "date": "2013 Q4",
      "value": "253.4",
      "year": "2013",
      "month": "",
      "quarter": "Q4",
      "sourceDataset": "UNEM",
      "updateDate": "2015-07-09T00:48:24.915Z"
    },
    {
      "date": "2014 Q1",
      "value": "164.9",
      "year": "2014",
      "month": "",
      "quarter": "Q1",
      "sourceDataset": "UNEM",
      "updateDate": "2015-07-09T00:48:24.915Z"
    },
    {
      "date": "2014 Q2",
      "value": "221.2",
      "year": "2014",
      "month": "",
      "quarter": "Q2",
      "sourceDataset": "UNEM",
      "updateDate": "2015-07-09T00:48:24.915Z"
    },
    {
      "date": "2014 Q3",
      "value": "197.9",
      "year": "2014",
      "month": "",
      "quarter": "Q3",
      "sourceDataset": "UNEM",
      "updateDate": "2015-07-09T00:48:24.915Z"
    },
    {
      "date": "2014 Q4",
      "value": "182.6",
      "year": "2014",
      "month": "",
      "quarter": "Q4",
      "sourceDataset": "UNEM",
      "updateDate": "2015-07-09T00:48:24.915Z"
    }
  ],
  "months": [
    {
      "date": "1997 JAN",
      "value": "160.9",
      "year": "1997",
      "month": "January",
      "quarter": "",
      "sourceDataset": "UNEM",
      "updateDate": "2015-07-09T00:48:24.915Z"
    },
    {
      "date": "1997 FEB",
      "value": "159.7",
      "year": "1997",
      "month": "February",
      "quarter": "",
      "sourceDataset": "UNEM",
      "updateDate": "2015-07-09T00:48:24.915Z"
    },
    {
      "date": "1997 MAR",
      "value": "158.6",
      "year": "1997",
      "month": "March",
      "quarter": "",
      "sourceDataset": "UNEM",
      "updateDate": "2015-07-09T00:48:24.915Z"
    },
    {
      "date": "1997 APR",
      "value": "190.4",
      "year": "1997",
      "month": "April",
      "quarter": "",
      "sourceDataset": "UNEM",
      "updateDate": "2015-07-09T00:48:24.915Z"
    },
    {
      "date": "1997 MAY",
      "value": "185.5",
      "year": "1997",
      "month": "May",
      "quarter": "",
      "sourceDataset": "UNEM",
      "updateDate": "2015-07-09T00:48:24.915Z"
    },
    {
      "date": "1997 JUN",
      "value": "179.6",
      "year": "1997",
      "month": "June",
      "quarter": "",
      "sourceDataset": "UNEM",
      "updateDate": "2015-07-09T00:48:24.915Z"
    },
    {
      "date": "1997 JUL",
      "value": "176.1",
      "year": "1997",
      "month": "July",
      "quarter": "",
      "sourceDataset": "UNEM",
      "updateDate": "2015-07-09T00:48:24.915Z"
    },
    {
      "date": "1997 AUG",
      "value": "174.4",
      "year": "1997",
      "month": "August",
      "quarter": "",
      "sourceDataset": "UNEM",
      "updateDate": "2015-07-09T00:48:24.915Z"
    },
    {
      "date": "1997 SEP",
      "value": "170.2",
      "year": "1997",
      "month": "September",
      "quarter": "",
      "sourceDataset": "UNEM",
      "updateDate": "2015-07-09T00:48:24.915Z"
    },
    {
      "date": "1997 OCT",
      "value": "166.7",
      "year": "1997",
      "month": "October",
      "quarter": "",
      "sourceDataset": "UNEM",
      "updateDate": "2015-07-09T00:48:24.915Z"
    },
    {
      "date": "1997 NOV",
      "value": "163.9",
      "year": "1997",
      "month": "November",
      "quarter": "",
      "sourceDataset": "UNEM",
      "updateDate": "2015-07-09T00:48:24.915Z"
    },
    {
      "date": "1997 DEC",
      "value": "161.9",
      "year": "1997",
      "month": "December",
      "quarter": "",
      "sourceDataset": "UNEM",
      "updateDate": "2015-07-09T00:48:24.915Z"
    },
    {
      "date": "1998 JAN",
      "value": "155.5",
      "year": "1998",
      "month": "January",
      "quarter": "",
      "sourceDataset": "UNEM",
      "updateDate": "2015-07-09T00:48:24.915Z"
    },
    {
      "date": "1998 FEB",
      "value": "154.5",
      "year": "1998",
      "month": "February",
      "quarter": "",
      "sourceDataset": "UNEM",
      "updateDate": "2015-07-09T00:48:24.915Z"
    },
    {
      "date": "1998 MAR",
      "value": "153.1",
      "year": "1998",
      "month": "March",
      "quarter": "",
      "sourceDataset": "UNEM",
      "updateDate": "2015-07-09T00:48:24.915Z"
    },
    {
      "date": "1998 APR",
      "value": "158.1",
      "year": "1998",
      "month": "April",
      "quarter": "",
      "sourceDataset": "UNEM",
      "updateDate": "2015-07-09T00:48:24.915Z"
    },
    {
      "date": "1998 MAY",
      "value": "156.9",
      "year": "1998",
      "month": "May",
      "quarter": "",
      "sourceDataset": "UNEM",
      "updateDate": "2015-07-09T00:48:24.915Z"
    },
    {
      "date": "1998 JUN",
      "value": "155.9",
      "year": "1998",
      "month": "June",
      "quarter": "",
      "sourceDataset": "UNEM",
      "updateDate": "2015-07-09T00:48:24.915Z"
    },
    {
      "date": "1998 JUL",
      "value": "157.4",
      "year": "1998",
      "month": "July",
      "quarter": "",
      "sourceDataset": "UNEM",
      "updateDate": "2015-07-09T00:48:24.915Z"
    },
    {
      "date": "1998 AUG",
      "value": "160.8",
      "year": "1998",
      "month": "August",
      "quarter": "",
      "sourceDataset": "UNEM",
      "updateDate": "2015-07-09T00:48:24.915Z"
    },
    {
      "date": "1998 SEP",
      "value": "155.0",
      "year": "1998",
      "month": "September",
      "quarter": "",
      "sourceDataset": "UNEM",
      "updateDate": "2015-07-09T00:48:24.915Z"
    },
    {
      "date": "1998 OCT",
      "value": "154.2",
      "year": "1998",
      "month": "October",
      "quarter": "",
      "sourceDataset": "UNEM",
      "updateDate": "2015-07-09T00:48:24.915Z"
    },
    {
      "date": "1998 NOV",
      "value": "155.9",
      "year": "1998",
      "month": "November",
      "quarter": "",
      "sourceDataset": "UNEM",
      "updateDate": "2015-07-09T00:48:24.915Z"
    },
    {
      "date": "1998 DEC",
      "value": "155.4",
      "year": "1998",
      "month": "December",
      "quarter": "",
      "sourceDataset": "UNEM",
      "updateDate": "2015-07-09T00:48:24.915Z"
    },
    {
      "date": "1999 JAN",
      "value": "137.6",
      "year": "1999",
      "month": "January",
      "quarter": "",
      "sourceDataset": "UNEM",
      "updateDate": "2015-07-09T00:48:24.915Z"
    },
    {
      "date": "1999 FEB",
      "value": "135.9",
      "year": "1999",
      "month": "February",
      "quarter": "",
      "sourceDataset": "UNEM",
      "updateDate": "2015-07-09T00:48:24.915Z"
    },
    {
      "date": "1999 MAR",
      "value": "134.8",
      "year": "1999",
      "month": "March",
      "quarter": "",
      "sourceDataset": "UNEM",
      "updateDate": "2015-07-09T00:48:24.915Z"
    },
    {
      "date": "1999 APR",
      "value": "152.1",
      "year": "1999",
      "month": "April",
      "quarter": "",
      "sourceDataset": "UNEM",
      "updateDate": "2015-07-09T00:48:24.915Z"
    },
    {
      "date": "1999 MAY",
      "value": "149.5",
      "year": "1999",
      "month": "May",
      "quarter": "",
      "sourceDataset": "UNEM",
      "updateDate": "2015-07-09T00:48:24.915Z"
    },
    {
      "date": "1999 JUN",
      "value": "147.8",
      "year": "1999",
      "month": "June",
      "quarter": "",
      "sourceDataset": "UNEM",
      "updateDate": "2015-07-09T00:48:24.915Z"
    },
    {
      "date": "1999 JUL",
      "value": "145.1",
      "year": "1999",
      "month": "July",
      "quarter": "",
      "sourceDataset": "UNEM",
      "updateDate": "2015-07-09T00:48:24.915Z"
    },
    {
      "date": "1999 AUG",
      "value": "144.4",
      "year": "1999",
      "month": "August",
      "quarter": "",
      "sourceDataset": "UNEM",
      "updateDate": "2015-07-09T00:48:24.915Z"
    },
    {
      "date": "1999 SEP",
      "value": "143.9",
      "year": "1999",
      "month": "September",
      "quarter": "",
      "sourceDataset": "UNEM",
      "updateDate": "2015-07-09T00:48:24.915Z"
    },
    {
      "date": "1999 OCT",
      "value": "141.1",
      "year": "1999",
      "month": "October",
      "quarter": "",
      "sourceDataset": "UNEM",
      "updateDate": "2015-07-09T00:48:24.915Z"
    },
    {
      "date": "1999 NOV",
      "value": "139.8",
      "year": "1999",
      "month": "November",
      "quarter": "",
      "sourceDataset": "UNEM",
      "updateDate": "2015-07-09T00:48:24.915Z"
    },
    {
      "date": "1999 DEC",
      "value": "137.5",
      "year": "1999",
      "month": "December",
      "quarter": "",
      "sourceDataset": "UNEM",
      "updateDate": "2015-07-09T00:48:24.915Z"
    },
    {
      "date": "2000 JAN",
      "value": "117.4",
      "year": "2000",
      "month": "January",
      "quarter": "",
      "sourceDataset": "UNEM",
      "updateDate": "2015-07-09T00:48:24.915Z"
    },
    {
      "date": "2000 FEB",
      "value": "116.6",
      "year": "2000",
      "month": "February",
      "quarter": "",
      "sourceDataset": "UNEM",
      "updateDate": "2015-07-09T00:48:24.915Z"
    },
    {
      "date": "2000 MAR",
      "value": "115.3",
      "year": "2000",
      "month": "March",
      "quarter": "",
      "sourceDataset": "UNEM",
      "updateDate": "2015-07-09T00:48:24.915Z"
    },
    {
      "date": "2000 APR",
      "value": "131.4",
      "year": "2000",
      "month": "April",
      "quarter": "",
      "sourceDataset": "UNEM",
      "updateDate": "2015-07-09T00:48:24.915Z"
    },
    {
      "date": "2000 MAY",
      "value": "130.4",
      "year": "2000",
      "month": "May",
      "quarter": "",
      "sourceDataset": "UNEM",
      "updateDate": "2015-07-09T00:48:24.915Z"
    },
    {
      "date": "2000 JUN",
      "value": "128.8",
      "year": "2000",
      "month": "June",
      "quarter": "",
      "sourceDataset": "UNEM",
      "updateDate": "2015-07-09T00:48:24.915Z"
    },
    {
      "date": "2000 JUL",
      "value": "126.8",
      "year": "2000",
      "month": "July",
      "quarter": "",
      "sourceDataset": "UNEM",
      "updateDate": "2015-07-09T00:48:24.915Z"
    },
    {
      "date": "2000 AUG",
      "value": "125.4",
      "year": "2000",
      "month": "August",
      "quarter": "",
      "sourceDataset": "UNEM",
      "updateDate": "2015-07-09T00:48:24.915Z"
    },
    {
      "date": "2000 SEP",
      "value": "122.5",
      "year": "2000",
      "month": "September",
      "quarter": "",
      "sourceDataset": "UNEM",
      "updateDate": "2015-07-09T00:48:24.915Z"
    },
    {
      "date": "2000 OCT",
      "value": "122.0",
      "year": "2000",
      "month": "October",
      "quarter": "",
      "sourceDataset": "UNEM",
      "updateDate": "2015-07-09T00:48:24.915Z"
    },
    {
      "date": "2000 NOV",
      "value": "120.7",
      "year": "2000",
      "month": "November",
      "quarter": "",
      "sourceDataset": "UNEM",
      "updateDate": "2015-07-09T00:48:24.915Z"
    },
    {
      "date": "2000 DEC",
      "value": "119.7",
      "year": "2000",
      "month": "December",
      "quarter": "",
      "sourceDataset": "UNEM",
      "updateDate": "2015-07-09T00:48:24.915Z"
    },
    {
      "date": "2001 JAN",
      "value": "112.8",
      "year": "2001",
      "month": "January",
      "quarter": "",
      "sourceDataset": "UNEM",
      "updateDate": "2015-07-09T00:48:24.915Z"
    },
    {
      "date": "2001 FEB",
      "value": "111.9",
      "year": "2001",
      "month": "February",
      "quarter": "",
      "sourceDataset": "UNEM",
      "updateDate": "2015-07-09T00:48:24.915Z"
    },
    {
      "date": "2001 MAR",
      "value": "110.5",
      "year": "2001",
      "month": "March",
      "quarter": "",
      "sourceDataset": "UNEM",
      "updateDate": "2015-07-09T00:48:24.915Z"
    },
    {
      "date": "2001 APR",
      "value": "112.2",
      "year": "2001",
      "month": "April",
      "quarter": "",
      "sourceDataset": "UNEM",
      "updateDate": "2015-07-09T00:48:24.915Z"
    },
    {
      "date": "2001 MAY",
      "value": "113.6",
      "year": "2001",
      "month": "May",
      "quarter": "",
      "sourceDataset": "UNEM",
      "updateDate": "2015-07-09T00:48:24.915Z"
    },
    {
      "date": "2001 JUN",
      "value": "112.3",
      "year": "2001",
      "month": "June",
      "quarter": "",
      "sourceDataset": "UNEM",
      "updateDate": "2015-07-09T00:48:24.915Z"
    },
    {
      "date": "2001 JUL",
      "value": "111.7",
      "year": "2001",
      "month": "July",
      "quarter": "",
      "sourceDataset": "UNEM",
      "updateDate": "2015-07-09T00:48:24.915Z"
    },
    {
      "date": "2001 AUG",
      "value": "111.3",
      "year": "2001",
      "month": "August",
      "quarter": "",
      "sourceDataset": "UNEM",
      "updateDate": "2015-07-09T00:48:24.915Z"
    },
    {
      "date": "2001 SEP",
      "value": "110.4",
      "year": "2001",
      "month": "September",
      "quarter": "",
      "sourceDataset": "UNEM",
      "updateDate": "2015-07-09T00:48:24.915Z"
    },
    {
      "date": "2001 OCT",
      "value": "111.9",
      "year": "2001",
      "month": "October",
      "quarter": "",
      "sourceDataset": "UNEM",
      "updateDate": "2015-07-09T00:48:24.915Z"
    },
    {
      "date": "2001 NOV",
      "value": "113.1",
      "year": "2001",
      "month": "November",
      "quarter": "",
      "sourceDataset": "UNEM",
      "updateDate": "2015-07-09T00:48:24.915Z"
    },
    {
      "date": "2001 DEC",
      "value": "113.7",
      "year": "2001",
      "month": "December",
      "quarter": "",
      "sourceDataset": "UNEM",
      "updateDate": "2015-07-09T00:48:24.915Z"
    },
    {
      "date": "2002 JAN",
      "value": "112.5",
      "year": "2002",
      "month": "January",
      "quarter": "",
      "sourceDataset": "UNEM",
      "updateDate": "2015-07-09T00:48:24.915Z"
    },
    {
      "date": "2002 FEB",
      "value": "112.7",
      "year": "2002",
      "month": "February",
      "quarter": "",
      "sourceDataset": "UNEM",
      "updateDate": "2015-07-09T00:48:24.915Z"
    },
    {
      "date": "2002 MAR",
      "value": "113.0",
      "year": "2002",
      "month": "March",
      "quarter": "",
      "sourceDataset": "UNEM",
      "updateDate": "2015-07-09T00:48:24.915Z"
    },
    {
      "date": "2002 APR",
      "value": "112.4",
      "year": "2002",
      "month": "April",
      "quarter": "",
      "sourceDataset": "UNEM",
      "updateDate": "2015-07-09T00:48:24.915Z"
    },
    {
      "date": "2002 MAY",
      "value": "111.3",
      "year": "2002",
      "month": "May",
      "quarter": "",
      "sourceDataset": "UNEM",
      "updateDate": "2015-07-09T00:48:24.915Z"
    },
    {
      "date": "2002 JUN",
      "value": "111.3",
      "year": "2002",
      "month": "June",
      "quarter": "",
      "sourceDataset": "UNEM",
      "updateDate": "2015-07-09T00:48:24.915Z"
    },
    {
      "date": "2002 JUL",
      "value": "111.4",
      "year": "2002",
      "month": "July",
      "quarter": "",
      "sourceDataset": "UNEM",
      "updateDate": "2015-07-09T00:48:24.915Z"
    },
    {
      "date": "2002 AUG",
      "value": "110.8",
      "year": "2002",
      "month": "August",
      "quarter": "",
      "sourceDataset": "UNEM",
      "updateDate": "2015-07-09T00:48:24.915Z"
    },
    {
      "date": "2002 SEP",
      "value": "110.9",
      "year": "2002",
      "month": "September",
      "quarter": "",
      "sourceDataset": "UNEM",
      "updateDate": "2015-07-09T00:48:24.915Z"
    },
    {
      "date": "2002 OCT",
      "value": "110.9",
      "year": "2002",
      "month": "October",
      "quarter": "",
      "sourceDataset": "UNEM",
      "updateDate": "2015-07-09T00:48:24.915Z"
    },
    {
      "date": "2002 NOV",
      "value": "110.6",
      "year": "2002",
      "month": "November",
      "quarter": "",
      "sourceDataset": "UNEM",
      "updateDate": "2015-07-09T00:48:24.915Z"
    },
    {
      "date": "2002 DEC",
      "value": "111.6",
      "year": "2002",
      "month": "December",
      "quarter": "",
      "sourceDataset": "UNEM",
      "updateDate": "2015-07-09T00:48:24.915Z"
    },
    {
      "date": "2003 JAN",
      "value": "107.3",
      "year": "2003",
      "month": "January",
      "quarter": "",
      "sourceDataset": "UNEM",
      "updateDate": "2015-07-09T00:48:24.915Z"
    },
    {
      "date": "2003 FEB",
      "value": "106.1",
      "year": "2003",
      "month": "February",
      "quarter": "",
      "sourceDataset": "UNEM",
      "updateDate": "2015-07-09T00:48:24.915Z"
    },
    {
      "date": "2003 MAR",
      "value": "105.3",
      "year": "2003",
      "month": "March",
      "quarter": "",
      "sourceDataset": "UNEM",
      "updateDate": "2015-07-09T00:48:24.915Z"
    },
    {
      "date": "2003 APR",
      "value": "112.7",
      "year": "2003",
      "month": "April",
      "quarter": "",
      "sourceDataset": "UNEM",
      "updateDate": "2015-07-09T00:48:24.915Z"
    },
    {
      "date": "2003 MAY",
      "value": "114.3",
      "year": "2003",
      "month": "May",
      "quarter": "",
      "sourceDataset": "UNEM",
      "updateDate": "2015-07-09T00:48:24.915Z"
    },
    {
      "date": "2003 JUN",
      "value": "114.0",
      "year": "2003",
      "month": "June",
      "quarter": "",
      "sourceDataset": "UNEM",
      "updateDate": "2015-07-09T00:48:24.915Z"
    },
    {
      "date": "2003 JUL",
      "value": "113.2",
      "year": "2003",
      "month": "July",
      "quarter": "",
      "sourceDataset": "UNEM",
      "updateDate": "2015-07-09T00:48:24.915Z"
    },
    {
      "date": "2003 AUG",
      "value": "112.3",
      "year": "2003",
      "month": "August",
      "quarter": "",
      "sourceDataset": "UNEM",
      "updateDate": "2015-07-09T00:48:24.915Z"
    },
    {
      "date": "2003 SEP",
      "value": "111.6",
      "year": "2003",
      "month": "September",
      "quarter": "",
      "sourceDataset": "UNEM",
      "updateDate": "2015-07-09T00:48:24.915Z"
    },
    {
      "date": "2003 OCT",
      "value": "110.9",
      "year": "2003",
      "month": "October",
      "quarter": "",
      "sourceDataset": "UNEM",
      "updateDate": "2015-07-09T00:48:24.915Z"
    },
    {
      "date": "2003 NOV",
      "value": "109.4",
      "year": "2003",
      "month": "November",
      "quarter": "",
      "sourceDataset": "UNEM",
      "updateDate": "2015-07-09T00:48:24.915Z"
    },
    {
      "date": "2003 DEC",
      "value": "108.3",
      "year": "2003",
      "month": "December",
      "quarter": "",
      "sourceDataset": "UNEM",
      "updateDate": "2015-07-09T00:48:24.915Z"
    },
    {
      "date": "2004 JAN",
      "value": "98.5",
      "year": "2004",
      "month": "January",
      "quarter": "",
      "sourceDataset": "UNEM",
      "updateDate": "2015-07-09T00:48:24.915Z"
    },
    {
      "date": "2004 FEB",
      "value": "98.2",
      "year": "2004",
      "month": "February",
      "quarter": "",
      "sourceDataset": "UNEM",
      "updateDate": "2015-07-09T00:48:24.915Z"
    },
    {
      "date": "2004 MAR",
      "value": "99.1",
      "year": "2004",
      "month": "March",
      "quarter": "",
      "sourceDataset": "UNEM",
      "updateDate": "2015-07-09T00:48:24.915Z"
    },
    {
      "date": "2004 APR",
      "value": "104.1",
      "year": "2004",
      "month": "April",
      "quarter": "",
      "sourceDataset": "UNEM",
      "updateDate": "2015-07-09T00:48:24.915Z"
    },
    {
      "date": "2004 MAY",
      "value": "103.1",
      "year": "2004",
      "month": "May",
      "quarter": "",
      "sourceDataset": "UNEM",
      "updateDate": "2015-07-09T00:48:24.915Z"
    },
    {
      "date": "2004 JUN",
      "value": "101.9",
      "year": "2004",
      "month": "June",
      "quarter": "",
      "sourceDataset": "UNEM",
      "updateDate": "2015-07-09T00:48:24.915Z"
    },
    {
      "date": "2004 JUL",
      "value": "100.4",
      "year": "2004",
      "month": "July",
      "quarter": "",
      "sourceDataset": "UNEM",
      "updateDate": "2015-07-09T00:48:24.915Z"
    },
    {
      "date": "2004 AUG",
      "value": "100.1",
      "year": "2004",
      "month": "August",
      "quarter": "",
      "sourceDataset": "UNEM",
      "updateDate": "2015-07-09T00:48:24.915Z"
    },
    {
      "date": "2004 SEP",
      "value": "100.0",
      "year": "2004",
      "month": "September",
      "quarter": "",
      "sourceDataset": "UNEM",
      "updateDate": "2015-07-09T00:48:24.915Z"
    },
    {
      "date": "2004 OCT",
      "value": "99.0",
      "year": "2004",
      "month": "October",
      "quarter": "",
      "sourceDataset": "UNEM",
      "updateDate": "2015-07-09T00:48:24.915Z"
    },
    {
      "date": "2004 NOV",
      "value": "99.0",
      "year": "2004",
      "month": "November",
      "quarter": "",
      "sourceDataset": "UNEM",
      "updateDate": "2015-07-09T00:48:24.915Z"
    },
    {
      "date": "2004 DEC",
      "value": "98.7",
      "year": "2004",
      "month": "December",
      "quarter": "",
      "sourceDataset": "UNEM",
      "updateDate": "2015-07-09T00:48:24.915Z"
    },
    {
      "date": "2005 JAN",
      "value": "107.7",
      "year": "2005",
      "month": "January",
      "quarter": "",
      "sourceDataset": "UNEM",
      "updateDate": "2015-07-09T00:48:24.915Z"
    },
    {
      "date": "2005 FEB",
      "value": "109.0",
      "year": "2005",
      "month": "February",
      "quarter": "",
      "sourceDataset": "UNEM",
      "updateDate": "2015-07-09T00:48:24.915Z"
    },
    {
      "date": "2005 MAR",
      "value": "110.0",
      "year": "2005",
      "month": "March",
      "quarter": "",
      "sourceDataset": "UNEM",
      "updateDate": "2015-07-09T00:48:24.915Z"
    },
    {
      "date": "2005 APR",
      "value": "99.9",
      "year": "2005",
      "month": "April",
      "quarter": "",
      "sourceDataset": "UNEM",
      "updateDate": "2015-07-09T00:48:24.915Z"
    },
    {
      "date": "2005 MAY",
      "value": "100.6",
      "year": "2005",
      "month": "May",
      "quarter": "",
      "sourceDataset": "UNEM",
      "updateDate": "2015-07-09T00:48:24.915Z"
    },
    {
      "date": "2005 JUN",
      "value": "101.3",
      "year": "2005",
      "month": "June",
      "quarter": "",
      "sourceDataset": "UNEM",
      "updateDate": "2015-07-09T00:48:24.915Z"
    },
    {
      "date": "2005 JUL",
      "value": "102.1",
      "year": "2005",
      "month": "July",
      "quarter": "",
      "sourceDataset": "UNEM",
      "updateDate": "2015-07-09T00:48:24.915Z"
    },
    {
      "date": "2005 AUG",
      "value": "102.0",
      "year": "2005",
      "month": "August",
      "quarter": "",
      "sourceDataset": "UNEM",
      "updateDate": "2015-07-09T00:48:24.915Z"
    },
    {
      "date": "2005 SEP",
      "value": "102.9",
      "year": "2005",
      "month": "September",
      "quarter": "",
      "sourceDataset": "UNEM",
      "updateDate": "2015-07-09T00:48:24.915Z"
    },
    {
      "date": "2005 OCT",
      "value": "104.3",
      "year": "2005",
      "month": "October",
      "quarter": "",
      "sourceDataset": "UNEM",
      "updateDate": "2015-07-09T00:48:24.915Z"
    },
    {
      "date": "2005 NOV",
      "value": "106.2",
      "year": "2005",
      "month": "November",
      "quarter": "",
      "sourceDataset": "UNEM",
      "updateDate": "2015-07-09T00:48:24.915Z"
    },
    {
      "date": "2005 DEC",
      "value": "107.2",
      "year": "2005",
      "month": "December",
      "quarter": "",
      "sourceDataset": "UNEM",
      "updateDate": "2015-07-09T00:48:24.915Z"
    },
    {
      "date": "2006 JAN",
      "value": "111.7",
      "year": "2006",
      "month": "January",
      "quarter": "",
      "sourceDataset": "UNEM",
      "updateDate": "2015-07-09T00:48:24.915Z"
    },
    {
      "date": "2006 FEB",
      "value": "110.6",
      "year": "2006",
      "month": "February",
      "quarter": "",
      "sourceDataset": "UNEM",
      "updateDate": "2015-07-09T00:48:24.915Z"
    },
    {
      "date": "2006 MAR",
      "value": "109.3",
      "year": "2006",
      "month": "March",
      "quarter": "",
      "sourceDataset": "UNEM",
      "updateDate": "2015-07-09T00:48:24.915Z"
    },
    {
      "date": "2006 APR",
      "value": "110.5",
      "year": "2006",
      "month": "April",
      "quarter": "",
      "sourceDataset": "UNEM",
      "updateDate": "2015-07-09T00:48:24.915Z"
    },
    {
      "date": "2006 MAY",
      "value": "111.4",
      "year": "2006",
      "month": "May",
      "quarter": "",
      "sourceDataset": "UNEM",
      "updateDate": "2015-07-09T00:48:24.915Z"
    },
    {
      "date": "2006 JUN",
      "value": "112.1",
      "year": "2006",
      "month": "June",
      "quarter": "",
      "sourceDataset": "UNEM",
      "updateDate": "2015-07-09T00:48:24.915Z"
    },
    {
      "date": "2006 JUL",
      "value": "112.8",
      "year": "2006",
      "month": "July",
      "quarter": "",
      "sourceDataset": "UNEM",
      "updateDate": "2015-07-09T00:48:24.915Z"
    },
    {
      "date": "2006 AUG",
      "value": "113.0",
      "year": "2006",
      "month": "August",
      "quarter": "",
      "sourceDataset": "UNEM",
      "updateDate": "2015-07-09T00:48:24.915Z"
    },
    {
      "date": "2006 SEP",
      "value": "114.0",
      "year": "2006",
      "month": "September",
      "quarter": "",
      "sourceDataset": "UNEM",
      "updateDate": "2015-07-09T00:48:24.915Z"
    },
    {
      "date": "2006 OCT",
      "value": "114.4",
      "year": "2006",
      "month": "October",
      "quarter": "",
      "sourceDataset": "UNEM",
      "updateDate": "2015-07-09T00:48:24.915Z"
    },
    {
      "date": "2006 NOV",
      "value": "114.0",
      "year": "2006",
      "month": "November",
      "quarter": "",
      "sourceDataset": "UNEM",
      "updateDate": "2015-07-09T00:48:24.915Z"
    },
    {
      "date": "2006 DEC",
      "value": "113.2",
      "year": "2006",
      "month": "December",
      "quarter": "",
      "sourceDataset": "UNEM",
      "updateDate": "2015-07-09T00:48:24.915Z"
    },
    {
      "date": "2007 JAN",
      "value": "98.5",
      "year": "2007",
      "month": "January",
      "quarter": "",
      "sourceDataset": "UNEM",
      "updateDate": "2015-07-09T00:48:24.915Z"
    },
    {
      "date": "2007 FEB",
      "value": "96.4",
      "year": "2007",
      "month": "February",
      "quarter": "",
      "sourceDataset": "UNEM",
      "updateDate": "2015-07-09T00:48:24.915Z"
    },
    {
      "date": "2007 MAR",
      "value": "95.9",
      "year": "2007",
      "month": "March",
      "quarter": "",
      "sourceDataset": "UNEM",
      "updateDate": "2015-07-09T00:48:24.915Z"
    },
    {
      "date": "2007 APR",
      "value": "107.6",
      "year": "2007",
      "month": "April",
      "quarter": "",
      "sourceDataset": "UNEM",
      "updateDate": "2015-07-09T00:48:24.915Z"
    },
    {
      "date": "2007 MAY",
      "value": "106.3",
      "year": "2007",
      "month": "May",
      "quarter": "",
      "sourceDataset": "UNEM",
      "updateDate": "2015-07-09T00:48:24.915Z"
    },
    {
      "date": "2007 JUN",
      "value": "105.1",
      "year": "2007",
      "month": "June",
      "quarter": "",
      "sourceDataset": "UNEM",
      "updateDate": "2015-07-09T00:48:24.915Z"
    },
    {
      "date": "2007 JUL",
      "value": "104.0",
      "year": "2007",
      "month": "July",
      "quarter": "",
      "sourceDataset": "UNEM",
      "updateDate": "2015-07-09T00:48:24.915Z"
    },
    {
      "date": "2007 AUG",
      "value": "103.3",
      "year": "2007",
      "month": "August",
      "quarter": "",
      "sourceDataset": "UNEM",
      "updateDate": "2015-07-09T00:48:24.915Z"
    },
    {
      "date": "2007 SEP",
      "value": "102.9",
      "year": "2007",
      "month": "September",
      "quarter": "",
      "sourceDataset": "UNEM",
      "updateDate": "2015-07-09T00:48:24.915Z"
    },
    {
      "date": "2007 OCT",
      "value": "102.4",
      "year": "2007",
      "month": "October",
      "quarter": "",
      "sourceDataset": "UNEM",
      "updateDate": "2015-07-09T00:48:24.915Z"
    },
    {
      "date": "2007 NOV",
      "value": "102.1",
      "year": "2007",
      "month": "November",
      "quarter": "",
      "sourceDataset": "UNEM",
      "updateDate": "2015-07-09T00:48:24.915Z"
    },
    {
      "date": "2007 DEC",
      "value": "101.4",
      "year": "2007",
      "month": "December",
      "quarter": "",
      "sourceDataset": "UNEM",
      "updateDate": "2015-07-09T00:48:24.915Z"
    },
    {
      "date": "2008 JAN",
      "value": "151.4",
      "year": "2008",
      "month": "January",
      "quarter": "",
      "sourceDataset": "UNEM",
      "updateDate": "2015-07-09T00:48:24.915Z"
    },
    {
      "date": "2008 FEB",
      "value": "169.3",
      "year": "2008",
      "month": "February",
      "quarter": "",
      "sourceDataset": "UNEM",
      "updateDate": "2015-07-09T00:48:24.915Z"
    },
    {
      "date": "2008 MAR",
      "value": "179.4",
      "year": "2008",
      "month": "March",
      "quarter": "",
      "sourceDataset": "UNEM",
      "updateDate": "2015-07-09T00:48:24.915Z"
    },
    {
      "date": "2008 APR",
      "value": "98.0",
      "year": "2008",
      "month": "April",
      "quarter": "",
      "sourceDataset": "UNEM",
      "updateDate": "2015-07-09T00:48:24.915Z"
    },
    {
      "date": "2008 MAY",
      "value": "99.2",
      "year": "2008",
      "month": "May",
      "quarter": "",
      "sourceDataset": "UNEM",
      "updateDate": "2015-07-09T00:48:24.915Z"
    },
    {
      "date": "2008 JUN",
      "value": "103.3",
      "year": "2008",
      "month": "June",
      "quarter": "",
      "sourceDataset": "UNEM",
      "updateDate": "2015-07-09T00:48:24.915Z"
    },
    {
      "date": "2008 JUL",
      "value": "106.8",
      "year": "2008",
      "month": "July",
      "quarter": "",
      "sourceDataset": "UNEM",
      "updateDate": "2015-07-09T00:48:24.915Z"
    },
    {
      "date": "2008 AUG",
      "value": "110.7",
      "year": "2008",
      "month": "August",
      "quarter": "",
      "sourceDataset": "UNEM",
      "updateDate": "2015-07-09T00:48:24.915Z"
    },
    {
      "date": "2008 SEP",
      "value": "115.7",
      "year": "2008",
      "month": "September",
      "quarter": "",
      "sourceDataset": "UNEM",
      "updateDate": "2015-07-09T00:48:24.915Z"
    },
    {
      "date": "2008 OCT",
      "value": "122.5",
      "year": "2008",
      "month": "October",
      "quarter": "",
      "sourceDataset": "UNEM",
      "updateDate": "2015-07-09T00:48:24.915Z"
    },
    {
      "date": "2008 NOV",
      "value": "131.2",
      "year": "2008",
      "month": "November",
      "quarter": "",
      "sourceDataset": "UNEM",
      "updateDate": "2015-07-09T00:48:24.915Z"
    },
    {
      "date": "2008 DEC",
      "value": "141.5",
      "year": "2008",
      "month": "December",
      "quarter": "",
      "sourceDataset": "UNEM",
      "updateDate": "2015-07-09T00:48:24.915Z"
    },
    {
      "date": "2009 JAN",
      "value": "218.5",
      "year": "2009",
      "month": "January",
      "quarter": "",
      "sourceDataset": "UNEM",
      "updateDate": "2015-07-09T00:48:24.915Z"
    },
    {
      "date": "2009 FEB",
      "value": "217.8",
      "year": "2009",
      "month": "February",
      "quarter": "",
      "sourceDataset": "UNEM",
      "updateDate": "2015-07-09T00:48:24.915Z"
    },
    {
      "date": "2009 MAR",
      "value": "218.7",
      "year": "2009",
      "month": "March",
      "quarter": "",
      "sourceDataset": "UNEM",
      "updateDate": "2015-07-09T00:48:24.915Z"
    },
    {
      "date": "2009 APR",
      "value": "187.1",
      "year": "2009",
      "month": "April",
      "quarter": "",
      "sourceDataset": "UNEM",
      "updateDate": "2015-07-09T00:48:24.915Z"
    },
    {
      "date": "2009 MAY",
      "value": "196.0",
      "year": "2009",
      "month": "May",
      "quarter": "",
      "sourceDataset": "UNEM",
      "updateDate": "2015-07-09T00:48:24.915Z"
    },
    {
      "date": "2009 JUN",
      "value": "199.9",
      "year": "2009",
      "month": "June",
      "quarter": "",
      "sourceDataset": "UNEM",
      "updateDate": "2015-07-09T00:48:24.915Z"
    },
    {
      "date": "2009 JUL",
      "value": "203.7",
      "year": "2009",
      "month": "July",
      "quarter": "",
      "sourceDataset": "UNEM",
      "updateDate": "2015-07-09T00:48:24.915Z"
    },
    {
      "date": "2009 AUG",
      "value": "208.8",
      "year": "2009",
      "month": "August",
      "quarter": "",
      "sourceDataset": "UNEM",
      "updateDate": "2015-07-09T00:48:24.915Z"
    },
    {
      "date": "2009 SEP",
      "value": "213.6",
      "year": "2009",
      "month": "September",
      "quarter": "",
      "sourceDataset": "UNEM",
      "updateDate": "2015-07-09T00:48:24.915Z"
    },
    {
      "date": "2009 OCT",
      "value": "218.8",
      "year": "2009",
      "month": "October",
      "quarter": "",
      "sourceDataset": "UNEM",
      "updateDate": "2015-07-09T00:48:24.915Z"
    },
    {
      "date": "2009 NOV",
      "value": "217.9",
      "year": "2009",
      "month": "November",
      "quarter": "",
      "sourceDataset": "UNEM",
      "updateDate": "2015-07-09T00:48:24.916Z"
    },
    {
      "date": "2009 DEC",
      "value": "218.1",
      "year": "2009",
      "month": "December",
      "quarter": "",
      "sourceDataset": "UNEM",
      "updateDate": "2015-07-09T00:48:24.916Z"
    },
    {
      "date": "2010 JAN",
      "value": "244.5",
      "year": "2010",
      "month": "January",
      "quarter": "",
      "sourceDataset": "UNEM",
      "updateDate": "2015-07-09T00:48:24.916Z"
    },
    {
      "date": "2010 FEB",
      "value": "251.6",
      "year": "2010",
      "month": "February",
      "quarter": "",
      "sourceDataset": "UNEM",
      "updateDate": "2015-07-09T00:48:24.916Z"
    },
    {
      "date": "2010 MAR",
      "value": "257.2",
      "year": "2010",
      "month": "March",
      "quarter": "",
      "sourceDataset": "UNEM",
      "updateDate": "2015-07-09T00:48:24.916Z"
    },
    {
      "date": "2010 APR",
      "value": "220.2",
      "year": "2010",
      "month": "April",
      "quarter": "",
      "sourceDataset": "UNEM",
      "updateDate": "2015-07-09T00:48:24.916Z"
    },
    {
      "date": "2010 MAY",
      "value": "220.3",
      "year": "2010",
      "month": "May",
      "quarter": "",
      "sourceDataset": "UNEM",
      "updateDate": "2015-07-09T00:48:24.916Z"
    },
    {
      "date": "2010 JUN",
      "value": "219.1",
      "year": "2010",
      "month": "June",
      "quarter": "",
      "sourceDataset": "UNEM",
      "updateDate": "2015-07-09T00:48:24.916Z"
    },
    {
      "date": "2010 JUL",
      "value": "221.3",
      "year": "2010",
      "month": "July",
      "quarter": "",
      "sourceDataset": "UNEM",
      "updateDate": "2015-07-09T00:48:24.916Z"
    },
    {
      "date": "2010 AUG",
      "value": "224.1",
      "year": "2010",
      "month": "August",
      "quarter": "",
      "sourceDataset": "UNEM",
      "updateDate": "2015-07-09T00:48:24.916Z"
    },
    {
      "date": "2010 SEP",
      "value": "226.7",
      "year": "2010",
      "month": "September",
      "quarter": "",
      "sourceDataset": "UNEM",
      "updateDate": "2015-07-09T00:48:24.916Z"
    },
    {
      "date": "2010 OCT",
      "value": "227.8",
      "year": "2010",
      "month": "October",
      "quarter": "",
      "sourceDataset": "UNEM",
      "updateDate": "2015-07-09T00:48:24.916Z"
    },
    {
      "date": "2010 NOV",
      "value": "232.5",
      "year": "2010",
      "month": "November",
      "quarter": "",
      "sourceDataset": "UNEM",
      "updateDate": "2015-07-09T00:48:24.916Z"
    },
    {
      "date": "2010 DEC",
      "value": "236.5",
      "year": "2010",
      "month": "December",
      "quarter": "",
      "sourceDataset": "UNEM",
      "updateDate": "2015-07-09T00:48:24.916Z"
    },
    {
      "date": "2011 JAN",
      "value": "285.0",
      "year": "2011",
      "month": "January",
      "quarter": "",
      "sourceDataset": "UNEM",
      "updateDate": "2015-07-09T00:48:24.916Z"
    },
    {
      "date": "2011 FEB",
      "value": "285.6",
      "year": "2011",
      "month": "February",
      "quarter": "",
      "sourceDataset": "UNEM",
      "updateDate": "2015-07-09T00:48:24.916Z"
    },
    {
      "date": "2011 MAR",
      "value": "284.2",
      "year": "2011",
      "month": "March",
      "quarter": "",
      "sourceDataset": "UNEM",
      "updateDate": "2015-07-09T00:48:24.916Z"
    },
    {
      "date": "2011 APR",
      "value": "265.4",
      "year": "2011",
      "month": "April",
      "quarter": "",
      "sourceDataset": "UNEM",
      "updateDate": "2015-07-09T00:48:24.916Z"
    },
    {
      "date": "2011 MAY",
      "value": "270.0",
      "year": "2011",
      "month": "May",
      "quarter": "",
      "sourceDataset": "UNEM",
      "updateDate": "2015-07-09T00:48:24.916Z"
    },
    {
      "date": "2011 JUN",
      "value": "273.7",
      "year": "2011",
      "month": "June",
      "quarter": "",
      "sourceDataset": "UNEM",
      "updateDate": "2015-07-09T00:48:24.916Z"
    },
    {
      "date": "2011 JUL",
      "value": "280.6",
      "year": "2011",
      "month": "July",
      "quarter": "",
      "sourceDataset": "UNEM",
      "updateDate": "2015-07-09T00:48:24.916Z"
    },
    {
      "date": "2011 AUG",
      "value": "282.0",
      "year": "2011",
      "month": "August",
      "quarter": "",
      "sourceDataset": "UNEM",
      "updateDate": "2015-07-09T00:48:24.916Z"
    },
    {
      "date": "2011 SEP",
      "value": "284.9",
      "year": "2011",
      "month": "September",
      "quarter": "",
      "sourceDataset": "UNEM",
      "updateDate": "2015-07-09T00:48:24.916Z"
    },
    {
      "date": "2011 OCT",
      "value": "284.8",
      "year": "2011",
      "month": "October",
      "quarter": "",
      "sourceDataset": "UNEM",
      "updateDate": "2015-07-09T00:48:24.916Z"
    },
    {
      "date": "2011 NOV",
      "value": "284.4",
      "year": "2011",
      "month": "November",
      "quarter": "",
      "sourceDataset": "UNEM",
      "updateDate": "2015-07-09T00:48:24.916Z"
    },
    {
      "date": "2011 DEC",
      "value": "284.3",
      "year": "2011",
      "month": "December",
      "quarter": "",
      "sourceDataset": "UNEM",
      "updateDate": "2015-07-09T00:48:24.916Z"
    },
    {
      "date": "2012 JAN",
      "value": "303.9",
      "year": "2012",
      "month": "January",
      "quarter": "",
      "sourceDataset": "UNEM",
      "updateDate": "2015-07-09T00:48:24.916Z"
    },
    {
      "date": "2012 FEB",
      "value": "303.5",
      "year": "2012",
      "month": "February",
      "quarter": "",
      "sourceDataset": "UNEM",
      "updateDate": "2015-07-09T00:48:24.916Z"
    },
    {
      "date": "2012 MAR",
      "value": "301.4",
      "year": "2012",
      "month": "March",
      "quarter": "",
      "sourceDataset": "UNEM",
      "updateDate": "2015-07-09T00:48:24.916Z"
    },
    {
      "date": "2012 APR",
      "value": "280.2",
      "year": "2012",
      "month": "April",
      "quarter": "",
      "sourceDataset": "UNEM",
      "updateDate": "2015-07-09T00:48:24.916Z"
    },
    {
      "date": "2012 MAY",
      "value": "280.4",
      "year": "2012",
      "month": "May",
      "quarter": "",
      "sourceDataset": "UNEM",
      "updateDate": "2015-07-09T00:48:24.916Z"
    },
    {
      "date": "2012 JUN",
      "value": "287.4",
      "year": "2012",
      "month": "June",
      "quarter": "",
      "sourceDataset": "UNEM",
      "updateDate": "2015-07-09T00:48:24.916Z"
    },
    {
      "date": "2012 JUL",
      "value": "292.3",
      "year": "2012",
      "month": "July",
      "quarter": "",
      "sourceDataset": "UNEM",
      "updateDate": "2015-07-09T00:48:24.916Z"
    },
    {
      "date": "2012 AUG",
      "value": "294.3",
      "year": "2012",
      "month": "August",
      "quarter": "",
      "sourceDataset": "UNEM",
      "updateDate": "2015-07-09T00:48:24.916Z"
    },
    {
      "date": "2012 SEP",
      "value": "301.0",
      "year": "2012",
      "month": "September",
      "quarter": "",
      "sourceDataset": "UNEM",
      "updateDate": "2015-07-09T00:48:24.916Z"
    },
    {
      "date": "2012 OCT",
      "value": "307.2",
      "year": "2012",
      "month": "October",
      "quarter": "",
      "sourceDataset": "UNEM",
      "updateDate": "2015-07-09T00:48:24.916Z"
    },
    {
      "date": "2012 NOV",
      "value": "310.4",
      "year": "2012",
      "month": "November",
      "quarter": "",
      "sourceDataset": "UNEM",
      "updateDate": "2015-07-09T00:48:24.916Z"
    },
    {
      "date": "2012 DEC",
      "value": "307.0",
      "year": "2012",
      "month": "December",
      "quarter": "",
      "sourceDataset": "UNEM",
      "updateDate": "2015-07-09T00:48:24.916Z"
    },
    {
      "date": "2013 APR",
      "value": "297.8",
      "year": "2013",
      "month": "April",
      "quarter": "",
      "sourceDataset": "UNEM",
      "updateDate": "2015-07-09T00:48:24.916Z"
    }
  ],
  "sourceDatasets": [
    "UNEM"
  ],
  "type": "timeseries",
  "uri": "/employmentandlabourmarket/peoplenotinwork/unemployment/timeseries/jlhr",
  "breadcrumb": [
    {
      "uri": "/"
    },
    {
      "uri": "/employmentandlabourmarket"
    },
    {
      "uri": "/employmentandlabourmarket/peoplenotinwork"
    },
    {
      "uri": "/employmentandlabourmarket/peoplenotinwork/unemployment"
    }
  ],
  "description": {
    "title": "UK Claimant Count: Women - 25-49yrs: All computerised claims - SA (000s)",
    "nationalStatistic": false,
    "latestRelease": false,
    "releaseDate": "2015-07-14T23:00:00.000Z",
    "nextRelease": "12 August 2015",
    "cdid": "JLHR",
    "unit": "",
    "preUnit": "",
    "source": "Office for National Statistics",
    "seasonalAdjustment": "NSA",
    "number": "182.6",
    "sampleSize": 0
  }
}