{
  "years": [
    {
      "date": "1999",
      "value": "1386",
      "year": "1999",
      "month": "",
      "quarter": "",
      "sourceDataset": "",
      "updateDate": "2015-07-09T00:48:25.550Z"
    },
    {
      "date": "2000",
      "value": "1440",
      "year": "2000",
      "month": "",
      "quarter": "",
      "sourceDataset": "",
      "updateDate": "2015-07-09T00:48:25.550Z"
    },
    {
      "date": "2001",
      "value": "1466",
      "year": "2001",
      "month": "",
      "quarter": "",
      "sourceDataset": "",
      "updateDate": "2015-07-09T00:48:25.550Z"
    },
    {
      "date": "2002",
      "value": "1472",
      "year": "2002",
      "month": "",
      "quarter": "",
      "sourceDataset": "",
      "updateDate": "2015-07-09T00:48:25.550Z"
    },
    {
      "date": "2003",
      "value": "1530",
      "year": "2003",
      "month": "",
      "quarter": "",
      "sourceDataset": "",
      "updateDate": "2015-07-09T00:48:25.550Z"
    },
    {
      "date": "2004",
      "value": "1568",
      "year": "2004",
      "month": "",
      "quarter": "",
      "sourceDataset": "",
      "updateDate": "2015-07-09T00:48:25.550Z"
    },
    {
      "date": "2005",
      "value": "1582",
      "year": "2005",
      "month": "",
      "quarter": "",
      "sourceDataset": "",
      "updateDate": "2015-07-09T00:48:25.550Z"
    },
    {
      "date": "2006",
      "value": "1608",
      "year": "2006",
      "month": "",
      "quarter": "",
      "sourceDataset": "",
      "updateDate": "2015-07-09T00:48:25.550Z"
    },
    {
      "date": "2007",
      "value": "1622",
      "year": "2007",
      "month": "",
      "quarter": "",
      "sourceDataset": "",
      "updateDate": "2015-07-09T00:48:25.550Z"
    },
    {
      "date": "2008",
      "value": "1635",
      "year": "2008",
      "month": "",
      "quarter": "",
      "sourceDataset": "",
      "updateDate": "2015-07-09T00:48:25.550Z"
    },
    {
      "date": "2009",
      "value": "1653",
      "year": "2009",
      "month": "",
      "quarter": "",
      "sourceDataset": "",
      "updateDate": "2015-07-09T00:48:25.550Z"
    },
    {
      "date": "2010",
      "value": "1685",
      "year": "2010",
      "month": "",
      "quarter": "",
      "sourceDataset": "",
      "updateDate": "2015-07-09T00:48:25.550Z"
    },
    {
      "date": "2011",
      "value": "1660",
      "year": "2011",
      "month": "",
      "quarter": "",
      "sourceDataset": "",
      "updateDate": "2015-07-09T00:48:25.550Z"
    },
    {
      "date": "2012",
      "value": "1469",
      "year": "2012",
      "month": "",
      "quarter": "",
      "sourceDataset": "",
      "updateDate": "2015-07-09T00:48:25.550Z"
    },
    {
      "date": "2013",
      "value": "1501",
      "year": "2013",
      "month": "",
      "quarter": "",
      "sourceDataset": "",
      "updateDate": "2015-07-09T00:48:25.550Z"
    },
    {
      "date": "2014",
      "value": "1514",
      "year": "2014",
      "month": "",
      "quarter": "",
      "sourceDataset": "",
      "updateDate": "2015-07-09T00:48:25.550Z"
    }
  ],
  "quarters": [
    {
      "date": "1999 Q1",
      "value": "1385",
      "year": "1999",
      "month": "",
      "quarter": "Q1",
      "sourceDataset": "",
      "updateDate": "2015-07-09T00:48:25.550Z"
    },
    {
      "date": "1999 Q2",
      "value": "1386",
      "year": "1999",
      "month": "",
      "quarter": "Q2",
      "sourceDataset": "",
      "updateDate": "2015-07-09T00:48:25.550Z"
    },
    {
      "date": "1999 Q3",
      "value": "1385",
      "year": "1999",
      "month": "",
      "quarter": "Q3",
      "sourceDataset": "",
      "updateDate": "2015-07-09T00:48:25.550Z"
    },
    {
      "date": "1999 Q4",
      "value": "1396",
      "year": "1999",
      "month": "",
      "quarter": "Q4",
      "sourceDataset": "",
      "updateDate": "2015-07-09T00:48:25.550Z"
    },
    {
      "date": "2000 Q1",
      "value": "1410",
      "year": "2000",
      "month": "",
      "quarter": "Q1",
      "sourceDataset": "",
      "updateDate": "2015-07-09T00:48:25.550Z"
    },
    {
      "date": "2000 Q2",
      "value": "1440",
      "year": "2000",
      "month": "",
      "quarter": "Q2",
      "sourceDataset": "",
      "updateDate": "2015-07-09T00:48:25.550Z"
    },
    {
      "date": "2000 Q3",
      "value": "1452",
      "year": "2000",
      "month": "",
      "quarter": "Q3",
      "sourceDataset": "",
      "updateDate": "2015-07-09T00:48:25.550Z"
    },
    {
      "date": "2000 Q4",
      "value": "1457",
      "year": "2000",
      "month": "",
      "quarter": "Q4",
      "sourceDataset": "",
      "updateDate": "2015-07-09T00:48:25.550Z"
    },
    {
      "date": "2001 Q1",
      "value": "1466",
      "year": "2001",
      "month": "",
      "quarter": "Q1",
      "sourceDataset": "",
      "updateDate": "2015-07-09T00:48:25.550Z"
    },
    {
      "date": "2001 Q2",
      "value": "1466",
      "year": "2001",
      "month": "",
      "quarter": "Q2",
      "sourceDataset": "",
      "updateDate": "2015-07-09T00:48:25.550Z"
    },
    {
      "date": "2001 Q3",
      "value": "1463",
      "year": "2001",
      "month": "",
      "quarter": "Q3",
      "sourceDataset": "",
      "updateDate": "2015-07-09T00:48:25.550Z"
    },
    {
      "date": "2001 Q4",
      "value": "1467",
      "year": "2001",
      "month": "",
      "quarter": "Q4",
      "sourceDataset": "",
      "updateDate": "2015-07-09T00:48:25.550Z"
    },
    {
      "date": "2002 Q1",
      "value": "1474",
      "year": "2002",
      "month": "",
      "quarter": "Q1",
      "sourceDataset": "",
      "updateDate": "2015-07-09T00:48:25.550Z"
    },
    {
      "date": "2002 Q2",
      "value": "1472",
      "year": "2002",
      "month": "",
      "quarter": "Q2",
      "sourceDataset": "",
      "updateDate": "2015-07-09T00:48:25.550Z"
    },
    {
      "date": "2002 Q3",
      "value": "1499",
      "year": "2002",
      "month": "",
      "quarter": "Q3",
      "sourceDataset": "",
      "updateDate": "2015-07-09T00:48:25.550Z"
    },
    {
      "date": "2002 Q4",
      "value": "1510",
      "year": "2002",
      "month": "",
      "quarter": "Q4",
      "sourceDataset": "",
      "updateDate": "2015-07-09T00:48:25.550Z"
    },
    {
      "date": "2003 Q1",
      "value": "1518",
      "year": "2003",
      "month": "",
      "quarter": "Q1",
      "sourceDataset": "",
      "updateDate": "2015-07-09T00:48:25.550Z"
    },
    {
      "date": "2003 Q2",
      "value": "1530",
      "year": "2003",
      "month": "",
      "quarter": "Q2",
      "sourceDataset": "",
      "updateDate": "2015-07-09T00:48:25.550Z"
    },
    {
      "date": "2003 Q3",
      "value": "1534",
      "year": "2003",
      "month": "",
      "quarter": "Q3",
      "sourceDataset": "",
      "updateDate": "2015-07-09T00:48:25.550Z"
    },
    {
      "date": "2003 Q4",
      "value": "1557",
      "year": "2003",
      "month": "",
      "quarter": "Q4",
      "sourceDataset": "",
      "updateDate": "2015-07-09T00:48:25.550Z"
    },
    {
      "date": "2004 Q1",
      "value": "1562",
      "year": "2004",
      "month": "",
      "quarter": "Q1",
      "sourceDataset": "",
      "updateDate": "2015-07-09T00:48:25.550Z"
    },
    {
      "date": "2004 Q2",
      "value": "1568",
      "year": "2004",
      "month": "",
      "quarter": "Q2",
      "sourceDataset": "",
      "updateDate": "2015-07-09T00:48:25.550Z"
    },
    {
      "date": "2004 Q3",
      "value": "1572",
      "year": "2004",
      "month": "",
      "quarter": "Q3",
      "sourceDataset": "",
      "updateDate": "2015-07-09T00:48:25.550Z"
    },
    {
      "date": "2004 Q4",
      "value": "1576",
      "year": "2004",
      "month": "",
      "quarter": "Q4",
      "sourceDataset": "",
      "updateDate": "2015-07-09T00:48:25.550Z"
    },
    {
      "date": "2005 Q1",
      "value": "1581",
      "year": "2005",
      "month": "",
      "quarter": "Q1",
      "sourceDataset": "",
      "updateDate": "2015-07-09T00:48:25.550Z"
    },
    {
      "date": "2005 Q2",
      "value": "1582",
      "year": "2005",
      "month": "",
      "quarter": "Q2",
      "sourceDataset": "",
      "updateDate": "2015-07-09T00:48:25.550Z"
    },
    {
      "date": "2005 Q3",
      "value": "1593",
      "year": "2005",
      "month": "",
      "quarter": "Q3",
      "sourceDataset": "",
      "updateDate": "2015-07-09T00:48:25.550Z"
    },
    {
      "date": "2005 Q4",
      "value": "1600",
      "year": "2005",
      "month": "",
      "quarter": "Q4",
      "sourceDataset": "",
      "updateDate": "2015-07-09T00:48:25.550Z"
    },
    {
      "date": "2006 Q1",
      "value": "1604",
      "year": "2006",
      "month": "",
      "quarter": "Q1",
      "sourceDataset": "",
      "updateDate": "2015-07-09T00:48:25.550Z"
    },
    {
      "date": "2006 Q2",
      "value": "1608",
      "year": "2006",
      "month": "",
      "quarter": "Q2",
      "sourceDataset": "",
      "updateDate": "2015-07-09T00:48:25.550Z"
    },
    {
      "date": "2006 Q3",
      "value": "1612",
      "year": "2006",
      "month": "",
      "quarter": "Q3",
      "sourceDataset": "",
      "updateDate": "2015-07-09T00:48:25.550Z"
    },
    {
      "date": "2006 Q4",
      "value": "1612",
      "year": "2006",
      "month": "",
      "quarter": "Q4",
      "sourceDataset": "",
      "updateDate": "2015-07-09T00:48:25.550Z"
    },
    {
      "date": "2007 Q1",
      "value": "1618",
      "year": "2007",
      "month": "",
      "quarter": "Q1",
      "sourceDataset": "",
      "updateDate": "2015-07-09T00:48:25.550Z"
    },
    {
      "date": "2007 Q2",
      "value": "1622",
      "year": "2007",
      "month": "",
      "quarter": "Q2",
      "sourceDataset": "",
      "updateDate": "2015-07-09T00:48:25.550Z"
    },
    {
      "date": "2007 Q3",
      "value": "1629",
      "year": "2007",
      "month": "",
      "quarter": "Q3",
      "sourceDataset": "",
      "updateDate": "2015-07-09T00:48:25.550Z"
    },
    {
      "date": "2007 Q4",
      "value": "1635",
      "year": "2007",
      "month": "",
      "quarter": "Q4",
      "sourceDataset": "",
      "updateDate": "2015-07-09T00:48:25.550Z"
    },
    {
      "date": "2008 Q1",
      "value": "1630",
      "year": "2008",
      "month": "",
      "quarter": "Q1",
      "sourceDataset": "",
      "updateDate": "2015-07-09T00:48:25.550Z"
    },
    {
      "date": "2008 Q2",
      "value": "1635",
      "year": "2008",
      "month": "",
      "quarter": "Q2",
      "sourceDataset": "",
      "updateDate": "2015-07-09T00:48:25.550Z"
    },
    {
      "date": "2008 Q3",
      "value": "1647",
      "year": "2008",
      "month": "",
      "quarter": "Q3",
      "sourceDataset": "",
      "updateDate": "2015-07-09T00:48:25.550Z"
    },
    {
      "date": "2008 Q4",
      "value": "1651",
      "year": "2008",
      "month": "",
      "quarter": "Q4",
      "sourceDataset": "",
      "updateDate": "2015-07-09T00:48:25.550Z"
    },
    {
      "date": "2009 Q1",
      "value": "1662",
      "year": "2009",
      "month": "",
      "quarter": "Q1",
      "sourceDataset": "",
      "updateDate": "2015-07-09T00:48:25.550Z"
    },
    {
      "date": "2009 Q2",
      "value": "1653",
      "year": "2009",
      "month": "",
      "quarter": "Q2",
      "sourceDataset": "",
      "updateDate": "2015-07-09T00:48:25.550Z"
    },
    {
      "date": "2009 Q3",
      "value": "1657",
      "year": "2009",
      "month": "",
      "quarter": "Q3",
      "sourceDataset": "",
      "updateDate": "2015-07-09T00:48:25.550Z"
    },
    {
      "date": "2009 Q4",
      "value": "1673",
      "year": "2009",
      "month": "",
      "quarter": "Q4",
      "sourceDataset": "",
      "updateDate": "2015-07-09T00:48:25.550Z"
    },
    {
      "date": "2010 Q1",
      "value": "1670",
      "year": "2010",
      "month": "",
      "quarter": "Q1",
      "sourceDataset": "",
      "updateDate": "2015-07-09T00:48:25.550Z"
    },
    {
      "date": "2010 Q2",
      "value": "1685",
      "year": "2010",
      "month": "",
      "quarter": "Q2",
      "sourceDataset": "",
      "updateDate": "2015-07-09T00:48:25.550Z"
    },
    {
      "date": "2010 Q3",
      "value": "1665",
      "year": "2010",
      "month": "",
      "quarter": "Q3",
      "sourceDataset": "",
      "updateDate": "2015-07-09T00:48:25.550Z"
    },
    {
      "date": "2010 Q4",
      "value": "1659",
      "year": "2010",
      "month": "",
      "quarter": "Q4",
      "sourceDataset": "",
      "updateDate": "2015-07-09T00:48:25.550Z"
    },
    {
      "date": "2011 Q1",
      "value": "1658",
      "year": "2011",
      "month": "",
      "quarter": "Q1",
      "sourceDataset": "",
      "updateDate": "2015-07-09T00:48:25.550Z"
    },
    {
      "date": "2011 Q2",
      "value": "1660",
      "year": "2011",
      "month": "",
      "quarter": "Q2",
      "sourceDataset": "",
      "updateDate": "2015-07-09T00:48:25.550Z"
    },
    {
      "date": "2011 Q3",
      "value": "1670",
      "year": "2011",
      "month": "",
      "quarter": "Q3",
      "sourceDataset": "",
      "updateDate": "2015-07-09T00:48:25.550Z"
    },
    {
      "date": "2011 Q4",
      "value": "1666",
      "year": "2011",
      "month": "",
      "quarter": "Q4",
      "sourceDataset": "",
      "updateDate": "2015-07-09T00:48:25.550Z"
    },
    {
      "date": "2012 Q1",
      "value": "1682",
      "year": "2012",
      "month": "",
      "quarter": "Q1",
      "sourceDataset": "",
      "updateDate": "2015-07-09T00:48:25.550Z"
    },
    {
      "date": "2012 Q2",
      "value": "1469",
      "year": "2012",
      "month": "",
      "quarter": "Q2",
      "sourceDataset": "",
      "updateDate": "2015-07-09T00:48:25.550Z"
    },
    {
      "date": "2012 Q3",
      "value": "1468",
      "year": "2012",
      "month": "",
      "quarter": "Q3",
      "sourceDataset": "",
      "updateDate": "2015-07-09T00:48:25.550Z"
    },
    {
      "date": "2012 Q4",
      "value": "1470",
      "year": "2012",
      "month": "",
      "quarter": "Q4",
      "sourceDataset": "",
      "updateDate": "2015-07-09T00:48:25.550Z"
    },
    {
      "date": "2013 Q1",
      "value": "1477",
      "year": "2013",
      "month": "",
      "quarter": "Q1",
      "sourceDataset": "",
      "updateDate": "2015-07-09T00:48:25.550Z"
    },
    {
      "date": "2013 Q2",
      "value": "1501",
      "year": "2013",
      "month": "",
      "quarter": "Q2",
      "sourceDataset": "",
      "updateDate": "2015-07-09T00:48:25.550Z"
    },
    {
      "date": "2013 Q3",
      "value": "1513",
      "year": "2013",
      "month": "",
      "quarter": "Q3",
      "sourceDataset": "",
      "updateDate": "2015-07-09T00:48:25.550Z"
    },
    {
      "date": "2013 Q4",
      "value": "1520",
      "year": "2013",
      "month": "",
      "quarter": "Q4",
      "sourceDataset": "",
      "updateDate": "2015-07-09T00:48:25.550Z"
    },
    {
      "date": "2014 Q1",
      "value": "1518",
      "year": "2014",
      "month": "",
      "quarter": "Q1",
      "sourceDataset": "",
      "updateDate": "2015-07-09T00:48:25.550Z"
    },
    {
      "date": "2014 Q2",
      "value": "1514",
      "year": "2014",
      "month": "",
      "quarter": "Q2",
      "sourceDataset": "",
      "updateDate": "2015-07-09T00:48:25.550Z"
    },
    {
      "date": "2014 Q3",
      "value": "1511",
      "year": "2014",
      "month": "",
      "quarter": "Q3",
      "sourceDataset": "",
      "updateDate": "2015-07-09T00:48:25.550Z"
    },
    {
      "date": "2014 Q4",
      "value": "1517",
      "year": "2014",
      "month": "",
      "quarter": "Q4",
      "sourceDataset": "",
      "updateDate": "2015-07-09T00:48:25.550Z"
    },
    {
      "date": "2015 Q1",
      "value": "1514",
      "year": "2015",
      "month": "",
      "quarter": "Q1",
      "sourceDataset": "",
      "updateDate": "2015-07-09T00:48:25.550Z"
    }
  ],
  "months": [],
  "sourceDatasets": [
    ""
  ],
  "type": "timeseries",
  "uri": "/employmentandlabourmarket/publicsectorpersonnel/timeseries/g7f5",
  "breadcrumb": [
    {
      "uri": "/"
    },
    {
      "uri": "/employmentandlabourmarket"
    },
    {
      "uri": "/employmentandlabourmarket/publicsectorpersonnel"
    }
  ],
  "description": {
    "title": "Public Sector Employment by Industry;Education:UK;HC;SA;Thousands.      ",
    "nationalStatistic": false,
    "latestRelease": false,
    "releaseDate": "2015-06-16T23:00:00.000Z",
    "nextRelease": "16 Sept 2015",
    "cdid": "G7F5",
    "unit": "",
    "preUnit": "",
    "source": "Office for National Statistics",
    "seasonalAdjustment": "NSA",
    "number": "1514",
    "sampleSize": 0
  }
}