{"type":"chart","title":"Figure 2: Economic inactivity rates by ethnic group, England and Wales, 2001 to 2014 (LFS April to June)","filename":"11170eaa","uri":"/peoplepopulationandcommunity/culturalidentity/ethnicity/articles/ethnicityandthelabourmarket2011censusenglandandwales/2014-11-13/11170eaa","subtitle":"","unit":"Percentages","source":"Labour Force Survey - Office for National Statistics","legend":"top-right","hideLegend":false,"notes":"1. People aged between 16 to 64\n2. Uses April to June Labour Force Survey datasets\n3. Harmonised question introduced in the LFS in 2011 to bring the question in line with the census data collection. Chinese moved from Other ethnic group to the Asian category in 2011 therefore for the purpose of this analysis Chinese has been included under Asian for the years preceding 2011; New tick boxes were also introduced for Gypsy or Irish Traveller under White and Arab under Other ethnic group","altText":"Figure 2: Economic inactivity rates by ethnic group, England and Wales, 2001 to 2014 (LFS April to June)","data":[{"":"2001","White":"22","Mixed / Multiple Ethnic Groups":"29","Asian / Asian British":"40","Black / African / Caribbean / Black British":"30","Other ethnic group":"42","All":"24","date":"2001-01-01T00:00:00.000Z","label":"2001"},{"":"2002","White":"22","Mixed / Multiple Ethnic Groups":"30","Asian / Asian British":"38","Black / African / Caribbean / Black British":"30","Other ethnic group":"42","All":"23","date":"2002-01-01T00:00:00.000Z","label":"2002"},{"":"2003","White":"22","Mixed / Multiple Ethnic Groups":"28","Asian / Asian British":"38","Black / African / Caribbean / Black British":"31","Other ethnic group":"41","All":"23","date":"2003-01-01T00:00:00.000Z","label":"2003"},{"":"2004","White":"22","Mixed / Multiple Ethnic Groups":"31","Asian / Asian British":"37","Black / African / Caribbean / Black British":"30","Other ethnic group":"36","All":"24","date":"2004-01-01T00:00:00.000Z","label":"2004"},{"":"2005","White":"22","Mixed / Multiple Ethnic Groups":"29","Asian / Asian British":"38","Black / African / Caribbean / Black British":"32","Other ethnic group":"37","All":"24","date":"2005-01-01T00:00:00.000Z","label":"2005"},{"":"2006","White":"22","Mixed / Multiple Ethnic Groups":"26","Asian / Asian British":"34","Black / African / Caribbean / Black British":"27","Other ethnic group":"36","All":"23","date":"2006-01-01T00:00:00.000Z","label":"2006"},{"":"2007","White":"22","Mixed / Multiple Ethnic Groups":"30","Asian / Asian British":"36","Black / African / Caribbean / Black British":"27","Other ethnic group":"33","All":"24","date":"2007-01-01T00:00:00.000Z","label":"2007"},{"":"2008","White":"22","Mixed / Multiple Ethnic Groups":"29","Asian / Asian British":"36","Black / African / Caribbean / Black British":"28","Other ethnic group":"33","All":"23","date":"2008-01-01T00:00:00.000Z","label":"2008"},{"":"2009","White":"22","Mixed / Multiple Ethnic Groups":"31","Asian / Asian British":"34","Black / African / Caribbean / Black British":"30","Other ethnic group":"34","All":"23","date":"2009-01-01T00:00:00.000Z","label":"2009"},{"":"2010","White":"22","Mixed / Multiple Ethnic Groups":"30","Asian / Asian British":"32","Black / African / Caribbean / Black British":"28","Other ethnic group":"34","All":"24","date":"2010-01-01T00:00:00.000Z","label":"2010"},{"":"2011","White":"22","Mixed / Multiple Ethnic Groups":"30","Asian / Asian British":"33","Black / African / Caribbean / Black British":"28","Other ethnic group":"33","All":"23","date":"2011-01-01T00:00:00.000Z","label":"2011"},{"":"2012","White":"21","Mixed / Multiple Ethnic Groups":"29","Asian / Asian British":"33","Black / African / Caribbean / Black British":"27","Other ethnic group":"35","All":"23","date":"2012-01-01T00:00:00.000Z","label":"2012"},{"":"2013","White":"21","Mixed / Multiple Ethnic Groups":"29","Asian / Asian British":"33","Black / African / Caribbean / Black British":"27","Other ethnic group":"35","All":"23","date":"2013-01-01T00:00:00.000Z","label":"2013"},{"":"2014","White":"21","Mixed / Multiple Ethnic Groups":"27","Asian / Asian British":"32","Black / African / Caribbean / Black British":"28","Other ethnic group":"36","All":"22","date":"2014-01-01T00:00:00.000Z","label":"2014"}],"headers":["","White","Mixed / Multiple Ethnic Groups","Asian / Asian British","Black / African / Caribbean / Black British","Other ethnic group","All"],"series":["White","Mixed / Multiple Ethnic Groups","Asian / Asian British","Black / African / Caribbean / Black British","Other ethnic group","All"],"categories":["2001","2002","2003","2004","2005","2006","2007","2008","2009","2010","2011","2012","2013","2014"],"aspectRatio":"0.56","chartType":"line","files":[{"type":"download-png","filename":"11170eaa-download.png"},{"type":"png","filename":"11170eaa.png"}],"isTimeSeries":true,"timeSeries":[{"":"2001","White":"22","Mixed / Multiple Ethnic Groups":"29","Asian / Asian British":"40","Black / African / Caribbean / Black British":"30","Other ethnic group":"42","All":"24","date":"2001-01-01T00:00:00.000Z","label":"2001"},{"":"2002","White":"22","Mixed / Multiple Ethnic Groups":"30","Asian / Asian British":"38","Black / African / Caribbean / Black British":"30","Other ethnic group":"42","All":"23","date":"2002-01-01T00:00:00.000Z","label":"2002"},{"":"2003","White":"22","Mixed / Multiple Ethnic Groups":"28","Asian / Asian British":"38","Black / African / Caribbean / Black British":"31","Other ethnic group":"41","All":"23","date":"2003-01-01T00:00:00.000Z","label":"2003"},{"":"2004","White":"22","Mixed / Multiple Ethnic Groups":"31","Asian / Asian British":"37","Black / African / Caribbean / Black British":"30","Other ethnic group":"36","All":"24","date":"2004-01-01T00:00:00.000Z","label":"2004"},{"":"2005","White":"22","Mixed / Multiple Ethnic Groups":"29","Asian / Asian British":"38","Black / African / Caribbean / Black British":"32","Other ethnic group":"37","All":"24","date":"2005-01-01T00:00:00.000Z","label":"2005"},{"":"2006","White":"22","Mixed / Multiple Ethnic Groups":"26","Asian / Asian British":"34","Black / African / Caribbean / Black British":"27","Other ethnic group":"36","All":"23","date":"2006-01-01T00:00:00.000Z","label":"2006"},{"":"2007","White":"22","Mixed / Multiple Ethnic Groups":"30","Asian / Asian British":"36","Black / African / Caribbean / Black British":"27","Other ethnic group":"33","All":"24","date":"2007-01-01T00:00:00.000Z","label":"2007"},{"":"2008","White":"22","Mixed / Multiple Ethnic Groups":"29","Asian / Asian British":"36","Black / African / Caribbean / Black British":"28","Other ethnic group":"33","All":"23","date":"2008-01-01T00:00:00.000Z","label":"2008"},{"":"2009","White":"22","Mixed / Multiple Ethnic Groups":"31","Asian / Asian British":"34","Black / African / Caribbean / Black British":"30","Other ethnic group":"34","All":"23","date":"2009-01-01T00:00:00.000Z","label":"2009"},{"":"2010","White":"22","Mixed / Multiple Ethnic Groups":"30","Asian / Asian British":"32","Black / African / Caribbean / Black British":"28","Other ethnic group":"34","All":"24","date":"2010-01-01T00:00:00.000Z","label":"2010"},{"":"2011","White":"22","Mixed / Multiple Ethnic Groups":"30","Asian / Asian British":"33","Black / African / Caribbean / Black British":"28","Other ethnic group":"33","All":"23","date":"2011-01-01T00:00:00.000Z","label":"2011"},{"":"2012","White":"21","Mixed / Multiple Ethnic Groups":"29","Asian / Asian British":"33","Black / African / Caribbean / Black British":"27","Other ethnic group":"35","All":"23","date":"2012-01-01T00:00:00.000Z","label":"2012"},{"":"2013","White":"21","Mixed / Multiple Ethnic Groups":"29","Asian / Asian British":"33","Black / African / Caribbean / Black British":"27","Other ethnic group":"35","All":"23","date":"2013-01-01T00:00:00.000Z","label":"2013"},{"":"2014","White":"21","Mixed / Multiple Ethnic Groups":"27","Asian / Asian British":"32","Black / African / Caribbean / Black British":"28","Other ethnic group":"36","All":"22","date":"2014-01-01T00:00:00.000Z","label":"2014"}]}