{"type":"chart","title":"Figure 1: Employment rates by ethnic group, England and Wales","filename":"90eca42d","uri":"/peoplepopulationandcommunity/culturalidentity/ethnicity/articles/ethnicityandthelabourmarket2011censusenglandandwales/2014-11-13/90eca42d","subtitle":"","unit":"Percentages","source":"Labour Force Survey - Office for National Statistics","legend":"top-right","hideLegend":false,"notes":"1. People aged between 16 to 64\n2. Uses April to June Labour Force Survey datasets\n3. Harmonised question introduced in the LFS in 2011 to bring the question in line with the census data collection. Chinese moved from Other ethnic group to the Asian category in 2011, therefore for the purpose of figure 1 and figure 2 analysis Chinese has been included under Asian for the years preceding 2011; New tick boxes were also introduced for Gypsy or Irish Traveller under White and Arab under Other ethnic group\n4. More details on how ethnicity is asked on the LFS can be found on LFS guidance","altText":"","data":[{"":"2001","All":"72.8","White":"74.3","Mixed/Multiple":"64.1"," Asian / Asian British":"53.2","Black / African / Caribbean / Black British":"61.0","Other ethnic group":"52.2","date":"2001-01-01T00:00:00.000Z","label":"2001"},{"":"2002","All":"72.9","White":"74.3","Mixed/Multiple":"60.3"," Asian / Asian British":"56.8","Black / African / Caribbean / Black British":"60.6","Other ethnic group":"51.4","date":"2002-01-01T00:00:00.000Z","label":"2002"},{"":"2003","All":"72.9","White":"74.5","Mixed/Multiple":"64.3"," Asian / Asian British":"56.1","Black / African / Caribbean / Black British":"59.8","Other ethnic group":"50.9","date":"2003-01-01T00:00:00.000Z","label":"2003"},{"":"2004","All":"73.0","White":"74.5","Mixed/Multiple":"59.5"," Asian / Asian British":"57.4","Black / African / Caribbean / Black British":"62.1","Other ethnic group":"57.7","date":"2004-01-01T00:00:00.000Z","label":"2004"},{"":"2005","All":"72.9","White":"74.7","Mixed/Multiple":"62.9"," Asian / Asian British":"56.8","Black / African / Caribbean / Black British":"59.4","Other ethnic group":"56.9","date":"2005-01-01T00:00:00.000Z","label":"2005"},{"":"2006","All":"72.8","White":"74.4","Mixed/Multiple":"65.1"," Asian / Asian British":"59.1","Black / African / Caribbean / Black British":"63.7","Other ethnic group":"56.0","date":"2006-01-01T00:00:00.000Z","label":"2006"},{"":"2007","All":"72.3","White":"74.1","Mixed/Multiple":"62.1"," Asian / Asian British":"57.6","Black / African / Caribbean / Black British":"62.2","Other ethnic group":"58.3","date":"2007-01-01T00:00:00.000Z","label":"2007"},{"":"2008","All":"72.7","White":"74.4","Mixed/Multiple":"62.0"," Asian / Asian British":"58.0","Black / African / Caribbean / Black British":"63.3","Other ethnic group":"60.8","date":"2008-01-01T00:00:00.000Z","label":"2008"},{"":"2009","All":"70.7","White":"72.5","Mixed/Multiple":"56.9"," Asian / Asian British":"58.3","Black / African / Caribbean / Black British":"57.5","Other ethnic group":"59.2","date":"2009-01-01T00:00:00.000Z","label":"2009"},{"":"2010","All":"70.4","White":"72.0","Mixed/Multiple":"60.9"," Asian / Asian British":"59.6","Black / African / Caribbean / Black British":"59.0","Other ethnic group":"57.1","date":"2010-01-01T00:00:00.000Z","label":"2010"},{"":"2011","All":"70.8","White":"72.6","Mixed/Multiple":"57.5"," Asian / Asian British":"58.8","Black / African / Caribbean / Black British":"61.0","Other ethnic group":"58.0","date":"2011-01-01T00:00:00.000Z","label":"2011"},{"":"2012","All":"71.2","White":"73.2","Mixed/Multiple":"61.3"," Asian / Asian British":"58.6","Black / African / Caribbean / Black British":"60.4","Other ethnic group":"57.1","date":"2012-01-01T00:00:00.000Z","label":"2012"},{"":"2013","All":"71.2","White":"73.2","Mixed/Multiple":"61.3"," Asian / Asian British":"58.6","Black / African / Caribbean / Black British":"60.4","Other ethnic group":"57.1","date":"2013-01-01T00:00:00.000Z","label":"2013"},{"":"2014","All":"72.7","White":"74.7","Mixed/Multiple":"63.4"," Asian / Asian British":"61.7","Black / African / Caribbean / Black British":"60.6","Other ethnic group":"56.7","date":"2014-01-01T00:00:00.000Z","label":"2014"}],"headers":["","All","White","Mixed/Multiple"," Asian / Asian British","Black / African / Caribbean / Black British","Other ethnic group"],"series":["All","White","Mixed/Multiple"," Asian / Asian British","Black / African / Caribbean / Black British","Other ethnic group"],"categories":["2001","2002","2003","2004","2005","2006","2007","2008","2009","2010","2011","2012","2013","2014"],"aspectRatio":"0.56","chartType":"line","files":[{"type":"download-png","filename":"90eca42d-download.png"},{"type":"png","filename":"90eca42d.png"}],"isTimeSeries":true,"timeSeries":[{"":"2001","All":"72.8","White":"74.3","Mixed/Multiple":"64.1"," Asian / Asian British":"53.2","Black / African / Caribbean / Black British":"61.0","Other ethnic group":"52.2","date":"2001-01-01T00:00:00.000Z","label":"2001"},{"":"2002","All":"72.9","White":"74.3","Mixed/Multiple":"60.3"," Asian / Asian British":"56.8","Black / African / Caribbean / Black British":"60.6","Other ethnic group":"51.4","date":"2002-01-01T00:00:00.000Z","label":"2002"},{"":"2003","All":"72.9","White":"74.5","Mixed/Multiple":"64.3"," Asian / Asian British":"56.1","Black / African / Caribbean / Black British":"59.8","Other ethnic group":"50.9","date":"2003-01-01T00:00:00.000Z","label":"2003"},{"":"2004","All":"73.0","White":"74.5","Mixed/Multiple":"59.5"," Asian / Asian British":"57.4","Black / African / Caribbean / Black British":"62.1","Other ethnic group":"57.7","date":"2004-01-01T00:00:00.000Z","label":"2004"},{"":"2005","All":"72.9","White":"74.7","Mixed/Multiple":"62.9"," Asian / Asian British":"56.8","Black / African / Caribbean / Black British":"59.4","Other ethnic group":"56.9","date":"2005-01-01T00:00:00.000Z","label":"2005"},{"":"2006","All":"72.8","White":"74.4","Mixed/Multiple":"65.1"," Asian / Asian British":"59.1","Black / African / Caribbean / Black British":"63.7","Other ethnic group":"56.0","date":"2006-01-01T00:00:00.000Z","label":"2006"},{"":"2007","All":"72.3","White":"74.1","Mixed/Multiple":"62.1"," Asian / Asian British":"57.6","Black / African / Caribbean / Black British":"62.2","Other ethnic group":"58.3","date":"2007-01-01T00:00:00.000Z","label":"2007"},{"":"2008","All":"72.7","White":"74.4","Mixed/Multiple":"62.0"," Asian / Asian British":"58.0","Black / African / Caribbean / Black British":"63.3","Other ethnic group":"60.8","date":"2008-01-01T00:00:00.000Z","label":"2008"},{"":"2009","All":"70.7","White":"72.5","Mixed/Multiple":"56.9"," Asian / Asian British":"58.3","Black / African / Caribbean / Black British":"57.5","Other ethnic group":"59.2","date":"2009-01-01T00:00:00.000Z","label":"2009"},{"":"2010","All":"70.4","White":"72.0","Mixed/Multiple":"60.9"," Asian / Asian British":"59.6","Black / African / Caribbean / Black British":"59.0","Other ethnic group":"57.1","date":"2010-01-01T00:00:00.000Z","label":"2010"},{"":"2011","All":"70.8","White":"72.6","Mixed/Multiple":"57.5"," Asian / Asian British":"58.8","Black / African / Caribbean / Black British":"61.0","Other ethnic group":"58.0","date":"2011-01-01T00:00:00.000Z","label":"2011"},{"":"2012","All":"71.2","White":"73.2","Mixed/Multiple":"61.3"," Asian / Asian British":"58.6","Black / African / Caribbean / Black British":"60.4","Other ethnic group":"57.1","date":"2012-01-01T00:00:00.000Z","label":"2012"},{"":"2013","All":"71.2","White":"73.2","Mixed/Multiple":"61.3"," Asian / Asian British":"58.6","Black / African / Caribbean / Black British":"60.4","Other ethnic group":"57.1","date":"2013-01-01T00:00:00.000Z","label":"2013"},{"":"2014","All":"72.7","White":"74.7","Mixed/Multiple":"63.4"," Asian / Asian British":"61.7","Black / African / Caribbean / Black British":"60.6","Other ethnic group":"56.7","date":"2014-01-01T00:00:00.000Z","label":"2014"}]}