{"description":{"summary":"This section will provide information on the methodology we use to produce our statistics. This includes classifications, harmonisation, best practice, geography and user guidance for a wide range of content. This is also a home to the Census for England and Wales, where you can find information on the 2011 and previous censuses.","keywords":[],"metaDescription":"","title":"Methodology"},"sections":[],"type":"static_landing_page","uri":"/methodology","breadcrumb":[{"uri":"/"}],"links":[],"fileName":"methodology"}