{
  "years": [
    {
      "date": "2002",
      "value": "201",
      "year": "2002",
      "month": "",
      "quarter": "",
      "sourceDataset": "UNEM",
      "updateDate": "2015-07-09T00:48:23.376Z"
    },
    {
      "date": "2003",
      "value": "204",
      "year": "2003",
      "month": "",
      "quarter": "",
      "sourceDataset": "UNEM",
      "updateDate": "2015-07-09T00:48:23.376Z"
    },
    {
      "date": "2004",
      "value": "231",
      "year": "2004",
      "month": "",
      "quarter": "",
      "sourceDataset": "UNEM",
      "updateDate": "2015-07-09T00:48:23.376Z"
    },
    {
      "date": "2005",
      "value": "234",
      "year": "2005",
      "month": "",
      "quarter": "",
      "sourceDataset": "UNEM",
      "updateDate": "2015-07-09T00:48:23.376Z"
    },
    {
      "date": "2006",
      "value": "234",
      "year": "2006",
      "month": "",
      "quarter": "",
      "sourceDataset": "UNEM",
      "updateDate": "2015-07-09T00:48:23.376Z"
    },
    {
      "date": "2007",
      "value": "255",
      "year": "2007",
      "month": "",
      "quarter": "",
      "sourceDataset": "UNEM",
      "updateDate": "2015-07-09T00:48:23.376Z"
    },
    {
      "date": "2008",
      "value": "251",
      "year": "2008",
      "month": "",
      "quarter": "",
      "sourceDataset": "UNEM",
      "updateDate": "2015-07-09T00:48:23.376Z"
    },
    {
      "date": "2009",
      "value": "202",
      "year": "2009",
      "month": "",
      "quarter": "",
      "sourceDataset": "UNEM",
      "updateDate": "2015-07-09T00:48:23.376Z"
    },
    {
      "date": "2010",
      "value": "197",
      "year": "2010",
      "month": "",
      "quarter": "",
      "sourceDataset": "UNEM",
      "updateDate": "2015-07-09T00:48:23.376Z"
    },
    {
      "date": "2011",
      "value": "191",
      "year": "2011",
      "month": "",
      "quarter": "",
      "sourceDataset": "UNEM",
      "updateDate": "2015-07-09T00:48:23.376Z"
    },
    {
      "date": "2012",
      "value": "192",
      "year": "2012",
      "month": "",
      "quarter": "",
      "sourceDataset": "UNEM",
      "updateDate": "2015-07-09T00:48:23.376Z"
    },
    {
      "date": "2013",
      "value": "220",
      "year": "2013",
      "month": "",
      "quarter": "",
      "sourceDataset": "UNEM",
      "updateDate": "2015-07-09T00:48:23.376Z"
    },
    {
      "date": "2014",
      "value": "255",
      "year": "2014",
      "month": "",
      "quarter": "",
      "sourceDataset": "UNEM",
      "updateDate": "2015-07-09T00:48:23.376Z"
    }
  ],
  "quarters": [
    {
      "date": "2001 Q1",
      "value": "197",
      "year": "2001",
      "month": "",
      "quarter": "Q1",
      "sourceDataset": "UNEM",
      "updateDate": "2015-07-09T00:48:23.376Z"
    },
    {
      "date": "2001 Q2",
      "value": "209",
      "year": "2001",
      "month": "",
      "quarter": "Q2",
      "sourceDataset": "UNEM",
      "updateDate": "2015-07-09T00:48:23.376Z"
    },
    {
      "date": "2001 Q3",
      "value": "197",
      "year": "2001",
      "month": "",
      "quarter": "Q3",
      "sourceDataset": "UNEM",
      "updateDate": "2015-07-09T00:48:23.376Z"
    },
    {
      "date": "2001 Q4",
      "value": "190",
      "year": "2001",
      "month": "",
      "quarter": "Q4",
      "sourceDataset": "UNEM",
      "updateDate": "2015-07-09T00:48:23.376Z"
    },
    {
      "date": "2002 Q1",
      "value": "196",
      "year": "2002",
      "month": "",
      "quarter": "Q1",
      "sourceDataset": "UNEM",
      "updateDate": "2015-07-09T00:48:23.376Z"
    },
    {
      "date": "2002 Q2",
      "value": "203",
      "year": "2002",
      "month": "",
      "quarter": "Q2",
      "sourceDataset": "UNEM",
      "updateDate": "2015-07-09T00:48:23.376Z"
    },
    {
      "date": "2002 Q3",
      "value": "204",
      "year": "2002",
      "month": "",
      "quarter": "Q3",
      "sourceDataset": "UNEM",
      "updateDate": "2015-07-09T00:48:23.376Z"
    },
    {
      "date": "2002 Q4",
      "value": "200",
      "year": "2002",
      "month": "",
      "quarter": "Q4",
      "sourceDataset": "UNEM",
      "updateDate": "2015-07-09T00:48:23.376Z"
    },
    {
      "date": "2003 Q1",
      "value": "225",
      "year": "2003",
      "month": "",
      "quarter": "Q1",
      "sourceDataset": "UNEM",
      "updateDate": "2015-07-09T00:48:23.376Z"
    },
    {
      "date": "2003 Q2",
      "value": "199",
      "year": "2003",
      "month": "",
      "quarter": "Q2",
      "sourceDataset": "UNEM",
      "updateDate": "2015-07-09T00:48:23.376Z"
    },
    {
      "date": "2003 Q3",
      "value": "208",
      "year": "2003",
      "month": "",
      "quarter": "Q3",
      "sourceDataset": "UNEM",
      "updateDate": "2015-07-09T00:48:23.376Z"
    },
    {
      "date": "2003 Q4",
      "value": "221",
      "year": "2003",
      "month": "",
      "quarter": "Q4",
      "sourceDataset": "UNEM",
      "updateDate": "2015-07-09T00:48:23.376Z"
    },
    {
      "date": "2004 Q1",
      "value": "245",
      "year": "2004",
      "month": "",
      "quarter": "Q1",
      "sourceDataset": "UNEM",
      "updateDate": "2015-07-09T00:48:23.376Z"
    },
    {
      "date": "2004 Q2",
      "value": "231",
      "year": "2004",
      "month": "",
      "quarter": "Q2",
      "sourceDataset": "UNEM",
      "updateDate": "2015-07-09T00:48:23.376Z"
    },
    {
      "date": "2004 Q3",
      "value": "236",
      "year": "2004",
      "month": "",
      "quarter": "Q3",
      "sourceDataset": "UNEM",
      "updateDate": "2015-07-09T00:48:23.376Z"
    },
    {
      "date": "2004 Q4",
      "value": "235",
      "year": "2004",
      "month": "",
      "quarter": "Q4",
      "sourceDataset": "UNEM",
      "updateDate": "2015-07-09T00:48:23.376Z"
    },
    {
      "date": "2005 Q1",
      "value": "228",
      "year": "2005",
      "month": "",
      "quarter": "Q1",
      "sourceDataset": "UNEM",
      "updateDate": "2015-07-09T00:48:23.376Z"
    },
    {
      "date": "2005 Q2",
      "value": "230",
      "year": "2005",
      "month": "",
      "quarter": "Q2",
      "sourceDataset": "UNEM",
      "updateDate": "2015-07-09T00:48:23.376Z"
    },
    {
      "date": "2005 Q3",
      "value": "232",
      "year": "2005",
      "month": "",
      "quarter": "Q3",
      "sourceDataset": "UNEM",
      "updateDate": "2015-07-09T00:48:23.376Z"
    },
    {
      "date": "2005 Q4",
      "value": "228",
      "year": "2005",
      "month": "",
      "quarter": "Q4",
      "sourceDataset": "UNEM",
      "updateDate": "2015-07-09T00:48:23.376Z"
    },
    {
      "date": "2006 Q1",
      "value": "249",
      "year": "2006",
      "month": "",
      "quarter": "Q1",
      "sourceDataset": "UNEM",
      "updateDate": "2015-07-09T00:48:23.376Z"
    },
    {
      "date": "2006 Q2",
      "value": "233",
      "year": "2006",
      "month": "",
      "quarter": "Q2",
      "sourceDataset": "UNEM",
      "updateDate": "2015-07-09T00:48:23.376Z"
    },
    {
      "date": "2006 Q3",
      "value": "232",
      "year": "2006",
      "month": "",
      "quarter": "Q3",
      "sourceDataset": "UNEM",
      "updateDate": "2015-07-09T00:48:23.376Z"
    },
    {
      "date": "2006 Q4",
      "value": "241",
      "year": "2006",
      "month": "",
      "quarter": "Q4",
      "sourceDataset": "UNEM",
      "updateDate": "2015-07-09T00:48:23.376Z"
    },
    {
      "date": "2007 Q1",
      "value": "264",
      "year": "2007",
      "month": "",
      "quarter": "Q1",
      "sourceDataset": "UNEM",
      "updateDate": "2015-07-09T00:48:23.376Z"
    },
    {
      "date": "2007 Q2",
      "value": "252",
      "year": "2007",
      "month": "",
      "quarter": "Q2",
      "sourceDataset": "UNEM",
      "updateDate": "2015-07-09T00:48:23.376Z"
    },
    {
      "date": "2007 Q3",
      "value": "264",
      "year": "2007",
      "month": "",
      "quarter": "Q3",
      "sourceDataset": "UNEM",
      "updateDate": "2015-07-09T00:48:23.376Z"
    },
    {
      "date": "2007 Q4",
      "value": "264",
      "year": "2007",
      "month": "",
      "quarter": "Q4",
      "sourceDataset": "UNEM",
      "updateDate": "2015-07-09T00:48:23.376Z"
    },
    {
      "date": "2008 Q1",
      "value": "203",
      "year": "2008",
      "month": "",
      "quarter": "Q1",
      "sourceDataset": "UNEM",
      "updateDate": "2015-07-09T00:48:23.376Z"
    },
    {
      "date": "2008 Q2",
      "value": "256",
      "year": "2008",
      "month": "",
      "quarter": "Q2",
      "sourceDataset": "UNEM",
      "updateDate": "2015-07-09T00:48:23.376Z"
    },
    {
      "date": "2008 Q3",
      "value": "247",
      "year": "2008",
      "month": "",
      "quarter": "Q3",
      "sourceDataset": "UNEM",
      "updateDate": "2015-07-09T00:48:23.376Z"
    },
    {
      "date": "2008 Q4",
      "value": "218",
      "year": "2008",
      "month": "",
      "quarter": "Q4",
      "sourceDataset": "UNEM",
      "updateDate": "2015-07-09T00:48:23.376Z"
    },
    {
      "date": "2009 Q1",
      "value": "202",
      "year": "2009",
      "month": "",
      "quarter": "Q1",
      "sourceDataset": "UNEM",
      "updateDate": "2015-07-09T00:48:23.376Z"
    },
    {
      "date": "2009 Q2",
      "value": "200",
      "year": "2009",
      "month": "",
      "quarter": "Q2",
      "sourceDataset": "UNEM",
      "updateDate": "2015-07-09T00:48:23.376Z"
    },
    {
      "date": "2009 Q3",
      "value": "204",
      "year": "2009",
      "month": "",
      "quarter": "Q3",
      "sourceDataset": "UNEM",
      "updateDate": "2015-07-09T00:48:23.376Z"
    },
    {
      "date": "2009 Q4",
      "value": "195",
      "year": "2009",
      "month": "",
      "quarter": "Q4",
      "sourceDataset": "UNEM",
      "updateDate": "2015-07-09T00:48:23.376Z"
    },
    {
      "date": "2010 Q1",
      "value": "199",
      "year": "2010",
      "month": "",
      "quarter": "Q1",
      "sourceDataset": "UNEM",
      "updateDate": "2015-07-09T00:48:23.376Z"
    },
    {
      "date": "2010 Q2",
      "value": "205",
      "year": "2010",
      "month": "",
      "quarter": "Q2",
      "sourceDataset": "UNEM",
      "updateDate": "2015-07-09T00:48:23.376Z"
    },
    {
      "date": "2010 Q3",
      "value": "181",
      "year": "2010",
      "month": "",
      "quarter": "Q3",
      "sourceDataset": "UNEM",
      "updateDate": "2015-07-09T00:48:23.376Z"
    },
    {
      "date": "2010 Q4",
      "value": "205",
      "year": "2010",
      "month": "",
      "quarter": "Q4",
      "sourceDataset": "UNEM",
      "updateDate": "2015-07-09T00:48:23.376Z"
    },
    {
      "date": "2011 Q1",
      "value": "186",
      "year": "2011",
      "month": "",
      "quarter": "Q1",
      "sourceDataset": "UNEM",
      "updateDate": "2015-07-09T00:48:23.376Z"
    },
    {
      "date": "2011 Q2",
      "value": "184",
      "year": "2011",
      "month": "",
      "quarter": "Q2",
      "sourceDataset": "UNEM",
      "updateDate": "2015-07-09T00:48:23.376Z"
    },
    {
      "date": "2011 Q3",
      "value": "185",
      "year": "2011",
      "month": "",
      "quarter": "Q3",
      "sourceDataset": "UNEM",
      "updateDate": "2015-07-09T00:48:23.376Z"
    },
    {
      "date": "2011 Q4",
      "value": "184",
      "year": "2011",
      "month": "",
      "quarter": "Q4",
      "sourceDataset": "UNEM",
      "updateDate": "2015-07-09T00:48:23.376Z"
    },
    {
      "date": "2012 Q1",
      "value": "206",
      "year": "2012",
      "month": "",
      "quarter": "Q1",
      "sourceDataset": "UNEM",
      "updateDate": "2015-07-09T00:48:23.376Z"
    },
    {
      "date": "2012 Q2",
      "value": "190",
      "year": "2012",
      "month": "",
      "quarter": "Q2",
      "sourceDataset": "UNEM",
      "updateDate": "2015-07-09T00:48:23.376Z"
    },
    {
      "date": "2012 Q3",
      "value": "194",
      "year": "2012",
      "month": "",
      "quarter": "Q3",
      "sourceDataset": "UNEM",
      "updateDate": "2015-07-09T00:48:23.376Z"
    },
    {
      "date": "2012 Q4",
      "value": "202",
      "year": "2012",
      "month": "",
      "quarter": "Q4",
      "sourceDataset": "UNEM",
      "updateDate": "2015-07-09T00:48:23.376Z"
    },
    {
      "date": "2013 Q1",
      "value": "243",
      "year": "2013",
      "month": "",
      "quarter": "Q1",
      "sourceDataset": "UNEM",
      "updateDate": "2015-07-09T00:48:23.376Z"
    },
    {
      "date": "2013 Q2",
      "value": "222",
      "year": "2013",
      "month": "",
      "quarter": "Q2",
      "sourceDataset": "UNEM",
      "updateDate": "2015-07-09T00:48:23.376Z"
    },
    {
      "date": "2013 Q3",
      "value": "228",
      "year": "2013",
      "month": "",
      "quarter": "Q3",
      "sourceDataset": "UNEM",
      "updateDate": "2015-07-09T00:48:23.377Z"
    },
    {
      "date": "2013 Q4",
      "value": "236",
      "year": "2013",
      "month": "",
      "quarter": "Q4",
      "sourceDataset": "UNEM",
      "updateDate": "2015-07-09T00:48:23.377Z"
    },
    {
      "date": "2014 Q1",
      "value": "283",
      "year": "2014",
      "month": "",
      "quarter": "Q1",
      "sourceDataset": "UNEM",
      "updateDate": "2015-07-15T18:35:03.109Z"
    },
    {
      "date": "2014 Q2",
      "value": "252",
      "year": "2014",
      "month": "",
      "quarter": "Q2",
      "sourceDataset": "UNEM",
      "updateDate": "2015-07-09T00:48:23.377Z"
    },
    {
      "date": "2014 Q3",
      "value": "266",
      "year": "2014",
      "month": "",
      "quarter": "Q3",
      "sourceDataset": "UNEM",
      "updateDate": "2015-07-09T00:48:23.377Z"
    },
    {
      "date": "2014 Q4",
      "value": "272",
      "year": "2014",
      "month": "",
      "quarter": "Q4",
      "sourceDataset": "UNEM",
      "updateDate": "2015-07-09T00:48:23.377Z"
    },
    {
      "date": "2015 Q2",
      "value": "285",
      "year": "2015",
      "month": "",
      "quarter": "Q2",
      "sourceDataset": "UNEM",
      "updateDate": "2015-07-15T18:35:03.109Z"
    }
  ],
  "months": [
    {
      "date": "2001 JAN",
      "value": "196",
      "year": "2001",
      "month": "January",
      "quarter": "",
      "sourceDataset": "UNEM",
      "updateDate": "2015-07-09T00:48:23.377Z"
    },
    {
      "date": "2001 FEB",
      "value": "197",
      "year": "2001",
      "month": "February",
      "quarter": "",
      "sourceDataset": "UNEM",
      "updateDate": "2015-07-09T00:48:23.377Z"
    },
    {
      "date": "2001 MAR",
      "value": "198",
      "year": "2001",
      "month": "March",
      "quarter": "",
      "sourceDataset": "UNEM",
      "updateDate": "2015-07-09T00:48:23.377Z"
    },
    {
      "date": "2001 APR",
      "value": "203",
      "year": "2001",
      "month": "April",
      "quarter": "",
      "sourceDataset": "UNEM",
      "updateDate": "2015-07-09T00:48:23.377Z"
    },
    {
      "date": "2001 MAY",
      "value": "209",
      "year": "2001",
      "month": "May",
      "quarter": "",
      "sourceDataset": "UNEM",
      "updateDate": "2015-07-09T00:48:23.377Z"
    },
    {
      "date": "2001 JUN",
      "value": "207",
      "year": "2001",
      "month": "June",
      "quarter": "",
      "sourceDataset": "UNEM",
      "updateDate": "2015-07-09T00:48:23.377Z"
    },
    {
      "date": "2001 JUL",
      "value": "202",
      "year": "2001",
      "month": "July",
      "quarter": "",
      "sourceDataset": "UNEM",
      "updateDate": "2015-07-09T00:48:23.377Z"
    },
    {
      "date": "2001 AUG",
      "value": "197",
      "year": "2001",
      "month": "August",
      "quarter": "",
      "sourceDataset": "UNEM",
      "updateDate": "2015-07-09T00:48:23.377Z"
    },
    {
      "date": "2001 SEP",
      "value": "190",
      "year": "2001",
      "month": "September",
      "quarter": "",
      "sourceDataset": "UNEM",
      "updateDate": "2015-07-09T00:48:23.377Z"
    },
    {
      "date": "2001 OCT",
      "value": "189",
      "year": "2001",
      "month": "October",
      "quarter": "",
      "sourceDataset": "UNEM",
      "updateDate": "2015-07-09T00:48:23.377Z"
    },
    {
      "date": "2001 NOV",
      "value": "190",
      "year": "2001",
      "month": "November",
      "quarter": "",
      "sourceDataset": "UNEM",
      "updateDate": "2015-07-09T00:48:23.377Z"
    },
    {
      "date": "2001 DEC",
      "value": "193",
      "year": "2001",
      "month": "December",
      "quarter": "",
      "sourceDataset": "UNEM",
      "updateDate": "2015-07-09T00:48:23.377Z"
    },
    {
      "date": "2002 JAN",
      "value": "195",
      "year": "2002",
      "month": "January",
      "quarter": "",
      "sourceDataset": "UNEM",
      "updateDate": "2015-07-09T00:48:23.377Z"
    },
    {
      "date": "2002 FEB",
      "value": "196",
      "year": "2002",
      "month": "February",
      "quarter": "",
      "sourceDataset": "UNEM",
      "updateDate": "2015-07-09T00:48:23.377Z"
    },
    {
      "date": "2002 MAR",
      "value": "197",
      "year": "2002",
      "month": "March",
      "quarter": "",
      "sourceDataset": "UNEM",
      "updateDate": "2015-07-09T00:48:23.377Z"
    },
    {
      "date": "2002 APR",
      "value": "199",
      "year": "2002",
      "month": "April",
      "quarter": "",
      "sourceDataset": "UNEM",
      "updateDate": "2015-07-09T00:48:23.377Z"
    },
    {
      "date": "2002 MAY",
      "value": "203",
      "year": "2002",
      "month": "May",
      "quarter": "",
      "sourceDataset": "UNEM",
      "updateDate": "2015-07-09T00:48:23.377Z"
    },
    {
      "date": "2002 JUN",
      "value": "202",
      "year": "2002",
      "month": "June",
      "quarter": "",
      "sourceDataset": "UNEM",
      "updateDate": "2015-07-09T00:48:23.377Z"
    },
    {
      "date": "2002 JUL",
      "value": "199",
      "year": "2002",
      "month": "July",
      "quarter": "",
      "sourceDataset": "UNEM",
      "updateDate": "2015-07-09T00:48:23.377Z"
    },
    {
      "date": "2002 AUG",
      "value": "204",
      "year": "2002",
      "month": "August",
      "quarter": "",
      "sourceDataset": "UNEM",
      "updateDate": "2015-07-09T00:48:23.377Z"
    },
    {
      "date": "2002 SEP",
      "value": "207",
      "year": "2002",
      "month": "September",
      "quarter": "",
      "sourceDataset": "UNEM",
      "updateDate": "2015-07-09T00:48:23.377Z"
    },
    {
      "date": "2002 OCT",
      "value": "204",
      "year": "2002",
      "month": "October",
      "quarter": "",
      "sourceDataset": "UNEM",
      "updateDate": "2015-07-09T00:48:23.377Z"
    },
    {
      "date": "2002 NOV",
      "value": "200",
      "year": "2002",
      "month": "November",
      "quarter": "",
      "sourceDataset": "UNEM",
      "updateDate": "2015-07-09T00:48:23.377Z"
    },
    {
      "date": "2002 DEC",
      "value": "196",
      "year": "2002",
      "month": "December",
      "quarter": "",
      "sourceDataset": "UNEM",
      "updateDate": "2015-07-09T00:48:23.377Z"
    },
    {
      "date": "2003 JAN",
      "value": "221",
      "year": "2003",
      "month": "January",
      "quarter": "",
      "sourceDataset": "UNEM",
      "updateDate": "2015-07-09T00:48:23.377Z"
    },
    {
      "date": "2003 FEB",
      "value": "225",
      "year": "2003",
      "month": "February",
      "quarter": "",
      "sourceDataset": "UNEM",
      "updateDate": "2015-07-09T00:48:23.377Z"
    },
    {
      "date": "2003 MAR",
      "value": "227",
      "year": "2003",
      "month": "March",
      "quarter": "",
      "sourceDataset": "UNEM",
      "updateDate": "2015-07-09T00:48:23.377Z"
    },
    {
      "date": "2003 APR",
      "value": "231",
      "year": "2003",
      "month": "April",
      "quarter": "",
      "sourceDataset": "UNEM",
      "updateDate": "2015-07-09T00:48:23.377Z"
    },
    {
      "date": "2003 MAY",
      "value": "199",
      "year": "2003",
      "month": "May",
      "quarter": "",
      "sourceDataset": "UNEM",
      "updateDate": "2015-07-09T00:48:23.377Z"
    },
    {
      "date": "2003 JUN",
      "value": "200",
      "year": "2003",
      "month": "June",
      "quarter": "",
      "sourceDataset": "UNEM",
      "updateDate": "2015-07-09T00:48:23.377Z"
    },
    {
      "date": "2003 JUL",
      "value": "202",
      "year": "2003",
      "month": "July",
      "quarter": "",
      "sourceDataset": "UNEM",
      "updateDate": "2015-07-09T00:48:23.377Z"
    },
    {
      "date": "2003 AUG",
      "value": "208",
      "year": "2003",
      "month": "August",
      "quarter": "",
      "sourceDataset": "UNEM",
      "updateDate": "2015-07-09T00:48:23.377Z"
    },
    {
      "date": "2003 SEP",
      "value": "214",
      "year": "2003",
      "month": "September",
      "quarter": "",
      "sourceDataset": "UNEM",
      "updateDate": "2015-07-09T00:48:23.377Z"
    },
    {
      "date": "2003 OCT",
      "value": "220",
      "year": "2003",
      "month": "October",
      "quarter": "",
      "sourceDataset": "UNEM",
      "updateDate": "2015-07-09T00:48:23.377Z"
    },
    {
      "date": "2003 NOV",
      "value": "221",
      "year": "2003",
      "month": "November",
      "quarter": "",
      "sourceDataset": "UNEM",
      "updateDate": "2015-07-09T00:48:23.377Z"
    },
    {
      "date": "2003 DEC",
      "value": "223",
      "year": "2003",
      "month": "December",
      "quarter": "",
      "sourceDataset": "UNEM",
      "updateDate": "2015-07-09T00:48:23.377Z"
    },
    {
      "date": "2004 JAN",
      "value": "245",
      "year": "2004",
      "month": "January",
      "quarter": "",
      "sourceDataset": "UNEM",
      "updateDate": "2015-07-09T00:48:23.377Z"
    },
    {
      "date": "2004 FEB",
      "value": "245",
      "year": "2004",
      "month": "February",
      "quarter": "",
      "sourceDataset": "UNEM",
      "updateDate": "2015-07-09T00:48:23.377Z"
    },
    {
      "date": "2004 MAR",
      "value": "240",
      "year": "2004",
      "month": "March",
      "quarter": "",
      "sourceDataset": "UNEM",
      "updateDate": "2015-07-09T00:48:23.377Z"
    },
    {
      "date": "2004 APR",
      "value": "234",
      "year": "2004",
      "month": "April",
      "quarter": "",
      "sourceDataset": "UNEM",
      "updateDate": "2015-07-09T00:48:23.377Z"
    },
    {
      "date": "2004 MAY",
      "value": "231",
      "year": "2004",
      "month": "May",
      "quarter": "",
      "sourceDataset": "UNEM",
      "updateDate": "2015-07-09T00:48:23.377Z"
    },
    {
      "date": "2004 JUN",
      "value": "234",
      "year": "2004",
      "month": "June",
      "quarter": "",
      "sourceDataset": "UNEM",
      "updateDate": "2015-07-09T00:48:23.377Z"
    },
    {
      "date": "2004 JUL",
      "value": "236",
      "year": "2004",
      "month": "July",
      "quarter": "",
      "sourceDataset": "UNEM",
      "updateDate": "2015-07-09T00:48:23.377Z"
    },
    {
      "date": "2004 AUG",
      "value": "236",
      "year": "2004",
      "month": "August",
      "quarter": "",
      "sourceDataset": "UNEM",
      "updateDate": "2015-07-09T00:48:23.377Z"
    },
    {
      "date": "2004 SEP",
      "value": "235",
      "year": "2004",
      "month": "September",
      "quarter": "",
      "sourceDataset": "UNEM",
      "updateDate": "2015-07-09T00:48:23.377Z"
    },
    {
      "date": "2004 OCT",
      "value": "233",
      "year": "2004",
      "month": "October",
      "quarter": "",
      "sourceDataset": "UNEM",
      "updateDate": "2015-07-09T00:48:23.377Z"
    },
    {
      "date": "2004 NOV",
      "value": "235",
      "year": "2004",
      "month": "November",
      "quarter": "",
      "sourceDataset": "UNEM",
      "updateDate": "2015-07-09T00:48:23.377Z"
    },
    {
      "date": "2004 DEC",
      "value": "241",
      "year": "2004",
      "month": "December",
      "quarter": "",
      "sourceDataset": "UNEM",
      "updateDate": "2015-07-09T00:48:23.377Z"
    },
    {
      "date": "2005 JAN",
      "value": "229",
      "year": "2005",
      "month": "January",
      "quarter": "",
      "sourceDataset": "UNEM",
      "updateDate": "2015-07-09T00:48:23.377Z"
    },
    {
      "date": "2005 FEB",
      "value": "228",
      "year": "2005",
      "month": "February",
      "quarter": "",
      "sourceDataset": "UNEM",
      "updateDate": "2015-07-09T00:48:23.377Z"
    },
    {
      "date": "2005 MAR",
      "value": "231",
      "year": "2005",
      "month": "March",
      "quarter": "",
      "sourceDataset": "UNEM",
      "updateDate": "2015-07-09T00:48:23.377Z"
    },
    {
      "date": "2005 APR",
      "value": "233",
      "year": "2005",
      "month": "April",
      "quarter": "",
      "sourceDataset": "UNEM",
      "updateDate": "2015-07-09T00:48:23.377Z"
    },
    {
      "date": "2005 MAY",
      "value": "230",
      "year": "2005",
      "month": "May",
      "quarter": "",
      "sourceDataset": "UNEM",
      "updateDate": "2015-07-09T00:48:23.377Z"
    },
    {
      "date": "2005 JUN",
      "value": "232",
      "year": "2005",
      "month": "June",
      "quarter": "",
      "sourceDataset": "UNEM",
      "updateDate": "2015-07-09T00:48:23.377Z"
    },
    {
      "date": "2005 JUL",
      "value": "233",
      "year": "2005",
      "month": "July",
      "quarter": "",
      "sourceDataset": "UNEM",
      "updateDate": "2015-07-09T00:48:23.377Z"
    },
    {
      "date": "2005 AUG",
      "value": "232",
      "year": "2005",
      "month": "August",
      "quarter": "",
      "sourceDataset": "UNEM",
      "updateDate": "2015-07-09T00:48:23.377Z"
    },
    {
      "date": "2005 SEP",
      "value": "227",
      "year": "2005",
      "month": "September",
      "quarter": "",
      "sourceDataset": "UNEM",
      "updateDate": "2015-07-09T00:48:23.377Z"
    },
    {
      "date": "2005 OCT",
      "value": "226",
      "year": "2005",
      "month": "October",
      "quarter": "",
      "sourceDataset": "UNEM",
      "updateDate": "2015-07-09T00:48:23.377Z"
    },
    {
      "date": "2005 NOV",
      "value": "228",
      "year": "2005",
      "month": "November",
      "quarter": "",
      "sourceDataset": "UNEM",
      "updateDate": "2015-07-09T00:48:23.377Z"
    },
    {
      "date": "2005 DEC",
      "value": "230",
      "year": "2005",
      "month": "December",
      "quarter": "",
      "sourceDataset": "UNEM",
      "updateDate": "2015-07-09T00:48:23.377Z"
    },
    {
      "date": "2006 JAN",
      "value": "243",
      "year": "2006",
      "month": "January",
      "quarter": "",
      "sourceDataset": "UNEM",
      "updateDate": "2015-07-09T00:48:23.377Z"
    },
    {
      "date": "2006 FEB",
      "value": "249",
      "year": "2006",
      "month": "February",
      "quarter": "",
      "sourceDataset": "UNEM",
      "updateDate": "2015-07-09T00:48:23.377Z"
    },
    {
      "date": "2006 MAR",
      "value": "250",
      "year": "2006",
      "month": "March",
      "quarter": "",
      "sourceDataset": "UNEM",
      "updateDate": "2015-07-09T00:48:23.377Z"
    },
    {
      "date": "2006 APR",
      "value": "251",
      "year": "2006",
      "month": "April",
      "quarter": "",
      "sourceDataset": "UNEM",
      "updateDate": "2015-07-09T00:48:23.377Z"
    },
    {
      "date": "2006 MAY",
      "value": "233",
      "year": "2006",
      "month": "May",
      "quarter": "",
      "sourceDataset": "UNEM",
      "updateDate": "2015-07-09T00:48:23.377Z"
    },
    {
      "date": "2006 JUN",
      "value": "232",
      "year": "2006",
      "month": "June",
      "quarter": "",
      "sourceDataset": "UNEM",
      "updateDate": "2015-07-09T00:48:23.377Z"
    },
    {
      "date": "2006 JUL",
      "value": "230",
      "year": "2006",
      "month": "July",
      "quarter": "",
      "sourceDataset": "UNEM",
      "updateDate": "2015-07-09T00:48:23.377Z"
    },
    {
      "date": "2006 AUG",
      "value": "232",
      "year": "2006",
      "month": "August",
      "quarter": "",
      "sourceDataset": "UNEM",
      "updateDate": "2015-07-09T00:48:23.377Z"
    },
    {
      "date": "2006 SEP",
      "value": "240",
      "year": "2006",
      "month": "September",
      "quarter": "",
      "sourceDataset": "UNEM",
      "updateDate": "2015-07-09T00:48:23.377Z"
    },
    {
      "date": "2006 OCT",
      "value": "243",
      "year": "2006",
      "month": "October",
      "quarter": "",
      "sourceDataset": "UNEM",
      "updateDate": "2015-07-09T00:48:23.377Z"
    },
    {
      "date": "2006 NOV",
      "value": "241",
      "year": "2006",
      "month": "November",
      "quarter": "",
      "sourceDataset": "UNEM",
      "updateDate": "2015-07-09T00:48:23.377Z"
    },
    {
      "date": "2006 DEC",
      "value": "238",
      "year": "2006",
      "month": "December",
      "quarter": "",
      "sourceDataset": "UNEM",
      "updateDate": "2015-07-09T00:48:23.377Z"
    },
    {
      "date": "2007 JAN",
      "value": "265",
      "year": "2007",
      "month": "January",
      "quarter": "",
      "sourceDataset": "UNEM",
      "updateDate": "2015-07-09T00:48:23.377Z"
    },
    {
      "date": "2007 FEB",
      "value": "264",
      "year": "2007",
      "month": "February",
      "quarter": "",
      "sourceDataset": "UNEM",
      "updateDate": "2015-07-09T00:48:23.377Z"
    },
    {
      "date": "2007 MAR",
      "value": "260",
      "year": "2007",
      "month": "March",
      "quarter": "",
      "sourceDataset": "UNEM",
      "updateDate": "2015-07-09T00:48:23.377Z"
    },
    {
      "date": "2007 APR",
      "value": "259",
      "year": "2007",
      "month": "April",
      "quarter": "",
      "sourceDataset": "UNEM",
      "updateDate": "2015-07-09T00:48:23.377Z"
    },
    {
      "date": "2007 MAY",
      "value": "252",
      "year": "2007",
      "month": "May",
      "quarter": "",
      "sourceDataset": "UNEM",
      "updateDate": "2015-07-09T00:48:23.377Z"
    },
    {
      "date": "2007 JUN",
      "value": "256",
      "year": "2007",
      "month": "June",
      "quarter": "",
      "sourceDataset": "UNEM",
      "updateDate": "2015-07-09T00:48:23.377Z"
    },
    {
      "date": "2007 JUL",
      "value": "261",
      "year": "2007",
      "month": "July",
      "quarter": "",
      "sourceDataset": "UNEM",
      "updateDate": "2015-07-09T00:48:23.377Z"
    },
    {
      "date": "2007 AUG",
      "value": "264",
      "year": "2007",
      "month": "August",
      "quarter": "",
      "sourceDataset": "UNEM",
      "updateDate": "2015-07-09T00:48:23.377Z"
    },
    {
      "date": "2007 SEP",
      "value": "265",
      "year": "2007",
      "month": "September",
      "quarter": "",
      "sourceDataset": "UNEM",
      "updateDate": "2015-07-09T00:48:23.377Z"
    },
    {
      "date": "2007 OCT",
      "value": "265",
      "year": "2007",
      "month": "October",
      "quarter": "",
      "sourceDataset": "UNEM",
      "updateDate": "2015-07-09T00:48:23.377Z"
    },
    {
      "date": "2007 NOV",
      "value": "264",
      "year": "2007",
      "month": "November",
      "quarter": "",
      "sourceDataset": "UNEM",
      "updateDate": "2015-07-09T00:48:23.377Z"
    },
    {
      "date": "2007 DEC",
      "value": "267",
      "year": "2007",
      "month": "December",
      "quarter": "",
      "sourceDataset": "UNEM",
      "updateDate": "2015-07-09T00:48:23.377Z"
    },
    {
      "date": "2008 JAN",
      "value": "206",
      "year": "2008",
      "month": "January",
      "quarter": "",
      "sourceDataset": "UNEM",
      "updateDate": "2015-07-09T00:48:23.377Z"
    },
    {
      "date": "2008 FEB",
      "value": "203",
      "year": "2008",
      "month": "February",
      "quarter": "",
      "sourceDataset": "UNEM",
      "updateDate": "2015-07-09T00:48:23.377Z"
    },
    {
      "date": "2008 MAR",
      "value": "201",
      "year": "2008",
      "month": "March",
      "quarter": "",
      "sourceDataset": "UNEM",
      "updateDate": "2015-07-09T00:48:23.377Z"
    },
    {
      "date": "2008 APR",
      "value": "199",
      "year": "2008",
      "month": "April",
      "quarter": "",
      "sourceDataset": "UNEM",
      "updateDate": "2015-07-09T00:48:23.377Z"
    },
    {
      "date": "2008 MAY",
      "value": "256",
      "year": "2008",
      "month": "May",
      "quarter": "",
      "sourceDataset": "UNEM",
      "updateDate": "2015-07-09T00:48:23.377Z"
    },
    {
      "date": "2008 JUN",
      "value": "253",
      "year": "2008",
      "month": "June",
      "quarter": "",
      "sourceDataset": "UNEM",
      "updateDate": "2015-07-09T00:48:23.377Z"
    },
    {
      "date": "2008 JUL",
      "value": "250",
      "year": "2008",
      "month": "July",
      "quarter": "",
      "sourceDataset": "UNEM",
      "updateDate": "2015-07-09T00:48:23.377Z"
    },
    {
      "date": "2008 AUG",
      "value": "247",
      "year": "2008",
      "month": "August",
      "quarter": "",
      "sourceDataset": "UNEM",
      "updateDate": "2015-07-09T00:48:23.377Z"
    },
    {
      "date": "2008 SEP",
      "value": "240",
      "year": "2008",
      "month": "September",
      "quarter": "",
      "sourceDataset": "UNEM",
      "updateDate": "2015-07-09T00:48:23.377Z"
    },
    {
      "date": "2008 OCT",
      "value": "231",
      "year": "2008",
      "month": "October",
      "quarter": "",
      "sourceDataset": "UNEM",
      "updateDate": "2015-07-09T00:48:23.377Z"
    },
    {
      "date": "2008 NOV",
      "value": "218",
      "year": "2008",
      "month": "November",
      "quarter": "",
      "sourceDataset": "UNEM",
      "updateDate": "2015-07-09T00:48:23.377Z"
    },
    {
      "date": "2008 DEC",
      "value": "211",
      "year": "2008",
      "month": "December",
      "quarter": "",
      "sourceDataset": "UNEM",
      "updateDate": "2015-07-09T00:48:23.377Z"
    },
    {
      "date": "2009 JAN",
      "value": "199",
      "year": "2009",
      "month": "January",
      "quarter": "",
      "sourceDataset": "UNEM",
      "updateDate": "2015-07-09T00:48:23.377Z"
    },
    {
      "date": "2009 FEB",
      "value": "202",
      "year": "2009",
      "month": "February",
      "quarter": "",
      "sourceDataset": "UNEM",
      "updateDate": "2015-07-09T00:48:23.377Z"
    },
    {
      "date": "2009 MAR",
      "value": "205",
      "year": "2009",
      "month": "March",
      "quarter": "",
      "sourceDataset": "UNEM",
      "updateDate": "2015-07-09T00:48:23.377Z"
    },
    {
      "date": "2009 APR",
      "value": "208",
      "year": "2009",
      "month": "April",
      "quarter": "",
      "sourceDataset": "UNEM",
      "updateDate": "2015-07-09T00:48:23.377Z"
    },
    {
      "date": "2009 MAY",
      "value": "200",
      "year": "2009",
      "month": "May",
      "quarter": "",
      "sourceDataset": "UNEM",
      "updateDate": "2015-07-09T00:48:23.377Z"
    },
    {
      "date": "2009 JUN",
      "value": "202",
      "year": "2009",
      "month": "June",
      "quarter": "",
      "sourceDataset": "UNEM",
      "updateDate": "2015-07-09T00:48:23.377Z"
    },
    {
      "date": "2009 JUL",
      "value": "206",
      "year": "2009",
      "month": "July",
      "quarter": "",
      "sourceDataset": "UNEM",
      "updateDate": "2015-07-09T00:48:23.377Z"
    },
    {
      "date": "2009 AUG",
      "value": "204",
      "year": "2009",
      "month": "August",
      "quarter": "",
      "sourceDataset": "UNEM",
      "updateDate": "2015-07-09T00:48:23.377Z"
    },
    {
      "date": "2009 SEP",
      "value": "198",
      "year": "2009",
      "month": "September",
      "quarter": "",
      "sourceDataset": "UNEM",
      "updateDate": "2015-07-09T00:48:23.377Z"
    },
    {
      "date": "2009 OCT",
      "value": "194",
      "year": "2009",
      "month": "October",
      "quarter": "",
      "sourceDataset": "UNEM",
      "updateDate": "2015-07-09T00:48:23.377Z"
    },
    {
      "date": "2009 NOV",
      "value": "195",
      "year": "2009",
      "month": "November",
      "quarter": "",
      "sourceDataset": "UNEM",
      "updateDate": "2015-07-09T00:48:23.377Z"
    },
    {
      "date": "2009 DEC",
      "value": "198",
      "year": "2009",
      "month": "December",
      "quarter": "",
      "sourceDataset": "UNEM",
      "updateDate": "2015-07-09T00:48:23.377Z"
    },
    {
      "date": "2010 JAN",
      "value": "207",
      "year": "2010",
      "month": "January",
      "quarter": "",
      "sourceDataset": "UNEM",
      "updateDate": "2015-07-09T00:48:23.377Z"
    },
    {
      "date": "2010 FEB",
      "value": "199",
      "year": "2010",
      "month": "February",
      "quarter": "",
      "sourceDataset": "UNEM",
      "updateDate": "2015-07-09T00:48:23.377Z"
    },
    {
      "date": "2010 MAR",
      "value": "190",
      "year": "2010",
      "month": "March",
      "quarter": "",
      "sourceDataset": "UNEM",
      "updateDate": "2015-07-09T00:48:23.377Z"
    },
    {
      "date": "2010 APR",
      "value": "184",
      "year": "2010",
      "month": "April",
      "quarter": "",
      "sourceDataset": "UNEM",
      "updateDate": "2015-07-09T00:48:23.377Z"
    },
    {
      "date": "2010 MAY",
      "value": "205",
      "year": "2010",
      "month": "May",
      "quarter": "",
      "sourceDataset": "UNEM",
      "updateDate": "2015-07-09T00:48:23.377Z"
    },
    {
      "date": "2010 JUN",
      "value": "199",
      "year": "2010",
      "month": "June",
      "quarter": "",
      "sourceDataset": "UNEM",
      "updateDate": "2015-07-09T00:48:23.377Z"
    },
    {
      "date": "2010 JUL",
      "value": "189",
      "year": "2010",
      "month": "July",
      "quarter": "",
      "sourceDataset": "UNEM",
      "updateDate": "2015-07-09T00:48:23.377Z"
    },
    {
      "date": "2010 AUG",
      "value": "181",
      "year": "2010",
      "month": "August",
      "quarter": "",
      "sourceDataset": "UNEM",
      "updateDate": "2015-07-09T00:48:23.377Z"
    },
    {
      "date": "2010 SEP",
      "value": "179",
      "year": "2010",
      "month": "September",
      "quarter": "",
      "sourceDataset": "UNEM",
      "updateDate": "2015-07-09T00:48:23.377Z"
    },
    {
      "date": "2010 OCT",
      "value": "195",
      "year": "2010",
      "month": "October",
      "quarter": "",
      "sourceDataset": "UNEM",
      "updateDate": "2015-07-09T00:48:23.377Z"
    },
    {
      "date": "2010 NOV",
      "value": "205",
      "year": "2010",
      "month": "November",
      "quarter": "",
      "sourceDataset": "UNEM",
      "updateDate": "2015-07-09T00:48:23.377Z"
    },
    {
      "date": "2010 DEC",
      "value": "214",
      "year": "2010",
      "month": "December",
      "quarter": "",
      "sourceDataset": "UNEM",
      "updateDate": "2015-07-09T00:48:23.377Z"
    },
    {
      "date": "2011 JAN",
      "value": "185",
      "year": "2011",
      "month": "January",
      "quarter": "",
      "sourceDataset": "UNEM",
      "updateDate": "2015-07-09T00:48:23.377Z"
    },
    {
      "date": "2011 FEB",
      "value": "186",
      "year": "2011",
      "month": "February",
      "quarter": "",
      "sourceDataset": "UNEM",
      "updateDate": "2015-07-09T00:48:23.377Z"
    },
    {
      "date": "2011 MAR",
      "value": "186",
      "year": "2011",
      "month": "March",
      "quarter": "",
      "sourceDataset": "UNEM",
      "updateDate": "2015-07-09T00:48:23.377Z"
    },
    {
      "date": "2011 APR",
      "value": "189",
      "year": "2011",
      "month": "April",
      "quarter": "",
      "sourceDataset": "UNEM",
      "updateDate": "2015-07-09T00:48:23.377Z"
    },
    {
      "date": "2011 MAY",
      "value": "184",
      "year": "2011",
      "month": "May",
      "quarter": "",
      "sourceDataset": "UNEM",
      "updateDate": "2015-07-09T00:48:23.377Z"
    },
    {
      "date": "2011 JUN",
      "value": "185",
      "year": "2011",
      "month": "June",
      "quarter": "",
      "sourceDataset": "UNEM",
      "updateDate": "2015-07-09T00:48:23.377Z"
    },
    {
      "date": "2011 JUL",
      "value": "186",
      "year": "2011",
      "month": "July",
      "quarter": "",
      "sourceDataset": "UNEM",
      "updateDate": "2015-07-09T00:48:23.377Z"
    },
    {
      "date": "2011 AUG",
      "value": "185",
      "year": "2011",
      "month": "August",
      "quarter": "",
      "sourceDataset": "UNEM",
      "updateDate": "2015-07-09T00:48:23.377Z"
    },
    {
      "date": "2011 SEP",
      "value": "187",
      "year": "2011",
      "month": "September",
      "quarter": "",
      "sourceDataset": "UNEM",
      "updateDate": "2015-07-09T00:48:23.377Z"
    },
    {
      "date": "2011 OCT",
      "value": "185",
      "year": "2011",
      "month": "October",
      "quarter": "",
      "sourceDataset": "UNEM",
      "updateDate": "2015-07-09T00:48:23.377Z"
    },
    {
      "date": "2011 NOV",
      "value": "184",
      "year": "2011",
      "month": "November",
      "quarter": "",
      "sourceDataset": "UNEM",
      "updateDate": "2015-07-09T00:48:23.377Z"
    },
    {
      "date": "2011 DEC",
      "value": "182",
      "year": "2011",
      "month": "December",
      "quarter": "",
      "sourceDataset": "UNEM",
      "updateDate": "2015-07-09T00:48:23.377Z"
    },
    {
      "date": "2012 JAN",
      "value": "202",
      "year": "2012",
      "month": "January",
      "quarter": "",
      "sourceDataset": "UNEM",
      "updateDate": "2015-07-09T00:48:23.377Z"
    },
    {
      "date": "2012 FEB",
      "value": "206",
      "year": "2012",
      "month": "February",
      "quarter": "",
      "sourceDataset": "UNEM",
      "updateDate": "2015-07-09T00:48:23.377Z"
    },
    {
      "date": "2012 MAR",
      "value": "211",
      "year": "2012",
      "month": "March",
      "quarter": "",
      "sourceDataset": "UNEM",
      "updateDate": "2015-07-09T00:48:23.377Z"
    },
    {
      "date": "2012 APR",
      "value": "218",
      "year": "2012",
      "month": "April",
      "quarter": "",
      "sourceDataset": "UNEM",
      "updateDate": "2015-07-09T00:48:23.377Z"
    },
    {
      "date": "2012 MAY",
      "value": "190",
      "year": "2012",
      "month": "May",
      "quarter": "",
      "sourceDataset": "UNEM",
      "updateDate": "2015-07-09T00:48:23.377Z"
    },
    {
      "date": "2012 JUN",
      "value": "192",
      "year": "2012",
      "month": "June",
      "quarter": "",
      "sourceDataset": "UNEM",
      "updateDate": "2015-07-09T00:48:23.377Z"
    },
    {
      "date": "2012 JUL",
      "value": "193",
      "year": "2012",
      "month": "July",
      "quarter": "",
      "sourceDataset": "UNEM",
      "updateDate": "2015-07-09T00:48:23.377Z"
    },
    {
      "date": "2012 AUG",
      "value": "194",
      "year": "2012",
      "month": "August",
      "quarter": "",
      "sourceDataset": "UNEM",
      "updateDate": "2015-07-09T00:48:23.377Z"
    },
    {
      "date": "2012 SEP",
      "value": "198",
      "year": "2012",
      "month": "September",
      "quarter": "",
      "sourceDataset": "UNEM",
      "updateDate": "2015-07-09T00:48:23.377Z"
    },
    {
      "date": "2012 OCT",
      "value": "202",
      "year": "2012",
      "month": "October",
      "quarter": "",
      "sourceDataset": "UNEM",
      "updateDate": "2015-07-09T00:48:23.377Z"
    },
    {
      "date": "2012 NOV",
      "value": "202",
      "year": "2012",
      "month": "November",
      "quarter": "",
      "sourceDataset": "UNEM",
      "updateDate": "2015-07-09T00:48:23.377Z"
    },
    {
      "date": "2012 DEC",
      "value": "201",
      "year": "2012",
      "month": "December",
      "quarter": "",
      "sourceDataset": "UNEM",
      "updateDate": "2015-07-09T00:48:23.377Z"
    },
    {
      "date": "2013 JAN",
      "value": "239",
      "year": "2013",
      "month": "January",
      "quarter": "",
      "sourceDataset": "UNEM",
      "updateDate": "2015-07-09T00:48:23.377Z"
    },
    {
      "date": "2013 FEB",
      "value": "243",
      "year": "2013",
      "month": "February",
      "quarter": "",
      "sourceDataset": "UNEM",
      "updateDate": "2015-07-09T00:48:23.377Z"
    },
    {
      "date": "2013 MAR",
      "value": "247",
      "year": "2013",
      "month": "March",
      "quarter": "",
      "sourceDataset": "UNEM",
      "updateDate": "2015-07-09T00:48:23.377Z"
    },
    {
      "date": "2013 APR",
      "value": "250",
      "year": "2013",
      "month": "April",
      "quarter": "",
      "sourceDataset": "UNEM",
      "updateDate": "2015-07-09T00:48:23.377Z"
    },
    {
      "date": "2013 MAY",
      "value": "222",
      "year": "2013",
      "month": "May",
      "quarter": "",
      "sourceDataset": "UNEM",
      "updateDate": "2015-07-09T00:48:23.377Z"
    },
    {
      "date": "2013 JUN",
      "value": "224",
      "year": "2013",
      "month": "June",
      "quarter": "",
      "sourceDataset": "UNEM",
      "updateDate": "2015-07-09T00:48:23.377Z"
    },
    {
      "date": "2013 JUL",
      "value": "224",
      "year": "2013",
      "month": "July",
      "quarter": "",
      "sourceDataset": "UNEM",
      "updateDate": "2015-07-09T00:48:23.377Z"
    },
    {
      "date": "2013 AUG",
      "value": "228",
      "year": "2013",
      "month": "August",
      "quarter": "",
      "sourceDataset": "UNEM",
      "updateDate": "2015-07-09T00:48:23.377Z"
    },
    {
      "date": "2013 SEP",
      "value": "232",
      "year": "2013",
      "month": "September",
      "quarter": "",
      "sourceDataset": "UNEM",
      "updateDate": "2015-07-09T00:48:23.377Z"
    },
    {
      "date": "2013 OCT",
      "value": "238",
      "year": "2013",
      "month": "October",
      "quarter": "",
      "sourceDataset": "UNEM",
      "updateDate": "2015-07-09T00:48:23.377Z"
    },
    {
      "date": "2013 NOV",
      "value": "236",
      "year": "2013",
      "month": "November",
      "quarter": "",
      "sourceDataset": "UNEM",
      "updateDate": "2015-07-09T00:48:23.377Z"
    },
    {
      "date": "2013 DEC",
      "value": "238",
      "year": "2013",
      "month": "December",
      "quarter": "",
      "sourceDataset": "UNEM",
      "updateDate": "2015-07-09T00:48:23.377Z"
    },
    {
      "date": "2014 JAN",
      "value": "282",
      "year": "2014",
      "month": "January",
      "quarter": "",
      "sourceDataset": "UNEM",
      "updateDate": "2015-07-09T00:48:23.377Z"
    },
    {
      "date": "2014 FEB",
      "value": "283",
      "year": "2014",
      "month": "February",
      "quarter": "",
      "sourceDataset": "UNEM",
      "updateDate": "2015-07-15T18:35:03.109Z"
    },
    {
      "date": "2014 MAR",
      "value": "284",
      "year": "2014",
      "month": "March",
      "quarter": "",
      "sourceDataset": "UNEM",
      "updateDate": "2015-07-15T18:35:03.109Z"
    },
    {
      "date": "2014 APR",
      "value": "284",
      "year": "2014",
      "month": "April",
      "quarter": "",
      "sourceDataset": "UNEM",
      "updateDate": "2015-07-15T18:35:03.109Z"
    },
    {
      "date": "2014 MAY",
      "value": "252",
      "year": "2014",
      "month": "May",
      "quarter": "",
      "sourceDataset": "UNEM",
      "updateDate": "2015-07-09T00:48:23.377Z"
    },
    {
      "date": "2014 JUN",
      "value": "255",
      "year": "2014",
      "month": "June",
      "quarter": "",
      "sourceDataset": "UNEM",
      "updateDate": "2015-07-09T00:48:23.377Z"
    },
    {
      "date": "2014 JUL",
      "value": "262",
      "year": "2014",
      "month": "July",
      "quarter": "",
      "sourceDataset": "UNEM",
      "updateDate": "2015-07-09T00:48:23.377Z"
    },
    {
      "date": "2014 AUG",
      "value": "266",
      "year": "2014",
      "month": "August",
      "quarter": "",
      "sourceDataset": "UNEM",
      "updateDate": "2015-07-09T00:48:23.377Z"
    },
    {
      "date": "2014 SEP",
      "value": "267",
      "year": "2014",
      "month": "September",
      "quarter": "",
      "sourceDataset": "UNEM",
      "updateDate": "2015-07-09T00:48:23.377Z"
    },
    {
      "date": "2014 OCT",
      "value": "271",
      "year": "2014",
      "month": "October",
      "quarter": "",
      "sourceDataset": "UNEM",
      "updateDate": "2015-07-09T00:48:23.377Z"
    },
    {
      "date": "2014 NOV",
      "value": "272",
      "year": "2014",
      "month": "November",
      "quarter": "",
      "sourceDataset": "UNEM",
      "updateDate": "2015-07-09T00:48:23.377Z"
    },
    {
      "date": "2014 DEC",
      "value": "279",
      "year": "2014",
      "month": "December",
      "quarter": "",
      "sourceDataset": "UNEM",
      "updateDate": "2015-07-09T00:48:23.377Z"
    },
    {
      "date": "2015 MAY",
      "value": "285",
      "year": "2015",
      "month": "May",
      "quarter": "",
      "sourceDataset": "UNEM",
      "updateDate": "2015-07-15T18:35:03.109Z"
    }
  ],
  "sourceDatasets": [
    "UNEM"
  ],
  "type": "timeseries",
  "uri": "/employmentandlabourmarket/peoplenotinwork/unemployment/timeseries/aly9",
  "breadcrumb": [
    {
      "uri": "/"
    },
    {
      "uri": "/employmentandlabourmarket"
    },
    {
      "uri": "/employmentandlabourmarket/peoplenotinwork"
    },
    {
      "uri": "/employmentandlabourmarket/peoplenotinwork/unemployment"
    }
  ],
  "description": {
    "title": "UK Vacancies by size of enterprise - 2500+ employed (thousands)         ",
    "nationalStatistic": false,
    "latestRelease": false,
    "releaseDate": "2015-07-14T23:00:00.000Z",
    "nextRelease": "12 August 2015",
    "cdid": "ALY9",
    "unit": "",
    "preUnit": "",
    "source": "Office for National Statistics",
    "seasonalAdjustment": "NSA",
    "number": "279",
    "sampleSize": 0
  }
}