{"items":[{"uri":"/economy/grossdomesticproductgdp/timeseries/abmi"},{"uri":"/economy/grossdomesticproductgdp/timeseries/ihyq"},{"uri":"/economy/grossdomesticproductgdp/timeseries/ihyr"},{"uri":"/economy/grossdomesticproductgdp/timeseries/ybha"},{"uri":"/economy/grossdomesticproductgdp/timeseries/ihyn"},{"uri":"/economy/grossdomesticproductgdp/timeseries/ihyo"}],"datasets":[{"uri":"/economy/grossdomesticproductgdp/datasets/preliminaryestimateofgdp"},{"uri":"/economy/grossdomesticproductgdp/datasets/unitedkingdomeconomicaccounts"},{"uri":"/economy/grossdomesticproductgdp/datasets/bluebook"},{"uri":"economy/grossdomesticproductgdp/datasets/quarterlynationalaccounts"},{"uri":"economy/grossdomesticproductgdp/datasets/secondestimateofgdp"}],"statsBulletins":[{"uri":"/economy/grossdomesticproductgdp/bulletins/grossdomesticproductpreliminaryestimate/2015-07-28"},{"uri":"/economy/grossdomesticproductgdp/bulletins/secondestimateofgdp/2015-05-28"},{"uri":"/economy/grossdomesticproductgdp/bulletins/quarterlynationalaccounts/2015-06-30"}],"relatedArticles":[{"uri":"/economy/grossdomesticproductgdp/articles/gdpandthelabourmarket/2015-05-13"},{"uri":"/economy/grossdomesticproductgdp/articles/gdpandthelabourmarket/2015-02-18"}],"index":3,"type":"product_page","uri":"/economy/grossdomesticproductgdp","breadcrumb":[{"uri":"/"},{"uri":"/economy"}],"description":{"title":"Gross Domestic Product (GDP)","summary":"This is a measure of economic activity which captures the value of goods and services that the UK produces during a given period."},"articles":[{"uri":"/economy/grossdomesticproductgdp/articles/gdpandthelabourmarket/2015-05-13"},{"uri":"/economy/grossdomesticproductgdp/articles/gdpandthelabourmarket/2015-02-18"}]}