{"description":{"releaseDate":"2015-07-14T23:00:00.000Z","nextRelease":"12 August 2015","contact":{"name":"Richard Clegg\n","email":"richard.clegg@ons.gsi.gov.uk\n","telephone":"+44 (0)1633 455400 \n"},"summary":"Vacancies by industry.\n","datasetId":"","keywords":[],"metaDescription":"Vacancies by industry.\n","nationalStatistic":true,"migrated":false,"title":"Vacancies by industry: VACS02"},"downloads":[{"title":"Latest","file":"/employmentandlabourmarket/peoplenotinwork/unemployment/datasets/vacanciesbyindustryvacs02/vacs02jul2015_tcm77-408204.xls"}],"section":{"markdown":""},"correction":[],"relatedDatasets":[],"relatedDocuments":[{"uri":"/employmentandlabourmarket/peopleinwork/employmentandemployeetypes/bulletins/uklabourmarket/2015-07-15"}],"relatedMethodology":[],"type":"dataset","uri":"/employmentandlabourmarket/peoplenotinwork/unemployment/datasets/vacanciesbyindustryvacs02","breadcrumb":[{"uri":"/"},{"uri":"/employmentandlabourmarket"},{"uri":"/employmentandlabourmarket/peoplenotinwork"},{"uri":"/employmentandlabourmarket/peoplenotinwork/unemployment"}]}