{"type":"chart","title":"Figure 1: Annual percentage change in parliamentary electors for England, Wales and Northern Ireland, 2009/10 to 2013/14","filename":"0fea05b7","uri":"/peoplepopulationandcommunity/elections/electoralregistration/bulletins/electoralstatisticsforenglandwalesandnorthernireland/2015-02-26/0fea05b7","subtitle":"","unit":"Percentage change","source":"Office for National Statistics","legend":"bottom-left","hideLegend":false,"notes":"","altText":"Figure 1: Annual percentage change in parliamentary electors for England, Wales and Northern Ireland, 2009/10 to 2013/14","data":[{"":"2009/10","England":"0.82","Wales":"0.90","Northern Ireland":"2.57"},{"":"2010/11","England":"0.55","Wales":"0.74","Northern Ireland":"1.88"},{"":"2011/12","England":"0.47","Wales":"0.11","Northern Ireland":"1.42"},{"":"2012/13","England":"-0.62","Wales":"-0.17","Northern Ireland":"-0.96"},{"":"2013/14","England":"-1.98","Wales":"-3.11","Northern Ireland":"1.15"}],"headers":["","England","Wales","Northern Ireland"],"series":["England","Wales","Northern Ireland"],"categories":["2009/10","2010/11","2011/12","2012/13","2013/14"],"aspectRatio":"0.56","chartType":"bar","files":[{"type":"download-png","filename":"0fea05b7-download.png"},{"type":"png","filename":"0fea05b7.png"}],"decimalPlaces":"","labelInterval":""}