{"type":"chart","title":"Figure 2: Percentage change in parliamentary electors for English regions, 2013/14 compared with 2012/13","filename":"83031edc","uri":"/peoplepopulationandcommunity/elections/electoralregistration/bulletins/electoralstatisticsforenglandwalesandnorthernireland/2015-02-26/83031edc","subtitle":"","unit":"","source":"Office for National Statistics","legend":"bottom-left","hideLegend":false,"notes":"","altText":"Figure 2: Percentage change in parliamentary electors for English regions, 2013/14 compared with 2012/13","data":[{"Region":"West Midlands","Percentage change 2012/13":"-1.66","Percentage change 2013/14":"-0.90"},{"Region":"South West","Percentage change 2012/13":"-1.14","Percentage change 2013/14":"-1.27"},{"Region":"East of England","Percentage change 2012/13":"-0.04","Percentage change 2013/14":"-1.54"},{"Region":"South East","Percentage change 2012/13":"-0.14","Percentage change 2013/14":"-2.00"},{"Region":"London","Percentage change 2012/13":"-0.18","Percentage change 2013/14":"-2.11"},{"Region":"East Midlands","Percentage change 2012/13":"-1.04","Percentage change 2013/14":"-2.32"},{"Region":"North West","Percentage change 2012/13":"-0.13","Percentage change 2013/14":"-2.44"},{"Region":"Yorkshire and The Humber","Percentage change 2012/13":"-1.03","Percentage change 2013/14":"-2.47"},{"Region":"North East","Percentage change 2012/13":"-1.12","Percentage change 2013/14":"-3.52"}],"headers":["Region","Percentage change 2012/13","Percentage change 2013/14"],"series":["Percentage change 2012/13","Percentage change 2013/14"],"categories":["West Midlands","South West","East of England","South East","London","East Midlands","North West","Yorkshire and The Humber","North East"],"aspectRatio":"0.56","chartType":"bar","files":[{"type":"download-png","filename":"83031edc-download.png"},{"type":"png","filename":"83031edc.png"}]}