{"description":{"releaseDate":"2015-07-14T23:00:00.000Z","nextRelease":"12 August 2015","contact":{"name":"Richard Clegg\n","email":"richard.clegg@ons.gsi.gov.uk\n","telephone":"+44 (0)1633 455400 \n"},"summary":"Stoppages of work.\n","datasetId":"","keywords":[],"metaDescription":"Stoppages of work.\n","nationalStatistic":true,"migrated":false,"title":"Stoppages of work: LABD03"},"downloads":[{"title":"Latest","file":"/employmentandlabourmarket/peopleinwork/workplacedisputesandworkingconditions/datasets/stoppagesofworklabd03/labd03jul2015_tcm77-408196.xls"}],"section":{"markdown":""},"correction":[],"relatedDatasets":[{"uri":"/employmentandlabourmarket/peopleinwork/workplacedisputesandworkingconditions/datasets/labourdisputeslabd01"},{"uri":"/employmentandlabourmarket/peopleinwork/workplacedisputesandworkingconditions/datasets/labourdisputesbysectorlabd02"}],"relatedDocuments":[{"uri":"/employmentandlabourmarket/peopleinwork/employmentandemployeetypes/bulletins/uklabourmarket/2015-07-15"}],"relatedMethodology":[],"type":"dataset","uri":"/employmentandlabourmarket/peopleinwork/workplacedisputesandworkingconditions/datasets/stoppagesofworklabd03","breadcrumb":[{"uri":"/"},{"uri":"/employmentandlabourmarket"},{"uri":"/employmentandlabourmarket/peopleinwork"},{"uri":"/employmentandlabourmarket/peopleinwork/workplacedisputesandworkingconditions"}]}