{"description":{"releaseDate":"2015-07-08T23:00:00.000Z","nextRelease":"","contact":{"name":"Matthew Steel","email":"environment.accounts@ons.gsi.gov.uk","telephone":"+44 (0)1633 455680"},"summary":"Government revenue from environmental taxes (including energy, transport and pollution/resource taxes), for 1993 to 2014.\n","datasetId":"","keywords":["environment, pollution, climate, ghg, natural capital, water, waste, air, forest, accounts, material flows, taxes, EPE, MFA, energy,environment,pollution,climate,ghg,natural,capital,water,waste,air,forest,accounts,material,flows,taxws,EPE,MFA,energy"],"metaDescription":"Government revenue from environmental taxes (including energy, transport and pollution/resource taxes), for 1993 to 2014.\n","nationalStatistic":true,"migrated":false,"title":"UK Environmental Accounts: Environmental taxes "},"downloads":[{"title":"Latest version","file":"economy/environmentalaccounts/datasets/ukenvironmentalaccountsenvironmentaltaxes/rftenvironmentaltaxes_tcm77-410142.xls"}],"section":{},"correction":[],"relatedDatasets":[{"uri":"/economy/environmentalaccounts/datasets/ukenvironmentalaccountsatmosphericemissionsacidrainprecursoremissionsbyeconomicsectorandgasunitedkingdom"},{"uri":"/economy/environmentalaccounts/datasets/ukenvironmentalaccountsatmosphericemissionsbridgingtables"},{"uri":"/economy/environmentalaccounts/datasets/ukenvironmentalaccountsatmosphericemissionsemissionsofotherpollutantsbyeconomicsectorandgasunitedkingdom"},{"uri":"/economy/environmentalaccounts/datasets/ukenvironmentalaccountsatmosphericemissionsgreenhousegasemissionsintensitybyeconomicsectorunitedkingdom"},{"uri":"/economy/environmentalaccounts/datasets/ukenvironmentalaccountsatmosphericemissionsgreenhousegasemissionsbyeconomicsectorandgasunitedkingdom"},{"uri":"/economy/environmentalaccounts/datasets/ukenvironmentalaccountsatmosphericemissionsheavymetalpollutantemissionsbyeconomicsectorandgasunitedkingdom"},{"uri":"/economy/environmentalaccounts/datasets/ukenvironmentalaccountsatmosphericemissionsroadtransportemissionsbypollutantunitedkingdom"},{"uri":"/economy/environmentalaccounts/datasets/ukenvironmentalaccountsenergybridging"},{"uri":"/economy/environmentalaccounts/datasets/ukenvironmentalaccountsenergyconsumptionfromrenewableandwastesources"},{"uri":"/economy/environmentalaccounts/datasets/ukenvironmentalaccountsenergyconsumptionusedtogenerateheat"},{"uri":"/economy/environmentalaccounts/datasets/ukenvironmentalaccountsenergyusebyindustrysourceandfuel"},{"uri":"/economy/environmentalaccounts/datasets/ukenvironmentalaccountsenergyreallocatedenergyconsumptionandenergyintensityunitedkingdom"},{"uri":"/economy/environmentalaccounts/datasets/ukenvironmentalaccountsenvironmentalprotectionexpenditurebygeneralgovernmentunitedkingdom"},{"uri":"/economy/environmentalaccounts/datasets/ukenvironmentalaccountsenvironmentalprotectionexpenditurebyindustryunitedkingdom"},{"uri":"/economy/environmentalaccounts/datasets/ukenvironmentalaccountsfuelusebytype"},{"uri":"/economy/environmentalaccounts/datasets/ukenvironmentalaccountsfuelusebytypeandindustry"},{"uri":"/economy/environmentalaccounts/datasets/ukenvironmentalaccountsmaterialflowsaccountunitedkingdom"},{"uri":"/economy/environmentalaccounts/datasets/ukenvironmentalaccountsoilandgas"},{"uri":"/economy/environmentalaccounts/datasets/ukenvironmentalaccountstotalenergyconsumptionbyindustry"}],"relatedDocuments":[{"uri":"/economy/environmentalaccounts/bulletins/ukenvironmentalaccounts/2015-07-09"}],"relatedMethodology":[],"type":"dataset","uri":"/economy/environmentalaccounts/datasets/ukenvironmentalaccountsenvironmentaltaxes","breadcrumb":[{"uri":"/"},{"uri":"/economy"},{"uri":"/economy/environmentalaccounts"}]}