{"type":"chart","title":"Figure 6: UK public and private sector employment, Q1 1999 to Q1 2015, seasonally adjusted","filename":"0a0b35d3","uri":"/employmentandlabourmarket/publicsectorpersonnel/bulletins/publicsectoremployment/2015-06-17/0a0b35d3","subtitle":"","unit":"Millions","source":"Quarterly Public Sector Employment Survey - Office for National Statistics","legend":"top-left","hideLegend":false,"notes":"1. In recent years the public and private sector employment series have been affected by a number of major reclassifications where bodies employing large numbers of people have moved between the public and private sectors. These major reclassifications are as follows:\nFurther Education corporations and Sixth Form College corporations in England are included in the private sector from Q2 2012 but in the public sector for earlier time periods.\nRoyal Mail plc is included in the private sector from Q4 2013 but in the public sector for earlier time periods. \nLloyds Banking Group plc is included in the public sector from Q4 2008 to Q4 2013 but in the private sector for earlier and subsequent periods.\nRoyal Bank of Scotland plc is included in the public sector from Q4 2008 but in the private sector for earlier time periods.\nNetwork Rail is included in the private sector before Q4 2002. From Q4 2002 onwards it is included in the public sector (except for the period from Q2 2003 to Q1 2004, when it is included in the private sector).  \nNorthern Rock is included in the public sector from Q4 2007 until Q4 2011 but in the private sector for earlier and later time periods.\nBradford and Bingley is included in the public sector from Q3 2008 but in the private sector for earlier time periods.\nWelsh further education colleges were reclassified to the private sector on 27 January 2015. They are included in the private sector from Q1 2015 but in the public sector for earlier time periods. \t\t\t\n2. The series shown in this table for public and private sector employment excluding the effects of major reclassifications show all of the above mentioned bodies included in the private sector for all time periods.\t\t\t\t","altText":"Figure 6: UK public and private sector employment, Q1 1999 to Q1 2015, seasonally adjusted","data":[{"Period":"1999 Q1","Public sector  ":"5433","Public sector excluding effects of major reclassifications  ":"4996","Private sector ":"21609","Private sector excluding effects of major reclassifications":"22046","date":"1999-02-01T00:00:00.000Z","label":"1999 Q1"},{"Period":"1999 Q2","Public sector  ":"5446","Public sector excluding effects of major reclassifications  ":"5007","Private sector ":"21669","Private sector excluding effects of major reclassifications":"22108","date":"1999-04-30T23:00:00.000Z","label":"1999 Q2"},{"Period":"1999 Q3","Public sector  ":"5469","Public sector excluding effects of major reclassifications  ":"5030","Private sector ":"21743","Private sector excluding effects of major reclassifications":"22182","date":"1999-07-31T23:00:00.000Z","label":"1999 Q3"},{"Period":"1999 Q4","Public sector  ":"5495","Public sector excluding effects of major reclassifications  ":"5061","Private sector ":"21812","Private sector excluding effects of major reclassifications":"22246","date":"1999-11-01T00:00:00.000Z","label":"1999 Q4"},{"Period":"2000 Q1","Public sector  ":"5508","Public sector excluding effects of major reclassifications  ":"5069","Private sector ":"21898","Private sector excluding effects of major reclassifications":"22337","date":"2000-02-01T00:00:00.000Z","label":"2000 Q1"},{"Period":"2000 Q2","Public sector  ":"5527","Public sector excluding effects of major reclassifications  ":"5089","Private sector ":"22001","Private sector excluding effects of major reclassifications":"22439","date":"2000-04-30T23:00:00.000Z","label":"2000 Q2"},{"Period":"2000 Q3","Public sector  ":"5550","Public sector excluding effects of major reclassifications  ":"5112","Private sector ":"21978","Private sector excluding effects of major reclassifications":"22416","date":"2000-07-31T23:00:00.000Z","label":"2000 Q3"},{"Period":"2000 Q4","Public sector  ":"5563","Public sector excluding effects of major reclassifications  ":"5126","Private sector ":"22074","Private sector excluding effects of major reclassifications":"22511","date":"2000-11-01T00:00:00.000Z","label":"2000 Q4"},{"Period":"2001 Q1","Public sector  ":"5592","Public sector excluding effects of major reclassifications  ":"5149","Private sector ":"22071","Private sector excluding effects of major reclassifications":"22514","date":"2001-02-01T00:00:00.000Z","label":"2001 Q1"},{"Period":"2001 Q2","Public sector  ":"5620","Public sector excluding effects of major reclassifications  ":"5178","Private sector ":"22079","Private sector excluding effects of major reclassifications":"22521","date":"2001-04-30T23:00:00.000Z","label":"2001 Q2"},{"Period":"2001 Q3","Public sector  ":"5636","Public sector excluding effects of major reclassifications  ":"5196","Private sector ":"22099","Private sector excluding effects of major reclassifications":"22539","date":"2001-07-31T23:00:00.000Z","label":"2001 Q3"},{"Period":"2001 Q4","Public sector  ":"5659","Public sector excluding effects of major reclassifications  ":"5206","Private sector ":"22110","Private sector excluding effects of major reclassifications":"22563","date":"2001-11-01T00:00:00.000Z","label":"2001 Q4"},{"Period":"2002 Q1","Public sector  ":"5703","Public sector excluding effects of major reclassifications  ":"5244","Private sector ":"22153","Private sector excluding effects of major reclassifications":"22612","date":"2002-02-01T00:00:00.000Z","label":"2002 Q1"},{"Period":"2002 Q2","Public sector  ":"5727","Public sector excluding effects of major reclassifications  ":"5269","Private sector ":"22181","Private sector excluding effects of major reclassifications":"22639","date":"2002-04-30T23:00:00.000Z","label":"2002 Q2"},{"Period":"2002 Q3","Public sector  ":"5757","Public sector excluding effects of major reclassifications  ":"5302","Private sector ":"22266","Private sector excluding effects of major reclassifications":"22721","date":"2002-07-31T23:00:00.000Z","label":"2002 Q3"},{"Period":"2002 Q4","Public sector  ":"5807","Public sector excluding effects of major reclassifications  ":"5376","Private sector ":"22274","Private sector excluding effects of major reclassifications":"22705","date":"2002-11-01T00:00:00.000Z","label":"2002 Q4"},{"Period":"2003 Q1","Public sector  ":"5859","Public sector excluding effects of major reclassifications  ":"5422","Private sector ":"22283","Private sector excluding effects of major reclassifications":"22720","date":"2003-02-01T00:00:00.000Z","label":"2003 Q1"},{"Period":"2003 Q2","Public sector  ":"5890","Public sector excluding effects of major reclassifications  ":"5466","Private sector ":"22346","Private sector excluding effects of major reclassifications":"22770","date":"2003-04-30T23:00:00.000Z","label":"2003 Q2"},{"Period":"2003 Q3","Public sector  ":"5923","Public sector excluding effects of major reclassifications  ":"5499","Private sector ":"22362","Private sector excluding effects of major reclassifications":"22786","date":"2003-07-31T23:00:00.000Z","label":"2003 Q3"},{"Period":"2003 Q4","Public sector  ":"5965","Public sector excluding effects of major reclassifications  ":"5553","Private sector ":"22434","Private sector excluding effects of major reclassifications":"22846","date":"2003-11-01T00:00:00.000Z","label":"2003 Q4"},{"Period":"2004 Q1","Public sector  ":"5999","Public sector excluding effects of major reclassifications  ":"5580","Private sector ":"22450","Private sector excluding effects of major reclassifications":"22869","date":"2004-02-01T00:00:00.000Z","label":"2004 Q1"},{"Period":"2004 Q2","Public sector  ":"6021","Public sector excluding effects of major reclassifications  ":"5588","Private sector ":"22443","Private sector excluding effects of major reclassifications":"22876","date":"2004-04-30T23:00:00.000Z","label":"2004 Q2"},{"Period":"2004 Q3","Public sector  ":"6052","Public sector excluding effects of major reclassifications  ":"5628","Private sector ":"22492","Private sector excluding effects of major reclassifications":"22916","date":"2004-07-31T23:00:00.000Z","label":"2004 Q3"},{"Period":"2004 Q4","Public sector  ":"6068","Public sector excluding effects of major reclassifications  ":"5639","Private sector ":"22658","Private sector excluding effects of major reclassifications":"23087","date":"2004-11-01T00:00:00.000Z","label":"2004 Q4"},{"Period":"2005 Q1","Public sector  ":"6087","Public sector excluding effects of major reclassifications  ":"5663","Private sector ":"22672","Private sector excluding effects of major reclassifications":"23096","date":"2005-02-01T00:00:00.000Z","label":"2005 Q1"},{"Period":"2005 Q2","Public sector  ":"6115","Public sector excluding effects of major reclassifications  ":"5688","Private sector ":"22740","Private sector excluding effects of major reclassifications":"23167","date":"2005-04-30T23:00:00.000Z","label":"2005 Q2"},{"Period":"2005 Q3","Public sector  ":"6119","Public sector excluding effects of major reclassifications  ":"5686","Private sector ":"22794","Private sector excluding effects of major reclassifications":"23227","date":"2005-07-31T23:00:00.000Z","label":"2005 Q3"},{"Period":"2005 Q4","Public sector  ":"6115","Public sector excluding effects of major reclassifications  ":"5690","Private sector ":"22819","Private sector excluding effects of major reclassifications":"23244","date":"2005-11-01T00:00:00.000Z","label":"2005 Q4"},{"Period":"2006 Q1","Public sector  ":"6096","Public sector excluding effects of major reclassifications  ":"5676","Private sector ":"22989","Private sector excluding effects of major reclassifications":"23409","date":"2006-02-01T00:00:00.000Z","label":"2006 Q1"},{"Period":"2006 Q2","Public sector  ":"6082","Public sector excluding effects of major reclassifications  ":"5660","Private sector ":"23058","Private sector excluding effects of major reclassifications":"23480","date":"2006-04-30T23:00:00.000Z","label":"2006 Q2"},{"Period":"2006 Q3","Public sector  ":"6068","Public sector excluding effects of major reclassifications  ":"5642","Private sector ":"23121","Private sector excluding effects of major reclassifications":"23547","date":"2006-07-31T23:00:00.000Z","label":"2006 Q3"},{"Period":"2006 Q4","Public sector  ":"6059","Public sector excluding effects of major reclassifications  ":"5625","Private sector ":"23143","Private sector excluding effects of major reclassifications":"23577","date":"2006-11-01T00:00:00.000Z","label":"2006 Q4"},{"Period":"2007 Q1","Public sector  ":"6052","Public sector excluding effects of major reclassifications  ":"5629","Private sector ":"23180","Private sector excluding effects of major reclassifications":"23603","date":"2007-02-01T00:00:00.000Z","label":"2007 Q1"},{"Period":"2007 Q2","Public sector  ":"6044","Public sector excluding effects of major reclassifications  ":"5615","Private sector ":"23308","Private sector excluding effects of major reclassifications":"23737","date":"2007-04-30T23:00:00.000Z","label":"2007 Q2"},{"Period":"2007 Q3","Public sector  ":"6039","Public sector excluding effects of major reclassifications  ":"5600","Private sector ":"23431","Private sector excluding effects of major reclassifications":"23870","date":"2007-07-31T23:00:00.000Z","label":"2007 Q3"},{"Period":"2007 Q4","Public sector  ":"6046","Public sector excluding effects of major reclassifications  ":"5597","Private sector ":"23568","Private sector excluding effects of major reclassifications":"24017","date":"2007-11-01T00:00:00.000Z","label":"2007 Q4"},{"Period":"2008 Q1","Public sector  ":"6019","Public sector excluding effects of major reclassifications  ":"5590","Private sector ":"23687","Private sector excluding effects of major reclassifications":"24116","date":"2008-02-01T00:00:00.000Z","label":"2008 Q1"},{"Period":"2008 Q2","Public sector  ":"6035","Public sector excluding effects of major reclassifications  ":"5594","Private sector ":"23661","Private sector excluding effects of major reclassifications":"24102","date":"2008-04-30T23:00:00.000Z","label":"2008 Q2"},{"Period":"2008 Q3","Public sector  ":"6072","Public sector excluding effects of major reclassifications  ":"5625","Private sector ":"23463","Private sector excluding effects of major reclassifications":"23910","date":"2008-07-31T23:00:00.000Z","label":"2008 Q3"},{"Period":"2008 Q4","Public sector  ":"6334","Public sector excluding effects of major reclassifications  ":"5655","Private sector ":"23205","Private sector excluding effects of major reclassifications":"23884","date":"2008-11-01T00:00:00.000Z","label":"2008 Q4"},{"Period":"2009 Q1","Public sector  ":"6330","Public sector excluding effects of major reclassifications  ":"5660","Private sector ":"22942","Private sector excluding effects of major reclassifications":"23612","date":"2009-02-01T00:00:00.000Z","label":"2009 Q1"},{"Period":"2009 Q2","Public sector  ":"6330","Public sector excluding effects of major reclassifications  ":"5660","Private sector ":"22688","Private sector excluding effects of major reclassifications":"23358","date":"2009-04-30T23:00:00.000Z","label":"2009 Q2"},{"Period":"2009 Q3","Public sector  ":"6370","Public sector excluding effects of major reclassifications  ":"5698","Private sector ":"22714","Private sector excluding effects of major reclassifications":"23386","date":"2009-07-31T23:00:00.000Z","label":"2009 Q3"},{"Period":"2009 Q4","Public sector  ":"6370","Public sector excluding effects of major reclassifications  ":"5714","Private sector ":"22687","Private sector excluding effects of major reclassifications":"23343","date":"2009-11-01T00:00:00.000Z","label":"2009 Q4"},{"Period":"2010 Q1","Public sector  ":"6337","Public sector excluding effects of major reclassifications  ":"5694","Private sector ":"22711","Private sector excluding effects of major reclassifications":"23354","date":"2010-02-01T00:00:00.000Z","label":"2010 Q1"},{"Period":"2010 Q2","Public sector  ":"6317","Public sector excluding effects of major reclassifications  ":"5668","Private sector ":"23008","Private sector excluding effects of major reclassifications":"23657","date":"2010-04-30T23:00:00.000Z","label":"2010 Q2"},{"Period":"2010 Q3","Public sector  ":"6270","Public sector excluding effects of major reclassifications  ":"5614","Private sector ":"23038","Private sector excluding effects of major reclassifications":"23694","date":"2010-07-31T23:00:00.000Z","label":"2010 Q3"},{"Period":"2010 Q4","Public sector  ":"6231","Public sector excluding effects of major reclassifications  ":"5588","Private sector ":"23160","Private sector excluding effects of major reclassifications":"23803","date":"2010-11-01T00:00:00.000Z","label":"2010 Q4"},{"Period":"2011 Q1","Public sector  ":"6203","Public sector excluding effects of major reclassifications  ":"5569","Private sector ":"23233","Private sector excluding effects of major reclassifications":"23867","date":"2011-02-01T00:00:00.000Z","label":"2011 Q1"},{"Period":"2011 Q2","Public sector  ":"6107","Public sector excluding effects of major reclassifications  ":"5484","Private sector ":"23238","Private sector excluding effects of major reclassifications":"23861","date":"2011-04-30T23:00:00.000Z","label":"2011 Q2"},{"Period":"2011 Q3","Public sector  ":"6076","Public sector excluding effects of major reclassifications  ":"5452","Private sector ":"23221","Private sector excluding effects of major reclassifications":"23845","date":"2011-07-31T23:00:00.000Z","label":"2011 Q3"},{"Period":"2011 Q4","Public sector  ":"6041","Public sector excluding effects of major reclassifications  ":"5423","Private sector ":"23310","Private sector excluding effects of major reclassifications":"23928","date":"2011-11-01T00:00:00.000Z","label":"2011 Q4"},{"Period":"2012 Q1","Public sector  ":"6000","Public sector excluding effects of major reclassifications  ":"5395","Private sector ":"23495","Private sector excluding effects of major reclassifications":"24100","date":"2012-02-01T00:00:00.000Z","label":"2012 Q1"},{"Period":"2012 Q2","Public sector  ":"5767","Public sector excluding effects of major reclassifications  ":"5364","Private sector ":"23979","Private sector excluding effects of major reclassifications":"24382","date":"2012-04-30T23:00:00.000Z","label":"2012 Q2"},{"Period":"2012 Q3","Public sector  ":"5746","Public sector excluding effects of major reclassifications  ":"5346","Private sector ":"23994","Private sector excluding effects of major reclassifications":"24394","date":"2012-07-31T23:00:00.000Z","label":"2012 Q3"},{"Period":"2012 Q4","Public sector  ":"5733","Public sector excluding effects of major reclassifications  ":"5328","Private sector ":"24162","Private sector excluding effects of major reclassifications":"24567","date":"2012-11-01T00:00:00.000Z","label":"2012 Q4"},{"Period":"2013 Q1","Public sector  ":"5715","Public sector excluding effects of major reclassifications  ":"5327","Private sector ":"24174","Private sector excluding effects of major reclassifications":"24562","date":"2013-02-01T00:00:00.000Z","label":"2013 Q1"},{"Period":"2013 Q2","Public sector  ":"5701","Public sector excluding effects of major reclassifications  ":"5319","Private sector ":"24298","Private sector excluding effects of major reclassifications":"24680","date":"2013-04-30T23:00:00.000Z","label":"2013 Q2"},{"Period":"2013 Q3","Public sector  ":"5714","Public sector excluding effects of major reclassifications  ":"5338","Private sector ":"24494","Private sector excluding effects of major reclassifications":"24870","date":"2013-07-31T23:00:00.000Z","label":"2013 Q3"},{"Period":"2013 Q4","Public sector  ":"5537","Public sector excluding effects of major reclassifications  ":"5323","Private sector ":"24785","Private sector excluding effects of major reclassifications":"24999","date":"2013-11-01T00:00:00.000Z","label":"2013 Q4"},{"Period":"2014 Q1","Public sector  ":"5431","Public sector excluding effects of major reclassifications  ":"5316","Private sector ":"25198","Private sector excluding effects of major reclassifications":"25313","date":"2014-02-01T00:00:00.000Z","label":"2014 Q1"},{"Period":"2014 Q2","Public sector  ":"5419","Public sector excluding effects of major reclassifications  ":"5307","Private sector ":"25263","Private sector excluding effects of major reclassifications":"25375","date":"2014-04-30T23:00:00.000Z","label":"2014 Q2"},{"Period":"2014 Q3","Public sector  ":"5403","Public sector excluding effects of major reclassifications  ":"5290","Private sector ":"25393","Private sector excluding effects of major reclassifications":"25506","date":"2014-07-31T23:00:00.000Z","label":"2014 Q3"},{"Period":"2014 Q4","Public sector  ":"5394","Public sector excluding effects of major reclassifications  ":"5284","Private sector ":"25545","Private sector excluding effects of major reclassifications":"25655","date":"2014-11-01T00:00:00.000Z","label":"2014 Q4"},{"Period":"2015 Q1","Public sector  ":"5372","Public sector excluding effects of major reclassifications  ":"5274","Private sector ":"25681","Private sector excluding effects of major reclassifications":"25779","date":"2015-02-01T00:00:00.000Z","label":"2015 Q1"}],"headers":["Period","Public sector  ","Public sector excluding effects of major reclassifications  ","Private sector ","Private sector excluding effects of major reclassifications"],"series":["Public sector  ","Public sector excluding effects of major reclassifications  ","Private sector ","Private sector excluding effects of major reclassifications"],"categories":["1999 Q1","1999 Q2","1999 Q3","1999 Q4","2000 Q1","2000 Q2","2000 Q3","2000 Q4","2001 Q1","2001 Q2","2001 Q3","2001 Q4","2002 Q1","2002 Q2","2002 Q3","2002 Q4","2003 Q1","2003 Q2","2003 Q3","2003 Q4","2004 Q1","2004 Q2","2004 Q3","2004 Q4","2005 Q1","2005 Q2","2005 Q3","2005 Q4","2006 Q1","2006 Q2","2006 Q3","2006 Q4","2007 Q1","2007 Q2","2007 Q3","2007 Q4","2008 Q1","2008 Q2","2008 Q3","2008 Q4","2009 Q1","2009 Q2","2009 Q3","2009 Q4","2010 Q1","2010 Q2","2010 Q3","2010 Q4","2011 Q1","2011 Q2","2011 Q3","2011 Q4","2012 Q1","2012 Q2","2012 Q3","2012 Q4","2013 Q1","2013 Q2","2013 Q3","2013 Q4","2014 Q1","2014 Q2","2014 Q3","2014 Q4","2015 Q1"],"aspectRatio":"0.56","chartType":"line","files":[{"type":"download-png","filename":"0a0b35d3-download.png"},{"type":"png","filename":"0a0b35d3.png"}],"isTimeSeries":true,"timeSeries":[{"Period":"1999 Q1","Public sector  ":"5433","Public sector excluding effects of major reclassifications  ":"4996","Private sector ":"21609","Private sector excluding effects of major reclassifications":"22046","date":"1999-02-01T00:00:00.000Z","label":"1999 Q1"},{"Period":"1999 Q2","Public sector  ":"5446","Public sector excluding effects of major reclassifications  ":"5007","Private sector ":"21669","Private sector excluding effects of major reclassifications":"22108","date":"1999-04-30T23:00:00.000Z","label":"1999 Q2"},{"Period":"1999 Q3","Public sector  ":"5469","Public sector excluding effects of major reclassifications  ":"5030","Private sector ":"21743","Private sector excluding effects of major reclassifications":"22182","date":"1999-07-31T23:00:00.000Z","label":"1999 Q3"},{"Period":"1999 Q4","Public sector  ":"5495","Public sector excluding effects of major reclassifications  ":"5061","Private sector ":"21812","Private sector excluding effects of major reclassifications":"22246","date":"1999-11-01T00:00:00.000Z","label":"1999 Q4"},{"Period":"2000 Q1","Public sector  ":"5508","Public sector excluding effects of major reclassifications  ":"5069","Private sector ":"21898","Private sector excluding effects of major reclassifications":"22337","date":"2000-02-01T00:00:00.000Z","label":"2000 Q1"},{"Period":"2000 Q2","Public sector  ":"5527","Public sector excluding effects of major reclassifications  ":"5089","Private sector ":"22001","Private sector excluding effects of major reclassifications":"22439","date":"2000-04-30T23:00:00.000Z","label":"2000 Q2"},{"Period":"2000 Q3","Public sector  ":"5550","Public sector excluding effects of major reclassifications  ":"5112","Private sector ":"21978","Private sector excluding effects of major reclassifications":"22416","date":"2000-07-31T23:00:00.000Z","label":"2000 Q3"},{"Period":"2000 Q4","Public sector  ":"5563","Public sector excluding effects of major reclassifications  ":"5126","Private sector ":"22074","Private sector excluding effects of major reclassifications":"22511","date":"2000-11-01T00:00:00.000Z","label":"2000 Q4"},{"Period":"2001 Q1","Public sector  ":"5592","Public sector excluding effects of major reclassifications  ":"5149","Private sector ":"22071","Private sector excluding effects of major reclassifications":"22514","date":"2001-02-01T00:00:00.000Z","label":"2001 Q1"},{"Period":"2001 Q2","Public sector  ":"5620","Public sector excluding effects of major reclassifications  ":"5178","Private sector ":"22079","Private sector excluding effects of major reclassifications":"22521","date":"2001-04-30T23:00:00.000Z","label":"2001 Q2"},{"Period":"2001 Q3","Public sector  ":"5636","Public sector excluding effects of major reclassifications  ":"5196","Private sector ":"22099","Private sector excluding effects of major reclassifications":"22539","date":"2001-07-31T23:00:00.000Z","label":"2001 Q3"},{"Period":"2001 Q4","Public sector  ":"5659","Public sector excluding effects of major reclassifications  ":"5206","Private sector ":"22110","Private sector excluding effects of major reclassifications":"22563","date":"2001-11-01T00:00:00.000Z","label":"2001 Q4"},{"Period":"2002 Q1","Public sector  ":"5703","Public sector excluding effects of major reclassifications  ":"5244","Private sector ":"22153","Private sector excluding effects of major reclassifications":"22612","date":"2002-02-01T00:00:00.000Z","label":"2002 Q1"},{"Period":"2002 Q2","Public sector  ":"5727","Public sector excluding effects of major reclassifications  ":"5269","Private sector ":"22181","Private sector excluding effects of major reclassifications":"22639","date":"2002-04-30T23:00:00.000Z","label":"2002 Q2"},{"Period":"2002 Q3","Public sector  ":"5757","Public sector excluding effects of major reclassifications  ":"5302","Private sector ":"22266","Private sector excluding effects of major reclassifications":"22721","date":"2002-07-31T23:00:00.000Z","label":"2002 Q3"},{"Period":"2002 Q4","Public sector  ":"5807","Public sector excluding effects of major reclassifications  ":"5376","Private sector ":"22274","Private sector excluding effects of major reclassifications":"22705","date":"2002-11-01T00:00:00.000Z","label":"2002 Q4"},{"Period":"2003 Q1","Public sector  ":"5859","Public sector excluding effects of major reclassifications  ":"5422","Private sector ":"22283","Private sector excluding effects of major reclassifications":"22720","date":"2003-02-01T00:00:00.000Z","label":"2003 Q1"},{"Period":"2003 Q2","Public sector  ":"5890","Public sector excluding effects of major reclassifications  ":"5466","Private sector ":"22346","Private sector excluding effects of major reclassifications":"22770","date":"2003-04-30T23:00:00.000Z","label":"2003 Q2"},{"Period":"2003 Q3","Public sector  ":"5923","Public sector excluding effects of major reclassifications  ":"5499","Private sector ":"22362","Private sector excluding effects of major reclassifications":"22786","date":"2003-07-31T23:00:00.000Z","label":"2003 Q3"},{"Period":"2003 Q4","Public sector  ":"5965","Public sector excluding effects of major reclassifications  ":"5553","Private sector ":"22434","Private sector excluding effects of major reclassifications":"22846","date":"2003-11-01T00:00:00.000Z","label":"2003 Q4"},{"Period":"2004 Q1","Public sector  ":"5999","Public sector excluding effects of major reclassifications  ":"5580","Private sector ":"22450","Private sector excluding effects of major reclassifications":"22869","date":"2004-02-01T00:00:00.000Z","label":"2004 Q1"},{"Period":"2004 Q2","Public sector  ":"6021","Public sector excluding effects of major reclassifications  ":"5588","Private sector ":"22443","Private sector excluding effects of major reclassifications":"22876","date":"2004-04-30T23:00:00.000Z","label":"2004 Q2"},{"Period":"2004 Q3","Public sector  ":"6052","Public sector excluding effects of major reclassifications  ":"5628","Private sector ":"22492","Private sector excluding effects of major reclassifications":"22916","date":"2004-07-31T23:00:00.000Z","label":"2004 Q3"},{"Period":"2004 Q4","Public sector  ":"6068","Public sector excluding effects of major reclassifications  ":"5639","Private sector ":"22658","Private sector excluding effects of major reclassifications":"23087","date":"2004-11-01T00:00:00.000Z","label":"2004 Q4"},{"Period":"2005 Q1","Public sector  ":"6087","Public sector excluding effects of major reclassifications  ":"5663","Private sector ":"22672","Private sector excluding effects of major reclassifications":"23096","date":"2005-02-01T00:00:00.000Z","label":"2005 Q1"},{"Period":"2005 Q2","Public sector  ":"6115","Public sector excluding effects of major reclassifications  ":"5688","Private sector ":"22740","Private sector excluding effects of major reclassifications":"23167","date":"2005-04-30T23:00:00.000Z","label":"2005 Q2"},{"Period":"2005 Q3","Public sector  ":"6119","Public sector excluding effects of major reclassifications  ":"5686","Private sector ":"22794","Private sector excluding effects of major reclassifications":"23227","date":"2005-07-31T23:00:00.000Z","label":"2005 Q3"},{"Period":"2005 Q4","Public sector  ":"6115","Public sector excluding effects of major reclassifications  ":"5690","Private sector ":"22819","Private sector excluding effects of major reclassifications":"23244","date":"2005-11-01T00:00:00.000Z","label":"2005 Q4"},{"Period":"2006 Q1","Public sector  ":"6096","Public sector excluding effects of major reclassifications  ":"5676","Private sector ":"22989","Private sector excluding effects of major reclassifications":"23409","date":"2006-02-01T00:00:00.000Z","label":"2006 Q1"},{"Period":"2006 Q2","Public sector  ":"6082","Public sector excluding effects of major reclassifications  ":"5660","Private sector ":"23058","Private sector excluding effects of major reclassifications":"23480","date":"2006-04-30T23:00:00.000Z","label":"2006 Q2"},{"Period":"2006 Q3","Public sector  ":"6068","Public sector excluding effects of major reclassifications  ":"5642","Private sector ":"23121","Private sector excluding effects of major reclassifications":"23547","date":"2006-07-31T23:00:00.000Z","label":"2006 Q3"},{"Period":"2006 Q4","Public sector  ":"6059","Public sector excluding effects of major reclassifications  ":"5625","Private sector ":"23143","Private sector excluding effects of major reclassifications":"23577","date":"2006-11-01T00:00:00.000Z","label":"2006 Q4"},{"Period":"2007 Q1","Public sector  ":"6052","Public sector excluding effects of major reclassifications  ":"5629","Private sector ":"23180","Private sector excluding effects of major reclassifications":"23603","date":"2007-02-01T00:00:00.000Z","label":"2007 Q1"},{"Period":"2007 Q2","Public sector  ":"6044","Public sector excluding effects of major reclassifications  ":"5615","Private sector ":"23308","Private sector excluding effects of major reclassifications":"23737","date":"2007-04-30T23:00:00.000Z","label":"2007 Q2"},{"Period":"2007 Q3","Public sector  ":"6039","Public sector excluding effects of major reclassifications  ":"5600","Private sector ":"23431","Private sector excluding effects of major reclassifications":"23870","date":"2007-07-31T23:00:00.000Z","label":"2007 Q3"},{"Period":"2007 Q4","Public sector  ":"6046","Public sector excluding effects of major reclassifications  ":"5597","Private sector ":"23568","Private sector excluding effects of major reclassifications":"24017","date":"2007-11-01T00:00:00.000Z","label":"2007 Q4"},{"Period":"2008 Q1","Public sector  ":"6019","Public sector excluding effects of major reclassifications  ":"5590","Private sector ":"23687","Private sector excluding effects of major reclassifications":"24116","date":"2008-02-01T00:00:00.000Z","label":"2008 Q1"},{"Period":"2008 Q2","Public sector  ":"6035","Public sector excluding effects of major reclassifications  ":"5594","Private sector ":"23661","Private sector excluding effects of major reclassifications":"24102","date":"2008-04-30T23:00:00.000Z","label":"2008 Q2"},{"Period":"2008 Q3","Public sector  ":"6072","Public sector excluding effects of major reclassifications  ":"5625","Private sector ":"23463","Private sector excluding effects of major reclassifications":"23910","date":"2008-07-31T23:00:00.000Z","label":"2008 Q3"},{"Period":"2008 Q4","Public sector  ":"6334","Public sector excluding effects of major reclassifications  ":"5655","Private sector ":"23205","Private sector excluding effects of major reclassifications":"23884","date":"2008-11-01T00:00:00.000Z","label":"2008 Q4"},{"Period":"2009 Q1","Public sector  ":"6330","Public sector excluding effects of major reclassifications  ":"5660","Private sector ":"22942","Private sector excluding effects of major reclassifications":"23612","date":"2009-02-01T00:00:00.000Z","label":"2009 Q1"},{"Period":"2009 Q2","Public sector  ":"6330","Public sector excluding effects of major reclassifications  ":"5660","Private sector ":"22688","Private sector excluding effects of major reclassifications":"23358","date":"2009-04-30T23:00:00.000Z","label":"2009 Q2"},{"Period":"2009 Q3","Public sector  ":"6370","Public sector excluding effects of major reclassifications  ":"5698","Private sector ":"22714","Private sector excluding effects of major reclassifications":"23386","date":"2009-07-31T23:00:00.000Z","label":"2009 Q3"},{"Period":"2009 Q4","Public sector  ":"6370","Public sector excluding effects of major reclassifications  ":"5714","Private sector ":"22687","Private sector excluding effects of major reclassifications":"23343","date":"2009-11-01T00:00:00.000Z","label":"2009 Q4"},{"Period":"2010 Q1","Public sector  ":"6337","Public sector excluding effects of major reclassifications  ":"5694","Private sector ":"22711","Private sector excluding effects of major reclassifications":"23354","date":"2010-02-01T00:00:00.000Z","label":"2010 Q1"},{"Period":"2010 Q2","Public sector  ":"6317","Public sector excluding effects of major reclassifications  ":"5668","Private sector ":"23008","Private sector excluding effects of major reclassifications":"23657","date":"2010-04-30T23:00:00.000Z","label":"2010 Q2"},{"Period":"2010 Q3","Public sector  ":"6270","Public sector excluding effects of major reclassifications  ":"5614","Private sector ":"23038","Private sector excluding effects of major reclassifications":"23694","date":"2010-07-31T23:00:00.000Z","label":"2010 Q3"},{"Period":"2010 Q4","Public sector  ":"6231","Public sector excluding effects of major reclassifications  ":"5588","Private sector ":"23160","Private sector excluding effects of major reclassifications":"23803","date":"2010-11-01T00:00:00.000Z","label":"2010 Q4"},{"Period":"2011 Q1","Public sector  ":"6203","Public sector excluding effects of major reclassifications  ":"5569","Private sector ":"23233","Private sector excluding effects of major reclassifications":"23867","date":"2011-02-01T00:00:00.000Z","label":"2011 Q1"},{"Period":"2011 Q2","Public sector  ":"6107","Public sector excluding effects of major reclassifications  ":"5484","Private sector ":"23238","Private sector excluding effects of major reclassifications":"23861","date":"2011-04-30T23:00:00.000Z","label":"2011 Q2"},{"Period":"2011 Q3","Public sector  ":"6076","Public sector excluding effects of major reclassifications  ":"5452","Private sector ":"23221","Private sector excluding effects of major reclassifications":"23845","date":"2011-07-31T23:00:00.000Z","label":"2011 Q3"},{"Period":"2011 Q4","Public sector  ":"6041","Public sector excluding effects of major reclassifications  ":"5423","Private sector ":"23310","Private sector excluding effects of major reclassifications":"23928","date":"2011-11-01T00:00:00.000Z","label":"2011 Q4"},{"Period":"2012 Q1","Public sector  ":"6000","Public sector excluding effects of major reclassifications  ":"5395","Private sector ":"23495","Private sector excluding effects of major reclassifications":"24100","date":"2012-02-01T00:00:00.000Z","label":"2012 Q1"},{"Period":"2012 Q2","Public sector  ":"5767","Public sector excluding effects of major reclassifications  ":"5364","Private sector ":"23979","Private sector excluding effects of major reclassifications":"24382","date":"2012-04-30T23:00:00.000Z","label":"2012 Q2"},{"Period":"2012 Q3","Public sector  ":"5746","Public sector excluding effects of major reclassifications  ":"5346","Private sector ":"23994","Private sector excluding effects of major reclassifications":"24394","date":"2012-07-31T23:00:00.000Z","label":"2012 Q3"},{"Period":"2012 Q4","Public sector  ":"5733","Public sector excluding effects of major reclassifications  ":"5328","Private sector ":"24162","Private sector excluding effects of major reclassifications":"24567","date":"2012-11-01T00:00:00.000Z","label":"2012 Q4"},{"Period":"2013 Q1","Public sector  ":"5715","Public sector excluding effects of major reclassifications  ":"5327","Private sector ":"24174","Private sector excluding effects of major reclassifications":"24562","date":"2013-02-01T00:00:00.000Z","label":"2013 Q1"},{"Period":"2013 Q2","Public sector  ":"5701","Public sector excluding effects of major reclassifications  ":"5319","Private sector ":"24298","Private sector excluding effects of major reclassifications":"24680","date":"2013-04-30T23:00:00.000Z","label":"2013 Q2"},{"Period":"2013 Q3","Public sector  ":"5714","Public sector excluding effects of major reclassifications  ":"5338","Private sector ":"24494","Private sector excluding effects of major reclassifications":"24870","date":"2013-07-31T23:00:00.000Z","label":"2013 Q3"},{"Period":"2013 Q4","Public sector  ":"5537","Public sector excluding effects of major reclassifications  ":"5323","Private sector ":"24785","Private sector excluding effects of major reclassifications":"24999","date":"2013-11-01T00:00:00.000Z","label":"2013 Q4"},{"Period":"2014 Q1","Public sector  ":"5431","Public sector excluding effects of major reclassifications  ":"5316","Private sector ":"25198","Private sector excluding effects of major reclassifications":"25313","date":"2014-02-01T00:00:00.000Z","label":"2014 Q1"},{"Period":"2014 Q2","Public sector  ":"5419","Public sector excluding effects of major reclassifications  ":"5307","Private sector ":"25263","Private sector excluding effects of major reclassifications":"25375","date":"2014-04-30T23:00:00.000Z","label":"2014 Q2"},{"Period":"2014 Q3","Public sector  ":"5403","Public sector excluding effects of major reclassifications  ":"5290","Private sector ":"25393","Private sector excluding effects of major reclassifications":"25506","date":"2014-07-31T23:00:00.000Z","label":"2014 Q3"},{"Period":"2014 Q4","Public sector  ":"5394","Public sector excluding effects of major reclassifications  ":"5284","Private sector ":"25545","Private sector excluding effects of major reclassifications":"25655","date":"2014-11-01T00:00:00.000Z","label":"2014 Q4"},{"Period":"2015 Q1","Public sector  ":"5372","Public sector excluding effects of major reclassifications  ":"5274","Private sector ":"25681","Private sector excluding effects of major reclassifications":"25779","date":"2015-02-01T00:00:00.000Z","label":"2015 Q1"}]}