{"type":"chart","title":"Figure 8: Change in private sector employment, by region, Q1 2014 - Q1 2015, not seasonally adjusted","filename":"3dfc74e4","uri":"/employmentandlabourmarket/publicsectorpersonnel/bulletins/publicsectoremployment/2015-06-17/3dfc74e4","subtitle":"Change","unit":"Thousands","source":"Quarterly Public Sector Employment Survey - Office for National Statistics","legend":"false","hideLegend":true,"notes":"","altText":"Figure 8: Change in private sector employment, by region, Q1 2014 - Q1 2015, not seasonally adjusted","data":[{"Region":"North East","Actual change":"32"},{"Region":"North West","Actual change":"111"},{"Region":"Yorkshire and The Humber","Actual change":"31"},{"Region":"East Midlands","Actual change":"59"},{"Region":"West Midlands","Actual change":"54"},{"Region":"East of England","Actual change":"-3"},{"Region":"London","Actual change":"73"},{"Region":"South East","Actual change":"44"},{"Region":"South West","Actual change":"43"},{"Region":"Wales","Actual change":"10"},{"Region":"Scotland","Actual change":"59"},{"Region":"Northern Ireland","Actual change":"4"}],"headers":["Region","Actual change"],"series":["Actual change"],"categories":["North East","North West","Yorkshire and The Humber","East Midlands","West Midlands","East of England","London","South East","South West","Wales","Scotland","Northern Ireland"],"aspectRatio":"0.56","chartType":"bar","files":[{"type":"download-png","filename":"3dfc74e4-download.png"},{"type":"png","filename":"3dfc74e4.png"}]}