{"type":"chart","title":"Figure 5: UK public sector employment by industry, Q1 1999 to Q1 2015, seasonally adjusted","filename":"5475cd8e","uri":"/employmentandlabourmarket/publicsectorpersonnel/bulletins/publicsectoremployment/2015-06-17/5475cd8e","subtitle":"","unit":"Thousands","source":"Quarterly Public Sector Employment Survey - Office for National Statistics","legend":"top-right","hideLegend":false,"notes":"","altText":"Figure 5: UK public sector employment by industry, Q1 1999 to Q1 2015, seasonally adjusted","data":[{"Period":"1999 Q1","Construction":"110","HM Forces":"218","Police":"228","Other health and social work":"391","date":"1999-02-01T00:00:00.000Z","label":"1999 Q1"},{"Period":"1999 Q2","Construction":"110","HM Forces":"218","Police":"227","Other health and social work":"389","date":"1999-04-30T23:00:00.000Z","label":"1999 Q2"},{"Period":"1999 Q3","Construction":"109","HM Forces":"217","Police":"226","Other health and social work":"394","date":"1999-07-31T23:00:00.000Z","label":"1999 Q3"},{"Period":"1999 Q4","Construction":"109","HM Forces":"218","Police":"226","Other health and social work":"399","date":"1999-11-01T00:00:00.000Z","label":"1999 Q4"},{"Period":"2000 Q1","Construction":"109","HM Forces":"218","Police":"225","Other health and social work":"397","date":"2000-02-01T00:00:00.000Z","label":"2000 Q1"},{"Period":"2000 Q2","Construction":"107","HM Forces":"217","Police":"225","Other health and social work":"385","date":"2000-04-30T23:00:00.000Z","label":"2000 Q2"},{"Period":"2000 Q3","Construction":"97","HM Forces":"215","Police":"226","Other health and social work":"377","date":"2000-07-31T23:00:00.000Z","label":"2000 Q3"},{"Period":"2000 Q4","Construction":"97","HM Forces":"216","Police":"227","Other health and social work":"375","date":"2000-11-01T00:00:00.000Z","label":"2000 Q4"},{"Period":"2001 Q1","Construction":"98","HM Forces":"216","Police":"228","Other health and social work":"371","date":"2001-02-01T00:00:00.000Z","label":"2001 Q1"},{"Period":"2001 Q2","Construction":"98","HM Forces":"214","Police":"229","Other health and social work":"372","date":"2001-04-30T23:00:00.000Z","label":"2001 Q2"},{"Period":"2001 Q3","Construction":"85","HM Forces":"213","Police":"231","Other health and social work":"373","date":"2001-07-31T23:00:00.000Z","label":"2001 Q3"},{"Period":"2001 Q4","Construction":"83","HM Forces":"215","Police":"234","Other health and social work":"364","date":"2001-11-01T00:00:00.000Z","label":"2001 Q4"},{"Period":"2002 Q1","Construction":"84","HM Forces":"215","Police":"236","Other health and social work":"366","date":"2002-02-01T00:00:00.000Z","label":"2002 Q1"},{"Period":"2002 Q2","Construction":"84","HM Forces":"214","Police":"238","Other health and social work":"364","date":"2002-04-30T23:00:00.000Z","label":"2002 Q2"},{"Period":"2002 Q3","Construction":"78","HM Forces":"214","Police":"240","Other health and social work":"352","date":"2002-07-31T23:00:00.000Z","label":"2002 Q3"},{"Period":"2002 Q4","Construction":"76","HM Forces":"216","Police":"242","Other health and social work":"341","date":"2002-11-01T00:00:00.000Z","label":"2002 Q4"},{"Period":"2003 Q1","Construction":"80","HM Forces":"222","Police":"246","Other health and social work":"341","date":"2003-02-01T00:00:00.000Z","label":"2003 Q1"},{"Period":"2003 Q2","Construction":"78","HM Forces":"223","Police":"248","Other health and social work":"344","date":"2003-04-30T23:00:00.000Z","label":"2003 Q2"},{"Period":"2003 Q3","Construction":"78","HM Forces":"221","Police":"252","Other health and social work":"349","date":"2003-07-31T23:00:00.000Z","label":"2003 Q3"},{"Period":"2003 Q4","Construction":"79","HM Forces":"222","Police":"256","Other health and social work":"358","date":"2003-11-01T00:00:00.000Z","label":"2003 Q4"},{"Period":"2004 Q1","Construction":"80","HM Forces":"220","Police":"260","Other health and social work":"358","date":"2004-02-01T00:00:00.000Z","label":"2004 Q1"},{"Period":"2004 Q2","Construction":"79","HM Forces":"218","Police":"264","Other health and social work":"357","date":"2004-04-30T23:00:00.000Z","label":"2004 Q2"},{"Period":"2004 Q3","Construction":"73","HM Forces":"215","Police":"265","Other health and social work":"361","date":"2004-07-31T23:00:00.000Z","label":"2004 Q3"},{"Period":"2004 Q4","Construction":"74","HM Forces":"215","Police":"267","Other health and social work":"363","date":"2004-11-01T00:00:00.000Z","label":"2004 Q4"},{"Period":"2005 Q1","Construction":"74","HM Forces":"213","Police":"271","Other health and social work":"363","date":"2005-02-01T00:00:00.000Z","label":"2005 Q1"},{"Period":"2005 Q2","Construction":"74","HM Forces":"210","Police":"272","Other health and social work":"364","date":"2005-04-30T23:00:00.000Z","label":"2005 Q2"},{"Period":"2005 Q3","Construction":"68","HM Forces":"207","Police":"271","Other health and social work":"358","date":"2005-07-31T23:00:00.000Z","label":"2005 Q3"},{"Period":"2005 Q4","Construction":"68","HM Forces":"206","Police":"274","Other health and social work":"360","date":"2005-11-01T00:00:00.000Z","label":"2005 Q4"},{"Period":"2006 Q1","Construction":"67","HM Forces":"206","Police":"273","Other health and social work":"357","date":"2006-02-01T00:00:00.000Z","label":"2006 Q1"},{"Period":"2006 Q2","Construction":"68","HM Forces":"204","Police":"274","Other health and social work":"357","date":"2006-04-30T23:00:00.000Z","label":"2006 Q2"},{"Period":"2006 Q3","Construction":"60","HM Forces":"202","Police":"276","Other health and social work":"360","date":"2006-07-31T23:00:00.000Z","label":"2006 Q3"},{"Period":"2006 Q4","Construction":"61","HM Forces":"202","Police":"278","Other health and social work":"356","date":"2006-11-01T00:00:00.000Z","label":"2006 Q4"},{"Period":"2007 Q1","Construction":"61","HM Forces":"200","Police":"281","Other health and social work":"355","date":"2007-02-01T00:00:00.000Z","label":"2007 Q1"},{"Period":"2007 Q2","Construction":"61","HM Forces":"197","Police":"283","Other health and social work":"354","date":"2007-04-30T23:00:00.000Z","label":"2007 Q2"},{"Period":"2007 Q3","Construction":"59","HM Forces":"194","Police":"283","Other health and social work":"351","date":"2007-07-31T23:00:00.000Z","label":"2007 Q3"},{"Period":"2007 Q4","Construction":"57","HM Forces":"195","Police":"283","Other health and social work":"348","date":"2007-11-01T00:00:00.000Z","label":"2007 Q4"},{"Period":"2008 Q1","Construction":"55","HM Forces":"194","Police":"286","Other health and social work":"351","date":"2008-02-01T00:00:00.000Z","label":"2008 Q1"},{"Period":"2008 Q2","Construction":"53","HM Forces":"193","Police":"286","Other health and social work":"351","date":"2008-04-30T23:00:00.000Z","label":"2008 Q2"},{"Period":"2008 Q3","Construction":"53","HM Forces":"194","Police":"287","Other health and social work":"352","date":"2008-07-31T23:00:00.000Z","label":"2008 Q3"},{"Period":"2008 Q4","Construction":"53","HM Forces":"193","Police":"289","Other health and social work":"353","date":"2008-11-01T00:00:00.000Z","label":"2008 Q4"},{"Period":"2009 Q1","Construction":"52","HM Forces":"196","Police":"293","Other health and social work":"351","date":"2009-02-01T00:00:00.000Z","label":"2009 Q1"},{"Period":"2009 Q2","Construction":"52","HM Forces":"197","Police":"294","Other health and social work":"352","date":"2009-04-30T23:00:00.000Z","label":"2009 Q2"},{"Period":"2009 Q3","Construction":"49","HM Forces":"199","Police":"296","Other health and social work":"359","date":"2009-07-31T23:00:00.000Z","label":"2009 Q3"},{"Period":"2009 Q4","Construction":"50","HM Forces":"198","Police":"295","Other health and social work":"358","date":"2009-11-01T00:00:00.000Z","label":"2009 Q4"},{"Period":"2010 Q1","Construction":"49","HM Forces":"199","Police":"295","Other health and social work":"354","date":"2010-02-01T00:00:00.000Z","label":"2010 Q1"},{"Period":"2010 Q2","Construction":"47","HM Forces":"197","Police":"292","Other health and social work":"355","date":"2010-04-30T23:00:00.000Z","label":"2010 Q2"},{"Period":"2010 Q3","Construction":"47","HM Forces":"196","Police":"290","Other health and social work":"349","date":"2010-07-31T23:00:00.000Z","label":"2010 Q3"},{"Period":"2010 Q4","Construction":"45","HM Forces":"195","Police":"286","Other health and social work":"344","date":"2010-11-01T00:00:00.000Z","label":"2010 Q4"},{"Period":"2011 Q1","Construction":"44","HM Forces":"194","Police":"282","Other health and social work":"342","date":"2011-02-01T00:00:00.000Z","label":"2011 Q1"},{"Period":"2011 Q2","Construction":"43","HM Forces":"193","Police":"277","Other health and social work":"337","date":"2011-04-30T23:00:00.000Z","label":"2011 Q2"},{"Period":"2011 Q3","Construction":"42","HM Forces":"191","Police":"273","Other health and social work":"326","date":"2011-07-31T23:00:00.000Z","label":"2011 Q3"},{"Period":"2011 Q4","Construction":"41","HM Forces":"189","Police":"270","Other health and social work":"328","date":"2011-11-01T00:00:00.000Z","label":"2011 Q4"},{"Period":"2012 Q1","Construction":"41","HM Forces":"187","Police":"268","Other health and social work":"315","date":"2012-02-01T00:00:00.000Z","label":"2012 Q1"},{"Period":"2012 Q2","Construction":"42","HM Forces":"186","Police":"266","Other health and social work":"307","date":"2012-04-30T23:00:00.000Z","label":"2012 Q2"},{"Period":"2012 Q3","Construction":"42","HM Forces":"183","Police":"264","Other health and social work":"299","date":"2012-07-31T23:00:00.000Z","label":"2012 Q3"},{"Period":"2012 Q4","Construction":"42","HM Forces":"178","Police":"263","Other health and social work":"294","date":"2012-11-01T00:00:00.000Z","label":"2012 Q4"},{"Period":"2013 Q1","Construction":"41","HM Forces":"178","Police":"261","Other health and social work":"291","date":"2013-02-01T00:00:00.000Z","label":"2013 Q1"},{"Period":"2013 Q2","Construction":"40","HM Forces":"175","Police":"261","Other health and social work":"288","date":"2013-04-30T23:00:00.000Z","label":"2013 Q2"},{"Period":"2013 Q3","Construction":"40","HM Forces":"174","Police":"259","Other health and social work":"285","date":"2013-07-31T23:00:00.000Z","label":"2013 Q3"},{"Period":"2013 Q4","Construction":"39","HM Forces":"168","Police":"258","Other health and social work":"282","date":"2013-11-01T00:00:00.000Z","label":"2013 Q4"},{"Period":"2014 Q1","Construction":"39","HM Forces":"167","Police":"257","Other health and social work":"276","date":"2014-02-01T00:00:00.000Z","label":"2014 Q1"},{"Period":"2014 Q2","Construction":"39","HM Forces":"164","Police":"256","Other health and social work":"268","date":"2014-04-30T23:00:00.000Z","label":"2014 Q2"},{"Period":"2014 Q3","Construction":"39","HM Forces":"163","Police":"256","Other health and social work":"262","date":"2014-07-31T23:00:00.000Z","label":"2014 Q3"},{"Period":"2014 Q4","Construction":"38","HM Forces":"161","Police":"255","Other health and social work":"259","date":"2014-11-01T00:00:00.000Z","label":"2014 Q4"},{"Period":"2015 Q1","Construction":"36","HM Forces":"161","Police":"254","Other health and social work":"252","date":"2015-02-01T00:00:00.000Z","label":"2015 Q1"}],"headers":["Period","Construction","HM Forces","Police","Other health and social work"],"series":["Construction","HM Forces","Police","Other health and social work"],"categories":["1999 Q1","1999 Q2","1999 Q3","1999 Q4","2000 Q1","2000 Q2","2000 Q3","2000 Q4","2001 Q1","2001 Q2","2001 Q3","2001 Q4","2002 Q1","2002 Q2","2002 Q3","2002 Q4","2003 Q1","2003 Q2","2003 Q3","2003 Q4","2004 Q1","2004 Q2","2004 Q3","2004 Q4","2005 Q1","2005 Q2","2005 Q3","2005 Q4","2006 Q1","2006 Q2","2006 Q3","2006 Q4","2007 Q1","2007 Q2","2007 Q3","2007 Q4","2008 Q1","2008 Q2","2008 Q3","2008 Q4","2009 Q1","2009 Q2","2009 Q3","2009 Q4","2010 Q1","2010 Q2","2010 Q3","2010 Q4","2011 Q1","2011 Q2","2011 Q3","2011 Q4","2012 Q1","2012 Q2","2012 Q3","2012 Q4","2013 Q1","2013 Q2","2013 Q3","2013 Q4","2014 Q1","2014 Q2","2014 Q3","2014 Q4","2015 Q1"],"aspectRatio":"0.56","chartType":"line","files":[{"type":"download-png","filename":"5475cd8e-download.png"},{"type":"png","filename":"5475cd8e.png"}],"isTimeSeries":true,"timeSeries":[{"Period":"1999 Q1","Construction":"110","HM Forces":"218","Police":"228","Other health and social work":"391","date":"1999-02-01T00:00:00.000Z","label":"1999 Q1"},{"Period":"1999 Q2","Construction":"110","HM Forces":"218","Police":"227","Other health and social work":"389","date":"1999-04-30T23:00:00.000Z","label":"1999 Q2"},{"Period":"1999 Q3","Construction":"109","HM Forces":"217","Police":"226","Other health and social work":"394","date":"1999-07-31T23:00:00.000Z","label":"1999 Q3"},{"Period":"1999 Q4","Construction":"109","HM Forces":"218","Police":"226","Other health and social work":"399","date":"1999-11-01T00:00:00.000Z","label":"1999 Q4"},{"Period":"2000 Q1","Construction":"109","HM Forces":"218","Police":"225","Other health and social work":"397","date":"2000-02-01T00:00:00.000Z","label":"2000 Q1"},{"Period":"2000 Q2","Construction":"107","HM Forces":"217","Police":"225","Other health and social work":"385","date":"2000-04-30T23:00:00.000Z","label":"2000 Q2"},{"Period":"2000 Q3","Construction":"97","HM Forces":"215","Police":"226","Other health and social work":"377","date":"2000-07-31T23:00:00.000Z","label":"2000 Q3"},{"Period":"2000 Q4","Construction":"97","HM Forces":"216","Police":"227","Other health and social work":"375","date":"2000-11-01T00:00:00.000Z","label":"2000 Q4"},{"Period":"2001 Q1","Construction":"98","HM Forces":"216","Police":"228","Other health and social work":"371","date":"2001-02-01T00:00:00.000Z","label":"2001 Q1"},{"Period":"2001 Q2","Construction":"98","HM Forces":"214","Police":"229","Other health and social work":"372","date":"2001-04-30T23:00:00.000Z","label":"2001 Q2"},{"Period":"2001 Q3","Construction":"85","HM Forces":"213","Police":"231","Other health and social work":"373","date":"2001-07-31T23:00:00.000Z","label":"2001 Q3"},{"Period":"2001 Q4","Construction":"83","HM Forces":"215","Police":"234","Other health and social work":"364","date":"2001-11-01T00:00:00.000Z","label":"2001 Q4"},{"Period":"2002 Q1","Construction":"84","HM Forces":"215","Police":"236","Other health and social work":"366","date":"2002-02-01T00:00:00.000Z","label":"2002 Q1"},{"Period":"2002 Q2","Construction":"84","HM Forces":"214","Police":"238","Other health and social work":"364","date":"2002-04-30T23:00:00.000Z","label":"2002 Q2"},{"Period":"2002 Q3","Construction":"78","HM Forces":"214","Police":"240","Other health and social work":"352","date":"2002-07-31T23:00:00.000Z","label":"2002 Q3"},{"Period":"2002 Q4","Construction":"76","HM Forces":"216","Police":"242","Other health and social work":"341","date":"2002-11-01T00:00:00.000Z","label":"2002 Q4"},{"Period":"2003 Q1","Construction":"80","HM Forces":"222","Police":"246","Other health and social work":"341","date":"2003-02-01T00:00:00.000Z","label":"2003 Q1"},{"Period":"2003 Q2","Construction":"78","HM Forces":"223","Police":"248","Other health and social work":"344","date":"2003-04-30T23:00:00.000Z","label":"2003 Q2"},{"Period":"2003 Q3","Construction":"78","HM Forces":"221","Police":"252","Other health and social work":"349","date":"2003-07-31T23:00:00.000Z","label":"2003 Q3"},{"Period":"2003 Q4","Construction":"79","HM Forces":"222","Police":"256","Other health and social work":"358","date":"2003-11-01T00:00:00.000Z","label":"2003 Q4"},{"Period":"2004 Q1","Construction":"80","HM Forces":"220","Police":"260","Other health and social work":"358","date":"2004-02-01T00:00:00.000Z","label":"2004 Q1"},{"Period":"2004 Q2","Construction":"79","HM Forces":"218","Police":"264","Other health and social work":"357","date":"2004-04-30T23:00:00.000Z","label":"2004 Q2"},{"Period":"2004 Q3","Construction":"73","HM Forces":"215","Police":"265","Other health and social work":"361","date":"2004-07-31T23:00:00.000Z","label":"2004 Q3"},{"Period":"2004 Q4","Construction":"74","HM Forces":"215","Police":"267","Other health and social work":"363","date":"2004-11-01T00:00:00.000Z","label":"2004 Q4"},{"Period":"2005 Q1","Construction":"74","HM Forces":"213","Police":"271","Other health and social work":"363","date":"2005-02-01T00:00:00.000Z","label":"2005 Q1"},{"Period":"2005 Q2","Construction":"74","HM Forces":"210","Police":"272","Other health and social work":"364","date":"2005-04-30T23:00:00.000Z","label":"2005 Q2"},{"Period":"2005 Q3","Construction":"68","HM Forces":"207","Police":"271","Other health and social work":"358","date":"2005-07-31T23:00:00.000Z","label":"2005 Q3"},{"Period":"2005 Q4","Construction":"68","HM Forces":"206","Police":"274","Other health and social work":"360","date":"2005-11-01T00:00:00.000Z","label":"2005 Q4"},{"Period":"2006 Q1","Construction":"67","HM Forces":"206","Police":"273","Other health and social work":"357","date":"2006-02-01T00:00:00.000Z","label":"2006 Q1"},{"Period":"2006 Q2","Construction":"68","HM Forces":"204","Police":"274","Other health and social work":"357","date":"2006-04-30T23:00:00.000Z","label":"2006 Q2"},{"Period":"2006 Q3","Construction":"60","HM Forces":"202","Police":"276","Other health and social work":"360","date":"2006-07-31T23:00:00.000Z","label":"2006 Q3"},{"Period":"2006 Q4","Construction":"61","HM Forces":"202","Police":"278","Other health and social work":"356","date":"2006-11-01T00:00:00.000Z","label":"2006 Q4"},{"Period":"2007 Q1","Construction":"61","HM Forces":"200","Police":"281","Other health and social work":"355","date":"2007-02-01T00:00:00.000Z","label":"2007 Q1"},{"Period":"2007 Q2","Construction":"61","HM Forces":"197","Police":"283","Other health and social work":"354","date":"2007-04-30T23:00:00.000Z","label":"2007 Q2"},{"Period":"2007 Q3","Construction":"59","HM Forces":"194","Police":"283","Other health and social work":"351","date":"2007-07-31T23:00:00.000Z","label":"2007 Q3"},{"Period":"2007 Q4","Construction":"57","HM Forces":"195","Police":"283","Other health and social work":"348","date":"2007-11-01T00:00:00.000Z","label":"2007 Q4"},{"Period":"2008 Q1","Construction":"55","HM Forces":"194","Police":"286","Other health and social work":"351","date":"2008-02-01T00:00:00.000Z","label":"2008 Q1"},{"Period":"2008 Q2","Construction":"53","HM Forces":"193","Police":"286","Other health and social work":"351","date":"2008-04-30T23:00:00.000Z","label":"2008 Q2"},{"Period":"2008 Q3","Construction":"53","HM Forces":"194","Police":"287","Other health and social work":"352","date":"2008-07-31T23:00:00.000Z","label":"2008 Q3"},{"Period":"2008 Q4","Construction":"53","HM Forces":"193","Police":"289","Other health and social work":"353","date":"2008-11-01T00:00:00.000Z","label":"2008 Q4"},{"Period":"2009 Q1","Construction":"52","HM Forces":"196","Police":"293","Other health and social work":"351","date":"2009-02-01T00:00:00.000Z","label":"2009 Q1"},{"Period":"2009 Q2","Construction":"52","HM Forces":"197","Police":"294","Other health and social work":"352","date":"2009-04-30T23:00:00.000Z","label":"2009 Q2"},{"Period":"2009 Q3","Construction":"49","HM Forces":"199","Police":"296","Other health and social work":"359","date":"2009-07-31T23:00:00.000Z","label":"2009 Q3"},{"Period":"2009 Q4","Construction":"50","HM Forces":"198","Police":"295","Other health and social work":"358","date":"2009-11-01T00:00:00.000Z","label":"2009 Q4"},{"Period":"2010 Q1","Construction":"49","HM Forces":"199","Police":"295","Other health and social work":"354","date":"2010-02-01T00:00:00.000Z","label":"2010 Q1"},{"Period":"2010 Q2","Construction":"47","HM Forces":"197","Police":"292","Other health and social work":"355","date":"2010-04-30T23:00:00.000Z","label":"2010 Q2"},{"Period":"2010 Q3","Construction":"47","HM Forces":"196","Police":"290","Other health and social work":"349","date":"2010-07-31T23:00:00.000Z","label":"2010 Q3"},{"Period":"2010 Q4","Construction":"45","HM Forces":"195","Police":"286","Other health and social work":"344","date":"2010-11-01T00:00:00.000Z","label":"2010 Q4"},{"Period":"2011 Q1","Construction":"44","HM Forces":"194","Police":"282","Other health and social work":"342","date":"2011-02-01T00:00:00.000Z","label":"2011 Q1"},{"Period":"2011 Q2","Construction":"43","HM Forces":"193","Police":"277","Other health and social work":"337","date":"2011-04-30T23:00:00.000Z","label":"2011 Q2"},{"Period":"2011 Q3","Construction":"42","HM Forces":"191","Police":"273","Other health and social work":"326","date":"2011-07-31T23:00:00.000Z","label":"2011 Q3"},{"Period":"2011 Q4","Construction":"41","HM Forces":"189","Police":"270","Other health and social work":"328","date":"2011-11-01T00:00:00.000Z","label":"2011 Q4"},{"Period":"2012 Q1","Construction":"41","HM Forces":"187","Police":"268","Other health and social work":"315","date":"2012-02-01T00:00:00.000Z","label":"2012 Q1"},{"Period":"2012 Q2","Construction":"42","HM Forces":"186","Police":"266","Other health and social work":"307","date":"2012-04-30T23:00:00.000Z","label":"2012 Q2"},{"Period":"2012 Q3","Construction":"42","HM Forces":"183","Police":"264","Other health and social work":"299","date":"2012-07-31T23:00:00.000Z","label":"2012 Q3"},{"Period":"2012 Q4","Construction":"42","HM Forces":"178","Police":"263","Other health and social work":"294","date":"2012-11-01T00:00:00.000Z","label":"2012 Q4"},{"Period":"2013 Q1","Construction":"41","HM Forces":"178","Police":"261","Other health and social work":"291","date":"2013-02-01T00:00:00.000Z","label":"2013 Q1"},{"Period":"2013 Q2","Construction":"40","HM Forces":"175","Police":"261","Other health and social work":"288","date":"2013-04-30T23:00:00.000Z","label":"2013 Q2"},{"Period":"2013 Q3","Construction":"40","HM Forces":"174","Police":"259","Other health and social work":"285","date":"2013-07-31T23:00:00.000Z","label":"2013 Q3"},{"Period":"2013 Q4","Construction":"39","HM Forces":"168","Police":"258","Other health and social work":"282","date":"2013-11-01T00:00:00.000Z","label":"2013 Q4"},{"Period":"2014 Q1","Construction":"39","HM Forces":"167","Police":"257","Other health and social work":"276","date":"2014-02-01T00:00:00.000Z","label":"2014 Q1"},{"Period":"2014 Q2","Construction":"39","HM Forces":"164","Police":"256","Other health and social work":"268","date":"2014-04-30T23:00:00.000Z","label":"2014 Q2"},{"Period":"2014 Q3","Construction":"39","HM Forces":"163","Police":"256","Other health and social work":"262","date":"2014-07-31T23:00:00.000Z","label":"2014 Q3"},{"Period":"2014 Q4","Construction":"38","HM Forces":"161","Police":"255","Other health and social work":"259","date":"2014-11-01T00:00:00.000Z","label":"2014 Q4"},{"Period":"2015 Q1","Construction":"36","HM Forces":"161","Police":"254","Other health and social work":"252","date":"2015-02-01T00:00:00.000Z","label":"2015 Q1"}],"chartTypes":{"Construction":"bar","HM Forces":"bar","Police":"bar","Other health and social work":"bar"},"groups":[[]]}