{"type":"chart","title":"Figure 9: Proportion of total employment employed in the public sector, by region, Q1 2015, not seasonally adjusted","filename":"55d04db3","uri":"/employmentandlabourmarket/publicsectorpersonnel/bulletins/publicsectoremployment/2015-06-17/55d04db3","subtitle":"Proportion","unit":"%","source":"Quarterly Public Sector Employment Survey - Office for National Statistics","legend":"false","hideLegend":true,"notes":"","altText":"Figure 9: Proportion of total employment employed in the public sector, by region, Q1 2015, not seasonally adjusted","data":[{"Region":"North East","Proportion of total employment employed in public sector (%)":"20.4"},{"Region":"North West","Proportion of total employment employed in public sector (%)":"18.0"},{"Region":"Yorkshire and The Humber","Proportion of total employment employed in public sector (%)":"18.8"},{"Region":"East Midlands","Proportion of total employment employed in public sector (%)":"16.0"},{"Region":"West Midlands","Proportion of total employment employed in public sector (%)":"17.4"},{"Region":"East of England","Proportion of total employment employed in public sector (%)":"15.5"},{"Region":"London","Proportion of total employment employed in public sector (%)":"15.0"},{"Region":"South East","Proportion of total employment employed in public sector (%)":"15.3"},{"Region":"South West","Proportion of total employment employed in public sector (%)":"16.5"},{"Region":"Wales","Proportion of total employment employed in public sector (%)":"22.4"},{"Region":"Scotland","Proportion of total employment employed in public sector (%)":"20.9"},{"Region":"Northern Ireland","Proportion of total employment employed in public sector (%)":"26.6"}],"headers":["Region","Proportion of total employment employed in public sector (%)"],"series":["Proportion of total employment employed in public sector (%)"],"categories":["North East","North West","Yorkshire and The Humber","East Midlands","West Midlands","East of England","London","South East","South West","Wales","Scotland","Northern Ireland"],"aspectRatio":"0.56","chartType":"rotated","files":[{"type":"download-png","filename":"55d04db3-download.png"},{"type":"png","filename":"55d04db3.png"}],"chartTypes":{"Proportion of total employment employed in public sector (%)":"bar"},"groups":[[]]}