{"type":"chart","title":"Figure 1: Total UK public sector employment, Q1 1999 to Q1 2015, seasonally adjusted","filename":"b5cc0fe7","uri":"/employmentandlabourmarket/publicsectorpersonnel/bulletins/publicsectoremployment/2015-06-17/b5cc0fe7","subtitle":"United Kingdom","unit":"Millions","source":"Quarterly Public Sector Employment Survey - Office for National Statistics","legend":"false","hideLegend":true,"notes":"1. Royal Bank of Scotland Group plc is classified to the public sector from 13 October 2008. It is therefore included in the public sector estimates from 2008 Q4 onwards but not earlier periods. Lloyds Banking Group plc and its subsidiaries are classified to the public sector from 13 October 2008 to 25 March 2014. They are therefore included in public sector estimates from Q4 2008 to Q4 2013 but not in earlier or subsequent periods.\n2. Royal Mail plc reclassified from the public sector to the private sector in October 2013.\n3. English further education colleges and English sixth form college corporations classified to public sector from 1993 to 31 March 2012. They are therefore included in public sector estimates from 1993 to Q1 2012, but not in subsequent quarters. See background note 8.\t\n4. Network Rail is included in the private sector before Q4 2002. From Q4 2002 onwards it is included in the public sector (except for the period from Q2 2003 to Q1 2004, when it is included in the private sector)\t\n5. Welsh further education colleges were reclassified to the private sector on 27 January 2015. They are included in the private sector from Q1 2015 but in the public sector for earlier time periods.\n6. Community Rehabilitation Companies moved to the private sector on 1 February 2015. They are included in the private sector from Q1 2015 but in the public sector for earlier time periods.\t","altText":"Total UK public sector employment, Q1 1999 to Q1 2015, seasonally adjusted","data":[{"Period":"public sector\"","Total":"undefined","date":"1999-02-01T00:00:00.000Z","label":"1999 Q1"},{"Period":"1999 Q1","Total":"5433","date":"1999-04-30T23:00:00.000Z","label":"1999 Q2"},{"Period":"1999 Q2","Total":"5446","date":"1999-07-31T23:00:00.000Z","label":"1999 Q3"},{"Period":"1999 Q3","Total":"5469","date":"1999-11-01T00:00:00.000Z","label":"1999 Q4"},{"Period":"1999 Q4","Total":"5495","date":"2000-02-01T00:00:00.000Z","label":"2000 Q1"},{"Period":"2000 Q1","Total":"5508","date":"2000-04-30T23:00:00.000Z","label":"2000 Q2"},{"Period":"2000 Q2","Total":"5527","date":"2000-07-31T23:00:00.000Z","label":"2000 Q3"},{"Period":"2000 Q3","Total":"5550","date":"2000-11-01T00:00:00.000Z","label":"2000 Q4"},{"Period":"2000 Q4","Total":"5563","date":"2001-02-01T00:00:00.000Z","label":"2001 Q1"},{"Period":"2001 Q1","Total":"5592","date":"2001-04-30T23:00:00.000Z","label":"2001 Q2"},{"Period":"2001 Q2","Total":"5620","date":"2001-07-31T23:00:00.000Z","label":"2001 Q3"},{"Period":"2001 Q3","Total":"5636","date":"2001-11-01T00:00:00.000Z","label":"2001 Q4"},{"Period":"2001 Q4","Total":"5659","date":"2002-02-01T00:00:00.000Z","label":"2002 Q1"},{"Period":"2002 Q1","Total":"5703","date":"2002-04-30T23:00:00.000Z","label":"2002 Q2"},{"Period":"2002 Q2","Total":"5727","date":"2002-07-31T23:00:00.000Z","label":"2002 Q3"},{"Period":"2002 Q3","Total":"5757","date":"2002-11-01T00:00:00.000Z","label":"2002 Q4"},{"Period":"2002 Q4","Total":"5807","date":"2003-02-01T00:00:00.000Z","label":"2003 Q1"},{"Period":"2003 Q1","Total":"5859","date":"2003-04-30T23:00:00.000Z","label":"2003 Q2"},{"Period":"2003 Q2","Total":"5890","date":"2003-07-31T23:00:00.000Z","label":"2003 Q3"},{"Period":"2003 Q3","Total":"5923","date":"2003-11-01T00:00:00.000Z","label":"2003 Q4"},{"Period":"2003 Q4","Total":"5965","date":"2004-02-01T00:00:00.000Z","label":"2004 Q1"},{"Period":"2004 Q1","Total":"5999","date":"2004-04-30T23:00:00.000Z","label":"2004 Q2"},{"Period":"2004 Q2","Total":"6021","date":"2004-07-31T23:00:00.000Z","label":"2004 Q3"},{"Period":"2004 Q3","Total":"6052","date":"2004-11-01T00:00:00.000Z","label":"2004 Q4"},{"Period":"2004 Q4","Total":"6068","date":"2005-02-01T00:00:00.000Z","label":"2005 Q1"},{"Period":"2005 Q1","Total":"6087","date":"2005-04-30T23:00:00.000Z","label":"2005 Q2"},{"Period":"2005 Q2","Total":"6115","date":"2005-07-31T23:00:00.000Z","label":"2005 Q3"},{"Period":"2005 Q3","Total":"6119","date":"2005-11-01T00:00:00.000Z","label":"2005 Q4"},{"Period":"2005 Q4","Total":"6115","date":"2006-02-01T00:00:00.000Z","label":"2006 Q1"},{"Period":"2006 Q1","Total":"6096","date":"2006-04-30T23:00:00.000Z","label":"2006 Q2"},{"Period":"2006 Q2","Total":"6082","date":"2006-07-31T23:00:00.000Z","label":"2006 Q3"},{"Period":"2006 Q3","Total":"6068","date":"2006-11-01T00:00:00.000Z","label":"2006 Q4"},{"Period":"2006 Q4","Total":"6059","date":"2007-02-01T00:00:00.000Z","label":"2007 Q1"},{"Period":"2007 Q1","Total":"6052","date":"2007-04-30T23:00:00.000Z","label":"2007 Q2"},{"Period":"2007 Q2","Total":"6044","date":"2007-07-31T23:00:00.000Z","label":"2007 Q3"},{"Period":"2007 Q3","Total":"6039","date":"2007-11-01T00:00:00.000Z","label":"2007 Q4"},{"Period":"2007 Q4","Total":"6046","date":"2008-02-01T00:00:00.000Z","label":"2008 Q1"},{"Period":"2008 Q1","Total":"6019","date":"2008-04-30T23:00:00.000Z","label":"2008 Q2"},{"Period":"2008 Q2","Total":"6035","date":"2008-07-31T23:00:00.000Z","label":"2008 Q3"},{"Period":"2008 Q3","Total":"6072","date":"2008-11-01T00:00:00.000Z","label":"2008 Q4"},{"Period":"2008 Q4","Total":"6334","date":"2009-02-01T00:00:00.000Z","label":"2009 Q1"},{"Period":"2009 Q1","Total":"6330","date":"2009-04-30T23:00:00.000Z","label":"2009 Q2"},{"Period":"2009 Q2","Total":"6330","date":"2009-07-31T23:00:00.000Z","label":"2009 Q3"},{"Period":"2009 Q3","Total":"6370","date":"2009-11-01T00:00:00.000Z","label":"2009 Q4"},{"Period":"2009 Q4","Total":"6370","date":"2010-02-01T00:00:00.000Z","label":"2010 Q1"},{"Period":"2010 Q1","Total":"6337","date":"2010-04-30T23:00:00.000Z","label":"2010 Q2"},{"Period":"2010 Q2","Total":"6317","date":"2010-07-31T23:00:00.000Z","label":"2010 Q3"},{"Period":"2010 Q3","Total":"6270","date":"2010-11-01T00:00:00.000Z","label":"2010 Q4"},{"Period":"2010 Q4","Total":"6231","date":"2011-02-01T00:00:00.000Z","label":"2011 Q1"},{"Period":"2011 Q1","Total":"6203","date":"2011-04-30T23:00:00.000Z","label":"2011 Q2"},{"Period":"2011 Q2","Total":"6107","date":"2011-07-31T23:00:00.000Z","label":"2011 Q3"},{"Period":"2011 Q3","Total":"6076","date":"2011-11-01T00:00:00.000Z","label":"2011 Q4"},{"Period":"2011 Q4","Total":"6041","date":"2012-02-01T00:00:00.000Z","label":"2012 Q1"},{"Period":"2012 Q1","Total":"6000","date":"2012-04-30T23:00:00.000Z","label":"2012 Q2"},{"Period":"2012 Q2","Total":"5767","date":"2012-07-31T23:00:00.000Z","label":"2012 Q3"},{"Period":"2012 Q3","Total":"5746","date":"2012-11-01T00:00:00.000Z","label":"2012 Q4"},{"Period":"2012 Q4","Total":"5733","date":"2013-02-01T00:00:00.000Z","label":"2013 Q1"},{"Period":"2013 Q1","Total":""},{"Period":"","Total":"2013 Q2"},{"Period":"","Total":"2013 Q3"},{"Period":"","Total":"2013 Q4"},{"Period":"","Total":"2014 Q1"},{"Period":"","Total":"2014 Q2"},{"Period":"","Total":"2014 Q3"},{"Period":"","Total":"2014 Q4"},{"Period":"","Total":"2015 Q1"},{"Period":"","Total":"undefined"}],"headers":["Period","Total"],"series":["Total"],"categories":["public sector\"","1999 Q1","1999 Q2","1999 Q3","1999 Q4","2000 Q1","2000 Q2","2000 Q3","2000 Q4","2001 Q1","2001 Q2","2001 Q3","2001 Q4","2002 Q1","2002 Q2","2002 Q3","2002 Q4","2003 Q1","2003 Q2","2003 Q3","2003 Q4","2004 Q1","2004 Q2","2004 Q3","2004 Q4","2005 Q1","2005 Q2","2005 Q3","2005 Q4","2006 Q1","2006 Q2","2006 Q3","2006 Q4","2007 Q1","2007 Q2","2007 Q3","2007 Q4","2008 Q1","2008 Q2","2008 Q3","2008 Q4","2009 Q1","2009 Q2","2009 Q3","2009 Q4","2010 Q1","2010 Q2","2010 Q3","2010 Q4","2011 Q1","2011 Q2","2011 Q3","2011 Q4","2012 Q1","2012 Q2","2012 Q3","2012 Q4","2013 Q1","","","","","","","","",""],"aspectRatio":"0.56","chartType":"line","files":[{"type":"download-png","filename":"b5cc0fe7-download.png"},{"type":"png","filename":"b5cc0fe7.png"}],"isTimeSeries":true,"timeSeries":[{"Period":"public sector\"","Total":"undefined","date":"1999-02-01T00:00:00.000Z","label":"1999 Q1"},{"Period":"1999 Q1","Total":"5433","date":"1999-04-30T23:00:00.000Z","label":"1999 Q2"},{"Period":"1999 Q2","Total":"5446","date":"1999-07-31T23:00:00.000Z","label":"1999 Q3"},{"Period":"1999 Q3","Total":"5469","date":"1999-11-01T00:00:00.000Z","label":"1999 Q4"},{"Period":"1999 Q4","Total":"5495","date":"2000-02-01T00:00:00.000Z","label":"2000 Q1"},{"Period":"2000 Q1","Total":"5508","date":"2000-04-30T23:00:00.000Z","label":"2000 Q2"},{"Period":"2000 Q2","Total":"5527","date":"2000-07-31T23:00:00.000Z","label":"2000 Q3"},{"Period":"2000 Q3","Total":"5550","date":"2000-11-01T00:00:00.000Z","label":"2000 Q4"},{"Period":"2000 Q4","Total":"5563","date":"2001-02-01T00:00:00.000Z","label":"2001 Q1"},{"Period":"2001 Q1","Total":"5592","date":"2001-04-30T23:00:00.000Z","label":"2001 Q2"},{"Period":"2001 Q2","Total":"5620","date":"2001-07-31T23:00:00.000Z","label":"2001 Q3"},{"Period":"2001 Q3","Total":"5636","date":"2001-11-01T00:00:00.000Z","label":"2001 Q4"},{"Period":"2001 Q4","Total":"5659","date":"2002-02-01T00:00:00.000Z","label":"2002 Q1"},{"Period":"2002 Q1","Total":"5703","date":"2002-04-30T23:00:00.000Z","label":"2002 Q2"},{"Period":"2002 Q2","Total":"5727","date":"2002-07-31T23:00:00.000Z","label":"2002 Q3"},{"Period":"2002 Q3","Total":"5757","date":"2002-11-01T00:00:00.000Z","label":"2002 Q4"},{"Period":"2002 Q4","Total":"5807","date":"2003-02-01T00:00:00.000Z","label":"2003 Q1"},{"Period":"2003 Q1","Total":"5859","date":"2003-04-30T23:00:00.000Z","label":"2003 Q2"},{"Period":"2003 Q2","Total":"5890","date":"2003-07-31T23:00:00.000Z","label":"2003 Q3"},{"Period":"2003 Q3","Total":"5923","date":"2003-11-01T00:00:00.000Z","label":"2003 Q4"},{"Period":"2003 Q4","Total":"5965","date":"2004-02-01T00:00:00.000Z","label":"2004 Q1"},{"Period":"2004 Q1","Total":"5999","date":"2004-04-30T23:00:00.000Z","label":"2004 Q2"},{"Period":"2004 Q2","Total":"6021","date":"2004-07-31T23:00:00.000Z","label":"2004 Q3"},{"Period":"2004 Q3","Total":"6052","date":"2004-11-01T00:00:00.000Z","label":"2004 Q4"},{"Period":"2004 Q4","Total":"6068","date":"2005-02-01T00:00:00.000Z","label":"2005 Q1"},{"Period":"2005 Q1","Total":"6087","date":"2005-04-30T23:00:00.000Z","label":"2005 Q2"},{"Period":"2005 Q2","Total":"6115","date":"2005-07-31T23:00:00.000Z","label":"2005 Q3"},{"Period":"2005 Q3","Total":"6119","date":"2005-11-01T00:00:00.000Z","label":"2005 Q4"},{"Period":"2005 Q4","Total":"6115","date":"2006-02-01T00:00:00.000Z","label":"2006 Q1"},{"Period":"2006 Q1","Total":"6096","date":"2006-04-30T23:00:00.000Z","label":"2006 Q2"},{"Period":"2006 Q2","Total":"6082","date":"2006-07-31T23:00:00.000Z","label":"2006 Q3"},{"Period":"2006 Q3","Total":"6068","date":"2006-11-01T00:00:00.000Z","label":"2006 Q4"},{"Period":"2006 Q4","Total":"6059","date":"2007-02-01T00:00:00.000Z","label":"2007 Q1"},{"Period":"2007 Q1","Total":"6052","date":"2007-04-30T23:00:00.000Z","label":"2007 Q2"},{"Period":"2007 Q2","Total":"6044","date":"2007-07-31T23:00:00.000Z","label":"2007 Q3"},{"Period":"2007 Q3","Total":"6039","date":"2007-11-01T00:00:00.000Z","label":"2007 Q4"},{"Period":"2007 Q4","Total":"6046","date":"2008-02-01T00:00:00.000Z","label":"2008 Q1"},{"Period":"2008 Q1","Total":"6019","date":"2008-04-30T23:00:00.000Z","label":"2008 Q2"},{"Period":"2008 Q2","Total":"6035","date":"2008-07-31T23:00:00.000Z","label":"2008 Q3"},{"Period":"2008 Q3","Total":"6072","date":"2008-11-01T00:00:00.000Z","label":"2008 Q4"},{"Period":"2008 Q4","Total":"6334","date":"2009-02-01T00:00:00.000Z","label":"2009 Q1"},{"Period":"2009 Q1","Total":"6330","date":"2009-04-30T23:00:00.000Z","label":"2009 Q2"},{"Period":"2009 Q2","Total":"6330","date":"2009-07-31T23:00:00.000Z","label":"2009 Q3"},{"Period":"2009 Q3","Total":"6370","date":"2009-11-01T00:00:00.000Z","label":"2009 Q4"},{"Period":"2009 Q4","Total":"6370","date":"2010-02-01T00:00:00.000Z","label":"2010 Q1"},{"Period":"2010 Q1","Total":"6337","date":"2010-04-30T23:00:00.000Z","label":"2010 Q2"},{"Period":"2010 Q2","Total":"6317","date":"2010-07-31T23:00:00.000Z","label":"2010 Q3"},{"Period":"2010 Q3","Total":"6270","date":"2010-11-01T00:00:00.000Z","label":"2010 Q4"},{"Period":"2010 Q4","Total":"6231","date":"2011-02-01T00:00:00.000Z","label":"2011 Q1"},{"Period":"2011 Q1","Total":"6203","date":"2011-04-30T23:00:00.000Z","label":"2011 Q2"},{"Period":"2011 Q2","Total":"6107","date":"2011-07-31T23:00:00.000Z","label":"2011 Q3"},{"Period":"2011 Q3","Total":"6076","date":"2011-11-01T00:00:00.000Z","label":"2011 Q4"},{"Period":"2011 Q4","Total":"6041","date":"2012-02-01T00:00:00.000Z","label":"2012 Q1"},{"Period":"2012 Q1","Total":"6000","date":"2012-04-30T23:00:00.000Z","label":"2012 Q2"},{"Period":"2012 Q2","Total":"5767","date":"2012-07-31T23:00:00.000Z","label":"2012 Q3"},{"Period":"2012 Q3","Total":"5746","date":"2012-11-01T00:00:00.000Z","label":"2012 Q4"},{"Period":"2012 Q4","Total":"5733","date":"2013-02-01T00:00:00.000Z","label":"2013 Q1"}]}