{"type":"chart","title":"Figure 7: Change in public sector employment, by region, Q1 2014 - Q1 2015, not seasonally adjusted","filename":"c5954930","uri":"/employmentandlabourmarket/publicsectorpersonnel/bulletins/publicsectoremployment/2015-06-17/c5954930","subtitle":"Change","unit":"Thousands","source":"Quarterly Public Sector Employment Survey - Office for National Statistics","legend":"false","hideLegend":true,"notes":"","altText":"Figure 7: Change in public sector employment, by region, Q1 2014 - Q1 2015, not seasonally adjusted","data":[{"Region":"North East","Actual change":"-6"},{"Region":"North West","Actual change":"-7"},{"Region":"Yorkshire and The Humber","Actual change":"-5"},{"Region":"East Midlands","Actual change":"-9"},{"Region":"West Midlands","Actual change":"-4"},{"Region":"East of England","Actual change":"-4"},{"Region":"London","Actual change":"-1"},{"Region":"South East","Actual change":"1"},{"Region":"South West","Actual change":"-4"},{"Region":"Wales","Actual change":"-19"},{"Region":"Scotland","Actual change":"-1"},{"Region":"Northern Ireland","Actual change":"0"}],"headers":["Region","Actual change"],"series":["Actual change"],"categories":["North East","North West","Yorkshire and The Humber","East Midlands","West Midlands","East of England","London","South East","South West","Wales","Scotland","Northern Ireland"],"aspectRatio":"0.56","chartType":"bar","files":[{"type":"download-png","filename":"c5954930-download.png"},{"type":"png","filename":"c5954930.png"}]}