{"type":"chart","title":"Figure 3: UK public sector employment in Civil Service and public corporations, Q1 1999 to Q1 2015, seasonally adjusted","filename":"e819b697","uri":"/employmentandlabourmarket/publicsectorpersonnel/bulletins/publicsectoremployment/2015-06-17/e819b697","subtitle":"United Kingdom","unit":"Thousands","source":"Public Sector Employment Survey - Office for National Statistics","legend":"top-right","hideLegend":false,"notes":"1. Home Civil Service (excludes Northern Ireland Civil Service which is included in central government)","altText":"Figure 3: UK public sector employment in Civil Service and public corporations, Q1 1999 to Q1 2015, seasonally adjusted","data":[{"Period":"1999 Q1","Civil Service":"502","Public corporations":"360","date":"1999-02-01T00:00:00.000Z","label":"1999 Q1"},{"Period":"1999 Q2","Civil Service":"504","Public corporations":"361","date":"1999-04-30T23:00:00.000Z","label":"1999 Q2"},{"Period":"1999 Q3","Civil Service":"507","Public corporations":"366","date":"1999-07-31T23:00:00.000Z","label":"1999 Q3"},{"Period":"1999 Q4","Civil Service":"510","Public corporations":"371","date":"1999-11-01T00:00:00.000Z","label":"1999 Q4"},{"Period":"2000 Q1","Civil Service":"513","Public corporations":"363","date":"2000-02-01T00:00:00.000Z","label":"2000 Q1"},{"Period":"2000 Q2","Civil Service":"516","Public corporations":"369","date":"2000-04-30T23:00:00.000Z","label":"2000 Q2"},{"Period":"2000 Q3","Civil Service":"519","Public corporations":"373","date":"2000-07-31T23:00:00.000Z","label":"2000 Q3"},{"Period":"2000 Q4","Civil Service":"522","Public corporations":"377","date":"2000-11-01T00:00:00.000Z","label":"2000 Q4"},{"Period":"2001 Q1","Civil Service":"523","Public corporations":"381","date":"2001-02-01T00:00:00.000Z","label":"2001 Q1"},{"Period":"2001 Q2","Civil Service":"522","Public corporations":"382","date":"2001-04-30T23:00:00.000Z","label":"2001 Q2"},{"Period":"2001 Q3","Civil Service":"522","Public corporations":"375","date":"2001-07-31T23:00:00.000Z","label":"2001 Q3"},{"Period":"2001 Q4","Civil Service":"527","Public corporations":"376","date":"2001-11-01T00:00:00.000Z","label":"2001 Q4"},{"Period":"2002 Q1","Civil Service":"533","Public corporations":"379","date":"2002-02-01T00:00:00.000Z","label":"2002 Q1"},{"Period":"2002 Q2","Civil Service":"538","Public corporations":"380","date":"2002-04-30T23:00:00.000Z","label":"2002 Q2"},{"Period":"2002 Q3","Civil Service":"543","Public corporations":"382","date":"2002-07-31T23:00:00.000Z","label":"2002 Q3"},{"Period":"2002 Q4","Civil Service":"550","Public corporations":"394","date":"2002-11-01T00:00:00.000Z","label":"2002 Q4"},{"Period":"2003 Q1","Civil Service":"557","Public corporations":"405","date":"2003-02-01T00:00:00.000Z","label":"2003 Q1"},{"Period":"2003 Q2","Civil Service":"560","Public corporations":"390","date":"2003-04-30T23:00:00.000Z","label":"2003 Q2"},{"Period":"2003 Q3","Civil Service":"562","Public corporations":"394","date":"2003-07-31T23:00:00.000Z","label":"2003 Q3"},{"Period":"2003 Q4","Civil Service":"564","Public corporations":"388","date":"2003-11-01T00:00:00.000Z","label":"2003 Q4"},{"Period":"2004 Q1","Civil Service":"570","Public corporations":"385","date":"2004-02-01T00:00:00.000Z","label":"2004 Q1"},{"Period":"2004 Q2","Civil Service":"570","Public corporations":"381","date":"2004-04-30T23:00:00.000Z","label":"2004 Q2"},{"Period":"2004 Q3","Civil Service":"571","Public corporations":"381","date":"2004-07-31T23:00:00.000Z","label":"2004 Q3"},{"Period":"2004 Q4","Civil Service":"565","Public corporations":"380","date":"2004-11-01T00:00:00.000Z","label":"2004 Q4"},{"Period":"2005 Q1","Civil Service":"563","Public corporations":"383","date":"2005-02-01T00:00:00.000Z","label":"2005 Q1"},{"Period":"2005 Q2","Civil Service":"571","Public corporations":"386","date":"2005-04-30T23:00:00.000Z","label":"2005 Q2"},{"Period":"2005 Q3","Civil Service":"567","Public corporations":"387","date":"2005-07-31T23:00:00.000Z","label":"2005 Q3"},{"Period":"2005 Q4","Civil Service":"563","Public corporations":"379","date":"2005-11-01T00:00:00.000Z","label":"2005 Q4"},{"Period":"2006 Q1","Civil Service":"560","Public corporations":"372","date":"2006-02-01T00:00:00.000Z","label":"2006 Q1"},{"Period":"2006 Q2","Civil Service":"558","Public corporations":"365","date":"2006-04-30T23:00:00.000Z","label":"2006 Q2"},{"Period":"2006 Q3","Civil Service":"554","Public corporations":"365","date":"2006-07-31T23:00:00.000Z","label":"2006 Q3"},{"Period":"2006 Q4","Civil Service":"549","Public corporations":"363","date":"2006-11-01T00:00:00.000Z","label":"2006 Q4"},{"Period":"2007 Q1","Civil Service":"543","Public corporations":"361","date":"2007-02-01T00:00:00.000Z","label":"2007 Q1"},{"Period":"2007 Q2","Civil Service":"539","Public corporations":"359","date":"2007-04-30T23:00:00.000Z","label":"2007 Q2"},{"Period":"2007 Q3","Civil Service":"533","Public corporations":"359","date":"2007-07-31T23:00:00.000Z","label":"2007 Q3"},{"Period":"2007 Q4","Civil Service":"530","Public corporations":"378","date":"2007-11-01T00:00:00.000Z","label":"2007 Q4"},{"Period":"2008 Q1","Civil Service":"523","Public corporations":"364","date":"2008-02-01T00:00:00.000Z","label":"2008 Q1"},{"Period":"2008 Q2","Civil Service":"523","Public corporations":"364","date":"2008-04-30T23:00:00.000Z","label":"2008 Q2"},{"Period":"2008 Q3","Civil Service":"522","Public corporations":"363","date":"2008-07-31T23:00:00.000Z","label":"2008 Q3"},{"Period":"2008 Q4","Civil Service":"523","Public corporations":"590","date":"2008-11-01T00:00:00.000Z","label":"2008 Q4"},{"Period":"2009 Q1","Civil Service":"525","Public corporations":"577","date":"2009-02-01T00:00:00.000Z","label":"2009 Q1"},{"Period":"2009 Q2","Civil Service":"527","Public corporations":"570","date":"2009-04-30T23:00:00.000Z","label":"2009 Q2"},{"Period":"2009 Q3","Civil Service":"534","Public corporations":"559","date":"2009-07-31T23:00:00.000Z","label":"2009 Q3"},{"Period":"2009 Q4","Civil Service":"533","Public corporations":"551","date":"2009-11-01T00:00:00.000Z","label":"2009 Q4"},{"Period":"2010 Q1","Civil Service":"528","Public corporations":"545","date":"2010-02-01T00:00:00.000Z","label":"2010 Q1"},{"Period":"2010 Q2","Civil Service":"522","Public corporations":"544","date":"2010-04-30T23:00:00.000Z","label":"2010 Q2"},{"Period":"2010 Q3","Civil Service":"514","Public corporations":"539","date":"2010-07-31T23:00:00.000Z","label":"2010 Q3"},{"Period":"2010 Q4","Civil Service":"506","Public corporations":"529","date":"2010-11-01T00:00:00.000Z","label":"2010 Q4"},{"Period":"2011 Q1","Civil Service":"513","Public corporations":"524","date":"2011-02-01T00:00:00.000Z","label":"2011 Q1"},{"Period":"2011 Q2","Civil Service":"488","Public corporations":"510","date":"2011-04-30T23:00:00.000Z","label":"2011 Q2"},{"Period":"2011 Q3","Civil Service":"480","Public corporations":"501","date":"2011-07-31T23:00:00.000Z","label":"2011 Q3"},{"Period":"2011 Q4","Civil Service":"471","Public corporations":"494","date":"2011-11-01T00:00:00.000Z","label":"2011 Q4"},{"Period":"2012 Q1","Civil Service":"464","Public corporations":"486","date":"2012-02-01T00:00:00.000Z","label":"2012 Q1"},{"Period":"2012 Q2","Civil Service":"458","Public corporations":"478","date":"2012-04-30T23:00:00.000Z","label":"2012 Q2"},{"Period":"2012 Q3","Civil Service":"455","Public corporations":"472","date":"2012-07-31T23:00:00.000Z","label":"2012 Q3"},{"Period":"2012 Q4","Civil Service":"451","Public corporations":"474","date":"2012-11-01T00:00:00.000Z","label":"2012 Q4"},{"Period":"2013 Q1","Civil Service":"449","Public corporations":"462","date":"2013-02-01T00:00:00.000Z","label":"2013 Q1"},{"Period":"2013 Q2","Civil Service":"450","Public corporations":"457","date":"2013-04-30T23:00:00.000Z","label":"2013 Q2"},{"Period":"2013 Q3","Civil Service":"447","Public corporations":"443","date":"2013-07-31T23:00:00.000Z","label":"2013 Q3"},{"Period":"2013 Q4","Civil Service":"445","Public corporations":"276","date":"2013-11-01T00:00:00.000Z","label":"2013 Q4"},{"Period":"2014 Q1","Civil Service":"440","Public corporations":"185","date":"2014-02-01T00:00:00.000Z","label":"2014 Q1"},{"Period":"2014 Q2","Civil Service":"442","Public corporations":"184","date":"2014-04-30T23:00:00.000Z","label":"2014 Q2"},{"Period":"2014 Q3","Civil Service":"440","Public corporations":"183","date":"2014-07-31T23:00:00.000Z","label":"2014 Q3"},{"Period":"2014 Q4","Civil Service":"439","Public corporations":"177","date":"2014-11-01T00:00:00.000Z","label":"2014 Q4"},{"Period":"2015 Q1","Civil Service":"440","Public corporations":"180","date":"2015-02-01T00:00:00.000Z","label":"2015 Q1"},{"Period":"","Civil Service":"undefined","Public corporations":"undefined"}],"headers":["Period","Civil Service","Public corporations"],"series":["Civil Service","Public corporations"],"categories":["1999 Q1","1999 Q2","1999 Q3","1999 Q4","2000 Q1","2000 Q2","2000 Q3","2000 Q4","2001 Q1","2001 Q2","2001 Q3","2001 Q4","2002 Q1","2002 Q2","2002 Q3","2002 Q4","2003 Q1","2003 Q2","2003 Q3","2003 Q4","2004 Q1","2004 Q2","2004 Q3","2004 Q4","2005 Q1","2005 Q2","2005 Q3","2005 Q4","2006 Q1","2006 Q2","2006 Q3","2006 Q4","2007 Q1","2007 Q2","2007 Q3","2007 Q4","2008 Q1","2008 Q2","2008 Q3","2008 Q4","2009 Q1","2009 Q2","2009 Q3","2009 Q4","2010 Q1","2010 Q2","2010 Q3","2010 Q4","2011 Q1","2011 Q2","2011 Q3","2011 Q4","2012 Q1","2012 Q2","2012 Q3","2012 Q4","2013 Q1","2013 Q2","2013 Q3","2013 Q4","2014 Q1","2014 Q2","2014 Q3","2014 Q4","2015 Q1",""],"aspectRatio":"0.56","chartType":"line","files":[{"type":"download-png","filename":"e819b697-download.png"},{"type":"png","filename":"e819b697.png"}],"isTimeSeries":true,"timeSeries":[{"Period":"1999 Q1","Civil Service":"502","Public corporations":"360","date":"1999-02-01T00:00:00.000Z","label":"1999 Q1"},{"Period":"1999 Q2","Civil Service":"504","Public corporations":"361","date":"1999-04-30T23:00:00.000Z","label":"1999 Q2"},{"Period":"1999 Q3","Civil Service":"507","Public corporations":"366","date":"1999-07-31T23:00:00.000Z","label":"1999 Q3"},{"Period":"1999 Q4","Civil Service":"510","Public corporations":"371","date":"1999-11-01T00:00:00.000Z","label":"1999 Q4"},{"Period":"2000 Q1","Civil Service":"513","Public corporations":"363","date":"2000-02-01T00:00:00.000Z","label":"2000 Q1"},{"Period":"2000 Q2","Civil Service":"516","Public corporations":"369","date":"2000-04-30T23:00:00.000Z","label":"2000 Q2"},{"Period":"2000 Q3","Civil Service":"519","Public corporations":"373","date":"2000-07-31T23:00:00.000Z","label":"2000 Q3"},{"Period":"2000 Q4","Civil Service":"522","Public corporations":"377","date":"2000-11-01T00:00:00.000Z","label":"2000 Q4"},{"Period":"2001 Q1","Civil Service":"523","Public corporations":"381","date":"2001-02-01T00:00:00.000Z","label":"2001 Q1"},{"Period":"2001 Q2","Civil Service":"522","Public corporations":"382","date":"2001-04-30T23:00:00.000Z","label":"2001 Q2"},{"Period":"2001 Q3","Civil Service":"522","Public corporations":"375","date":"2001-07-31T23:00:00.000Z","label":"2001 Q3"},{"Period":"2001 Q4","Civil Service":"527","Public corporations":"376","date":"2001-11-01T00:00:00.000Z","label":"2001 Q4"},{"Period":"2002 Q1","Civil Service":"533","Public corporations":"379","date":"2002-02-01T00:00:00.000Z","label":"2002 Q1"},{"Period":"2002 Q2","Civil Service":"538","Public corporations":"380","date":"2002-04-30T23:00:00.000Z","label":"2002 Q2"},{"Period":"2002 Q3","Civil Service":"543","Public corporations":"382","date":"2002-07-31T23:00:00.000Z","label":"2002 Q3"},{"Period":"2002 Q4","Civil Service":"550","Public corporations":"394","date":"2002-11-01T00:00:00.000Z","label":"2002 Q4"},{"Period":"2003 Q1","Civil Service":"557","Public corporations":"405","date":"2003-02-01T00:00:00.000Z","label":"2003 Q1"},{"Period":"2003 Q2","Civil Service":"560","Public corporations":"390","date":"2003-04-30T23:00:00.000Z","label":"2003 Q2"},{"Period":"2003 Q3","Civil Service":"562","Public corporations":"394","date":"2003-07-31T23:00:00.000Z","label":"2003 Q3"},{"Period":"2003 Q4","Civil Service":"564","Public corporations":"388","date":"2003-11-01T00:00:00.000Z","label":"2003 Q4"},{"Period":"2004 Q1","Civil Service":"570","Public corporations":"385","date":"2004-02-01T00:00:00.000Z","label":"2004 Q1"},{"Period":"2004 Q2","Civil Service":"570","Public corporations":"381","date":"2004-04-30T23:00:00.000Z","label":"2004 Q2"},{"Period":"2004 Q3","Civil Service":"571","Public corporations":"381","date":"2004-07-31T23:00:00.000Z","label":"2004 Q3"},{"Period":"2004 Q4","Civil Service":"565","Public corporations":"380","date":"2004-11-01T00:00:00.000Z","label":"2004 Q4"},{"Period":"2005 Q1","Civil Service":"563","Public corporations":"383","date":"2005-02-01T00:00:00.000Z","label":"2005 Q1"},{"Period":"2005 Q2","Civil Service":"571","Public corporations":"386","date":"2005-04-30T23:00:00.000Z","label":"2005 Q2"},{"Period":"2005 Q3","Civil Service":"567","Public corporations":"387","date":"2005-07-31T23:00:00.000Z","label":"2005 Q3"},{"Period":"2005 Q4","Civil Service":"563","Public corporations":"379","date":"2005-11-01T00:00:00.000Z","label":"2005 Q4"},{"Period":"2006 Q1","Civil Service":"560","Public corporations":"372","date":"2006-02-01T00:00:00.000Z","label":"2006 Q1"},{"Period":"2006 Q2","Civil Service":"558","Public corporations":"365","date":"2006-04-30T23:00:00.000Z","label":"2006 Q2"},{"Period":"2006 Q3","Civil Service":"554","Public corporations":"365","date":"2006-07-31T23:00:00.000Z","label":"2006 Q3"},{"Period":"2006 Q4","Civil Service":"549","Public corporations":"363","date":"2006-11-01T00:00:00.000Z","label":"2006 Q4"},{"Period":"2007 Q1","Civil Service":"543","Public corporations":"361","date":"2007-02-01T00:00:00.000Z","label":"2007 Q1"},{"Period":"2007 Q2","Civil Service":"539","Public corporations":"359","date":"2007-04-30T23:00:00.000Z","label":"2007 Q2"},{"Period":"2007 Q3","Civil Service":"533","Public corporations":"359","date":"2007-07-31T23:00:00.000Z","label":"2007 Q3"},{"Period":"2007 Q4","Civil Service":"530","Public corporations":"378","date":"2007-11-01T00:00:00.000Z","label":"2007 Q4"},{"Period":"2008 Q1","Civil Service":"523","Public corporations":"364","date":"2008-02-01T00:00:00.000Z","label":"2008 Q1"},{"Period":"2008 Q2","Civil Service":"523","Public corporations":"364","date":"2008-04-30T23:00:00.000Z","label":"2008 Q2"},{"Period":"2008 Q3","Civil Service":"522","Public corporations":"363","date":"2008-07-31T23:00:00.000Z","label":"2008 Q3"},{"Period":"2008 Q4","Civil Service":"523","Public corporations":"590","date":"2008-11-01T00:00:00.000Z","label":"2008 Q4"},{"Period":"2009 Q1","Civil Service":"525","Public corporations":"577","date":"2009-02-01T00:00:00.000Z","label":"2009 Q1"},{"Period":"2009 Q2","Civil Service":"527","Public corporations":"570","date":"2009-04-30T23:00:00.000Z","label":"2009 Q2"},{"Period":"2009 Q3","Civil Service":"534","Public corporations":"559","date":"2009-07-31T23:00:00.000Z","label":"2009 Q3"},{"Period":"2009 Q4","Civil Service":"533","Public corporations":"551","date":"2009-11-01T00:00:00.000Z","label":"2009 Q4"},{"Period":"2010 Q1","Civil Service":"528","Public corporations":"545","date":"2010-02-01T00:00:00.000Z","label":"2010 Q1"},{"Period":"2010 Q2","Civil Service":"522","Public corporations":"544","date":"2010-04-30T23:00:00.000Z","label":"2010 Q2"},{"Period":"2010 Q3","Civil Service":"514","Public corporations":"539","date":"2010-07-31T23:00:00.000Z","label":"2010 Q3"},{"Period":"2010 Q4","Civil Service":"506","Public corporations":"529","date":"2010-11-01T00:00:00.000Z","label":"2010 Q4"},{"Period":"2011 Q1","Civil Service":"513","Public corporations":"524","date":"2011-02-01T00:00:00.000Z","label":"2011 Q1"},{"Period":"2011 Q2","Civil Service":"488","Public corporations":"510","date":"2011-04-30T23:00:00.000Z","label":"2011 Q2"},{"Period":"2011 Q3","Civil Service":"480","Public corporations":"501","date":"2011-07-31T23:00:00.000Z","label":"2011 Q3"},{"Period":"2011 Q4","Civil Service":"471","Public corporations":"494","date":"2011-11-01T00:00:00.000Z","label":"2011 Q4"},{"Period":"2012 Q1","Civil Service":"464","Public corporations":"486","date":"2012-02-01T00:00:00.000Z","label":"2012 Q1"},{"Period":"2012 Q2","Civil Service":"458","Public corporations":"478","date":"2012-04-30T23:00:00.000Z","label":"2012 Q2"},{"Period":"2012 Q3","Civil Service":"455","Public corporations":"472","date":"2012-07-31T23:00:00.000Z","label":"2012 Q3"},{"Period":"2012 Q4","Civil Service":"451","Public corporations":"474","date":"2012-11-01T00:00:00.000Z","label":"2012 Q4"},{"Period":"2013 Q1","Civil Service":"449","Public corporations":"462","date":"2013-02-01T00:00:00.000Z","label":"2013 Q1"},{"Period":"2013 Q2","Civil Service":"450","Public corporations":"457","date":"2013-04-30T23:00:00.000Z","label":"2013 Q2"},{"Period":"2013 Q3","Civil Service":"447","Public corporations":"443","date":"2013-07-31T23:00:00.000Z","label":"2013 Q3"},{"Period":"2013 Q4","Civil Service":"445","Public corporations":"276","date":"2013-11-01T00:00:00.000Z","label":"2013 Q4"},{"Period":"2014 Q1","Civil Service":"440","Public corporations":"185","date":"2014-02-01T00:00:00.000Z","label":"2014 Q1"},{"Period":"2014 Q2","Civil Service":"442","Public corporations":"184","date":"2014-04-30T23:00:00.000Z","label":"2014 Q2"},{"Period":"2014 Q3","Civil Service":"440","Public corporations":"183","date":"2014-07-31T23:00:00.000Z","label":"2014 Q3"},{"Period":"2014 Q4","Civil Service":"439","Public corporations":"177","date":"2014-11-01T00:00:00.000Z","label":"2014 Q4"},{"Period":"2015 Q1","Civil Service":"440","Public corporations":"180","date":"2015-02-01T00:00:00.000Z","label":"2015 Q1"}]}