{"type":"chart","title":"Figure 2: UK public sector employment in local and central government, Q1 1999 to Q1 2015, seasonally adjusted","filename":"f31e8437","uri":"/employmentandlabourmarket/publicsectorpersonnel/bulletins/publicsectoremployment/2015-06-17/f31e8437","subtitle":"United Kingdom","unit":"Millions","source":"Quarterly Public Sector Employment Survey - Office for National Statistics","legend":"top-right","hideLegend":false,"notes":"1. The Academies Act 2010 was passed in July 2010. This has resulted in local authority maintained schools taking on academy status. Local authority maintained schools are classified to local government, and academies to central government. As a result, when a local authority maintained school takes on academy status, its employment moves from local to central government.\n2. English further education colleges classified to central government from 1993 to 31 March 2012. They are therefore included in central government estimates from 1993 to Q1 2012, but not in subsequent quarters. See background note 8.\n3. English sixth form college corporations classified to local government from 1993 to 31 March 2012. They are therefore included in local government estimates from 1993 to Q1 2012, but not in subsequent quarters. See background note 8.","altText":"Figure 2: UK public sector employment in local and central government, Q1 1999 to Q1 2015, seasonally adjusted","data":[{"Period":"1999 Q1","Central government":"2340","Local government":"2733","date":"1999-02-01T00:00:00.000Z","label":"1999 Q1"},{"Period":"1999 Q2","Central government":"2346","Local government":"2739","date":"1999-04-30T23:00:00.000Z","label":"1999 Q2"},{"Period":"1999 Q3","Central government":"2360","Local government":"2743","date":"1999-07-31T23:00:00.000Z","label":"1999 Q3"},{"Period":"1999 Q4","Central government":"2367","Local government":"2757","date":"1999-11-01T00:00:00.000Z","label":"1999 Q4"},{"Period":"2000 Q1","Central government":"2374","Local government":"2771","date":"2000-02-01T00:00:00.000Z","label":"2000 Q1"},{"Period":"2000 Q2","Central government":"2384","Local government":"2774","date":"2000-04-30T23:00:00.000Z","label":"2000 Q2"},{"Period":"2000 Q3","Central government":"2399","Local government":"2778","date":"2000-07-31T23:00:00.000Z","label":"2000 Q3"},{"Period":"2000 Q4","Central government":"2410","Local government":"2776","date":"2000-11-01T00:00:00.000Z","label":"2000 Q4"},{"Period":"2001 Q1","Central government":"2441","Local government":"2770","date":"2001-02-01T00:00:00.000Z","label":"2001 Q1"},{"Period":"2001 Q2","Central government":"2462","Local government":"2776","date":"2001-04-30T23:00:00.000Z","label":"2001 Q2"},{"Period":"2001 Q3","Central government":"2482","Local government":"2779","date":"2001-07-31T23:00:00.000Z","label":"2001 Q3"},{"Period":"2001 Q4","Central government":"2503","Local government":"2780","date":"2001-11-01T00:00:00.000Z","label":"2001 Q4"},{"Period":"2002 Q1","Central government":"2530","Local government":"2794","date":"2002-02-01T00:00:00.000Z","label":"2002 Q1"},{"Period":"2002 Q2","Central government":"2553","Local government":"2794","date":"2002-04-30T23:00:00.000Z","label":"2002 Q2"},{"Period":"2002 Q3","Central government":"2581","Local government":"2794","date":"2002-07-31T23:00:00.000Z","label":"2002 Q3"},{"Period":"2002 Q4","Central government":"2606","Local government":"2807","date":"2002-11-01T00:00:00.000Z","label":"2002 Q4"},{"Period":"2003 Q1","Central government":"2639","Local government":"2815","date":"2003-02-01T00:00:00.000Z","label":"2003 Q1"},{"Period":"2003 Q2","Central government":"2663","Local government":"2837","date":"2003-04-30T23:00:00.000Z","label":"2003 Q2"},{"Period":"2003 Q3","Central government":"2683","Local government":"2846","date":"2003-07-31T23:00:00.000Z","label":"2003 Q3"},{"Period":"2003 Q4","Central government":"2706","Local government":"2871","date":"2003-11-01T00:00:00.000Z","label":"2003 Q4"},{"Period":"2004 Q1","Central government":"2732","Local government":"2882","date":"2004-02-01T00:00:00.000Z","label":"2004 Q1"},{"Period":"2004 Q2","Central government":"2749","Local government":"2891","date":"2004-04-30T23:00:00.000Z","label":"2004 Q2"},{"Period":"2004 Q3","Central government":"2764","Local government":"2907","date":"2004-07-31T23:00:00.000Z","label":"2004 Q3"},{"Period":"2004 Q4","Central government":"2774","Local government":"2914","date":"2004-11-01T00:00:00.000Z","label":"2004 Q4"},{"Period":"2005 Q1","Central government":"2785","Local government":"2919","date":"2005-02-01T00:00:00.000Z","label":"2005 Q1"},{"Period":"2005 Q2","Central government":"2808","Local government":"2921","date":"2005-04-30T23:00:00.000Z","label":"2005 Q2"},{"Period":"2005 Q3","Central government":"2804","Local government":"2928","date":"2005-07-31T23:00:00.000Z","label":"2005 Q3"},{"Period":"2005 Q4","Central government":"2805","Local government":"2931","date":"2005-11-01T00:00:00.000Z","label":"2005 Q4"},{"Period":"2006 Q1","Central government":"2796","Local government":"2928","date":"2006-02-01T00:00:00.000Z","label":"2006 Q1"},{"Period":"2006 Q2","Central government":"2785","Local government":"2932","date":"2006-04-30T23:00:00.000Z","label":"2006 Q2"},{"Period":"2006 Q3","Central government":"2763","Local government":"2940","date":"2006-07-31T23:00:00.000Z","label":"2006 Q3"},{"Period":"2006 Q4","Central government":"2763","Local government":"2933","date":"2006-11-01T00:00:00.000Z","label":"2006 Q4"},{"Period":"2007 Q1","Central government":"2758","Local government":"2933","date":"2007-02-01T00:00:00.000Z","label":"2007 Q1"},{"Period":"2007 Q2","Central government":"2745","Local government":"2940","date":"2007-04-30T23:00:00.000Z","label":"2007 Q2"},{"Period":"2007 Q3","Central government":"2745","Local government":"2935","date":"2007-07-31T23:00:00.000Z","label":"2007 Q3"},{"Period":"2007 Q4","Central government":"2742","Local government":"2926","date":"2007-11-01T00:00:00.000Z","label":"2007 Q4"},{"Period":"2008 Q1","Central government":"2741","Local government":"2914","date":"2008-02-01T00:00:00.000Z","label":"2008 Q1"},{"Period":"2008 Q2","Central government":"2750","Local government":"2921","date":"2008-04-30T23:00:00.000Z","label":"2008 Q2"},{"Period":"2008 Q3","Central government":"2785","Local government":"2924","date":"2008-07-31T23:00:00.000Z","label":"2008 Q3"},{"Period":"2008 Q4","Central government":"2829","Local government":"2915","date":"2008-11-01T00:00:00.000Z","label":"2008 Q4"},{"Period":"2009 Q1","Central government":"2838","Local government":"2915","date":"2009-02-01T00:00:00.000Z","label":"2009 Q1"},{"Period":"2009 Q2","Central government":"2852","Local government":"2908","date":"2009-04-30T23:00:00.000Z","label":"2009 Q2"},{"Period":"2009 Q3","Central government":"2904","Local government":"2907","date":"2009-07-31T23:00:00.000Z","label":"2009 Q3"},{"Period":"2009 Q4","Central government":"2917","Local government":"2902","date":"2009-11-01T00:00:00.000Z","label":"2009 Q4"},{"Period":"2010 Q1","Central government":"2905","Local government":"2887","date":"2010-02-01T00:00:00.000Z","label":"2010 Q1"},{"Period":"2010 Q2 1","Central government":"2868","Local government":"2905","date":"2010-04-30T23:00:00.000Z","label":"2010 Q2 1"},{"Period":"2010 Q3","Central government":"2845","Local government":"2886","date":"2010-07-31T23:00:00.000Z","label":"2010 Q3"},{"Period":"2010 Q4","Central government":"2845","Local government":"2857","date":"2010-11-01T00:00:00.000Z","label":"2010 Q4"},{"Period":"2011 Q1","Central government":"2862","Local government":"2817","date":"2011-02-01T00:00:00.000Z","label":"2011 Q1"},{"Period":"2011 Q2","Central government":"2839","Local government":"2758","date":"2011-04-30T23:00:00.000Z","label":"2011 Q2"},{"Period":"2011 Q3","Central government":"2883","Local government":"2692","date":"2011-07-31T23:00:00.000Z","label":"2011 Q3"},{"Period":"2011 Q4","Central government":"2887","Local government":"2660","date":"2011-11-01T00:00:00.000Z","label":"2011 Q4"},{"Period":"2012 Q1","Central government":"2900","Local government":"2614","date":"2012-02-01T00:00:00.000Z","label":"2012 Q1"},{"Period":"2012 Q2 2 3","Central government":"2731","Local government":"2558","date":"2012-04-30T23:00:00.000Z","label":"2012 Q2 2 3"},{"Period":"2012 Q3","Central government":"2753","Local government":"2521","date":"2012-07-31T23:00:00.000Z","label":"2012 Q3"},{"Period":"2012 Q4","Central government":"2772","Local government":"2487","date":"2012-11-01T00:00:00.000Z","label":"2012 Q4"},{"Period":"2013 Q1","Central government":"2789","Local government":"2464","date":"2013-02-01T00:00:00.000Z","label":"2013 Q1"},{"Period":"2013 Q2","Central government":"2822","Local government":"2422","date":"2013-04-30T23:00:00.000Z","label":"2013 Q2"},{"Period":"2013 Q3","Central government":"2850","Local government":"2421","date":"2013-07-31T23:00:00.000Z","label":"2013 Q3"},{"Period":"2013 Q4","Central government":"2866","Local government":"2395","date":"2013-11-01T00:00:00.000Z","label":"2013 Q4"},{"Period":"2014 Q1","Central government":"2878","Local government":"2368","date":"2014-02-01T00:00:00.000Z","label":"2014 Q1"},{"Period":"2014 Q2","Central government":"2883","Local government":"2352","date":"2014-04-30T23:00:00.000Z","label":"2014 Q2"},{"Period":"2014 Q3","Central government":"2893","Local government":"2327","date":"2014-07-31T23:00:00.000Z","label":"2014 Q3"},{"Period":"2014 Q4","Central government":"2911","Local government":"2306","date":"2014-11-01T00:00:00.000Z","label":"2014 Q4"},{"Period":"2015 Q1","Central government":"2909","Local government":"2283","date":"2015-02-01T00:00:00.000Z","label":"2015 Q1"},{"Period":""}],"headers":["Period","Central government","Local government"],"series":["Central government","Local government"],"categories":["1999 Q1","1999 Q2","1999 Q3","1999 Q4","2000 Q1","2000 Q2","2000 Q3","2000 Q4","2001 Q1","2001 Q2","2001 Q3","2001 Q4","2002 Q1","2002 Q2","2002 Q3","2002 Q4","2003 Q1","2003 Q2","2003 Q3","2003 Q4","2004 Q1","2004 Q2","2004 Q3","2004 Q4","2005 Q1","2005 Q2","2005 Q3","2005 Q4","2006 Q1","2006 Q2","2006 Q3","2006 Q4","2007 Q1","2007 Q2","2007 Q3","2007 Q4","2008 Q1","2008 Q2","2008 Q3","2008 Q4","2009 Q1","2009 Q2","2009 Q3","2009 Q4","2010 Q1","2010 Q2 1","2010 Q3","2010 Q4","2011 Q1","2011 Q2","2011 Q3","2011 Q4","2012 Q1","2012 Q2 2 3","2012 Q3","2012 Q4","2013 Q1","2013 Q2","2013 Q3","2013 Q4","2014 Q1","2014 Q2","2014 Q3","2014 Q4","2015 Q1",""],"aspectRatio":"0.56","chartType":"line","files":[{"type":"download-png","filename":"f31e8437-download.png"},{"type":"png","filename":"f31e8437.png"}],"isTimeSeries":true,"timeSeries":[{"Period":"1999 Q1","Central government":"2340","Local government":"2733","date":"1999-02-01T00:00:00.000Z","label":"1999 Q1"},{"Period":"1999 Q2","Central government":"2346","Local government":"2739","date":"1999-04-30T23:00:00.000Z","label":"1999 Q2"},{"Period":"1999 Q3","Central government":"2360","Local government":"2743","date":"1999-07-31T23:00:00.000Z","label":"1999 Q3"},{"Period":"1999 Q4","Central government":"2367","Local government":"2757","date":"1999-11-01T00:00:00.000Z","label":"1999 Q4"},{"Period":"2000 Q1","Central government":"2374","Local government":"2771","date":"2000-02-01T00:00:00.000Z","label":"2000 Q1"},{"Period":"2000 Q2","Central government":"2384","Local government":"2774","date":"2000-04-30T23:00:00.000Z","label":"2000 Q2"},{"Period":"2000 Q3","Central government":"2399","Local government":"2778","date":"2000-07-31T23:00:00.000Z","label":"2000 Q3"},{"Period":"2000 Q4","Central government":"2410","Local government":"2776","date":"2000-11-01T00:00:00.000Z","label":"2000 Q4"},{"Period":"2001 Q1","Central government":"2441","Local government":"2770","date":"2001-02-01T00:00:00.000Z","label":"2001 Q1"},{"Period":"2001 Q2","Central government":"2462","Local government":"2776","date":"2001-04-30T23:00:00.000Z","label":"2001 Q2"},{"Period":"2001 Q3","Central government":"2482","Local government":"2779","date":"2001-07-31T23:00:00.000Z","label":"2001 Q3"},{"Period":"2001 Q4","Central government":"2503","Local government":"2780","date":"2001-11-01T00:00:00.000Z","label":"2001 Q4"},{"Period":"2002 Q1","Central government":"2530","Local government":"2794","date":"2002-02-01T00:00:00.000Z","label":"2002 Q1"},{"Period":"2002 Q2","Central government":"2553","Local government":"2794","date":"2002-04-30T23:00:00.000Z","label":"2002 Q2"},{"Period":"2002 Q3","Central government":"2581","Local government":"2794","date":"2002-07-31T23:00:00.000Z","label":"2002 Q3"},{"Period":"2002 Q4","Central government":"2606","Local government":"2807","date":"2002-11-01T00:00:00.000Z","label":"2002 Q4"},{"Period":"2003 Q1","Central government":"2639","Local government":"2815","date":"2003-02-01T00:00:00.000Z","label":"2003 Q1"},{"Period":"2003 Q2","Central government":"2663","Local government":"2837","date":"2003-04-30T23:00:00.000Z","label":"2003 Q2"},{"Period":"2003 Q3","Central government":"2683","Local government":"2846","date":"2003-07-31T23:00:00.000Z","label":"2003 Q3"},{"Period":"2003 Q4","Central government":"2706","Local government":"2871","date":"2003-11-01T00:00:00.000Z","label":"2003 Q4"},{"Period":"2004 Q1","Central government":"2732","Local government":"2882","date":"2004-02-01T00:00:00.000Z","label":"2004 Q1"},{"Period":"2004 Q2","Central government":"2749","Local government":"2891","date":"2004-04-30T23:00:00.000Z","label":"2004 Q2"},{"Period":"2004 Q3","Central government":"2764","Local government":"2907","date":"2004-07-31T23:00:00.000Z","label":"2004 Q3"},{"Period":"2004 Q4","Central government":"2774","Local government":"2914","date":"2004-11-01T00:00:00.000Z","label":"2004 Q4"},{"Period":"2005 Q1","Central government":"2785","Local government":"2919","date":"2005-02-01T00:00:00.000Z","label":"2005 Q1"},{"Period":"2005 Q2","Central government":"2808","Local government":"2921","date":"2005-04-30T23:00:00.000Z","label":"2005 Q2"},{"Period":"2005 Q3","Central government":"2804","Local government":"2928","date":"2005-07-31T23:00:00.000Z","label":"2005 Q3"},{"Period":"2005 Q4","Central government":"2805","Local government":"2931","date":"2005-11-01T00:00:00.000Z","label":"2005 Q4"},{"Period":"2006 Q1","Central government":"2796","Local government":"2928","date":"2006-02-01T00:00:00.000Z","label":"2006 Q1"},{"Period":"2006 Q2","Central government":"2785","Local government":"2932","date":"2006-04-30T23:00:00.000Z","label":"2006 Q2"},{"Period":"2006 Q3","Central government":"2763","Local government":"2940","date":"2006-07-31T23:00:00.000Z","label":"2006 Q3"},{"Period":"2006 Q4","Central government":"2763","Local government":"2933","date":"2006-11-01T00:00:00.000Z","label":"2006 Q4"},{"Period":"2007 Q1","Central government":"2758","Local government":"2933","date":"2007-02-01T00:00:00.000Z","label":"2007 Q1"},{"Period":"2007 Q2","Central government":"2745","Local government":"2940","date":"2007-04-30T23:00:00.000Z","label":"2007 Q2"},{"Period":"2007 Q3","Central government":"2745","Local government":"2935","date":"2007-07-31T23:00:00.000Z","label":"2007 Q3"},{"Period":"2007 Q4","Central government":"2742","Local government":"2926","date":"2007-11-01T00:00:00.000Z","label":"2007 Q4"},{"Period":"2008 Q1","Central government":"2741","Local government":"2914","date":"2008-02-01T00:00:00.000Z","label":"2008 Q1"},{"Period":"2008 Q2","Central government":"2750","Local government":"2921","date":"2008-04-30T23:00:00.000Z","label":"2008 Q2"},{"Period":"2008 Q3","Central government":"2785","Local government":"2924","date":"2008-07-31T23:00:00.000Z","label":"2008 Q3"},{"Period":"2008 Q4","Central government":"2829","Local government":"2915","date":"2008-11-01T00:00:00.000Z","label":"2008 Q4"},{"Period":"2009 Q1","Central government":"2838","Local government":"2915","date":"2009-02-01T00:00:00.000Z","label":"2009 Q1"},{"Period":"2009 Q2","Central government":"2852","Local government":"2908","date":"2009-04-30T23:00:00.000Z","label":"2009 Q2"},{"Period":"2009 Q3","Central government":"2904","Local government":"2907","date":"2009-07-31T23:00:00.000Z","label":"2009 Q3"},{"Period":"2009 Q4","Central government":"2917","Local government":"2902","date":"2009-11-01T00:00:00.000Z","label":"2009 Q4"},{"Period":"2010 Q1","Central government":"2905","Local government":"2887","date":"2010-02-01T00:00:00.000Z","label":"2010 Q1"},{"Period":"2010 Q2 1","Central government":"2868","Local government":"2905","date":"2010-04-30T23:00:00.000Z","label":"2010 Q2 1"},{"Period":"2010 Q3","Central government":"2845","Local government":"2886","date":"2010-07-31T23:00:00.000Z","label":"2010 Q3"},{"Period":"2010 Q4","Central government":"2845","Local government":"2857","date":"2010-11-01T00:00:00.000Z","label":"2010 Q4"},{"Period":"2011 Q1","Central government":"2862","Local government":"2817","date":"2011-02-01T00:00:00.000Z","label":"2011 Q1"},{"Period":"2011 Q2","Central government":"2839","Local government":"2758","date":"2011-04-30T23:00:00.000Z","label":"2011 Q2"},{"Period":"2011 Q3","Central government":"2883","Local government":"2692","date":"2011-07-31T23:00:00.000Z","label":"2011 Q3"},{"Period":"2011 Q4","Central government":"2887","Local government":"2660","date":"2011-11-01T00:00:00.000Z","label":"2011 Q4"},{"Period":"2012 Q1","Central government":"2900","Local government":"2614","date":"2012-02-01T00:00:00.000Z","label":"2012 Q1"},{"Period":"2012 Q2 2 3","Central government":"2731","Local government":"2558","date":"2012-04-30T23:00:00.000Z","label":"2012 Q2 2 3"},{"Period":"2012 Q3","Central government":"2753","Local government":"2521","date":"2012-07-31T23:00:00.000Z","label":"2012 Q3"},{"Period":"2012 Q4","Central government":"2772","Local government":"2487","date":"2012-11-01T00:00:00.000Z","label":"2012 Q4"},{"Period":"2013 Q1","Central government":"2789","Local government":"2464","date":"2013-02-01T00:00:00.000Z","label":"2013 Q1"},{"Period":"2013 Q2","Central government":"2822","Local government":"2422","date":"2013-04-30T23:00:00.000Z","label":"2013 Q2"},{"Period":"2013 Q3","Central government":"2850","Local government":"2421","date":"2013-07-31T23:00:00.000Z","label":"2013 Q3"},{"Period":"2013 Q4","Central government":"2866","Local government":"2395","date":"2013-11-01T00:00:00.000Z","label":"2013 Q4"},{"Period":"2014 Q1","Central government":"2878","Local government":"2368","date":"2014-02-01T00:00:00.000Z","label":"2014 Q1"},{"Period":"2014 Q2","Central government":"2883","Local government":"2352","date":"2014-04-30T23:00:00.000Z","label":"2014 Q2"},{"Period":"2014 Q3","Central government":"2893","Local government":"2327","date":"2014-07-31T23:00:00.000Z","label":"2014 Q3"},{"Period":"2014 Q4","Central government":"2911","Local government":"2306","date":"2014-11-01T00:00:00.000Z","label":"2014 Q4"},{"Period":"2015 Q1","Central government":"2909","Local government":"2283","date":"2015-02-01T00:00:00.000Z","label":"2015 Q1"}]}