{
  "relatedBulletins": [],
  "sections": [
    {
      "title": "In this release",
      "markdown": "This publication has been discontinued as a result of the ONS Consultation on Statistical Products, 2013. The last edition of the Internet Access Quarterly Update was published on 14 May 2014, for Q1 2014. ONS will conduct a public consultation on future plans for the annual publication of estimates of Internet users and this will appear on the ONS public consultation page: [http://www.ons.gov.uk/ons/about-ons/get-involved/consultations/open-consultations/index.html](http://www.ons.gov.uk/ons/about-ons/get-involved/consultations/open-consultations/index.html \"http://www.ons.gov.uk\")\n\nThese National Statistics are produced to high professional standards and released according to the arrangements approved by the UK Statistics Authority."
    }
  ],
  "accordion": [],
  "relatedData": [],
  "charts": [],
  "tables": [],
  "type": "bulletin",
  "uri": "/peoplepopulationandcommunity/householdcharacteristics/homeinternetandsocialmediausage/bulletins/internetaccessquarterlyupdate/2014-08-20",
  "breadcrumb": [
    {
      "uri": "/"
    },
    {
      "uri": "/peoplepopulationandcommunity"
    },
    {
      "uri": "/peoplepopulationandcommunity/householdcharacteristics"
    },
    {
      "uri": "/peoplepopulationandcommunity/householdcharacteristics/homeinternetandsocialmediausage"
    }
  ],
  "description": {
    "headline1": "Discontinued",
    "edition": "Q2 2014",
    "nationalStatistic": true,
    "contact": {
      "email": "esociety@ons.gsi.gov.uk",
      "name": "David Matthews",
      "telephone": "+44 (0)1633 456756"
    },
    "releaseDate": "2014-08-20T00:00:00.000Z",
    "language": "English",
    "title": "Internet Access Quarterly Update",
    "summary": "Quarterly estimates of people who have ever or never used the Internet.",
    "keywords": [
      "internet users",
      "internet non-users",
      "disability",
      "age",
      "sex",
      "marital status",
      "region",
      "ever used",
      "never used",
      "internet use"
    ]
  }
}