{"type":"chart","title":"Figure 9.1: Waste from households, 2010 to 2012","filename":"055fbf67","uri":"/economy/environmentalaccounts/bulletins/ukenvironmentalaccounts/2015-07-09/055fbf67","subtitle":"United Kingdom","unit":"Million tonnes","source":"Environment, Food and Rural Affairs","legend":"false","hideLegend":true,"notes":"","altText":"Figure 9.1: Waste from households, 2010 to 2012","data":[{"Year":"2010","England":"22.1","Scotland":"2.8","Wales":"1.3","Northern Ireland":"0.8","date":"2010-01-01T00:00:00.000Z","label":"2010"},{"Year":"2011","England":"22.2","Scotland":"2.5","Wales":"1.3","Northern Ireland":"0.8","date":"2011-01-01T00:00:00.000Z","label":"2011"},{"Year":"2012","England":"22.0","Scotland":"2.4","Wales":"1.3","Northern Ireland":"0.8","date":"2012-01-01T00:00:00.000Z","label":"2012"}],"headers":["Year","England","Scotland","Wales","Northern Ireland"],"series":["England","Scotland","Wales","Northern Ireland"],"categories":["2010","2011","2012"],"aspectRatio":"0.56","chartType":"barline","files":[{"type":"download-png","filename":"055fbf67-download.png"},{"type":"png","filename":"055fbf67.png"}],"isTimeSeries":true,"timeSeries":[{"Year":"2010","England":"22.1","Scotland":"2.8","Wales":"1.3","Northern Ireland":"0.8","date":"2010-01-01T00:00:00.000Z","label":"2010"},{"Year":"2011","England":"22.2","Scotland":"2.5","Wales":"1.3","Northern Ireland":"0.8","date":"2011-01-01T00:00:00.000Z","label":"2011"},{"Year":"2012","England":"22.0","Scotland":"2.4","Wales":"1.3","Northern Ireland":"0.8","date":"2012-01-01T00:00:00.000Z","label":"2012"}],"chartTypes":{"England":"bar","Scotland":"bar","Wales":"bar","Northern Ireland":"bar"},"groups":[["England","Scotland","Wales","Northern Ireland"]]}