{"type":"chart","title":"Figure 3.2. Energy consumption from other sources: by source, 1990 to 2013","filename":"0b6d65e2","uri":"/economy/environmentalaccounts/bulletins/ukenvironmentalaccounts/2015-07-09/0b6d65e2","subtitle":"United Kingdom resident basis","unit":"Million tonnes of oil equivalent (Mtoe)","source":"Ricardo-AEA, Office for National Statistics","legend":"top-right","hideLegend":false,"notes":"1. Renewable and waste sources includes hydroelectric power,  solar photovoltaic, geothermal aquifers, energy from wind, wave and tide, wood, charcoal, straw, liquid biofuels, biogas from anaerobic digestion, bioethanol and biodiesel, biomass combustion, sewage gas, landfill gas, poultry litter and municipal solid waste.","altText":"Figure 3.2. Energy consumption from other sources: by source, 1990 to 2013","data":[{"":"1990","Direct use of energy from fossil fuels":"203.5","Nuclear":"16.3","Net imports":"1","Energy from renewable & waste sources1":"1.4","date":"1990-01-01T00:00:00.000Z","label":"1990"},{"":"1991","Direct use of energy from fossil fuels":"208.2","Nuclear":"17.4","Net imports":"1.4","Energy from renewable & waste sources1":"1.4","date":"1991-01-01T00:00:00.000Z","label":"1991"},{"":"1992","Direct use of energy from fossil fuels":"204.2","Nuclear":"18.5","Net imports":"1.4","Energy from renewable & waste sources1":"1.6","date":"1992-01-01T00:00:00.000Z","label":"1992"},{"":"1993","Direct use of energy from fossil fuels":"203.4","Nuclear":"21.6","Net imports":"1.4","Energy from renewable & waste sources1":"1.6","date":"1993-01-01T00:00:00.000Z","label":"1993"},{"":"1994","Direct use of energy from fossil fuels":"202.6","Nuclear":"21.2","Net imports":"1.5","Energy from renewable & waste sources1":"2.2","date":"1994-01-01T00:00:00.000Z","label":"1994"},{"":"1995","Direct use of energy from fossil fuels":"203","Nuclear":"21.3","Net imports":"1.4","Energy from renewable & waste sources1":"2.3","date":"1995-01-01T00:00:00.000Z","label":"1995"},{"":"1996","Direct use of energy from fossil fuels":"214.8","Nuclear":"22.2","Net imports":"1.4","Energy from renewable & waste sources1":"2.2","date":"1996-01-01T00:00:00.000Z","label":"1996"},{"":"1997","Direct use of energy from fossil fuels":"209.4","Nuclear":"22","Net imports":"1.4","Energy from renewable & waste sources1":"2.5","date":"1997-01-01T00:00:00.000Z","label":"1997"},{"":"1998","Direct use of energy from fossil fuels":"212.9","Nuclear":"23.4","Net imports":"1.1","Energy from renewable & waste sources1":"2.7","date":"1998-01-01T00:00:00.000Z","label":"1998"},{"":"1999","Direct use of energy from fossil fuels":"213.7","Nuclear":"22.2","Net imports":"1.2","Energy from renewable & waste sources1":"2.9","date":"1999-01-01T00:00:00.000Z","label":"1999"},{"":"2000","Direct use of energy from fossil fuels":"218.3","Nuclear":"19.6","Net imports":"1.2","Energy from renewable & waste sources1":"3","date":"2000-01-01T00:00:00.000Z","label":"2000"},{"":"2001","Direct use of energy from fossil fuels":"221.9","Nuclear":"20.8","Net imports":"0.9","Energy from renewable & waste sources1":"3.2","date":"2001-01-01T00:00:00.000Z","label":"2001"},{"":"2002","Direct use of energy from fossil fuels":"216.1","Nuclear":"20.1","Net imports":"0.7","Energy from renewable & waste sources1":"3.6","date":"2002-01-01T00:00:00.000Z","label":"2002"},{"":"2003","Direct use of energy from fossil fuels":"220.9","Nuclear":"20","Net imports":"0.2","Energy from renewable & waste sources1":"4","date":"2003-01-01T00:00:00.000Z","label":"2003"},{"":"2004","Direct use of energy from fossil fuels":"224.2","Nuclear":"18.2","Net imports":"0.6","Energy from renewable & waste sources1":"4.1","date":"2004-01-01T00:00:00.000Z","label":"2004"},{"":"2005","Direct use of energy from fossil fuels":"224.3","Nuclear":"18.4","Net imports":"0.7","Energy from renewable & waste sources1":"4.8","date":"2005-01-01T00:00:00.000Z","label":"2005"},{"":"2006","Direct use of energy from fossil fuels":"219.8","Nuclear":"17.1","Net imports":"0.6","Energy from renewable & waste sources1":"5.2","date":"2006-01-01T00:00:00.000Z","label":"2006"},{"":"2007","Direct use of energy from fossil fuels":"217.4","Nuclear":"14","Net imports":"0.4","Energy from renewable & waste sources1":"5.5","date":"2007-01-01T00:00:00.000Z","label":"2007"},{"":"2008","Direct use of energy from fossil fuels":"214.9","Nuclear":"11.9","Net imports":"0.9","Energy from renewable & waste sources1":"6.6","date":"2008-01-01T00:00:00.000Z","label":"2008"},{"":"2009","Direct use of energy from fossil fuels":"197","Nuclear":"15.2","Net imports":"0.2","Energy from renewable & waste sources1":"7.3","date":"2009-01-01T00:00:00.000Z","label":"2009"},{"":"2010","Direct use of energy from fossil fuels":"204.4","Nuclear":"13.9","Net imports":"0.2","Energy from renewable & waste sources1":"8.1","date":"2010-01-01T00:00:00.000Z","label":"2010"},{"":"2011","Direct use of energy from fossil fuels":"187.7","Nuclear":"15.6","Net imports":"0.5","Energy from renewable & waste sources1":"9","date":"2011-01-01T00:00:00.000Z","label":"2011"},{"":"2012","Direct use of energy from fossil fuels":"189.1","Nuclear":"15.2","Net imports":"1","Energy from renewable & waste sources1":"9.9","date":"2012-01-01T00:00:00.000Z","label":"2012"},{"":"2013","Direct use of energy from fossil fuels":"184.7","Nuclear":"15.4","Net imports":"1.2","Energy from renewable & waste sources1":"11.9","date":"2013-01-01T00:00:00.000Z","label":"2013"}],"headers":["","Direct use of energy from fossil fuels","Nuclear","Net imports","Energy from renewable & waste sources1"],"series":["Direct use of energy from fossil fuels","Nuclear","Net imports","Energy from renewable & waste sources1"],"categories":["1990","1991","1992","1993","1994","1995","1996","1997","1998","1999","2000","2001","2002","2003","2004","2005","2006","2007","2008","2009","2010","2011","2012","2013"],"aspectRatio":"0.56","chartType":"line","files":[{"type":"download-png","filename":"0b6d65e2-download.png"},{"type":"png","filename":"0b6d65e2.png"}],"isTimeSeries":true,"timeSeries":[{"":"1990","Direct use of energy from fossil fuels":"203.5","Nuclear":"16.3","Net imports":"1","Energy from renewable & waste sources1":"1.4","date":"1990-01-01T00:00:00.000Z","label":"1990"},{"":"1991","Direct use of energy from fossil fuels":"208.2","Nuclear":"17.4","Net imports":"1.4","Energy from renewable & waste sources1":"1.4","date":"1991-01-01T00:00:00.000Z","label":"1991"},{"":"1992","Direct use of energy from fossil fuels":"204.2","Nuclear":"18.5","Net imports":"1.4","Energy from renewable & waste sources1":"1.6","date":"1992-01-01T00:00:00.000Z","label":"1992"},{"":"1993","Direct use of energy from fossil fuels":"203.4","Nuclear":"21.6","Net imports":"1.4","Energy from renewable & waste sources1":"1.6","date":"1993-01-01T00:00:00.000Z","label":"1993"},{"":"1994","Direct use of energy from fossil fuels":"202.6","Nuclear":"21.2","Net imports":"1.5","Energy from renewable & waste sources1":"2.2","date":"1994-01-01T00:00:00.000Z","label":"1994"},{"":"1995","Direct use of energy from fossil fuels":"203","Nuclear":"21.3","Net imports":"1.4","Energy from renewable & waste sources1":"2.3","date":"1995-01-01T00:00:00.000Z","label":"1995"},{"":"1996","Direct use of energy from fossil fuels":"214.8","Nuclear":"22.2","Net imports":"1.4","Energy from renewable & waste sources1":"2.2","date":"1996-01-01T00:00:00.000Z","label":"1996"},{"":"1997","Direct use of energy from fossil fuels":"209.4","Nuclear":"22","Net imports":"1.4","Energy from renewable & waste sources1":"2.5","date":"1997-01-01T00:00:00.000Z","label":"1997"},{"":"1998","Direct use of energy from fossil fuels":"212.9","Nuclear":"23.4","Net imports":"1.1","Energy from renewable & waste sources1":"2.7","date":"1998-01-01T00:00:00.000Z","label":"1998"},{"":"1999","Direct use of energy from fossil fuels":"213.7","Nuclear":"22.2","Net imports":"1.2","Energy from renewable & waste sources1":"2.9","date":"1999-01-01T00:00:00.000Z","label":"1999"},{"":"2000","Direct use of energy from fossil fuels":"218.3","Nuclear":"19.6","Net imports":"1.2","Energy from renewable & waste sources1":"3","date":"2000-01-01T00:00:00.000Z","label":"2000"},{"":"2001","Direct use of energy from fossil fuels":"221.9","Nuclear":"20.8","Net imports":"0.9","Energy from renewable & waste sources1":"3.2","date":"2001-01-01T00:00:00.000Z","label":"2001"},{"":"2002","Direct use of energy from fossil fuels":"216.1","Nuclear":"20.1","Net imports":"0.7","Energy from renewable & waste sources1":"3.6","date":"2002-01-01T00:00:00.000Z","label":"2002"},{"":"2003","Direct use of energy from fossil fuels":"220.9","Nuclear":"20","Net imports":"0.2","Energy from renewable & waste sources1":"4","date":"2003-01-01T00:00:00.000Z","label":"2003"},{"":"2004","Direct use of energy from fossil fuels":"224.2","Nuclear":"18.2","Net imports":"0.6","Energy from renewable & waste sources1":"4.1","date":"2004-01-01T00:00:00.000Z","label":"2004"},{"":"2005","Direct use of energy from fossil fuels":"224.3","Nuclear":"18.4","Net imports":"0.7","Energy from renewable & waste sources1":"4.8","date":"2005-01-01T00:00:00.000Z","label":"2005"},{"":"2006","Direct use of energy from fossil fuels":"219.8","Nuclear":"17.1","Net imports":"0.6","Energy from renewable & waste sources1":"5.2","date":"2006-01-01T00:00:00.000Z","label":"2006"},{"":"2007","Direct use of energy from fossil fuels":"217.4","Nuclear":"14","Net imports":"0.4","Energy from renewable & waste sources1":"5.5","date":"2007-01-01T00:00:00.000Z","label":"2007"},{"":"2008","Direct use of energy from fossil fuels":"214.9","Nuclear":"11.9","Net imports":"0.9","Energy from renewable & waste sources1":"6.6","date":"2008-01-01T00:00:00.000Z","label":"2008"},{"":"2009","Direct use of energy from fossil fuels":"197","Nuclear":"15.2","Net imports":"0.2","Energy from renewable & waste sources1":"7.3","date":"2009-01-01T00:00:00.000Z","label":"2009"},{"":"2010","Direct use of energy from fossil fuels":"204.4","Nuclear":"13.9","Net imports":"0.2","Energy from renewable & waste sources1":"8.1","date":"2010-01-01T00:00:00.000Z","label":"2010"},{"":"2011","Direct use of energy from fossil fuels":"187.7","Nuclear":"15.6","Net imports":"0.5","Energy from renewable & waste sources1":"9","date":"2011-01-01T00:00:00.000Z","label":"2011"},{"":"2012","Direct use of energy from fossil fuels":"189.1","Nuclear":"15.2","Net imports":"1","Energy from renewable & waste sources1":"9.9","date":"2012-01-01T00:00:00.000Z","label":"2012"},{"":"2013","Direct use of energy from fossil fuels":"184.7","Nuclear":"15.4","Net imports":"1.2","Energy from renewable & waste sources1":"11.9","date":"2013-01-01T00:00:00.000Z","label":"2013"}]}