{"type":"chart","title":"Figure 18.2: Value of 3 woodland ecosystem services, 2009 to 2013","filename":"0c8d0553","uri":"/economy/environmentalaccounts/bulletins/ukenvironmentalaccounts/2015-07-09/0c8d0553","subtitle":"United Kingdom","unit":"£million","source":"Office for National Statistics","legend":"top-left","hideLegend":false,"notes":"1. Prices are in 2013 constant prices","altText":"Figure 18.2: Value of 3 woodland ecosystem services, 2009 to 2013","data":[{"Woodland":"2009","Biomass for timber":"112","Carbon sequestration":"981","Recreation":"1701","date":"2009-01-01T00:00:00.000Z","label":"2009"},{"Woodland":"2010","Biomass for timber":"170","Carbon sequestration":"997","Recreation":"1749","date":"2010-01-01T00:00:00.000Z","label":"2010"},{"Woodland":"2011","Biomass for timber":"186","Carbon sequestration":"1006","Recreation":"1922","date":"2011-01-01T00:00:00.000Z","label":"2011"},{"Woodland":"2012","Biomass for timber":"174","Carbon sequestration":"964","Recreation":"1915","date":"2012-01-01T00:00:00.000Z","label":"2012"},{"Woodland":"2013","Biomass for timber":"216","Carbon sequestration":"995","Recreation":"2028","date":"2013-01-01T00:00:00.000Z","label":"2013"}],"headers":["Woodland","Biomass for timber","Carbon sequestration","Recreation"],"series":["Biomass for timber","Carbon sequestration","Recreation"],"categories":["2009","2010","2011","2012","2013"],"aspectRatio":"0.56","chartType":"barline","files":[{"type":"download-png","filename":"0c8d0553-download.png"},{"type":"png","filename":"0c8d0553.png"}],"isTimeSeries":true,"timeSeries":[{"Woodland":"2009","Biomass for timber":"112","Carbon sequestration":"981","Recreation":"1701","date":"2009-01-01T00:00:00.000Z","label":"2009"},{"Woodland":"2010","Biomass for timber":"170","Carbon sequestration":"997","Recreation":"1749","date":"2010-01-01T00:00:00.000Z","label":"2010"},{"Woodland":"2011","Biomass for timber":"186","Carbon sequestration":"1006","Recreation":"1922","date":"2011-01-01T00:00:00.000Z","label":"2011"},{"Woodland":"2012","Biomass for timber":"174","Carbon sequestration":"964","Recreation":"1915","date":"2012-01-01T00:00:00.000Z","label":"2012"},{"Woodland":"2013","Biomass for timber":"216","Carbon sequestration":"995","Recreation":"2028","date":"2013-01-01T00:00:00.000Z","label":"2013"}],"chartTypes":{"Biomass for timber":"bar","Carbon sequestration":"bar","Recreation":"bar"},"groups":[["Biomass for timber","Carbon sequestration","Recreation"]]}