{"type":"chart","title":"Figure 6.1. Greenhouse gas emissions intensity, 1997 to 2013","filename":"30da2316","uri":"/economy/environmentalaccounts/bulletins/ukenvironmentalaccounts/2015-07-09/30da2316","subtitle":"United Kingdom residency basis","unit":"Thousand tonnes  of carbon dioxide equivalent/£ million","source":"Ricardo-AEA, Office for National Statistics","legend":"false","hideLegend":true,"notes":"","altText":"Figure 6.1. Greenhouse gas emissions intensity, 1997 to 2013","data":[{"Year":"1997","Intensity":"0.61","date":"1997-01-01T00:00:00.000Z","label":"1997"},{"Year":"1998","Intensity":"0.58","date":"1998-01-01T00:00:00.000Z","label":"1998"},{"Year":"1999","Intensity":"0.54","date":"1999-01-01T00:00:00.000Z","label":"1999"},{"Year":"2000","Intensity":"0.52","date":"2000-01-01T00:00:00.000Z","label":"2000"},{"Year":"2001","Intensity":"0.51","date":"2001-01-01T00:00:00.000Z","label":"2001"},{"Year":"2002","Intensity":"0.49","date":"2002-01-01T00:00:00.000Z","label":"2002"},{"Year":"2003","Intensity":"0.48","date":"2003-01-01T00:00:00.000Z","label":"2003"},{"Year":"2004","Intensity":"0.46","date":"2004-01-01T00:00:00.000Z","label":"2004"},{"Year":"2005","Intensity":"0.45","date":"2005-01-01T00:00:00.000Z","label":"2005"},{"Year":"2006","Intensity":"0.43","date":"2006-01-01T00:00:00.000Z","label":"2006"},{"Year":"2007","Intensity":"0.41","date":"2007-01-01T00:00:00.000Z","label":"2007"},{"Year":"2008","Intensity":"0.40","date":"2008-01-01T00:00:00.000Z","label":"2008"},{"Year":"2009","Intensity":"0.38","date":"2009-01-01T00:00:00.000Z","label":"2009"},{"Year":"2010","Intensity":"0.38","date":"2010-01-01T00:00:00.000Z","label":"2010"},{"Year":"2011","Intensity":"0.35","date":"2011-01-01T00:00:00.000Z","label":"2011"},{"Year":"2012","Intensity":"0.35","date":"2012-01-01T00:00:00.000Z","label":"2012"},{"Year":"2013","Intensity":"0.34","date":"2013-01-01T00:00:00.000Z","label":"2013"}],"headers":["Year","Intensity"],"series":["Intensity"],"categories":["1997","1998","1999","2000","2001","2002","2003","2004","2005","2006","2007","2008","2009","2010","2011","2012","2013"],"aspectRatio":"0.56","chartType":"line","files":[{"type":"download-png","filename":"30da2316-download.png"},{"type":"png","filename":"30da2316.png"}],"isTimeSeries":true,"timeSeries":[{"Year":"1997","Intensity":"0.61","date":"1997-01-01T00:00:00.000Z","label":"1997"},{"Year":"1998","Intensity":"0.58","date":"1998-01-01T00:00:00.000Z","label":"1998"},{"Year":"1999","Intensity":"0.54","date":"1999-01-01T00:00:00.000Z","label":"1999"},{"Year":"2000","Intensity":"0.52","date":"2000-01-01T00:00:00.000Z","label":"2000"},{"Year":"2001","Intensity":"0.51","date":"2001-01-01T00:00:00.000Z","label":"2001"},{"Year":"2002","Intensity":"0.49","date":"2002-01-01T00:00:00.000Z","label":"2002"},{"Year":"2003","Intensity":"0.48","date":"2003-01-01T00:00:00.000Z","label":"2003"},{"Year":"2004","Intensity":"0.46","date":"2004-01-01T00:00:00.000Z","label":"2004"},{"Year":"2005","Intensity":"0.45","date":"2005-01-01T00:00:00.000Z","label":"2005"},{"Year":"2006","Intensity":"0.43","date":"2006-01-01T00:00:00.000Z","label":"2006"},{"Year":"2007","Intensity":"0.41","date":"2007-01-01T00:00:00.000Z","label":"2007"},{"Year":"2008","Intensity":"0.40","date":"2008-01-01T00:00:00.000Z","label":"2008"},{"Year":"2009","Intensity":"0.38","date":"2009-01-01T00:00:00.000Z","label":"2009"},{"Year":"2010","Intensity":"0.38","date":"2010-01-01T00:00:00.000Z","label":"2010"},{"Year":"2011","Intensity":"0.35","date":"2011-01-01T00:00:00.000Z","label":"2011"},{"Year":"2012","Intensity":"0.35","date":"2012-01-01T00:00:00.000Z","label":"2012"},{"Year":"2013","Intensity":"0.34","date":"2013-01-01T00:00:00.000Z","label":"2013"}]}