{"type":"chart","title":"Figure 1.1: Mean air temperature, 1990 to 2014","filename":"38d8c337","uri":"/economy/environmentalaccounts/bulletins/ukenvironmentalaccounts/2015-07-09/38d8c337","subtitle":"United Kingdom","unit":"°C","source":"Met Office","legend":"false","hideLegend":true,"notes":"","altText":"Figure 1.1: Mean air temperature, 1990 to 2014","data":[{"Year":"1990","°C":"9.4","date":"1990-01-01T00:00:00.000Z","label":"1990"},{"Year":"1991","°C":"8.6","date":"1991-01-01T00:00:00.000Z","label":"1991"},{"Year":"1992","°C":"8.7","date":"1992-01-01T00:00:00.000Z","label":"1992"},{"Year":"1993","°C":"8.4","date":"1993-01-01T00:00:00.000Z","label":"1993"},{"Year":"1994","°C":"8.9","date":"1994-01-01T00:00:00.000Z","label":"1994"},{"Year":"1995","°C":"9.2","date":"1995-01-01T00:00:00.000Z","label":"1995"},{"Year":"1996","°C":"8.2","date":"1996-01-01T00:00:00.000Z","label":"1996"},{"Year":"1997","°C":"9.4","date":"1997-01-01T00:00:00.000Z","label":"1997"},{"Year":"1998","°C":"9.1","date":"1998-01-01T00:00:00.000Z","label":"1998"},{"Year":"1999","°C":"9.4","date":"1999-01-01T00:00:00.000Z","label":"1999"},{"Year":"2000","°C":"9.1","date":"2000-01-01T00:00:00.000Z","label":"2000"},{"Year":"2001","°C":"8.8","date":"2001-01-01T00:00:00.000Z","label":"2001"},{"Year":"2002","°C":"9.5","date":"2002-01-01T00:00:00.000Z","label":"2002"},{"Year":"2003","°C":"9.5","date":"2003-01-01T00:00:00.000Z","label":"2003"},{"Year":"2004","°C":"9.5","date":"2004-01-01T00:00:00.000Z","label":"2004"},{"Year":"2005","°C":"9.5","date":"2005-01-01T00:00:00.000Z","label":"2005"},{"Year":"2006","°C":"9.7","date":"2006-01-01T00:00:00.000Z","label":"2006"},{"Year":"2007","°C":"9.6","date":"2007-01-01T00:00:00.000Z","label":"2007"},{"Year":"2008","°C":"9.1","date":"2008-01-01T00:00:00.000Z","label":"2008"},{"Year":"2009","°C":"9.2","date":"2009-01-01T00:00:00.000Z","label":"2009"},{"Year":"2010","°C":"8.0","date":"2010-01-01T00:00:00.000Z","label":"2010"},{"Year":"2011","°C":"9.6","date":"2011-01-01T00:00:00.000Z","label":"2011"},{"Year":"2012","°C":"8.8","date":"2012-01-01T00:00:00.000Z","label":"2012"},{"Year":"2013","°C":"8.8","date":"2013-01-01T00:00:00.000Z","label":"2013"},{"Year":"2014","°C":"9.9","date":"2014-01-01T00:00:00.000Z","label":"2014"}],"headers":["Year","°C"],"series":["°C"],"categories":["1990","1991","1992","1993","1994","1995","1996","1997","1998","1999","2000","2001","2002","2003","2004","2005","2006","2007","2008","2009","2010","2011","2012","2013","2014"],"aspectRatio":"0.56","chartType":"line","files":[{"type":"download-png","filename":"38d8c337-download.png"},{"type":"png","filename":"38d8c337.png"}],"isTimeSeries":true,"timeSeries":[{"Year":"1990","°C":"9.4","date":"1990-01-01T00:00:00.000Z","label":"1990"},{"Year":"1991","°C":"8.6","date":"1991-01-01T00:00:00.000Z","label":"1991"},{"Year":"1992","°C":"8.7","date":"1992-01-01T00:00:00.000Z","label":"1992"},{"Year":"1993","°C":"8.4","date":"1993-01-01T00:00:00.000Z","label":"1993"},{"Year":"1994","°C":"8.9","date":"1994-01-01T00:00:00.000Z","label":"1994"},{"Year":"1995","°C":"9.2","date":"1995-01-01T00:00:00.000Z","label":"1995"},{"Year":"1996","°C":"8.2","date":"1996-01-01T00:00:00.000Z","label":"1996"},{"Year":"1997","°C":"9.4","date":"1997-01-01T00:00:00.000Z","label":"1997"},{"Year":"1998","°C":"9.1","date":"1998-01-01T00:00:00.000Z","label":"1998"},{"Year":"1999","°C":"9.4","date":"1999-01-01T00:00:00.000Z","label":"1999"},{"Year":"2000","°C":"9.1","date":"2000-01-01T00:00:00.000Z","label":"2000"},{"Year":"2001","°C":"8.8","date":"2001-01-01T00:00:00.000Z","label":"2001"},{"Year":"2002","°C":"9.5","date":"2002-01-01T00:00:00.000Z","label":"2002"},{"Year":"2003","°C":"9.5","date":"2003-01-01T00:00:00.000Z","label":"2003"},{"Year":"2004","°C":"9.5","date":"2004-01-01T00:00:00.000Z","label":"2004"},{"Year":"2005","°C":"9.5","date":"2005-01-01T00:00:00.000Z","label":"2005"},{"Year":"2006","°C":"9.7","date":"2006-01-01T00:00:00.000Z","label":"2006"},{"Year":"2007","°C":"9.6","date":"2007-01-01T00:00:00.000Z","label":"2007"},{"Year":"2008","°C":"9.1","date":"2008-01-01T00:00:00.000Z","label":"2008"},{"Year":"2009","°C":"9.2","date":"2009-01-01T00:00:00.000Z","label":"2009"},{"Year":"2010","°C":"8.0","date":"2010-01-01T00:00:00.000Z","label":"2010"},{"Year":"2011","°C":"9.6","date":"2011-01-01T00:00:00.000Z","label":"2011"},{"Year":"2012","°C":"8.8","date":"2012-01-01T00:00:00.000Z","label":"2012"},{"Year":"2013","°C":"8.8","date":"2013-01-01T00:00:00.000Z","label":"2013"},{"Year":"2014","°C":"9.9","date":"2014-01-01T00:00:00.000Z","label":"2014"}]}