{"type":"chart","title":"Figure 3.3 Reallocated energy consumption: by industrial sector, 2013","filename":"47863209","uri":"/economy/environmentalaccounts/bulletins/ukenvironmentalaccounts/2015-07-09/47863209","subtitle":"United Kingdom resident basis","unit":"Percentage","source":"Ricardo-AEA, Office for National Statistics","legend":"false","hideLegend":true,"notes":"1. These industry aggregations are based on the Standard Industrial Classification (SIC) 2007.\n2.* The household category includes consumer expenditure and activities of households as employers; undifferentiated goods and services-producing activities of households for own use.","altText":"Figure 3.3 Reallocated energy consumption: by industrial sector, 2013","data":[{"2013":"37.4","Economic sector":"Households*"},{"2013":"21","Economic sector":"Manufacturing"},{"2013":"14.8","Economic sector":"Transport and storage; information and communication"},{"2013":"5.6","Economic sector":"Wholesale and retail trade; repair of motor vehicles and motorcycles"},{"2013":"5.3","Economic sector":"Energy supply water and waste"},{"2013":"2.5","Economic sector":"Mining and quarrying"},{"2013":"2.7","Economic sector":"Construction"},{"2013":"2","Economic sector":"Real estate; professional; administrative and support service activities"},{"2013":"1.4","Economic sector":"Public administration and defence; compulsory social security"},{"2013":"1.2","Economic sector":"Human health and social work activities"},{"2013":"1.3","Economic sector":"Agriculture forestry and fishing"},{"2013":"1.5","Economic sector":"Accommodation and food services"},{"2013":"1.2","Economic sector":"Financial and insurance activities"},{"2013":"0.9","Economic sector":"Education"},{"2013":"1.1","Economic sector":"Arts entertainment and recreation; other service activities"}],"headers":["Economic sector","2013"],"series":["2013"],"categories":["Households*","Manufacturing","Transport and storage; information and communication","Wholesale and retail trade; repair of motor vehicles and motorcycles","Energy supply water and waste","Mining and quarrying","Construction","Real estate; professional; administrative and support service activities","Public administration and defence; compulsory social security","Human health and social work activities","Agriculture forestry and fishing","Accommodation and food services","Financial and insurance activities","Education","Arts entertainment and recreation; other service activities"],"aspectRatio":"1.3","chartType":"rotated","files":[{"type":"download-png","filename":"47863209-download.png"},{"type":"png","filename":"47863209.png"}],"isTimeSeries":true,"timeSeries":[{"2013":"37.4","Economic sector":"Households<sup> xyz </sup>2","date":"2001-02-01T00:00:00.000Z","label":"Households<sup> xyz </sup>2"}]}