{"type":"chart","title":"Figure 8.1: Changes in output, value added and employment of the EGSS, 2010 and 2012","filename":"4e0f05b1","uri":"/economy/environmentalaccounts/bulletins/ukenvironmentalaccounts/2015-07-09/4e0f05b1","subtitle":"United Kingdom","unit":"Index 2010 = 100","source":"Office for National Statistics","legend":"top-left","hideLegend":false,"notes":"","altText":"Figure 8.1: Changes in output, value added and employment of the EGSS, 2010 and 2012","data":[{"Economic variable":"2010","Total output":" 100.0 ","Total GVA":" 100.0 ","Total Employment":" 100.0 ","date":"2010-01-01T00:00:00.000Z","label":"2010"},{"Economic variable":"2011","Total output":" 103.9 ","Total GVA":" 99.8 ","Total Employment":" 102.9 ","date":"2011-01-01T00:00:00.000Z","label":"2011"},{"Economic variable":"2012","Total output":" 109.1 ","Total GVA":" 101.5 ","Total Employment":" 105.3","date":"2012-01-01T00:00:00.000Z","label":"2012"}],"headers":["Economic variable","Total output","Total GVA","Total Employment"],"series":["Total output","Total GVA","Total Employment"],"categories":["2010","2011","2012"],"aspectRatio":"0.56","chartType":"line","files":[{"type":"download-png","filename":"4e0f05b1-download.png"},{"type":"png","filename":"4e0f05b1.png"}],"isTimeSeries":true,"timeSeries":[{"Economic variable":"2010","Total output":" 100.0 ","Total GVA":" 100.0 ","Total Employment":" 100.0 ","date":"2010-01-01T00:00:00.000Z","label":"2010"},{"Economic variable":"2011","Total output":" 103.9 ","Total GVA":" 99.8 ","Total Employment":" 102.9 ","date":"2011-01-01T00:00:00.000Z","label":"2011"},{"Economic variable":"2012","Total output":" 109.1 ","Total GVA":" 101.5 ","Total Employment":" 105.3","date":"2012-01-01T00:00:00.000Z","label":"2012"}]}