{"type":"chart","title":"Figure 17.1: Monetary value of timber resources, 2011 to 2014","filename":"5afe3d27","uri":"/economy/environmentalaccounts/bulletins/ukenvironmentalaccounts/2015-07-09/5afe3d27","subtitle":"United Kingdom","unit":"£ million (2014 prices)","source":"National Forest Inventory (Forestry Commission, 2011); UK Wood Production and Trade: 2014 provisional figures; Woodland Area, Planting & Restocking - 2015 edition (Forestry Commission, 2015); 50-year forecast of softwood timber availability (Forestry Commission, 2014); 50-year forecast of hardwood timber availability (Forestry Commission, 2014); Timber Price Indices: Data to March 2015 (Forestry Commission, 2015); ONS calculations. ","legend":"false","hideLegend":true,"notes":"1. United National (2014): System of Environmental-Economic Accounting 2012 Central Framework \n2. Khan, Greene, Hoo (2013) Monetary valuation of UK timber resources \n3. Khan and Hoo: Measuring UK Woodland Area and Timber Resources  \n4. Khan and Hoo: Measuring UK Woodland Area and Timber Resources ","altText":"","data":[{"":"2011","Monetary value of UK Timber resources":"6857","date":"2011-01-01T00:00:00.000Z","label":"2011"},{"":"2012","Monetary value of UK Timber resources":"7054","date":"2012-01-01T00:00:00.000Z","label":"2012"},{"":"2013","Monetary value of UK Timber resources":"7254","date":"2013-01-01T00:00:00.000Z","label":"2013"},{"":"2014","Monetary value of UK Timber resources":"7494","date":"2014-01-01T00:00:00.000Z","label":"2014"}],"headers":["","Monetary value of UK Timber resources"],"series":["Monetary value of UK Timber resources"],"categories":["2011","2012","2013","2014"],"aspectRatio":"0.56","chartType":"bar","files":[{"type":"download-png","filename":"5afe3d27-download.png"},{"type":"png","filename":"5afe3d27.png"}],"isTimeSeries":true,"timeSeries":[{"":"2011","Monetary value of UK Timber resources":"6857","date":"2011-01-01T00:00:00.000Z","label":"2011"},{"":"2012","Monetary value of UK Timber resources":"7054","date":"2012-01-01T00:00:00.000Z","label":"2012"},{"":"2013","Monetary value of UK Timber resources":"7254","date":"2013-01-01T00:00:00.000Z","label":"2013"},{"":"2014","Monetary value of UK Timber resources":"7494","date":"2014-01-01T00:00:00.000Z","label":"2014"}]}