{"type":"chart","title":"Figure 2.1 Total fuel use, 1990 to 2013","filename":"64084d47","uri":"/economy/environmentalaccounts/bulletins/ukenvironmentalaccounts/2015-07-09/64084d47","subtitle":"United Kingdom resident basis","unit":"Million tonnes of oil equivalent (Mtoe)","source":"Ricardo-AEA, Office for National Statistics","legend":"false","hideLegend":true,"notes":"","altText":"Figure 2.1 Total fuel use, 1990 to 2013","data":[{"Year":"1990","Total fuel use":"213.5","date":"1990-01-01T00:00:00.000Z","label":"1990"},{"Year":"1991","Total fuel use":"217.7","date":"1991-01-01T00:00:00.000Z","label":"1991"},{"Year":"1992","Total fuel use":"213","date":"1992-01-01T00:00:00.000Z","label":"1992"},{"Year":"1993","Total fuel use":"211.9","date":"1993-01-01T00:00:00.000Z","label":"1993"},{"Year":"1994","Total fuel use":"211.2","date":"1994-01-01T00:00:00.000Z","label":"1994"},{"Year":"1995","Total fuel use":"211.7","date":"1995-01-01T00:00:00.000Z","label":"1995"},{"Year":"1996","Total fuel use":"223.6","date":"1996-01-01T00:00:00.000Z","label":"1996"},{"Year":"1997","Total fuel use":"218","date":"1997-01-01T00:00:00.000Z","label":"1997"},{"Year":"1998","Total fuel use":"221.5","date":"1998-01-01T00:00:00.000Z","label":"1998"},{"Year":"1999","Total fuel use":"221.8","date":"1999-01-01T00:00:00.000Z","label":"1999"},{"Year":"2000","Total fuel use":"226.6","date":"2000-01-01T00:00:00.000Z","label":"2000"},{"Year":"2001","Total fuel use":"229.2","date":"2001-01-01T00:00:00.000Z","label":"2001"},{"Year":"2002","Total fuel use":"222.4","date":"2002-01-01T00:00:00.000Z","label":"2002"},{"Year":"2003","Total fuel use":"227.4","date":"2003-01-01T00:00:00.000Z","label":"2003"},{"Year":"2004","Total fuel use":"230.4","date":"2004-01-01T00:00:00.000Z","label":"2004"},{"Year":"2005","Total fuel use":"230.4","date":"2005-01-01T00:00:00.000Z","label":"2005"},{"Year":"2006","Total fuel use":"226.2","date":"2006-01-01T00:00:00.000Z","label":"2006"},{"Year":"2007","Total fuel use":"223.7","date":"2007-01-01T00:00:00.000Z","label":"2007"},{"Year":"2008","Total fuel use":"221","date":"2008-01-01T00:00:00.000Z","label":"2008"},{"Year":"2009","Total fuel use":"202","date":"2009-01-01T00:00:00.000Z","label":"2009"},{"Year":"2010","Total fuel use":"209.8","date":"2010-01-01T00:00:00.000Z","label":"2010"},{"Year":"2011","Total fuel use":"192.9","date":"2011-01-01T00:00:00.000Z","label":"2011"},{"Year":"2012","Total fuel use":"194.2","date":"2012-01-01T00:00:00.000Z","label":"2012"},{"Year":"2013","Total fuel use":"190.3","date":"2013-01-01T00:00:00.000Z","label":"2013"}],"headers":["Year","Total fuel use"],"series":["Total fuel use"],"categories":["1990","1991","1992","1993","1994","1995","1996","1997","1998","1999","2000","2001","2002","2003","2004","2005","2006","2007","2008","2009","2010","2011","2012","2013"],"aspectRatio":"0.56","chartType":"line","files":[{"type":"download-png","filename":"64084d47-download.png"},{"type":"png","filename":"64084d47.png"}],"isTimeSeries":true,"timeSeries":[{"Year":"1990","Total fuel use":"213.5","date":"1990-01-01T00:00:00.000Z","label":"1990"},{"Year":"1991","Total fuel use":"217.7","date":"1991-01-01T00:00:00.000Z","label":"1991"},{"Year":"1992","Total fuel use":"213","date":"1992-01-01T00:00:00.000Z","label":"1992"},{"Year":"1993","Total fuel use":"211.9","date":"1993-01-01T00:00:00.000Z","label":"1993"},{"Year":"1994","Total fuel use":"211.2","date":"1994-01-01T00:00:00.000Z","label":"1994"},{"Year":"1995","Total fuel use":"211.7","date":"1995-01-01T00:00:00.000Z","label":"1995"},{"Year":"1996","Total fuel use":"223.6","date":"1996-01-01T00:00:00.000Z","label":"1996"},{"Year":"1997","Total fuel use":"218","date":"1997-01-01T00:00:00.000Z","label":"1997"},{"Year":"1998","Total fuel use":"221.5","date":"1998-01-01T00:00:00.000Z","label":"1998"},{"Year":"1999","Total fuel use":"221.8","date":"1999-01-01T00:00:00.000Z","label":"1999"},{"Year":"2000","Total fuel use":"226.6","date":"2000-01-01T00:00:00.000Z","label":"2000"},{"Year":"2001","Total fuel use":"229.2","date":"2001-01-01T00:00:00.000Z","label":"2001"},{"Year":"2002","Total fuel use":"222.4","date":"2002-01-01T00:00:00.000Z","label":"2002"},{"Year":"2003","Total fuel use":"227.4","date":"2003-01-01T00:00:00.000Z","label":"2003"},{"Year":"2004","Total fuel use":"230.4","date":"2004-01-01T00:00:00.000Z","label":"2004"},{"Year":"2005","Total fuel use":"230.4","date":"2005-01-01T00:00:00.000Z","label":"2005"},{"Year":"2006","Total fuel use":"226.2","date":"2006-01-01T00:00:00.000Z","label":"2006"},{"Year":"2007","Total fuel use":"223.7","date":"2007-01-01T00:00:00.000Z","label":"2007"},{"Year":"2008","Total fuel use":"221","date":"2008-01-01T00:00:00.000Z","label":"2008"},{"Year":"2009","Total fuel use":"202","date":"2009-01-01T00:00:00.000Z","label":"2009"},{"Year":"2010","Total fuel use":"209.8","date":"2010-01-01T00:00:00.000Z","label":"2010"},{"Year":"2011","Total fuel use":"192.9","date":"2011-01-01T00:00:00.000Z","label":"2011"},{"Year":"2012","Total fuel use":"194.2","date":"2012-01-01T00:00:00.000Z","label":"2012"},{"Year":"2013","Total fuel use":"190.3","date":"2013-01-01T00:00:00.000Z","label":"2013"}]}