{"type":"chart","title":"Figure 2.2 Fuel use: by type, 1990 to 2013","filename":"7b93de7d","uri":"/economy/environmentalaccounts/bulletins/ukenvironmentalaccounts/2015-07-09/7b93de7d","subtitle":"United Kingdom resident basis","unit":"Million tonnes of oil equivalent (Mtoe)","source":"Ricardo-AEA, Office for National Statistics","legend":"top-left","hideLegend":false,"notes":"","altText":"Figure 2.2 Fuel use: by type, 1990 to 2013","data":[{"Fuel type":"1990","Coal":"66.3","Natural gas":"51.4","Petrol":"27.3","Derv":"11.8","date":"1990-01-01T00:00:00.000Z","label":"1990"},{"Fuel type":"1991","Coal":"65.9","Natural gas":"55.2","Petrol":"27","Derv":"11.9","date":"1991-01-01T00:00:00.000Z","label":"1991"},{"Fuel type":"1992","Coal":"61.7","Natural gas":"54.5","Petrol":"27","Derv":"12.4","date":"1992-01-01T00:00:00.000Z","label":"1992"},{"Fuel type":"1993","Coal":"53","Natural gas":"59.9","Petrol":"26.7","Derv":"13.1","date":"1993-01-01T00:00:00.000Z","label":"1993"},{"Fuel type":"1994","Coal":"49.7","Natural gas":"63.9","Petrol":"25.7","Derv":"14.3","date":"1994-01-01T00:00:00.000Z","label":"1994"},{"Fuel type":"1995","Coal":"47.7","Natural gas":"67.6","Petrol":"24.7","Derv":"14.9","date":"1995-01-01T00:00:00.000Z","label":"1995"},{"Fuel type":"1996","Coal":"44.3","Natural gas":"78.8","Petrol":"25.2","Derv":"15.9","date":"1996-01-01T00:00:00.000Z","label":"1996"},{"Fuel type":"1997","Coal":"39.6","Natural gas":"81.2","Petrol":"25","Derv":"16.8","date":"1997-01-01T00:00:00.000Z","label":"1997"},{"Fuel type":"1998","Coal":"40","Natural gas":"85.5","Petrol":"24.6","Derv":"17.1","date":"1998-01-01T00:00:00.000Z","label":"1998"},{"Fuel type":"1999","Coal":"35.2","Natural gas":"91.9","Petrol":"24.6","Derv":"17.5","date":"1999-01-01T00:00:00.000Z","label":"1999"},{"Fuel type":"2000","Coal":"37.8","Natural gas":"95.2","Petrol":"24.1","Derv":"17.6","date":"2000-01-01T00:00:00.000Z","label":"2000"},{"Fuel type":"2001","Coal":"40.2","Natural gas":"95","Petrol":"23.6","Derv":"18.1","date":"2001-01-01T00:00:00.000Z","label":"2001"},{"Fuel type":"2002","Coal":"36.8","Natural gas":"93.7","Petrol":"23.5","Derv":"19","date":"2002-01-01T00:00:00.000Z","label":"2002"},{"Fuel type":"2003","Coal":"39.6","Natural gas":"94.4","Petrol":"22.5","Derv":"19.8","date":"2003-01-01T00:00:00.000Z","label":"2003"},{"Fuel type":"2004","Coal":"38.1","Natural gas":"96.2","Petrol":"22","Derv":"20.6","date":"2004-01-01T00:00:00.000Z","label":"2004"},{"Fuel type":"2005","Coal":"39.2","Natural gas":"93.6","Petrol":"21.3","Derv":"21.6","date":"2005-01-01T00:00:00.000Z","label":"2005"},{"Fuel type":"2006","Coal":"43","Natural gas":"88.7","Petrol":"20.4","Derv":"22.5","date":"2006-01-01T00:00:00.000Z","label":"2006"},{"Fuel type":"2007","Coal":"40.3","Natural gas":"89.7","Petrol":"19.9","Derv":"23.3","date":"2007-01-01T00:00:00.000Z","label":"2007"},{"Fuel type":"2008","Coal":"37.4","Natural gas":"92.9","Petrol":"18.6","Derv":"22.7","date":"2008-01-01T00:00:00.000Z","label":"2008"},{"Fuel type":"2009","Coal":"31.3","Natural gas":"85.9","Petrol":"17.6","Derv":"22.3","date":"2009-01-01T00:00:00.000Z","label":"2009"},{"Fuel type":"2010","Coal":"32.5","Natural gas":"92.8","Petrol":"16.4","Derv":"23","date":"2010-01-01T00:00:00.000Z","label":"2010"},{"Fuel type":"2011","Coal":"32.9","Natural gas":"77.1","Petrol":"15.6","Derv":"23.3","date":"2011-01-01T00:00:00.000Z","label":"2011"},{"Fuel type":"2012","Coal":"40.8","Natural gas":"73","Petrol":"15","Derv":"23.9","date":"2012-01-01T00:00:00.000Z","label":"2012"},{"Fuel type":"2013","Coal":"38.7","Natural gas":"72.2","Petrol":"14.2","Derv":"24.3","date":"2013-01-01T00:00:00.000Z","label":"2013"}],"headers":["Fuel type","Coal","Natural gas","Petrol","Derv"],"series":["Coal","Natural gas","Petrol","Derv"],"categories":["1990","1991","1992","1993","1994","1995","1996","1997","1998","1999","2000","2001","2002","2003","2004","2005","2006","2007","2008","2009","2010","2011","2012","2013"],"aspectRatio":"0.56","chartType":"line","files":[{"type":"download-png","filename":"7b93de7d-download.png"},{"type":"png","filename":"7b93de7d.png"}],"isTimeSeries":true,"timeSeries":[{"Fuel type":"1990","Coal":"66.3","Natural gas":"51.4","Petrol":"27.3","Derv":"11.8","date":"1990-01-01T00:00:00.000Z","label":"1990"},{"Fuel type":"1991","Coal":"65.9","Natural gas":"55.2","Petrol":"27","Derv":"11.9","date":"1991-01-01T00:00:00.000Z","label":"1991"},{"Fuel type":"1992","Coal":"61.7","Natural gas":"54.5","Petrol":"27","Derv":"12.4","date":"1992-01-01T00:00:00.000Z","label":"1992"},{"Fuel type":"1993","Coal":"53","Natural gas":"59.9","Petrol":"26.7","Derv":"13.1","date":"1993-01-01T00:00:00.000Z","label":"1993"},{"Fuel type":"1994","Coal":"49.7","Natural gas":"63.9","Petrol":"25.7","Derv":"14.3","date":"1994-01-01T00:00:00.000Z","label":"1994"},{"Fuel type":"1995","Coal":"47.7","Natural gas":"67.6","Petrol":"24.7","Derv":"14.9","date":"1995-01-01T00:00:00.000Z","label":"1995"},{"Fuel type":"1996","Coal":"44.3","Natural gas":"78.8","Petrol":"25.2","Derv":"15.9","date":"1996-01-01T00:00:00.000Z","label":"1996"},{"Fuel type":"1997","Coal":"39.6","Natural gas":"81.2","Petrol":"25","Derv":"16.8","date":"1997-01-01T00:00:00.000Z","label":"1997"},{"Fuel type":"1998","Coal":"40","Natural gas":"85.5","Petrol":"24.6","Derv":"17.1","date":"1998-01-01T00:00:00.000Z","label":"1998"},{"Fuel type":"1999","Coal":"35.2","Natural gas":"91.9","Petrol":"24.6","Derv":"17.5","date":"1999-01-01T00:00:00.000Z","label":"1999"},{"Fuel type":"2000","Coal":"37.8","Natural gas":"95.2","Petrol":"24.1","Derv":"17.6","date":"2000-01-01T00:00:00.000Z","label":"2000"},{"Fuel type":"2001","Coal":"40.2","Natural gas":"95","Petrol":"23.6","Derv":"18.1","date":"2001-01-01T00:00:00.000Z","label":"2001"},{"Fuel type":"2002","Coal":"36.8","Natural gas":"93.7","Petrol":"23.5","Derv":"19","date":"2002-01-01T00:00:00.000Z","label":"2002"},{"Fuel type":"2003","Coal":"39.6","Natural gas":"94.4","Petrol":"22.5","Derv":"19.8","date":"2003-01-01T00:00:00.000Z","label":"2003"},{"Fuel type":"2004","Coal":"38.1","Natural gas":"96.2","Petrol":"22","Derv":"20.6","date":"2004-01-01T00:00:00.000Z","label":"2004"},{"Fuel type":"2005","Coal":"39.2","Natural gas":"93.6","Petrol":"21.3","Derv":"21.6","date":"2005-01-01T00:00:00.000Z","label":"2005"},{"Fuel type":"2006","Coal":"43","Natural gas":"88.7","Petrol":"20.4","Derv":"22.5","date":"2006-01-01T00:00:00.000Z","label":"2006"},{"Fuel type":"2007","Coal":"40.3","Natural gas":"89.7","Petrol":"19.9","Derv":"23.3","date":"2007-01-01T00:00:00.000Z","label":"2007"},{"Fuel type":"2008","Coal":"37.4","Natural gas":"92.9","Petrol":"18.6","Derv":"22.7","date":"2008-01-01T00:00:00.000Z","label":"2008"},{"Fuel type":"2009","Coal":"31.3","Natural gas":"85.9","Petrol":"17.6","Derv":"22.3","date":"2009-01-01T00:00:00.000Z","label":"2009"},{"Fuel type":"2010","Coal":"32.5","Natural gas":"92.8","Petrol":"16.4","Derv":"23","date":"2010-01-01T00:00:00.000Z","label":"2010"},{"Fuel type":"2011","Coal":"32.9","Natural gas":"77.1","Petrol":"15.6","Derv":"23.3","date":"2011-01-01T00:00:00.000Z","label":"2011"},{"Fuel type":"2012","Coal":"40.8","Natural gas":"73","Petrol":"15","Derv":"23.9","date":"2012-01-01T00:00:00.000Z","label":"2012"},{"Fuel type":"2013","Coal":"38.7","Natural gas":"72.2","Petrol":"14.2","Derv":"24.3","date":"2013-01-01T00:00:00.000Z","label":"2013"}]}