{"type":"chart","title":"Figure 14.4: Estimates of undiscovered gas resources, 1995 to 2013","filename":"7e6c4bb8","uri":"/economy/environmentalaccounts/bulletins/ukenvironmentalaccounts/2015-07-09/7e6c4bb8","subtitle":"United Kingdom","unit":"Billion cubic metres","source":"Department of Energy and Climate Change","legend":"top-right","hideLegend":false,"notes":"","altText":"Figure 14.4: Estimates of undiscovered gas resources, 1995 to 2013","data":[{"":"1995","Lower range":"395 ","Upper range":"1412 ","date":"1995-01-01T00:00:00.000Z","label":"1995"},{"":"1996","Lower range":"440 ","Upper range":"1585 ","date":"1996-01-01T00:00:00.000Z","label":"1996"},{"":"1997","Lower range":"500 ","Upper range":"1700 ","date":"1997-01-01T00:00:00.000Z","label":"1997"},{"":"1998","Lower range":"440 ","Upper range":"1595 ","date":"1998-01-01T00:00:00.000Z","label":"1998"},{"":"1999","Lower range":"355 ","Upper range":"1465 ","date":"1999-01-01T00:00:00.000Z","label":"1999"},{"":"2000","Lower range":"325 ","Upper range":"1440 ","date":"2000-01-01T00:00:00.000Z","label":"2000"},{"":"2001","Lower range":"290 ","Upper range":"1680 ","date":"2001-01-01T00:00:00.000Z","label":"2001"},{"":"2002","Lower range":"238 ","Upper range":"1386 ","date":"2002-01-01T00:00:00.000Z","label":"2002"},{"":"2003","Lower range":"279 ","Upper range":"1259 ","date":"2003-01-01T00:00:00.000Z","label":"2003"},{"":"2004","Lower range":"293 ","Upper range":"1245 ","date":"2004-01-01T00:00:00.000Z","label":"2004"},{"":"2005","Lower range":"226 ","Upper range":"1035 ","date":"2005-01-01T00:00:00.000Z","label":"2005"},{"":"2006","Lower range":"301 ","Upper range":"1049 ","date":"2006-01-01T00:00:00.000Z","label":"2006"},{"":"2007","Lower range":"280 ","Upper range":"1039 ","date":"2007-01-01T00:00:00.000Z","label":"2007"},{"":"2008","Lower range":"319 ","Upper range":"1043 ","date":"2008-01-01T00:00:00.000Z","label":"2008"},{"":"2009","Lower range":"300 ","Upper range":"949 ","date":"2009-01-01T00:00:00.000Z","label":"2009"},{"":"2010","Lower range":"363 ","Upper range":"1021 ","date":"2010-01-01T00:00:00.000Z","label":"2010"},{"":"2011","Lower range":"353 ","Upper range":"977 ","date":"2011-01-01T00:00:00.000Z","label":"2011"},{"":"2012","Lower range":"370","Upper range":"1011","date":"2012-01-01T00:00:00.000Z","label":"2012"},{"":"2013","Lower range":"357","Upper range":"997","date":"2013-01-01T00:00:00.000Z","label":"2013"}],"headers":["","Lower range","Upper range"],"series":["Lower range","Upper range"],"categories":["1995","1996","1997","1998","1999","2000","2001","2002","2003","2004","2005","2006","2007","2008","2009","2010","2011","2012","2013"],"aspectRatio":"0.56","chartType":"line","files":[{"type":"download-png","filename":"7e6c4bb8-download.png"},{"type":"png","filename":"7e6c4bb8.png"}],"isTimeSeries":true,"timeSeries":[{"":"1995","Lower range":"395 ","Upper range":"1412 ","date":"1995-01-01T00:00:00.000Z","label":"1995"},{"":"1996","Lower range":"440 ","Upper range":"1585 ","date":"1996-01-01T00:00:00.000Z","label":"1996"},{"":"1997","Lower range":"500 ","Upper range":"1700 ","date":"1997-01-01T00:00:00.000Z","label":"1997"},{"":"1998","Lower range":"440 ","Upper range":"1595 ","date":"1998-01-01T00:00:00.000Z","label":"1998"},{"":"1999","Lower range":"355 ","Upper range":"1465 ","date":"1999-01-01T00:00:00.000Z","label":"1999"},{"":"2000","Lower range":"325 ","Upper range":"1440 ","date":"2000-01-01T00:00:00.000Z","label":"2000"},{"":"2001","Lower range":"290 ","Upper range":"1680 ","date":"2001-01-01T00:00:00.000Z","label":"2001"},{"":"2002","Lower range":"238 ","Upper range":"1386 ","date":"2002-01-01T00:00:00.000Z","label":"2002"},{"":"2003","Lower range":"279 ","Upper range":"1259 ","date":"2003-01-01T00:00:00.000Z","label":"2003"},{"":"2004","Lower range":"293 ","Upper range":"1245 ","date":"2004-01-01T00:00:00.000Z","label":"2004"},{"":"2005","Lower range":"226 ","Upper range":"1035 ","date":"2005-01-01T00:00:00.000Z","label":"2005"},{"":"2006","Lower range":"301 ","Upper range":"1049 ","date":"2006-01-01T00:00:00.000Z","label":"2006"},{"":"2007","Lower range":"280 ","Upper range":"1039 ","date":"2007-01-01T00:00:00.000Z","label":"2007"},{"":"2008","Lower range":"319 ","Upper range":"1043 ","date":"2008-01-01T00:00:00.000Z","label":"2008"},{"":"2009","Lower range":"300 ","Upper range":"949 ","date":"2009-01-01T00:00:00.000Z","label":"2009"},{"":"2010","Lower range":"363 ","Upper range":"1021 ","date":"2010-01-01T00:00:00.000Z","label":"2010"},{"":"2011","Lower range":"353 ","Upper range":"977 ","date":"2011-01-01T00:00:00.000Z","label":"2011"},{"":"2012","Lower range":"370","Upper range":"1011","date":"2012-01-01T00:00:00.000Z","label":"2012"},{"":"2013","Lower range":"357","Upper range":"997","date":"2013-01-01T00:00:00.000Z","label":"2013"}]}