{"type":"chart","title":"Figure 3.4 Energy consumption of renewable and waste sources, 1990-2013","filename":"8e88ee42","uri":"/economy/environmentalaccounts/bulletins/ukenvironmentalaccounts/2015-07-09/8e88ee42","subtitle":"United Kingdom resident basis","unit":"Million tonnes of oil equivalent (Mtoe)","source":"Source: Ricardo-AEA, Office for National Statistics","legend":"false","hideLegend":true,"notes":"1. Renewable and waste sources includes hydroelectric power,  solar photovoltaic, geothermal aquifers, energy from wind, wave and tide, wood, charcoal, straw, liquid biofuels, biogas from anaerobic digestion, bioethanol and biodiesel, biomass combustion, sewage gas, landfill gas, poultry litter and municipal solid waste.","altText":"","data":[{"Year":"1990","Percentage from renewable and waste sources ":"0.65","date":"1990-01-01T00:00:00.000Z","label":"1990"},{"Year":"1991","Percentage from renewable and waste sources ":"0.63","date":"1991-01-01T00:00:00.000Z","label":"1991"},{"Year":"1992","Percentage from renewable and waste sources ":"0.72","date":"1992-01-01T00:00:00.000Z","label":"1992"},{"Year":"1993","Percentage from renewable and waste sources ":"0.71","date":"1993-01-01T00:00:00.000Z","label":"1993"},{"Year":"1994","Percentage from renewable and waste sources ":"0.96","date":"1994-01-01T00:00:00.000Z","label":"1994"},{"Year":"1995","Percentage from renewable and waste sources ":"1.01","date":"1995-01-01T00:00:00.000Z","label":"1995"},{"Year":"1996","Percentage from renewable and waste sources ":"0.92","date":"1996-01-01T00:00:00.000Z","label":"1996"},{"Year":"1997","Percentage from renewable and waste sources ":"1.04","date":"1997-01-01T00:00:00.000Z","label":"1997"},{"Year":"1998","Percentage from renewable and waste sources ":"1.13","date":"1998-01-01T00:00:00.000Z","label":"1998"},{"Year":"1999","Percentage from renewable and waste sources ":"1.21","date":"1999-01-01T00:00:00.000Z","label":"1999"},{"Year":"2000","Percentage from renewable and waste sources ":"1.22","date":"2000-01-01T00:00:00.000Z","label":"2000"},{"Year":"2001","Percentage from renewable and waste sources ":"1.28","date":"2001-01-01T00:00:00.000Z","label":"2001"},{"Year":"2002","Percentage from renewable and waste sources ":"1.5","date":"2002-01-01T00:00:00.000Z","label":"2002"},{"Year":"2003","Percentage from renewable and waste sources ":"1.64","date":"2003-01-01T00:00:00.000Z","label":"2003"},{"Year":"2004","Percentage from renewable and waste sources ":"1.66","date":"2004-01-01T00:00:00.000Z","label":"2004"},{"Year":"2005","Percentage from renewable and waste sources ":"1.95","date":"2005-01-01T00:00:00.000Z","label":"2005"},{"Year":"2006","Percentage from renewable and waste sources ":"2.13","date":"2006-01-01T00:00:00.000Z","label":"2006"},{"Year":"2007","Percentage from renewable and waste sources ":"2.33","date":"2007-01-01T00:00:00.000Z","label":"2007"},{"Year":"2008","Percentage from renewable and waste sources ":"2.8","date":"2008-01-01T00:00:00.000Z","label":"2008"},{"Year":"2009","Percentage from renewable and waste sources ":"3.32","date":"2009-01-01T00:00:00.000Z","label":"2009"},{"Year":"2010","Percentage from renewable and waste sources ":"3.56","date":"2010-01-01T00:00:00.000Z","label":"2010"},{"Year":"2011","Percentage from renewable and waste sources ":"4.23","date":"2011-01-01T00:00:00.000Z","label":"2011"},{"Year":"2012","Percentage from renewable and waste sources ":"4.62","date":"2012-01-01T00:00:00.000Z","label":"2012"},{"Year":"2013","Percentage from renewable and waste sources ":"5.59","date":"2013-01-01T00:00:00.000Z","label":"2013"}],"headers":["Year","Percentage from renewable and waste sources "],"series":["Percentage from renewable and waste sources "],"categories":["1990","1991","1992","1993","1994","1995","1996","1997","1998","1999","2000","2001","2002","2003","2004","2005","2006","2007","2008","2009","2010","2011","2012","2013"],"aspectRatio":"0.56","chartType":"line","files":[{"type":"download-png","filename":"8e88ee42-download.png"},{"type":"png","filename":"8e88ee42.png"}],"isTimeSeries":true,"timeSeries":[{"Year":"1990","Percentage from renewable and waste sources ":"0.65","date":"1990-01-01T00:00:00.000Z","label":"1990"},{"Year":"1991","Percentage from renewable and waste sources ":"0.63","date":"1991-01-01T00:00:00.000Z","label":"1991"},{"Year":"1992","Percentage from renewable and waste sources ":"0.72","date":"1992-01-01T00:00:00.000Z","label":"1992"},{"Year":"1993","Percentage from renewable and waste sources ":"0.71","date":"1993-01-01T00:00:00.000Z","label":"1993"},{"Year":"1994","Percentage from renewable and waste sources ":"0.96","date":"1994-01-01T00:00:00.000Z","label":"1994"},{"Year":"1995","Percentage from renewable and waste sources ":"1.01","date":"1995-01-01T00:00:00.000Z","label":"1995"},{"Year":"1996","Percentage from renewable and waste sources ":"0.92","date":"1996-01-01T00:00:00.000Z","label":"1996"},{"Year":"1997","Percentage from renewable and waste sources ":"1.04","date":"1997-01-01T00:00:00.000Z","label":"1997"},{"Year":"1998","Percentage from renewable and waste sources ":"1.13","date":"1998-01-01T00:00:00.000Z","label":"1998"},{"Year":"1999","Percentage from renewable and waste sources ":"1.21","date":"1999-01-01T00:00:00.000Z","label":"1999"},{"Year":"2000","Percentage from renewable and waste sources ":"1.22","date":"2000-01-01T00:00:00.000Z","label":"2000"},{"Year":"2001","Percentage from renewable and waste sources ":"1.28","date":"2001-01-01T00:00:00.000Z","label":"2001"},{"Year":"2002","Percentage from renewable and waste sources ":"1.5","date":"2002-01-01T00:00:00.000Z","label":"2002"},{"Year":"2003","Percentage from renewable and waste sources ":"1.64","date":"2003-01-01T00:00:00.000Z","label":"2003"},{"Year":"2004","Percentage from renewable and waste sources ":"1.66","date":"2004-01-01T00:00:00.000Z","label":"2004"},{"Year":"2005","Percentage from renewable and waste sources ":"1.95","date":"2005-01-01T00:00:00.000Z","label":"2005"},{"Year":"2006","Percentage from renewable and waste sources ":"2.13","date":"2006-01-01T00:00:00.000Z","label":"2006"},{"Year":"2007","Percentage from renewable and waste sources ":"2.33","date":"2007-01-01T00:00:00.000Z","label":"2007"},{"Year":"2008","Percentage from renewable and waste sources ":"2.8","date":"2008-01-01T00:00:00.000Z","label":"2008"},{"Year":"2009","Percentage from renewable and waste sources ":"3.32","date":"2009-01-01T00:00:00.000Z","label":"2009"},{"Year":"2010","Percentage from renewable and waste sources ":"3.56","date":"2010-01-01T00:00:00.000Z","label":"2010"},{"Year":"2011","Percentage from renewable and waste sources ":"4.23","date":"2011-01-01T00:00:00.000Z","label":"2011"},{"Year":"2012","Percentage from renewable and waste sources ":"4.62","date":"2012-01-01T00:00:00.000Z","label":"2012"},{"Year":"2013","Percentage from renewable and waste sources ":"5.59","date":"2013-01-01T00:00:00.000Z","label":"2013"}]}