{"type":"chart","title":"Figure 9.2. Waste from households recycling rate, 2010 to 2012","filename":"94723fc6","uri":"/economy/environmentalaccounts/bulletins/ukenvironmentalaccounts/2015-07-09/94723fc6","subtitle":"United Kingdom","unit":"%","source":"Defra","legend":"top-right","hideLegend":false,"notes":"","altText":"Figure 9.2. Waste from households recycling rate, 2010 to 2012","data":[{"2010":"40.3","2011":"42.9","2012":"43.9","":"UK"},{"2010":"41.1","2011":"43.3","2012":"44.1","":"England"},{"2010":"32.5","2011":"37.1","2012":"38.3","":"Scotland"},{"2010":"44.0","2011":"49.0","2012":"52.5","":"Wales"},{"2010":"38.0","2011":"40.4","2012":"41.7","":"Northern Ireland"}],"headers":["","2010","2011","2012"],"series":["2010","2011","2012"],"categories":["UK","England","Scotland","Wales","Northern Ireland"],"aspectRatio":"0.56","chartType":"bar","files":[{"type":"download-png","filename":"94723fc6-download.png"},{"type":"png","filename":"94723fc6.png"}]}