{"type":"chart","title":"Figure 7.1: Quantity of raw materials extracted, 1992 to 2013","filename":"95aa9205","uri":"/economy/environmentalaccounts/bulletins/ukenvironmentalaccounts/2015-07-09/95aa9205","subtitle":"United Kingdom","unit":"Million metric tonnes","source":"Department for Environment, Food and Rural Affairs; Food and Agriculture Organization of the United Nations; Eurostat; European Forest Institute; Kentish Cobnuts Association; British Geological Survey","legend":"top-right","hideLegend":false,"notes":"1. Metal ores are not included on the chart as the quantity extracted is small.\n","altText":"Figure 7.1: Quantity of raw materials extracted, 1992 to 2013","data":[{"Domestic extraction":"1992","Biomass":"161.0","Non-metallic minerals":"318.3","Fossil energy materials/carriers":"220.7","Total":"700.3","date":"1992-01-01T00:00:00.000Z","label":"1992"},{"Domestic extraction":"1993","Biomass":"156.9","Non-metallic minerals":"323.6","Fossil energy materials/carriers":"229.0","Total":"709.7","date":"1993-01-01T00:00:00.000Z","label":"1993"},{"Domestic extraction":"1994","Biomass":"155.7","Non-metallic minerals":"350.5","Fossil energy materials/carriers":"240.6","Total":"747.1","date":"1994-01-01T00:00:00.000Z","label":"1994"},{"Domestic extraction":"1995","Biomass":"155.1","Non-metallic minerals":"333.9","Fossil energy materials/carriers":"254.5","Total":"743.7","date":"1995-01-01T00:00:00.000Z","label":"1995"},{"Domestic extraction":"1996","Biomass":"163.1","Non-metallic minerals":"305.7","Fossil energy materials/carriers":"264.2","Total":"733.2","date":"1996-01-01T00:00:00.000Z","label":"1996"},{"Domestic extraction":"1997","Biomass":"163.1","Non-metallic minerals":"310.0","Fossil energy materials/carriers":"262.3","Total":"735.7","date":"1997-01-01T00:00:00.000Z","label":"1997"},{"Domestic extraction":"1998","Biomass":"155.6","Non-metallic minerals":"309.1","Fossil energy materials/carriers":"263.2","Total":"728.0","date":"1998-01-01T00:00:00.000Z","label":"1998"},{"Domestic extraction":"1999","Biomass":"156.5","Non-metallic minerals":"308.0","Fossil energy materials/carriers":"273.2","Total":"737.8","date":"1999-01-01T00:00:00.000Z","label":"1999"},{"Domestic extraction":"2000","Biomass":"153.2","Non-metallic minerals":"305.1","Fossil energy materials/carriers":"265.4","Total":"723.8","date":"2000-01-01T00:00:00.000Z","label":"2000"},{"Domestic extraction":"2001","Biomass":"145.6","Non-metallic minerals":"310.9","Fossil energy materials/carriers":"254.5","Total":"710.9","date":"2001-01-01T00:00:00.000Z","label":"2001"},{"Domestic extraction":"2002","Biomass":"153.9","Non-metallic minerals":"293.2","Fossil energy materials/carriers":"249.0","Total":"696.1","date":"2002-01-01T00:00:00.000Z","label":"2002"},{"Domestic extraction":"2003","Biomass":"149.5","Non-metallic minerals":"287.9","Fossil energy materials/carriers":"237.4","Total":"674.8","date":"2003-01-01T00:00:00.000Z","label":"2003"},{"Domestic extraction":"2004","Biomass":"150.4","Non-metallic minerals":"300.0","Fossil energy materials/carriers":"216.6","Total":"667.0","date":"2004-01-01T00:00:00.000Z","label":"2004"},{"Domestic extraction":"2005","Biomass":"144.8","Non-metallic minerals":"290.6","Fossil energy materials/carriers":"193.4","Total":"628.8","date":"2005-01-01T00:00:00.000Z","label":"2005"},{"Domestic extraction":"2006","Biomass":"146.7","Non-metallic minerals":"291.3","Fossil energy materials/carriers":"175.3","Total":"613.2","date":"2006-01-01T00:00:00.000Z","label":"2006"},{"Domestic extraction":"2007","Biomass":"145.9","Non-metallic minerals":"295.2","Fossil energy materials/carriers":"165.4","Total":"606.5","date":"2007-01-01T00:00:00.000Z","label":"2007"},{"Domestic extraction":"2008","Biomass":"153.1","Non-metallic minerals":"261.1","Fossil energy materials/carriers":"159.1","Total":"573.2","date":"2008-01-01T00:00:00.000Z","label":"2008"},{"Domestic extraction":"2009","Biomass":"153.2","Non-metallic minerals":"210.3","Fossil energy materials/carriers":"145.7","Total":"509.2","date":"2009-01-01T00:00:00.000Z","label":"2009"},{"Domestic extraction":"2010","Biomass":"152.1","Non-metallic minerals":"204.8","Fossil energy materials/carriers":"138.6","Total":"495.5","date":"2010-01-01T00:00:00.000Z","label":"2010"},{"Domestic extraction":"2011","Biomass":"158.9","Non-metallic minerals":"207.7","Fossil energy materials/carriers":"115.9","Total":"482.5","date":"2011-01-01T00:00:00.000Z","label":"2011"},{"Domestic extraction":"2012","Biomass":"149.8","Non-metallic minerals":"191.9","Fossil energy materials/carriers":"100.4","Total":"442.2","date":"2012-01-01T00:00:00.000Z","label":"2012"},{"Domestic extraction":"2013","Biomass":"162.6","Non-metallic minerals":"195.9","Fossil energy materials/carriers":"90.3","Total":"448.7","date":"2013-01-01T00:00:00.000Z","label":"2013"}],"headers":["Domestic extraction","Biomass","Non-metallic minerals","Fossil energy materials/carriers","Total"],"series":["Biomass","Non-metallic minerals","Fossil energy materials/carriers","Total"],"categories":["1992","1993","1994","1995","1996","1997","1998","1999","2000","2001","2002","2003","2004","2005","2006","2007","2008","2009","2010","2011","2012","2013"],"aspectRatio":"0.56","chartType":"line","files":[{"type":"download-png","filename":"95aa9205-download.png"},{"type":"png","filename":"95aa9205.png"}],"isTimeSeries":true,"timeSeries":[{"Domestic extraction":"1992","Biomass":"161.0","Non-metallic minerals":"318.3","Fossil energy materials/carriers":"220.7","Total":"700.3","date":"1992-01-01T00:00:00.000Z","label":"1992"},{"Domestic extraction":"1993","Biomass":"156.9","Non-metallic minerals":"323.6","Fossil energy materials/carriers":"229.0","Total":"709.7","date":"1993-01-01T00:00:00.000Z","label":"1993"},{"Domestic extraction":"1994","Biomass":"155.7","Non-metallic minerals":"350.5","Fossil energy materials/carriers":"240.6","Total":"747.1","date":"1994-01-01T00:00:00.000Z","label":"1994"},{"Domestic extraction":"1995","Biomass":"155.1","Non-metallic minerals":"333.9","Fossil energy materials/carriers":"254.5","Total":"743.7","date":"1995-01-01T00:00:00.000Z","label":"1995"},{"Domestic extraction":"1996","Biomass":"163.1","Non-metallic minerals":"305.7","Fossil energy materials/carriers":"264.2","Total":"733.2","date":"1996-01-01T00:00:00.000Z","label":"1996"},{"Domestic extraction":"1997","Biomass":"163.1","Non-metallic minerals":"310.0","Fossil energy materials/carriers":"262.3","Total":"735.7","date":"1997-01-01T00:00:00.000Z","label":"1997"},{"Domestic extraction":"1998","Biomass":"155.6","Non-metallic minerals":"309.1","Fossil energy materials/carriers":"263.2","Total":"728.0","date":"1998-01-01T00:00:00.000Z","label":"1998"},{"Domestic extraction":"1999","Biomass":"156.5","Non-metallic minerals":"308.0","Fossil energy materials/carriers":"273.2","Total":"737.8","date":"1999-01-01T00:00:00.000Z","label":"1999"},{"Domestic extraction":"2000","Biomass":"153.2","Non-metallic minerals":"305.1","Fossil energy materials/carriers":"265.4","Total":"723.8","date":"2000-01-01T00:00:00.000Z","label":"2000"},{"Domestic extraction":"2001","Biomass":"145.6","Non-metallic minerals":"310.9","Fossil energy materials/carriers":"254.5","Total":"710.9","date":"2001-01-01T00:00:00.000Z","label":"2001"},{"Domestic extraction":"2002","Biomass":"153.9","Non-metallic minerals":"293.2","Fossil energy materials/carriers":"249.0","Total":"696.1","date":"2002-01-01T00:00:00.000Z","label":"2002"},{"Domestic extraction":"2003","Biomass":"149.5","Non-metallic minerals":"287.9","Fossil energy materials/carriers":"237.4","Total":"674.8","date":"2003-01-01T00:00:00.000Z","label":"2003"},{"Domestic extraction":"2004","Biomass":"150.4","Non-metallic minerals":"300.0","Fossil energy materials/carriers":"216.6","Total":"667.0","date":"2004-01-01T00:00:00.000Z","label":"2004"},{"Domestic extraction":"2005","Biomass":"144.8","Non-metallic minerals":"290.6","Fossil energy materials/carriers":"193.4","Total":"628.8","date":"2005-01-01T00:00:00.000Z","label":"2005"},{"Domestic extraction":"2006","Biomass":"146.7","Non-metallic minerals":"291.3","Fossil energy materials/carriers":"175.3","Total":"613.2","date":"2006-01-01T00:00:00.000Z","label":"2006"},{"Domestic extraction":"2007","Biomass":"145.9","Non-metallic minerals":"295.2","Fossil energy materials/carriers":"165.4","Total":"606.5","date":"2007-01-01T00:00:00.000Z","label":"2007"},{"Domestic extraction":"2008","Biomass":"153.1","Non-metallic minerals":"261.1","Fossil energy materials/carriers":"159.1","Total":"573.2","date":"2008-01-01T00:00:00.000Z","label":"2008"},{"Domestic extraction":"2009","Biomass":"153.2","Non-metallic minerals":"210.3","Fossil energy materials/carriers":"145.7","Total":"509.2","date":"2009-01-01T00:00:00.000Z","label":"2009"},{"Domestic extraction":"2010","Biomass":"152.1","Non-metallic minerals":"204.8","Fossil energy materials/carriers":"138.6","Total":"495.5","date":"2010-01-01T00:00:00.000Z","label":"2010"},{"Domestic extraction":"2011","Biomass":"158.9","Non-metallic minerals":"207.7","Fossil energy materials/carriers":"115.9","Total":"482.5","date":"2011-01-01T00:00:00.000Z","label":"2011"},{"Domestic extraction":"2012","Biomass":"149.8","Non-metallic minerals":"191.9","Fossil energy materials/carriers":"100.4","Total":"442.2","date":"2012-01-01T00:00:00.000Z","label":"2012"},{"Domestic extraction":"2013","Biomass":"162.6","Non-metallic minerals":"195.9","Fossil energy materials/carriers":"90.3","Total":"448.7","date":"2013-01-01T00:00:00.000Z","label":"2013"}]}