{"type":"chart","title":"Figure 7.2: Total quantity of materials imported and exported, and the Physical Trade Balance, 2000 to 2013","filename":"9741437e","uri":"/economy/environmentalaccounts/bulletins/ukenvironmentalaccounts/2015-07-09/9741437e","subtitle":"United Kingdom","unit":"Million metric tonnes","source":"HM Revenue and Customs; Office for National Statistics","legend":"top-right","hideLegend":false,"notes":"1. *The Physical Trade Balance (Imports – Exports) is defined in reverse to the Monetary Trade Balance (Exports – Imports).\nData are only available for 2000 onwards. ","altText":"Figure 7.2: Total quantity of materials imported and exported, and the Physical Trade Balance, 2000 to 2013","data":[{"Flow":"2000","Imports":"210.2","Exports":"194.4","Physical Trade Balance*":"15.7","date":"2000-01-01T00:00:00.000Z","label":"2000"},{"Flow":"2001","Imports":"232.6","Exports":"194.0","Physical Trade Balance*":"38.7","date":"2001-01-01T00:00:00.000Z","label":"2001"},{"Flow":"2002","Imports":"228.7","Exports":"196.7","Physical Trade Balance*":"32.0","date":"2002-01-01T00:00:00.000Z","label":"2002"},{"Flow":"2003","Imports":"240.3","Exports":"188.6","Physical Trade Balance*":"51.7","date":"2003-01-01T00:00:00.000Z","label":"2003"},{"Flow":"2004","Imports":"273.3","Exports":"185.2","Physical Trade Balance*":"88.1","date":"2004-01-01T00:00:00.000Z","label":"2004"},{"Flow":"2005","Imports":"279.4","Exports":"177.1","Physical Trade Balance*":"102.3","date":"2005-01-01T00:00:00.000Z","label":"2005"},{"Flow":"2006","Imports":"291.8","Exports":"173.8","Physical Trade Balance*":"118.0","date":"2006-01-01T00:00:00.000Z","label":"2006"},{"Flow":"2007","Imports":"295.0","Exports":"171.5","Physical Trade Balance*":"123.5","date":"2007-01-01T00:00:00.000Z","label":"2007"},{"Flow":"2008","Imports":"280.2","Exports":"168.1","Physical Trade Balance*":"112.1","date":"2008-01-01T00:00:00.000Z","label":"2008"},{"Flow":"2009","Imports":"252.5","Exports":"153.5","Physical Trade Balance*":"99.0","date":"2009-01-01T00:00:00.000Z","label":"2009"},{"Flow":"2010","Imports":"264.0","Exports":"166.0","Physical Trade Balance*":"98.0","date":"2010-01-01T00:00:00.000Z","label":"2010"},{"Flow":"2011","Imports":"275.7","Exports":"163.3","Physical Trade Balance*":"112.4","date":"2011-01-01T00:00:00.000Z","label":"2011"},{"Flow":"2012","Imports":"286.8","Exports":"157.0","Physical Trade Balance*":"129.9","date":"2012-01-01T00:00:00.000Z","label":"2012"},{"Flow":"2013","Imports":"293.5","Exports":"154.3","Physical Trade Balance*":"139.3","date":"2013-01-01T00:00:00.000Z","label":"2013"}],"headers":["Flow","Imports","Exports","Physical Trade Balance*"],"series":["Imports","Exports","Physical Trade Balance*"],"categories":["2000","2001","2002","2003","2004","2005","2006","2007","2008","2009","2010","2011","2012","2013"],"aspectRatio":"0.56","chartType":"line","files":[{"type":"download-png","filename":"9741437e-download.png"},{"type":"png","filename":"9741437e.png"}],"isTimeSeries":true,"timeSeries":[{"Flow":"2000","Imports":"210.2","Exports":"194.4","Physical Trade Balance*":"15.7","date":"2000-01-01T00:00:00.000Z","label":"2000"},{"Flow":"2001","Imports":"232.6","Exports":"194.0","Physical Trade Balance*":"38.7","date":"2001-01-01T00:00:00.000Z","label":"2001"},{"Flow":"2002","Imports":"228.7","Exports":"196.7","Physical Trade Balance*":"32.0","date":"2002-01-01T00:00:00.000Z","label":"2002"},{"Flow":"2003","Imports":"240.3","Exports":"188.6","Physical Trade Balance*":"51.7","date":"2003-01-01T00:00:00.000Z","label":"2003"},{"Flow":"2004","Imports":"273.3","Exports":"185.2","Physical Trade Balance*":"88.1","date":"2004-01-01T00:00:00.000Z","label":"2004"},{"Flow":"2005","Imports":"279.4","Exports":"177.1","Physical Trade Balance*":"102.3","date":"2005-01-01T00:00:00.000Z","label":"2005"},{"Flow":"2006","Imports":"291.8","Exports":"173.8","Physical Trade Balance*":"118.0","date":"2006-01-01T00:00:00.000Z","label":"2006"},{"Flow":"2007","Imports":"295.0","Exports":"171.5","Physical Trade Balance*":"123.5","date":"2007-01-01T00:00:00.000Z","label":"2007"},{"Flow":"2008","Imports":"280.2","Exports":"168.1","Physical Trade Balance*":"112.1","date":"2008-01-01T00:00:00.000Z","label":"2008"},{"Flow":"2009","Imports":"252.5","Exports":"153.5","Physical Trade Balance*":"99.0","date":"2009-01-01T00:00:00.000Z","label":"2009"},{"Flow":"2010","Imports":"264.0","Exports":"166.0","Physical Trade Balance*":"98.0","date":"2010-01-01T00:00:00.000Z","label":"2010"},{"Flow":"2011","Imports":"275.7","Exports":"163.3","Physical Trade Balance*":"112.4","date":"2011-01-01T00:00:00.000Z","label":"2011"},{"Flow":"2012","Imports":"286.8","Exports":"157.0","Physical Trade Balance*":"129.9","date":"2012-01-01T00:00:00.000Z","label":"2012"},{"Flow":"2013","Imports":"293.5","Exports":"154.3","Physical Trade Balance*":"139.3","date":"2013-01-01T00:00:00.000Z","label":"2013"}]}