{"type":"chart","title":"Figure 18.1: Woodland area, 1924 to 2015","filename":"97e7bbdd","uri":"/economy/environmentalaccounts/bulletins/ukenvironmentalaccounts/2015-07-09/97e7bbdd","subtitle":"United Kingdom","unit":"Thousand hectares","source":"Forestry Commission and NI Forest Service publications - GB Censuses of Woodland 1924 to 1980; National Inventory of Woodland and Trees 1995-99; Woodland grant schemes; Woodland area, Planting and Restocking: 2015 edition; UK Standard Area Measurements (ONS).","legend":"false","hideLegend":true,"notes":"1. Percentage of the total surface area excluding inland water. \n","altText":"","data":[{"Year":"1924","Woodland area (thousand hectares)":"1211","date":"1924-01-01T00:00:00.000Z","label":"1924"},{"Year":"1947","Woodland area (thousand hectares)":"1419","date":"1947-01-01T00:00:00.000Z","label":"1947"},{"Year":"1965","Woodland area (thousand hectares)":"1784","date":"1965-01-01T00:00:00.000Z","label":"1965"},{"Year":"1980","Woodland area (thousand hectares)":"2175","date":"1980-01-01T00:00:00.000Z","label":"1980"},{"Year":"1995 to 1999","Woodland area (thousand hectares)":"2746","date":"2010-01-01T00:00:00.000Z","label":"2010"},{"Year":"2010","Woodland area (thousand hectares)":"3059","date":"2014-01-01T00:00:00.000Z","label":"2014"},{"Year":"2014","Woodland area (thousand hectares)":"3138","date":"2015-01-01T00:00:00.000Z","label":"2015"},{"Year":"2015","Woodland area (thousand hectares)":"3154"}],"headers":["Year","Woodland area (thousand hectares)"],"series":["Woodland area (thousand hectares)"],"categories":["1924","1947","1965","1980","1995 to 1999","2010","2014","2015"],"aspectRatio":"0.56","chartType":"bar","files":[{"type":"download-png","filename":"97e7bbdd-download.png"},{"type":"png","filename":"97e7bbdd.png"}],"isTimeSeries":true,"timeSeries":[{"Year":"1924","Woodland area (thousand hectares)":"1211","date":"1924-01-01T00:00:00.000Z","label":"1924"},{"Year":"1947","Woodland area (thousand hectares)":"1419","date":"1947-01-01T00:00:00.000Z","label":"1947"},{"Year":"1965","Woodland area (thousand hectares)":"1784","date":"1965-01-01T00:00:00.000Z","label":"1965"},{"Year":"1980","Woodland area (thousand hectares)":"2175","date":"1980-01-01T00:00:00.000Z","label":"1980"},{"Year":"1995 to 1999","Woodland area (thousand hectares)":"2746","date":"2010-01-01T00:00:00.000Z","label":"2010"},{"Year":"2010","Woodland area (thousand hectares)":"3059","date":"2014-01-01T00:00:00.000Z","label":"2014"},{"Year":"2014","Woodland area (thousand hectares)":"3138","date":"2015-01-01T00:00:00.000Z","label":"2015"}]}