{"type":"chart","title":"Figure 3.5: Energy consumption from renewable and waste sources, 1990 to 2013","filename":"a386acab","uri":"/economy/environmentalaccounts/bulletins/ukenvironmentalaccounts/2015-07-09/a386acab","subtitle":"United Kingdom resident basis","unit":"Million tonnes of oil equivalent (Mtoe)","source":"Ricardo-AEA, Office for National Statistics","legend":"top-left","hideLegend":false,"notes":"1. Renewable primary electricity generation includes hydroelectric power, wind, wave and tidal, solar photovoltaic, and geothermal aquifers.\t\t\t\t\t\n2. Waste includes landfill gas, sewage gas and municipal solid waste (MSW), poultry litter and biogas from anaerobic digestion used in autogeneration\t\t\t\t\t\n3. Solid biomass includes wood, straw, charcoal and biomass\t\t\t\t\t\n4. Liquid biofuels includes liquid biofuels used in power stations, bioethanol and biodiesel used in transport. The cross boundary adjustment is also included here.\t\t\t\t\t\n","altText":"Figure 3.5: Energy consumption from renewable and waste sources, 1990 to 2013","data":[{"":"1990","Renewable primary electricity generation(1)":"0.45 ","Waste(2)":"0.38 ","Solid biomass(3)":"0.62 ","Liquid biofuels(4)":"0.00 ","date":"1990-01-01T00:00:00.000Z","label":"1990"},{"":"1991","Renewable primary electricity generation(1)":"0.40 ","Waste(2)":"0.42 ","Solid biomass(3)":"0.61 ","Liquid biofuels(4)":"0.00 ","date":"1991-01-01T00:00:00.000Z","label":"1991"},{"":"1992","Renewable primary electricity generation(1)":"0.47 ","Waste(2)":"0.51 ","Solid biomass(3)":"0.64 ","Liquid biofuels(4)":"0.00 ","date":"1992-01-01T00:00:00.000Z","label":"1992"},{"":"1993","Renewable primary electricity generation(1)":"0.39 ","Waste(2)":"0.60 ","Solid biomass(3)":"0.65 ","Liquid biofuels(4)":"0.00 ","date":"1993-01-01T00:00:00.000Z","label":"1993"},{"":"1994","Renewable primary electricity generation(1)":"0.47 ","Waste(2)":"0.78 ","Solid biomass(3)":"0.94 ","Liquid biofuels(4)":"0.00 ","date":"1994-01-01T00:00:00.000Z","label":"1994"},{"":"1995","Renewable primary electricity generation(1)":"0.45 ","Waste(2)":"0.84 ","Solid biomass(3)":"1.00 ","Liquid biofuels(4)":"0.00 ","date":"1995-01-01T00:00:00.000Z","label":"1995"},{"":"1996","Renewable primary electricity generation(1)":"0.33 ","Waste(2)":"0.87 ","Solid biomass(3)":"1.02 ","Liquid biofuels(4)":"0.00 ","date":"1996-01-01T00:00:00.000Z","label":"1996"},{"":"1997","Renewable primary electricity generation(1)":"0.44 ","Waste(2)":"1.01 ","Solid biomass(3)":"1.01 ","Liquid biofuels(4)":"0.00 ","date":"1997-01-01T00:00:00.000Z","label":"1997"},{"":"1998","Renewable primary electricity generation(1)":"0.52 ","Waste(2)":"1.27 ","Solid biomass(3)":"0.93 ","Liquid biofuels(4)":"0.00 ","date":"1998-01-01T00:00:00.000Z","label":"1998"},{"":"1999","Renewable primary electricity generation(1)":"0.53 ","Waste(2)":"1.48 ","Solid biomass(3)":"0.89 ","Liquid biofuels(4)":"0.00 ","date":"1999-01-01T00:00:00.000Z","label":"1999"},{"":"2000","Renewable primary electricity generation(1)":"0.52 ","Waste(2)":"1.67 ","Solid biomass(3)":"0.76 ","Liquid biofuels(4)":"0.00 ","date":"2000-01-01T00:00:00.000Z","label":"2000"},{"":"2001","Renewable primary electricity generation(1)":"0.43 ","Waste(2)":"1.85 ","Solid biomass(3)":"0.88 ","Liquid biofuels(4)":"0.00 ","date":"2001-01-01T00:00:00.000Z","label":"2001"},{"":"2002","Renewable primary electricity generation(1)":"0.52 ","Waste(2)":"1.97 ","Solid biomass(3)":"1.10 ","Liquid biofuels(4)":"0.00 ","date":"2002-01-01T00:00:00.000Z","label":"2002"},{"":"2003","Renewable primary electricity generation(1)":"0.39 ","Waste(2)":"2.17 ","Solid biomass(3)":"1.44 ","Liquid biofuels(4)":"0.02 ","date":"2003-01-01T00:00:00.000Z","label":"2003"},{"":"2004","Renewable primary electricity generation(1)":"0.59 ","Waste(2)":"2.39 ","Solid biomass(3)":"1.10 ","Liquid biofuels(4)":"0.03 ","date":"2004-01-01T00:00:00.000Z","label":"2004"},{"":"2005","Renewable primary electricity generation(1)":"0.67 ","Waste(2)":"2.50 ","Solid biomass(3)":"1.41 ","Liquid biofuels(4)":"0.25 ","date":"2005-01-01T00:00:00.000Z","label":"2005"},{"":"2006","Renewable primary electricity generation(1)":"0.76 ","Waste(2)":"2.61 ","Solid biomass(3)":"1.41 ","Liquid biofuels(4)":"0.40 ","date":"2006-01-01T00:00:00.000Z","label":"2006"},{"":"2007","Renewable primary electricity generation(1)":"0.89 ","Waste(2)":"2.72 ","Solid biomass(3)":"1.47 ","Liquid biofuels(4)":"0.44 ","date":"2007-01-01T00:00:00.000Z","label":"2007"},{"":"2008","Renewable primary electricity generation(1)":"1.06 ","Waste(2)":"2.81 ","Solid biomass(3)":"1.81 ","Liquid biofuels(4)":"0.89 ","date":"2008-01-01T00:00:00.000Z","label":"2008"},{"":"2009","Renewable primary electricity generation(1)":"1.25 ","Waste(2)":"3.07 ","Solid biomass(3)":"1.91 ","Liquid biofuels(4)":"1.07 ","date":"2009-01-01T00:00:00.000Z","label":"2009"},{"":"2010","Renewable primary electricity generation(1)":"1.19 ","Waste(2)":"3.23 ","Solid biomass(3)":"2.41 ","Liquid biofuels(4)":"1.25 ","date":"2010-01-01T00:00:00.000Z","label":"2010"},{"":"2011","Renewable primary electricity generation(1)":"1.84 ","Waste(2)":"3.37 ","Solid biomass(3)":"2.63 ","Liquid biofuels(4)":"1.16 ","date":"2011-01-01T00:00:00.000Z","label":"2011"},{"":"2012","Renewable primary electricity generation(1)":"2.26 ","Waste(2)":"3.71 ","Solid biomass(3)":"2.96 ","Liquid biofuels(4)":"1.02 ","date":"2012-01-01T00:00:00.000Z","label":"2012"},{"":"2013","Renewable primary electricity generation(1)":"3.02 ","Waste(2)":"3.79 ","Solid biomass(3)":"3.95 ","Liquid biofuels(4)":"1.16 ","date":"2013-01-01T00:00:00.000Z","label":"2013"}],"headers":["","Renewable primary electricity generation(1)","Waste(2)","Solid biomass(3)","Liquid biofuels(4)"],"series":["Renewable primary electricity generation(1)","Waste(2)","Solid biomass(3)","Liquid biofuels(4)"],"categories":["1990","1991","1992","1993","1994","1995","1996","1997","1998","1999","2000","2001","2002","2003","2004","2005","2006","2007","2008","2009","2010","2011","2012","2013"],"aspectRatio":"0.56","chartType":"line","files":[{"type":"download-png","filename":"a386acab-download.png"},{"type":"png","filename":"a386acab.png"}],"isTimeSeries":true,"timeSeries":[{"":"1990","Renewable primary electricity generation(1)":"0.45 ","Waste(2)":"0.38 ","Solid biomass(3)":"0.62 ","Liquid biofuels(4)":"0.00 ","date":"1990-01-01T00:00:00.000Z","label":"1990"},{"":"1991","Renewable primary electricity generation(1)":"0.40 ","Waste(2)":"0.42 ","Solid biomass(3)":"0.61 ","Liquid biofuels(4)":"0.00 ","date":"1991-01-01T00:00:00.000Z","label":"1991"},{"":"1992","Renewable primary electricity generation(1)":"0.47 ","Waste(2)":"0.51 ","Solid biomass(3)":"0.64 ","Liquid biofuels(4)":"0.00 ","date":"1992-01-01T00:00:00.000Z","label":"1992"},{"":"1993","Renewable primary electricity generation(1)":"0.39 ","Waste(2)":"0.60 ","Solid biomass(3)":"0.65 ","Liquid biofuels(4)":"0.00 ","date":"1993-01-01T00:00:00.000Z","label":"1993"},{"":"1994","Renewable primary electricity generation(1)":"0.47 ","Waste(2)":"0.78 ","Solid biomass(3)":"0.94 ","Liquid biofuels(4)":"0.00 ","date":"1994-01-01T00:00:00.000Z","label":"1994"},{"":"1995","Renewable primary electricity generation(1)":"0.45 ","Waste(2)":"0.84 ","Solid biomass(3)":"1.00 ","Liquid biofuels(4)":"0.00 ","date":"1995-01-01T00:00:00.000Z","label":"1995"},{"":"1996","Renewable primary electricity generation(1)":"0.33 ","Waste(2)":"0.87 ","Solid biomass(3)":"1.02 ","Liquid biofuels(4)":"0.00 ","date":"1996-01-01T00:00:00.000Z","label":"1996"},{"":"1997","Renewable primary electricity generation(1)":"0.44 ","Waste(2)":"1.01 ","Solid biomass(3)":"1.01 ","Liquid biofuels(4)":"0.00 ","date":"1997-01-01T00:00:00.000Z","label":"1997"},{"":"1998","Renewable primary electricity generation(1)":"0.52 ","Waste(2)":"1.27 ","Solid biomass(3)":"0.93 ","Liquid biofuels(4)":"0.00 ","date":"1998-01-01T00:00:00.000Z","label":"1998"},{"":"1999","Renewable primary electricity generation(1)":"0.53 ","Waste(2)":"1.48 ","Solid biomass(3)":"0.89 ","Liquid biofuels(4)":"0.00 ","date":"1999-01-01T00:00:00.000Z","label":"1999"},{"":"2000","Renewable primary electricity generation(1)":"0.52 ","Waste(2)":"1.67 ","Solid biomass(3)":"0.76 ","Liquid biofuels(4)":"0.00 ","date":"2000-01-01T00:00:00.000Z","label":"2000"},{"":"2001","Renewable primary electricity generation(1)":"0.43 ","Waste(2)":"1.85 ","Solid biomass(3)":"0.88 ","Liquid biofuels(4)":"0.00 ","date":"2001-01-01T00:00:00.000Z","label":"2001"},{"":"2002","Renewable primary electricity generation(1)":"0.52 ","Waste(2)":"1.97 ","Solid biomass(3)":"1.10 ","Liquid biofuels(4)":"0.00 ","date":"2002-01-01T00:00:00.000Z","label":"2002"},{"":"2003","Renewable primary electricity generation(1)":"0.39 ","Waste(2)":"2.17 ","Solid biomass(3)":"1.44 ","Liquid biofuels(4)":"0.02 ","date":"2003-01-01T00:00:00.000Z","label":"2003"},{"":"2004","Renewable primary electricity generation(1)":"0.59 ","Waste(2)":"2.39 ","Solid biomass(3)":"1.10 ","Liquid biofuels(4)":"0.03 ","date":"2004-01-01T00:00:00.000Z","label":"2004"},{"":"2005","Renewable primary electricity generation(1)":"0.67 ","Waste(2)":"2.50 ","Solid biomass(3)":"1.41 ","Liquid biofuels(4)":"0.25 ","date":"2005-01-01T00:00:00.000Z","label":"2005"},{"":"2006","Renewable primary electricity generation(1)":"0.76 ","Waste(2)":"2.61 ","Solid biomass(3)":"1.41 ","Liquid biofuels(4)":"0.40 ","date":"2006-01-01T00:00:00.000Z","label":"2006"},{"":"2007","Renewable primary electricity generation(1)":"0.89 ","Waste(2)":"2.72 ","Solid biomass(3)":"1.47 ","Liquid biofuels(4)":"0.44 ","date":"2007-01-01T00:00:00.000Z","label":"2007"},{"":"2008","Renewable primary electricity generation(1)":"1.06 ","Waste(2)":"2.81 ","Solid biomass(3)":"1.81 ","Liquid biofuels(4)":"0.89 ","date":"2008-01-01T00:00:00.000Z","label":"2008"},{"":"2009","Renewable primary electricity generation(1)":"1.25 ","Waste(2)":"3.07 ","Solid biomass(3)":"1.91 ","Liquid biofuels(4)":"1.07 ","date":"2009-01-01T00:00:00.000Z","label":"2009"},{"":"2010","Renewable primary electricity generation(1)":"1.19 ","Waste(2)":"3.23 ","Solid biomass(3)":"2.41 ","Liquid biofuels(4)":"1.25 ","date":"2010-01-01T00:00:00.000Z","label":"2010"},{"":"2011","Renewable primary electricity generation(1)":"1.84 ","Waste(2)":"3.37 ","Solid biomass(3)":"2.63 ","Liquid biofuels(4)":"1.16 ","date":"2011-01-01T00:00:00.000Z","label":"2011"},{"":"2012","Renewable primary electricity generation(1)":"2.26 ","Waste(2)":"3.71 ","Solid biomass(3)":"2.96 ","Liquid biofuels(4)":"1.02 ","date":"2012-01-01T00:00:00.000Z","label":"2012"},{"":"2013","Renewable primary electricity generation(1)":"3.02 ","Waste(2)":"3.79 ","Solid biomass(3)":"3.95 ","Liquid biofuels(4)":"1.16 ","date":"2013-01-01T00:00:00.000Z","label":"2013"}]}