{"type":"chart","title":"Figure 3.1: Energy consumption of primary fuels and equivalents, 1990 to 2013","filename":"a5b955e1","uri":"/economy/environmentalaccounts/bulletins/ukenvironmentalaccounts/2015-07-09/a5b955e1","subtitle":"United Kingdom residency basis","unit":"Million tonnes of oil equivalent (Mtoe)","source":"Ricardo-AEA, Office for National Statistics","legend":"false","hideLegend":true,"notes":"","altText":"Figure 3.1: Energy consumption of primary fuels and equivalents, 1990 to 2013","data":[{"Year":"1990","Total energy consumption of primary fuels and equivalents":"222.26","date":"1990-01-01T00:00:00.000Z","label":"1990"},{"Year":"1991","Total energy consumption of primary fuels and equivalents":"228.46","date":"1991-01-01T00:00:00.000Z","label":"1991"},{"Year":"1992","Total energy consumption of primary fuels and equivalents":"225.69","date":"1992-01-01T00:00:00.000Z","label":"1992"},{"Year":"1993","Total energy consumption of primary fuels and equivalents":"228.08","date":"1993-01-01T00:00:00.000Z","label":"1993"},{"Year":"1994","Total energy consumption of primary fuels and equivalents":"227.47","date":"1994-01-01T00:00:00.000Z","label":"1994"},{"Year":"1995","Total energy consumption of primary fuels and equivalents":"228.01","date":"1995-01-01T00:00:00.000Z","label":"1995"},{"Year":"1996","Total energy consumption of primary fuels and equivalents":"240.62","date":"1996-01-01T00:00:00.000Z","label":"1996"},{"Year":"1997","Total energy consumption of primary fuels and equivalents":"235.28","date":"1997-01-01T00:00:00.000Z","label":"1997"},{"Year":"1998","Total energy consumption of primary fuels and equivalents":"240.17","date":"1998-01-01T00:00:00.000Z","label":"1998"},{"Year":"1999","Total energy consumption of primary fuels and equivalents":"240.07","date":"1999-01-01T00:00:00.000Z","label":"1999"},{"Year":"2000","Total energy consumption of primary fuels and equivalents":"242.11","date":"2000-01-01T00:00:00.000Z","label":"2000"},{"Year":"2001","Total energy consumption of primary fuels and equivalents":"246.72","date":"2001-01-01T00:00:00.000Z","label":"2001"},{"Year":"2002","Total energy consumption of primary fuels and equivalents":"240.51","date":"2002-01-01T00:00:00.000Z","label":"2002"},{"Year":"2003","Total energy consumption of primary fuels and equivalents":"245.18","date":"2003-01-01T00:00:00.000Z","label":"2003"},{"Year":"2004","Total energy consumption of primary fuels and equivalents":"247.12","date":"2004-01-01T00:00:00.000Z","label":"2004"},{"Year":"2005","Total energy consumption of primary fuels and equivalents":"248.19","date":"2005-01-01T00:00:00.000Z","label":"2005"},{"Year":"2006","Total energy consumption of primary fuels and equivalents":"242.8","date":"2006-01-01T00:00:00.000Z","label":"2006"},{"Year":"2007","Total energy consumption of primary fuels and equivalents":"237.38","date":"2007-01-01T00:00:00.000Z","label":"2007"},{"Year":"2008","Total energy consumption of primary fuels and equivalents":"234.36","date":"2008-01-01T00:00:00.000Z","label":"2008"},{"Year":"2009","Total energy consumption of primary fuels and equivalents":"219.81","date":"2009-01-01T00:00:00.000Z","label":"2009"},{"Year":"2010","Total energy consumption of primary fuels and equivalents":"226.62","date":"2010-01-01T00:00:00.000Z","label":"2010"},{"Year":"2011","Total energy consumption of primary fuels and equivalents":"212.89","date":"2011-01-01T00:00:00.000Z","label":"2011"},{"Year":"2012","Total energy consumption of primary fuels and equivalents":"215.28","date":"2012-01-01T00:00:00.000Z","label":"2012"},{"Year":"2013","Total energy consumption of primary fuels and equivalents":"213.32","date":"2013-01-01T00:00:00.000Z","label":"2013"}],"headers":["Year","Total energy consumption of primary fuels and equivalents"],"series":["Total energy consumption of primary fuels and equivalents"],"categories":["1990","1991","1992","1993","1994","1995","1996","1997","1998","1999","2000","2001","2002","2003","2004","2005","2006","2007","2008","2009","2010","2011","2012","2013"],"aspectRatio":"0.56","chartType":"line","files":[{"type":"download-png","filename":"a5b955e1-download.png"},{"type":"png","filename":"a5b955e1.png"}],"isTimeSeries":true,"timeSeries":[{"Year":"1990","Total energy consumption of primary fuels and equivalents":"222.26","date":"1990-01-01T00:00:00.000Z","label":"1990"},{"Year":"1991","Total energy consumption of primary fuels and equivalents":"228.46","date":"1991-01-01T00:00:00.000Z","label":"1991"},{"Year":"1992","Total energy consumption of primary fuels and equivalents":"225.69","date":"1992-01-01T00:00:00.000Z","label":"1992"},{"Year":"1993","Total energy consumption of primary fuels and equivalents":"228.08","date":"1993-01-01T00:00:00.000Z","label":"1993"},{"Year":"1994","Total energy consumption of primary fuels and equivalents":"227.47","date":"1994-01-01T00:00:00.000Z","label":"1994"},{"Year":"1995","Total energy consumption of primary fuels and equivalents":"228.01","date":"1995-01-01T00:00:00.000Z","label":"1995"},{"Year":"1996","Total energy consumption of primary fuels and equivalents":"240.62","date":"1996-01-01T00:00:00.000Z","label":"1996"},{"Year":"1997","Total energy consumption of primary fuels and equivalents":"235.28","date":"1997-01-01T00:00:00.000Z","label":"1997"},{"Year":"1998","Total energy consumption of primary fuels and equivalents":"240.17","date":"1998-01-01T00:00:00.000Z","label":"1998"},{"Year":"1999","Total energy consumption of primary fuels and equivalents":"240.07","date":"1999-01-01T00:00:00.000Z","label":"1999"},{"Year":"2000","Total energy consumption of primary fuels and equivalents":"242.11","date":"2000-01-01T00:00:00.000Z","label":"2000"},{"Year":"2001","Total energy consumption of primary fuels and equivalents":"246.72","date":"2001-01-01T00:00:00.000Z","label":"2001"},{"Year":"2002","Total energy consumption of primary fuels and equivalents":"240.51","date":"2002-01-01T00:00:00.000Z","label":"2002"},{"Year":"2003","Total energy consumption of primary fuels and equivalents":"245.18","date":"2003-01-01T00:00:00.000Z","label":"2003"},{"Year":"2004","Total energy consumption of primary fuels and equivalents":"247.12","date":"2004-01-01T00:00:00.000Z","label":"2004"},{"Year":"2005","Total energy consumption of primary fuels and equivalents":"248.19","date":"2005-01-01T00:00:00.000Z","label":"2005"},{"Year":"2006","Total energy consumption of primary fuels and equivalents":"242.8","date":"2006-01-01T00:00:00.000Z","label":"2006"},{"Year":"2007","Total energy consumption of primary fuels and equivalents":"237.38","date":"2007-01-01T00:00:00.000Z","label":"2007"},{"Year":"2008","Total energy consumption of primary fuels and equivalents":"234.36","date":"2008-01-01T00:00:00.000Z","label":"2008"},{"Year":"2009","Total energy consumption of primary fuels and equivalents":"219.81","date":"2009-01-01T00:00:00.000Z","label":"2009"},{"Year":"2010","Total energy consumption of primary fuels and equivalents":"226.62","date":"2010-01-01T00:00:00.000Z","label":"2010"},{"Year":"2011","Total energy consumption of primary fuels and equivalents":"212.89","date":"2011-01-01T00:00:00.000Z","label":"2011"},{"Year":"2012","Total energy consumption of primary fuels and equivalents":"215.28","date":"2012-01-01T00:00:00.000Z","label":"2012"},{"Year":"2013","Total energy consumption of primary fuels and equivalents":"213.32","date":"2013-01-01T00:00:00.000Z","label":"2013"}]}