{"type":"chart","title":"Figure 5.5: Greenhouse gas emissions produced by fuel sources used by road vehicles, 1990 to 2013","filename":"adae2e6f","uri":"/economy/environmentalaccounts/bulletins/ukenvironmentalaccounts/2015-07-09/adae2e6f","subtitle":"United Kingdom","unit":"Million tonnes of sulphur dioxide equivalent","source":"Ricardo-AEA, Office for National Statistics","legend":"top-right","hideLegend":false,"notes":"","altText":"Figure 5.5: Greenhouse gas emissions produced by fuel sources used by road vehicles, 1990 to 2013","data":[{"Road transport emissions":"1990","Greenhouse gases":"110.8","Carbon dioxide":"109.0","date":"1990-01-01T00:00:00.000Z","label":"1990"},{"Road transport emissions":"1991","Greenhouse gases":"110.1","Carbon dioxide":"108.2","date":"1991-01-01T00:00:00.000Z","label":"1991"},{"Road transport emissions":"1992","Greenhouse gases":"111.6","Carbon dioxide":"109.8","date":"1992-01-01T00:00:00.000Z","label":"1992"},{"Road transport emissions":"1993","Greenhouse gases":"112.9","Carbon dioxide":"111.0","date":"1993-01-01T00:00:00.000Z","label":"1993"},{"Road transport emissions":"1994","Greenhouse gases":"113.7","Carbon dioxide":"111.7","date":"1994-01-01T00:00:00.000Z","label":"1994"},{"Road transport emissions":"1995","Greenhouse gases":"112.7","Carbon dioxide":"110.5","date":"1995-01-01T00:00:00.000Z","label":"1995"},{"Road transport emissions":"1996","Greenhouse gases":"117.0","Carbon dioxide":"115.0","date":"1996-01-01T00:00:00.000Z","label":"1996"},{"Road transport emissions":"1997","Greenhouse gases":"118.9","Carbon dioxide":"117.0","date":"1997-01-01T00:00:00.000Z","label":"1997"},{"Road transport emissions":"1998","Greenhouse gases":"118.5","Carbon dioxide":"116.6","date":"1998-01-01T00:00:00.000Z","label":"1998"},{"Road transport emissions":"1999","Greenhouse gases":"119.4","Carbon dioxide":"117.6","date":"1999-01-01T00:00:00.000Z","label":"1999"},{"Road transport emissions":"2000","Greenhouse gases":"118.5","Carbon dioxide":"116.8","date":"2000-01-01T00:00:00.000Z","label":"2000"},{"Road transport emissions":"2001","Greenhouse gases":"118.2","Carbon dioxide":"116.6","date":"2001-01-01T00:00:00.000Z","label":"2001"},{"Road transport emissions":"2002","Greenhouse gases":"120.5","Carbon dioxide":"119.0","date":"2002-01-01T00:00:00.000Z","label":"2002"},{"Road transport emissions":"2003","Greenhouse gases":"120.1","Carbon dioxide":"118.7","date":"2003-01-01T00:00:00.000Z","label":"2003"},{"Road transport emissions":"2004","Greenhouse gases":"120.8","Carbon dioxide":"119.5","date":"2004-01-01T00:00:00.000Z","label":"2004"},{"Road transport emissions":"2005","Greenhouse gases":"121.6","Carbon dioxide":"120.3","date":"2005-01-01T00:00:00.000Z","label":"2005"},{"Road transport emissions":"2006","Greenhouse gases":"121.9","Carbon dioxide":"120.7","date":"2006-01-01T00:00:00.000Z","label":"2006"},{"Road transport emissions":"2007","Greenhouse gases":"123.6","Carbon dioxide":"122.4","date":"2007-01-01T00:00:00.000Z","label":"2007"},{"Road transport emissions":"2008","Greenhouse gases":"119.5","Carbon dioxide":"118.5","date":"2008-01-01T00:00:00.000Z","label":"2008"},{"Road transport emissions":"2009","Greenhouse gases":"115.7","Carbon dioxide":"114.8","date":"2009-01-01T00:00:00.000Z","label":"2009"},{"Road transport emissions":"2010","Greenhouse gases":"115.0","Carbon dioxide":"114.1","date":"2010-01-01T00:00:00.000Z","label":"2010"},{"Road transport emissions":"2011","Greenhouse gases":"113.3","Carbon dioxide":"112.4","date":"2011-01-01T00:00:00.000Z","label":"2011"},{"Road transport emissions":"2012","Greenhouse gases":"112.8","Carbon dioxide":"111.8","date":"2012-01-01T00:00:00.000Z","label":"2012"},{"Road transport emissions":"2013","Greenhouse gases":"112.3","Carbon dioxide":"111.3","date":"2013-01-01T00:00:00.000Z","label":"2013"}],"headers":["Road transport emissions","Greenhouse gases","Carbon dioxide"],"series":["Greenhouse gases","Carbon dioxide"],"categories":["1990","1991","1992","1993","1994","1995","1996","1997","1998","1999","2000","2001","2002","2003","2004","2005","2006","2007","2008","2009","2010","2011","2012","2013"],"aspectRatio":"0.56","chartType":"line","files":[{"type":"download-png","filename":"adae2e6f-download.png"},{"type":"png","filename":"adae2e6f.png"}],"isTimeSeries":true,"timeSeries":[{"Road transport emissions":"1990","Greenhouse gases":"110.8","Carbon dioxide":"109.0","date":"1990-01-01T00:00:00.000Z","label":"1990"},{"Road transport emissions":"1991","Greenhouse gases":"110.1","Carbon dioxide":"108.2","date":"1991-01-01T00:00:00.000Z","label":"1991"},{"Road transport emissions":"1992","Greenhouse gases":"111.6","Carbon dioxide":"109.8","date":"1992-01-01T00:00:00.000Z","label":"1992"},{"Road transport emissions":"1993","Greenhouse gases":"112.9","Carbon dioxide":"111.0","date":"1993-01-01T00:00:00.000Z","label":"1993"},{"Road transport emissions":"1994","Greenhouse gases":"113.7","Carbon dioxide":"111.7","date":"1994-01-01T00:00:00.000Z","label":"1994"},{"Road transport emissions":"1995","Greenhouse gases":"112.7","Carbon dioxide":"110.5","date":"1995-01-01T00:00:00.000Z","label":"1995"},{"Road transport emissions":"1996","Greenhouse gases":"117.0","Carbon dioxide":"115.0","date":"1996-01-01T00:00:00.000Z","label":"1996"},{"Road transport emissions":"1997","Greenhouse gases":"118.9","Carbon dioxide":"117.0","date":"1997-01-01T00:00:00.000Z","label":"1997"},{"Road transport emissions":"1998","Greenhouse gases":"118.5","Carbon dioxide":"116.6","date":"1998-01-01T00:00:00.000Z","label":"1998"},{"Road transport emissions":"1999","Greenhouse gases":"119.4","Carbon dioxide":"117.6","date":"1999-01-01T00:00:00.000Z","label":"1999"},{"Road transport emissions":"2000","Greenhouse gases":"118.5","Carbon dioxide":"116.8","date":"2000-01-01T00:00:00.000Z","label":"2000"},{"Road transport emissions":"2001","Greenhouse gases":"118.2","Carbon dioxide":"116.6","date":"2001-01-01T00:00:00.000Z","label":"2001"},{"Road transport emissions":"2002","Greenhouse gases":"120.5","Carbon dioxide":"119.0","date":"2002-01-01T00:00:00.000Z","label":"2002"},{"Road transport emissions":"2003","Greenhouse gases":"120.1","Carbon dioxide":"118.7","date":"2003-01-01T00:00:00.000Z","label":"2003"},{"Road transport emissions":"2004","Greenhouse gases":"120.8","Carbon dioxide":"119.5","date":"2004-01-01T00:00:00.000Z","label":"2004"},{"Road transport emissions":"2005","Greenhouse gases":"121.6","Carbon dioxide":"120.3","date":"2005-01-01T00:00:00.000Z","label":"2005"},{"Road transport emissions":"2006","Greenhouse gases":"121.9","Carbon dioxide":"120.7","date":"2006-01-01T00:00:00.000Z","label":"2006"},{"Road transport emissions":"2007","Greenhouse gases":"123.6","Carbon dioxide":"122.4","date":"2007-01-01T00:00:00.000Z","label":"2007"},{"Road transport emissions":"2008","Greenhouse gases":"119.5","Carbon dioxide":"118.5","date":"2008-01-01T00:00:00.000Z","label":"2008"},{"Road transport emissions":"2009","Greenhouse gases":"115.7","Carbon dioxide":"114.8","date":"2009-01-01T00:00:00.000Z","label":"2009"},{"Road transport emissions":"2010","Greenhouse gases":"115.0","Carbon dioxide":"114.1","date":"2010-01-01T00:00:00.000Z","label":"2010"},{"Road transport emissions":"2011","Greenhouse gases":"113.3","Carbon dioxide":"112.4","date":"2011-01-01T00:00:00.000Z","label":"2011"},{"Road transport emissions":"2012","Greenhouse gases":"112.8","Carbon dioxide":"111.8","date":"2012-01-01T00:00:00.000Z","label":"2012"},{"Road transport emissions":"2013","Greenhouse gases":"112.3","Carbon dioxide":"111.3","date":"2013-01-01T00:00:00.000Z","label":"2013"}]}