{"type":"chart","title":"Figure 12.3. Environmental protection expenditure by general government as an equivalent of Gross Domestic Product (GDP), United Kingdom, 1997 to 2012","filename":"b2a7bbd1","uri":"/economy/environmentalaccounts/bulletins/ukenvironmentalaccounts/2015-07-09/b2a7bbd1","subtitle":"United Kingdom","unit":"%","source":"","legend":"false","hideLegend":true,"notes":"","altText":"","data":[{"Year":"1997","EPE equivalent of GDP":"0.5","date":"1997-01-01T00:00:00.000Z","label":"1997"},{"Year":"1998","EPE equivalent of GDP":"0.5","date":"1998-01-01T00:00:00.000Z","label":"1998"},{"Year":"1999","EPE equivalent of GDP":"0.6","date":"1999-01-01T00:00:00.000Z","label":"1999"},{"Year":"2000","EPE equivalent of GDP":"0.6","date":"2000-01-01T00:00:00.000Z","label":"2000"},{"Year":"2001","EPE equivalent of GDP":"0.7","date":"2001-01-01T00:00:00.000Z","label":"2001"},{"Year":"2002","EPE equivalent of GDP":"0.7","date":"2002-01-01T00:00:00.000Z","label":"2002"},{"Year":"2003","EPE equivalent of GDP":"0.7","date":"2003-01-01T00:00:00.000Z","label":"2003"},{"Year":"2004","EPE equivalent of GDP":"0.7","date":"2004-01-01T00:00:00.000Z","label":"2004"},{"Year":"2005","EPE equivalent of GDP":"0.6","date":"2005-01-01T00:00:00.000Z","label":"2005"},{"Year":"2006","EPE equivalent of GDP":"0.9","date":"2006-01-01T00:00:00.000Z","label":"2006"},{"Year":"2007","EPE equivalent of GDP":"0.9","date":"2007-01-01T00:00:00.000Z","label":"2007"},{"Year":"2008","EPE equivalent of GDP":"0.9","date":"2008-01-01T00:00:00.000Z","label":"2008"},{"Year":"2009","EPE equivalent of GDP":"1.0","date":"2009-01-01T00:00:00.000Z","label":"2009"},{"Year":"2010","EPE equivalent of GDP":"1.0","date":"2010-01-01T00:00:00.000Z","label":"2010"},{"Year":"2011","EPE equivalent of GDP":"0.9","date":"2011-01-01T00:00:00.000Z","label":"2011"},{"Year":"2012","EPE equivalent of GDP":"0.9","date":"2012-01-01T00:00:00.000Z","label":"2012"},{"Year":"2013","EPE equivalent of GDP":"0.8","date":"2013-01-01T00:00:00.000Z","label":"2013"}],"headers":["Year","EPE equivalent of GDP"],"series":["EPE equivalent of GDP"],"categories":["1997","1998","1999","2000","2001","2002","2003","2004","2005","2006","2007","2008","2009","2010","2011","2012","2013"],"aspectRatio":"0.56","chartType":"line","files":[{"type":"download-png","filename":"b2a7bbd1-download.png"},{"type":"png","filename":"b2a7bbd1.png"}],"isTimeSeries":true,"timeSeries":[{"Year":"1997","EPE equivalent of GDP":"0.5","date":"1997-01-01T00:00:00.000Z","label":"1997"},{"Year":"1998","EPE equivalent of GDP":"0.5","date":"1998-01-01T00:00:00.000Z","label":"1998"},{"Year":"1999","EPE equivalent of GDP":"0.6","date":"1999-01-01T00:00:00.000Z","label":"1999"},{"Year":"2000","EPE equivalent of GDP":"0.6","date":"2000-01-01T00:00:00.000Z","label":"2000"},{"Year":"2001","EPE equivalent of GDP":"0.7","date":"2001-01-01T00:00:00.000Z","label":"2001"},{"Year":"2002","EPE equivalent of GDP":"0.7","date":"2002-01-01T00:00:00.000Z","label":"2002"},{"Year":"2003","EPE equivalent of GDP":"0.7","date":"2003-01-01T00:00:00.000Z","label":"2003"},{"Year":"2004","EPE equivalent of GDP":"0.7","date":"2004-01-01T00:00:00.000Z","label":"2004"},{"Year":"2005","EPE equivalent of GDP":"0.6","date":"2005-01-01T00:00:00.000Z","label":"2005"},{"Year":"2006","EPE equivalent of GDP":"0.9","date":"2006-01-01T00:00:00.000Z","label":"2006"},{"Year":"2007","EPE equivalent of GDP":"0.9","date":"2007-01-01T00:00:00.000Z","label":"2007"},{"Year":"2008","EPE equivalent of GDP":"0.9","date":"2008-01-01T00:00:00.000Z","label":"2008"},{"Year":"2009","EPE equivalent of GDP":"1.0","date":"2009-01-01T00:00:00.000Z","label":"2009"},{"Year":"2010","EPE equivalent of GDP":"1.0","date":"2010-01-01T00:00:00.000Z","label":"2010"},{"Year":"2011","EPE equivalent of GDP":"0.9","date":"2011-01-01T00:00:00.000Z","label":"2011"},{"Year":"2012","EPE equivalent of GDP":"0.9","date":"2012-01-01T00:00:00.000Z","label":"2012"},{"Year":"2013","EPE equivalent of GDP":"0.8","date":"2013-01-01T00:00:00.000Z","label":"2013"}],"chartTypes":{"EPE equivalent of GDP":"bar"},"groups":[[]]}