{"type":"chart","title":"Figure 5.4. Acid rain precursor emissions: by type of gas, 1990 to 2013","filename":"b76d543e","uri":"/economy/environmentalaccounts/bulletins/ukenvironmentalaccounts/2015-07-09/b76d543e","subtitle":"United Kingdom","unit":"","source":"Ricardo-AEA, Office for National Statistics","legend":"top-right","hideLegend":false,"notes":"1. Excluding natural world.\n\n","altText":"","data":[{"Acid rain precursor":"1990","Sulphur dioxide":"4.0","Nitrogen oxide":"2.3","Ammonia":"0.6","Total":"6.9","date":"1990-01-01T00:00:00.000Z","label":"1990"},{"Acid rain precursor":"1991","Sulphur dioxide":"3.8","Nitrogen oxide":"2.2","Ammonia":"0.7","Total":"6.7","date":"1991-01-01T00:00:00.000Z","label":"1991"},{"Acid rain precursor":"1992","Sulphur dioxide":"3.7","Nitrogen oxide":"2.2","Ammonia":"0.6","Total":"6.5","date":"1992-01-01T00:00:00.000Z","label":"1992"},{"Acid rain precursor":"1993","Sulphur dioxide":"3.4","Nitrogen oxide":"2.0","Ammonia":"0.6","Total":"6.0","date":"1993-01-01T00:00:00.000Z","label":"1993"},{"Acid rain precursor":"1994","Sulphur dioxide":"2.9","Nitrogen oxide":"2.0","Ammonia":"0.6","Total":"5.5","date":"1994-01-01T00:00:00.000Z","label":"1994"},{"Acid rain precursor":"1995","Sulphur dioxide":"2.6","Nitrogen oxide":"1.9","Ammonia":"0.6","Total":"5.1","date":"1995-01-01T00:00:00.000Z","label":"1995"},{"Acid rain precursor":"1996","Sulphur dioxide":"2.3","Nitrogen oxide":"1.9","Ammonia":"0.6","Total":"4.8","date":"1996-01-01T00:00:00.000Z","label":"1996"},{"Acid rain precursor":"1997","Sulphur dioxide":"1.9","Nitrogen oxide":"1.7","Ammonia":"0.6","Total":"4.3","date":"1997-01-01T00:00:00.000Z","label":"1997"},{"Acid rain precursor":"1998","Sulphur dioxide":"1.9","Nitrogen oxide":"1.7","Ammonia":"0.6","Total":"4.2","date":"1998-01-01T00:00:00.000Z","label":"1998"},{"Acid rain precursor":"1999","Sulphur dioxide":"1.5","Nitrogen oxide":"1.6","Ammonia":"0.6","Total":"3.7","date":"1999-01-01T00:00:00.000Z","label":"1999"},{"Acid rain precursor":"2000","Sulphur dioxide":"1.4","Nitrogen oxide":"1.5","Ammonia":"0.6","Total":"3.5","date":"2000-01-01T00:00:00.000Z","label":"2000"},{"Acid rain precursor":"2001","Sulphur dioxide":"1.4","Nitrogen oxide":"1.6","Ammonia":"0.6","Total":"3.6","date":"2001-01-01T00:00:00.000Z","label":"2001"},{"Acid rain precursor":"2002","Sulphur dioxide":"1.3","Nitrogen oxide":"1.5","Ammonia":"0.6","Total":"3.4","date":"2002-01-01T00:00:00.000Z","label":"2002"},{"Acid rain precursor":"2003","Sulphur dioxide":"1.3","Nitrogen oxide":"1.5","Ammonia":"0.6","Total":"3.4","date":"2003-01-01T00:00:00.000Z","label":"2003"},{"Acid rain precursor":"2004","Sulphur dioxide":"1.2","Nitrogen oxide":"1.5","Ammonia":"0.6","Total":"3.3","date":"2004-01-01T00:00:00.000Z","label":"2004"},{"Acid rain precursor":"2005","Sulphur dioxide":"1.1","Nitrogen oxide":"1.5","Ammonia":"0.6","Total":"3.2","date":"2005-01-01T00:00:00.000Z","label":"2005"},{"Acid rain precursor":"2006","Sulphur dioxide":"0.9","Nitrogen oxide":"1.4","Ammonia":"0.6","Total":"2.8","date":"2006-01-01T00:00:00.000Z","label":"2006"},{"Acid rain precursor":"2007","Sulphur dioxide":"0.9","Nitrogen oxide":"1.3","Ammonia":"0.5","Total":"2.7","date":"2007-01-01T00:00:00.000Z","label":"2007"},{"Acid rain precursor":"2008","Sulphur dioxide":"0.7","Nitrogen oxide":"1.2","Ammonia":"0.5","Total":"2.4","date":"2008-01-01T00:00:00.000Z","label":"2008"},{"Acid rain precursor":"2009","Sulphur dioxide":"0.6","Nitrogen oxide":"1.0","Ammonia":"0.5","Total":"2.1","date":"2009-01-01T00:00:00.000Z","label":"2009"},{"Acid rain precursor":"2010","Sulphur dioxide":"0.6","Nitrogen oxide":"1.0","Ammonia":"0.5","Total":"2.1","date":"2010-01-01T00:00:00.000Z","label":"2010"},{"Acid rain precursor":"2011","Sulphur dioxide":"0.5","Nitrogen oxide":"1.0","Ammonia":"0.5","Total":"2.1","date":"2011-01-01T00:00:00.000Z","label":"2011"},{"Acid rain precursor":"2012","Sulphur dioxide":"0.6","Nitrogen oxide":"1.0","Ammonia":"0.5","Total":"2.1","date":"2012-01-01T00:00:00.000Z","label":"2012"},{"Acid rain precursor":"2013","Sulphur dioxide":"0.5","Nitrogen oxide":"0.9","Ammonia":"0.5","Total":"1.9","date":"2013-01-01T00:00:00.000Z","label":"2013"}],"headers":["Acid rain precursor","Sulphur dioxide","Nitrogen oxide","Ammonia","Total"],"series":["Sulphur dioxide","Nitrogen oxide","Ammonia","Total"],"categories":["1990","1991","1992","1993","1994","1995","1996","1997","1998","1999","2000","2001","2002","2003","2004","2005","2006","2007","2008","2009","2010","2011","2012","2013"],"aspectRatio":"0.56","chartType":"line","files":[{"type":"download-png","filename":"b76d543e-download.png"},{"type":"png","filename":"b76d543e.png"}],"isTimeSeries":true,"timeSeries":[{"Acid rain precursor":"1990","Sulphur dioxide":"4.0","Nitrogen oxide":"2.3","Ammonia":"0.6","Total":"6.9","date":"1990-01-01T00:00:00.000Z","label":"1990"},{"Acid rain precursor":"1991","Sulphur dioxide":"3.8","Nitrogen oxide":"2.2","Ammonia":"0.7","Total":"6.7","date":"1991-01-01T00:00:00.000Z","label":"1991"},{"Acid rain precursor":"1992","Sulphur dioxide":"3.7","Nitrogen oxide":"2.2","Ammonia":"0.6","Total":"6.5","date":"1992-01-01T00:00:00.000Z","label":"1992"},{"Acid rain precursor":"1993","Sulphur dioxide":"3.4","Nitrogen oxide":"2.0","Ammonia":"0.6","Total":"6.0","date":"1993-01-01T00:00:00.000Z","label":"1993"},{"Acid rain precursor":"1994","Sulphur dioxide":"2.9","Nitrogen oxide":"2.0","Ammonia":"0.6","Total":"5.5","date":"1994-01-01T00:00:00.000Z","label":"1994"},{"Acid rain precursor":"1995","Sulphur dioxide":"2.6","Nitrogen oxide":"1.9","Ammonia":"0.6","Total":"5.1","date":"1995-01-01T00:00:00.000Z","label":"1995"},{"Acid rain precursor":"1996","Sulphur dioxide":"2.3","Nitrogen oxide":"1.9","Ammonia":"0.6","Total":"4.8","date":"1996-01-01T00:00:00.000Z","label":"1996"},{"Acid rain precursor":"1997","Sulphur dioxide":"1.9","Nitrogen oxide":"1.7","Ammonia":"0.6","Total":"4.3","date":"1997-01-01T00:00:00.000Z","label":"1997"},{"Acid rain precursor":"1998","Sulphur dioxide":"1.9","Nitrogen oxide":"1.7","Ammonia":"0.6","Total":"4.2","date":"1998-01-01T00:00:00.000Z","label":"1998"},{"Acid rain precursor":"1999","Sulphur dioxide":"1.5","Nitrogen oxide":"1.6","Ammonia":"0.6","Total":"3.7","date":"1999-01-01T00:00:00.000Z","label":"1999"},{"Acid rain precursor":"2000","Sulphur dioxide":"1.4","Nitrogen oxide":"1.5","Ammonia":"0.6","Total":"3.5","date":"2000-01-01T00:00:00.000Z","label":"2000"},{"Acid rain precursor":"2001","Sulphur dioxide":"1.4","Nitrogen oxide":"1.6","Ammonia":"0.6","Total":"3.6","date":"2001-01-01T00:00:00.000Z","label":"2001"},{"Acid rain precursor":"2002","Sulphur dioxide":"1.3","Nitrogen oxide":"1.5","Ammonia":"0.6","Total":"3.4","date":"2002-01-01T00:00:00.000Z","label":"2002"},{"Acid rain precursor":"2003","Sulphur dioxide":"1.3","Nitrogen oxide":"1.5","Ammonia":"0.6","Total":"3.4","date":"2003-01-01T00:00:00.000Z","label":"2003"},{"Acid rain precursor":"2004","Sulphur dioxide":"1.2","Nitrogen oxide":"1.5","Ammonia":"0.6","Total":"3.3","date":"2004-01-01T00:00:00.000Z","label":"2004"},{"Acid rain precursor":"2005","Sulphur dioxide":"1.1","Nitrogen oxide":"1.5","Ammonia":"0.6","Total":"3.2","date":"2005-01-01T00:00:00.000Z","label":"2005"},{"Acid rain precursor":"2006","Sulphur dioxide":"0.9","Nitrogen oxide":"1.4","Ammonia":"0.6","Total":"2.8","date":"2006-01-01T00:00:00.000Z","label":"2006"},{"Acid rain precursor":"2007","Sulphur dioxide":"0.9","Nitrogen oxide":"1.3","Ammonia":"0.5","Total":"2.7","date":"2007-01-01T00:00:00.000Z","label":"2007"},{"Acid rain precursor":"2008","Sulphur dioxide":"0.7","Nitrogen oxide":"1.2","Ammonia":"0.5","Total":"2.4","date":"2008-01-01T00:00:00.000Z","label":"2008"},{"Acid rain precursor":"2009","Sulphur dioxide":"0.6","Nitrogen oxide":"1.0","Ammonia":"0.5","Total":"2.1","date":"2009-01-01T00:00:00.000Z","label":"2009"},{"Acid rain precursor":"2010","Sulphur dioxide":"0.6","Nitrogen oxide":"1.0","Ammonia":"0.5","Total":"2.1","date":"2010-01-01T00:00:00.000Z","label":"2010"},{"Acid rain precursor":"2011","Sulphur dioxide":"0.5","Nitrogen oxide":"1.0","Ammonia":"0.5","Total":"2.1","date":"2011-01-01T00:00:00.000Z","label":"2011"},{"Acid rain precursor":"2012","Sulphur dioxide":"0.6","Nitrogen oxide":"1.0","Ammonia":"0.5","Total":"2.1","date":"2012-01-01T00:00:00.000Z","label":"2012"},{"Acid rain precursor":"2013","Sulphur dioxide":"0.5","Nitrogen oxide":"0.9","Ammonia":"0.5","Total":"1.9","date":"2013-01-01T00:00:00.000Z","label":"2013"}]}