{"type":"chart","title":"Figure 6.2 Greenhouse gas emissions intensity: by industry, 1997 and 2013","filename":"bf9d1a9b","uri":"/economy/environmentalaccounts/bulletins/ukenvironmentalaccounts/2015-07-09/bf9d1a9b","subtitle":"United Kingdom residency basis","unit":"Thousand tonnes of carbon dioxide equivalent/£ million","source":"Ricardo-AEA, Office for National Statistics","legend":"top-right","hideLegend":false,"notes":"1. These industry aggregations are based on the Standard Industrial Classification (SIC) 2007.\n","altText":"Figure 6.2 Greenhouse gas emissions intensity: by industry, 1997 and 2013","data":[{"1997":"9.20","2013":"5.95","Economic Sector":"Energy supply water and waste"},{"1997":"8.28","2013":"6.60","Economic Sector":"Agriculture forestry and fishing"},{"1997":"1.13","2013":"0.64","Economic Sector":"Manufacturing"},{"1997":"0.88","2013":"0.53","Economic Sector":"Transport and storage; information and communication"},{"1997":"0.62","2013":"0.70","Economic Sector":"Mining and quarrying"},{"1997":"0.14","2013":"0.08","Economic Sector":"Public administration and defence; compulsory social security"},{"1997":"0.13","2013":"0.13","Economic Sector":"Construction"},{"1997":"0.11","2013":"0.12","Economic Sector":"Wholesale and retail trade; repair of motor vehicles"},{"1997":"0.11","2013":"0.10","Economic Sector":"Accommodation and food services"},{"1997":"0.09","2013":"0.06","Economic Sector":"Arts entertainment and recreation; other service activities"},{"1997":"0.09","2013":"0.05","Economic Sector":"Human health and social work activities"},{"1997":"0.06","2013":"0.04","Economic Sector":"Education"},{"1997":"0.03","2013":"0.04","Economic Sector":"People employed by households etc."},{"1997":"0.03","2013":"0.02","Economic Sector":"Real estate; professional; administrative and support services"},{"1997":"0.00","2013":"0.00","Economic Sector":"Financial and insurance activities"}],"headers":["Economic Sector","1997","2013"],"series":["1997","2013"],"categories":["Energy supply water and waste","Agriculture forestry and fishing","Manufacturing","Transport and storage; information and communication","Mining and quarrying","Public administration and defence; compulsory social security","Construction","Wholesale and retail trade; repair of motor vehicles","Accommodation and food services","Arts entertainment and recreation; other service activities","Human health and social work activities","Education","People employed by households etc.","Real estate; professional; administrative and support services","Financial and insurance activities"],"aspectRatio":"1.3","chartType":"rotated","files":[{"type":"download-png","filename":"bf9d1a9b-download.png"},{"type":"png","filename":"bf9d1a9b.png"}]}