{"type":"chart","title":"Figure 14.2: Estimates of undiscovered oil resources, 1995 to 2013","filename":"bfa32b93","uri":"/economy/environmentalaccounts/bulletins/ukenvironmentalaccounts/2015-07-09/bfa32b93","subtitle":"United Kingdom","unit":"Million tonnes","source":"Department of Energy and Climate Change (DECC)","legend":"top-right","hideLegend":false,"notes":"","altText":"Figure 14.2: Estimates of undiscovered oil resources, 1995 to 2013","data":[{"Range":"1995","Lower range (JKNY)":"990 ","Upper range (JKNZ)":"4485 ","date":"1995-01-01T00:00:00.000Z","label":"1995"},{"Range":"1996","Lower range (JKNY)":"285 ","Upper range (JKNZ)":"2700 ","date":"1996-01-01T00:00:00.000Z","label":"1996"},{"Range":"1997","Lower range (JKNY)":"285 ","Upper range (JKNZ)":"2680 ","date":"1997-01-01T00:00:00.000Z","label":"1997"},{"Range":"1998","Lower range (JKNY)":"275 ","Upper range (JKNZ)":"2550 ","date":"1998-01-01T00:00:00.000Z","label":"1998"},{"Range":"1999","Lower range (JKNY)":"250 ","Upper range (JKNZ)":"2600 ","date":"1999-01-01T00:00:00.000Z","label":"1999"},{"Range":"2000","Lower range (JKNY)":"225 ","Upper range (JKNZ)":"2300 ","date":"2000-01-01T00:00:00.000Z","label":"2000"},{"Range":"2001","Lower range (JKNY)":"205 ","Upper range (JKNZ)":"1930 ","date":"2001-01-01T00:00:00.000Z","label":"2001"},{"Range":"2002","Lower range (JKNY)":"272 ","Upper range (JKNZ)":"1770 ","date":"2002-01-01T00:00:00.000Z","label":"2002"},{"Range":"2003","Lower range (JKNY)":"323 ","Upper range (JKNZ)":"1826 ","date":"2003-01-01T00:00:00.000Z","label":"2003"},{"Range":"2004","Lower range (JKNY)":"396 ","Upper range (JKNZ)":"1830 ","date":"2004-01-01T00:00:00.000Z","label":"2004"},{"Range":"2005","Lower range (JKNY)":"346 ","Upper range (JKNZ)":"1581 ","date":"2005-01-01T00:00:00.000Z","label":"2005"},{"Range":"2006","Lower range (JKNY)":"438 ","Upper range (JKNZ)":"1637 ","date":"2006-01-01T00:00:00.000Z","label":"2006"},{"Range":"2007","Lower range (JKNY)":"379 ","Upper range (JKNZ)":"1577 ","date":"2007-01-01T00:00:00.000Z","label":"2007"},{"Range":"2008","Lower range (JKNY)":"454 ","Upper range (JKNZ)":"1561 ","date":"2008-01-01T00:00:00.000Z","label":"2008"},{"Range":"2009","Lower range (JKNY)":"397 ","Upper range (JKNZ)":"1477 ","date":"2009-01-01T00:00:00.000Z","label":"2009"},{"Range":"2010","Lower range (JKNY)":"475 ","Upper range (JKNZ)":"1374 ","date":"2010-01-01T00:00:00.000Z","label":"2010"},{"Range":"2011","Lower range (JKNY)":"422 ","Upper range (JKNZ)":"1321 ","date":"2011-01-01T00:00:00.000Z","label":"2011"},{"Range":"2012","Lower range (JKNY)":"455","Upper range (JKNZ)":"1344","date":"2012-01-01T00:00:00.000Z","label":"2012"},{"Range":"2013","Lower range (JKNY)":"453","Upper range (JKNZ)":"1331","date":"2013-01-01T00:00:00.000Z","label":"2013"}],"headers":["Range","Lower range (JKNY)","Upper range (JKNZ)"],"series":["Lower range (JKNY)","Upper range (JKNZ)"],"categories":["1995","1996","1997","1998","1999","2000","2001","2002","2003","2004","2005","2006","2007","2008","2009","2010","2011","2012","2013"],"aspectRatio":"0.56","chartType":"line","files":[{"type":"download-png","filename":"bfa32b93-download.png"},{"type":"png","filename":"bfa32b93.png"}],"isTimeSeries":true,"timeSeries":[{"Range":"1995","Lower range (JKNY)":"990 ","Upper range (JKNZ)":"4485 ","date":"1995-01-01T00:00:00.000Z","label":"1995"},{"Range":"1996","Lower range (JKNY)":"285 ","Upper range (JKNZ)":"2700 ","date":"1996-01-01T00:00:00.000Z","label":"1996"},{"Range":"1997","Lower range (JKNY)":"285 ","Upper range (JKNZ)":"2680 ","date":"1997-01-01T00:00:00.000Z","label":"1997"},{"Range":"1998","Lower range (JKNY)":"275 ","Upper range (JKNZ)":"2550 ","date":"1998-01-01T00:00:00.000Z","label":"1998"},{"Range":"1999","Lower range (JKNY)":"250 ","Upper range (JKNZ)":"2600 ","date":"1999-01-01T00:00:00.000Z","label":"1999"},{"Range":"2000","Lower range (JKNY)":"225 ","Upper range (JKNZ)":"2300 ","date":"2000-01-01T00:00:00.000Z","label":"2000"},{"Range":"2001","Lower range (JKNY)":"205 ","Upper range (JKNZ)":"1930 ","date":"2001-01-01T00:00:00.000Z","label":"2001"},{"Range":"2002","Lower range (JKNY)":"272 ","Upper range (JKNZ)":"1770 ","date":"2002-01-01T00:00:00.000Z","label":"2002"},{"Range":"2003","Lower range (JKNY)":"323 ","Upper range (JKNZ)":"1826 ","date":"2003-01-01T00:00:00.000Z","label":"2003"},{"Range":"2004","Lower range (JKNY)":"396 ","Upper range (JKNZ)":"1830 ","date":"2004-01-01T00:00:00.000Z","label":"2004"},{"Range":"2005","Lower range (JKNY)":"346 ","Upper range (JKNZ)":"1581 ","date":"2005-01-01T00:00:00.000Z","label":"2005"},{"Range":"2006","Lower range (JKNY)":"438 ","Upper range (JKNZ)":"1637 ","date":"2006-01-01T00:00:00.000Z","label":"2006"},{"Range":"2007","Lower range (JKNY)":"379 ","Upper range (JKNZ)":"1577 ","date":"2007-01-01T00:00:00.000Z","label":"2007"},{"Range":"2008","Lower range (JKNY)":"454 ","Upper range (JKNZ)":"1561 ","date":"2008-01-01T00:00:00.000Z","label":"2008"},{"Range":"2009","Lower range (JKNY)":"397 ","Upper range (JKNZ)":"1477 ","date":"2009-01-01T00:00:00.000Z","label":"2009"},{"Range":"2010","Lower range (JKNY)":"475 ","Upper range (JKNZ)":"1374 ","date":"2010-01-01T00:00:00.000Z","label":"2010"},{"Range":"2011","Lower range (JKNY)":"422 ","Upper range (JKNZ)":"1321 ","date":"2011-01-01T00:00:00.000Z","label":"2011"},{"Range":"2012","Lower range (JKNY)":"455","Upper range (JKNZ)":"1344","date":"2012-01-01T00:00:00.000Z","label":"2012"},{"Range":"2013","Lower range (JKNY)":"453","Upper range (JKNZ)":"1331","date":"2013-01-01T00:00:00.000Z","label":"2013"}]}