{"type":"chart","title":"Figure 16.1: Monetary estimates of freshwaters, 2008 to 2012 (2012 prices)","filename":"d3adbd58","uri":"/economy/environmentalaccounts/bulletins/ukenvironmentalaccounts/2015-07-09/d3adbd58","subtitle":"United Kingdom","unit":"£billion","source":"Office for National Statistics","legend":"false","hideLegend":true,"notes":"","altText":"Figure 16.1: Monetary estimates of freshwaters, 2008 to 2012 (2012 prices)","data":[{"Land":"2008","Open waters":"34.6","Wetlands":"1.5","date":"2008-01-01T00:00:00.000Z","label":"2008"},{"Land":"2009","Open waters":"34.5","Wetlands":"1.3","date":"2009-01-01T00:00:00.000Z","label":"2009"},{"Land":"2010","Open waters":"34.2","Wetlands":"1.1","date":"2010-01-01T00:00:00.000Z","label":"2010"},{"Land":"2011","Open waters":"36.1","Wetlands":"1.0","date":"2011-01-01T00:00:00.000Z","label":"2011"},{"Land":"2012","Open waters":"38.7","Wetlands":"0.8","date":"2012-01-01T00:00:00.000Z","label":"2012"}],"headers":["Land","Open waters","Wetlands"],"series":["Open waters","Wetlands"],"categories":["2008","2009","2010","2011","2012"],"aspectRatio":"0.56","chartType":"barline","files":[{"type":"download-png","filename":"d3adbd58-download.png"},{"type":"png","filename":"d3adbd58.png"}],"isTimeSeries":true,"timeSeries":[{"Land":"2008","Open waters":"34.6","Wetlands":"1.5","date":"2008-01-01T00:00:00.000Z","label":"2008"},{"Land":"2009","Open waters":"34.5","Wetlands":"1.3","date":"2009-01-01T00:00:00.000Z","label":"2009"},{"Land":"2010","Open waters":"34.2","Wetlands":"1.1","date":"2010-01-01T00:00:00.000Z","label":"2010"},{"Land":"2011","Open waters":"36.1","Wetlands":"1.0","date":"2011-01-01T00:00:00.000Z","label":"2011"},{"Land":"2012","Open waters":"38.7","Wetlands":"0.8","date":"2012-01-01T00:00:00.000Z","label":"2012"}],"chartTypes":{"Open waters":"bar","Wetlands":"bar"},"groups":[["Open waters","Wetlands"]]}