{"type":"chart","title":"Figure 5.2. Greenhouse gas emissions: by type of gas, 1990 and 2013","filename":"dacfd2a1","uri":"/economy/environmentalaccounts/bulletins/ukenvironmentalaccounts/2015-07-09/dacfd2a1","subtitle":"United Kingdom","unit":"Mt CO2e ","source":"Ricardo-AEA, Office for National Statistics","legend":"false","hideLegend":true,"notes":"1. Other greenhouse gases includes: Hydro-fluorocarbons; Perfluorocarbons; Sulphur hexafluoride and Nitrogen trifluoride.\t\t\t\t\t\n","altText":"Figure 5.2. Greenhouse gas emissions: by type of gas, 1990 and 2013","data":[{"1990":"631.7","2013":"542.8","":"Carbon dioxide"},{"1990":"136.6","2013":"56.0","":"Methane"},{"1990":"56.2","2013":"27.3","":"Nitrous oxide"},{"1990":"17.5","2013":"17.0","":"Other greenhouse gases(1)"}],"headers":["","1990","2013"],"series":["1990","2013"],"categories":["Carbon dioxide","Methane","Nitrous oxide","Other greenhouse gases(1)"],"aspectRatio":"0.56","chartType":"bar","files":[{"type":"download-png","filename":"dacfd2a1-download.png"},{"type":"png","filename":"dacfd2a1.png"}],"isTimeSeries":true,"timeSeries":[{"":"1990","Carbon dioxide":"631.7","Methane":"136.6","Nitrous oxide":"56.2","Other greenhouse gases1":"17.5","date":"1990-01-01T00:00:00.000Z","label":"1990"},{"":"2013","Carbon dioxide":"542.8","Methane":"56.0","Nitrous oxide":"27.3","Other greenhouse gases1":"17.0","date":"2013-01-01T00:00:00.000Z","label":"2013"}]}