{"type":"chart","title":"Figure 12.2 Environmental protection expenditure by general government: by activity, United Kingdom, 1997 to 2012","filename":"ee353109","uri":"/economy/environmentalaccounts/bulletins/ukenvironmentalaccounts/2015-07-09/ee353109","subtitle":"United Kingdom","unit":"£ billion","source":"ONS, HM Treasury","legend":"top-left","hideLegend":false,"notes":"","altText":"","data":[{"":"1997","Waste management":"3.6","Other activities":"0.2","Protection of biodiversity and landscape":"0.1","Research and development":"0.1","Pollution abatement":"0.1","date":"1997-01-01T00:00:00.000Z","label":"1997"},{"":"1998","Waste management":"3.8","Other activities":"0.4","Protection of biodiversity and landscape":"0.1","Research and development":"0.1","Pollution abatement":"0.1","date":"1998-01-01T00:00:00.000Z","label":"1998"},{"":"1999","Waste management":"4.5","Other activities":"0.5","Protection of biodiversity and landscape":"0.2","Research and development":"0.2","Pollution abatement":"0.2","date":"1999-01-01T00:00:00.000Z","label":"1999"},{"":"2000","Waste management":"4.9","Other activities":"0.8","Protection of biodiversity and landscape":"0.2","Research and development":"0.2","Pollution abatement":"0.2","date":"2000-01-01T00:00:00.000Z","label":"2000"},{"":"2001","Waste management":"5.3","Other activities":"0.7","Protection of biodiversity and landscape":"0.3","Research and development":"0.3","Pollution abatement":"0.4","date":"2001-01-01T00:00:00.000Z","label":"2001"},{"":"2002","Waste management":"5.8","Other activities":"1.1","Protection of biodiversity and landscape":"0.3","Research and development":"0.4","Pollution abatement":"0.3","date":"2002-01-01T00:00:00.000Z","label":"2002"},{"":"2003","Waste management":"6.3","Other activities":"1.5","Protection of biodiversity and landscape":"0.3","Research and development":"0.4","Pollution abatement":"0.2","date":"2003-01-01T00:00:00.000Z","label":"2003"},{"":"2004","Waste management":"6.9","Other activities":"1.1","Protection of biodiversity and landscape":"0.3","Research and development":"0.5","Pollution abatement":"0.2","date":"2004-01-01T00:00:00.000Z","label":"2004"},{"":"2005","Waste management":"5.5","Other activities":"1.6","Protection of biodiversity and landscape":"0.4","Research and development":"0.5","Pollution abatement":"0.3","date":"2005-01-01T00:00:00.000Z","label":"2005"},{"":"2006","Waste management":"9.7","Other activities":"1.5","Protection of biodiversity and landscape":"0.4","Research and development":"0.5","Pollution abatement":"0.2","date":"2006-01-01T00:00:00.000Z","label":"2006"},{"":"2007","Waste management":"10.7","Other activities":"1.7","Protection of biodiversity and landscape":"0.6","Research and development":"0.6","Pollution abatement":"0.2","date":"2007-01-01T00:00:00.000Z","label":"2007"},{"":"2008","Waste management":"10.7","Other activities":"1.6","Protection of biodiversity and landscape":"0.5","Research and development":"0.5","Pollution abatement":"0.2","date":"2008-01-01T00:00:00.000Z","label":"2008"},{"":"2009","Waste management":"11.6","Other activities":"2.2","Protection of biodiversity and landscape":"0.5","Research and development":"0.5","Pollution abatement":"0.3","date":"2009-01-01T00:00:00.000Z","label":"2009"},{"":"2010","Waste management":"11.4","Other activities":"2","Protection of biodiversity and landscape":"0.6","Research and development":"0.8","Pollution abatement":"0.5","date":"2010-01-01T00:00:00.000Z","label":"2010"},{"":"2011","Waste management":"11.2","Other activities":"1.8","Protection of biodiversity and landscape":"0.5","Research and development":"0.6","Pollution abatement":"0.3","date":"2011-01-01T00:00:00.000Z","label":"2011"},{"":"2012","Waste management":"11.2","Other activities":"1.8","Protection of biodiversity and landscape":"0.4","Research and development":"0.6","Pollution abatement":"0.2","date":"2012-01-01T00:00:00.000Z","label":"2012"},{"":"2013","Waste management":"11.5","Other activities":"1.5","Protection of biodiversity and landscape":"0.5","Research and development":"0.6","Pollution abatement":"0.2","date":"2013-01-01T00:00:00.000Z","label":"2013"}],"headers":["","Waste management","Other activities","Protection of biodiversity and landscape","Research and development","Pollution abatement"],"series":["Waste management","Other activities","Protection of biodiversity and landscape","Research and development","Pollution abatement"],"categories":["1997","1998","1999","2000","2001","2002","2003","2004","2005","2006","2007","2008","2009","2010","2011","2012","2013"],"aspectRatio":"0.56","chartType":"line","files":[{"type":"download-png","filename":"ee353109-download.png"},{"type":"png","filename":"ee353109.png"}],"isTimeSeries":true,"timeSeries":[{"":"1997","Waste management":"3.6","Other activities":"0.2","Protection of biodiversity and landscape":"0.1","Research and development":"0.1","Pollution abatement":"0.1","date":"1997-01-01T00:00:00.000Z","label":"1997"},{"":"1998","Waste management":"3.8","Other activities":"0.4","Protection of biodiversity and landscape":"0.1","Research and development":"0.1","Pollution abatement":"0.1","date":"1998-01-01T00:00:00.000Z","label":"1998"},{"":"1999","Waste management":"4.5","Other activities":"0.5","Protection of biodiversity and landscape":"0.2","Research and development":"0.2","Pollution abatement":"0.2","date":"1999-01-01T00:00:00.000Z","label":"1999"},{"":"2000","Waste management":"4.9","Other activities":"0.8","Protection of biodiversity and landscape":"0.2","Research and development":"0.2","Pollution abatement":"0.2","date":"2000-01-01T00:00:00.000Z","label":"2000"},{"":"2001","Waste management":"5.3","Other activities":"0.7","Protection of biodiversity and landscape":"0.3","Research and development":"0.3","Pollution abatement":"0.4","date":"2001-01-01T00:00:00.000Z","label":"2001"},{"":"2002","Waste management":"5.8","Other activities":"1.1","Protection of biodiversity and landscape":"0.3","Research and development":"0.4","Pollution abatement":"0.3","date":"2002-01-01T00:00:00.000Z","label":"2002"},{"":"2003","Waste management":"6.3","Other activities":"1.5","Protection of biodiversity and landscape":"0.3","Research and development":"0.4","Pollution abatement":"0.2","date":"2003-01-01T00:00:00.000Z","label":"2003"},{"":"2004","Waste management":"6.9","Other activities":"1.1","Protection of biodiversity and landscape":"0.3","Research and development":"0.5","Pollution abatement":"0.2","date":"2004-01-01T00:00:00.000Z","label":"2004"},{"":"2005","Waste management":"5.5","Other activities":"1.6","Protection of biodiversity and landscape":"0.4","Research and development":"0.5","Pollution abatement":"0.3","date":"2005-01-01T00:00:00.000Z","label":"2005"},{"":"2006","Waste management":"9.7","Other activities":"1.5","Protection of biodiversity and landscape":"0.4","Research and development":"0.5","Pollution abatement":"0.2","date":"2006-01-01T00:00:00.000Z","label":"2006"},{"":"2007","Waste management":"10.7","Other activities":"1.7","Protection of biodiversity and landscape":"0.6","Research and development":"0.6","Pollution abatement":"0.2","date":"2007-01-01T00:00:00.000Z","label":"2007"},{"":"2008","Waste management":"10.7","Other activities":"1.6","Protection of biodiversity and landscape":"0.5","Research and development":"0.5","Pollution abatement":"0.2","date":"2008-01-01T00:00:00.000Z","label":"2008"},{"":"2009","Waste management":"11.6","Other activities":"2.2","Protection of biodiversity and landscape":"0.5","Research and development":"0.5","Pollution abatement":"0.3","date":"2009-01-01T00:00:00.000Z","label":"2009"},{"":"2010","Waste management":"11.4","Other activities":"2","Protection of biodiversity and landscape":"0.6","Research and development":"0.8","Pollution abatement":"0.5","date":"2010-01-01T00:00:00.000Z","label":"2010"},{"":"2011","Waste management":"11.2","Other activities":"1.8","Protection of biodiversity and landscape":"0.5","Research and development":"0.6","Pollution abatement":"0.3","date":"2011-01-01T00:00:00.000Z","label":"2011"},{"":"2012","Waste management":"11.2","Other activities":"1.8","Protection of biodiversity and landscape":"0.4","Research and development":"0.6","Pollution abatement":"0.2","date":"2012-01-01T00:00:00.000Z","label":"2012"},{"":"2013","Waste management":"11.5","Other activities":"1.5","Protection of biodiversity and landscape":"0.5","Research and development":"0.6","Pollution abatement":"0.2","date":"2013-01-01T00:00:00.000Z","label":"2013"}]}