{"type":"chart","title":"Figure 12.4. Environmental protection expenditure by industry: by activity, 20131","filename":"efea1470","uri":"/economy/environmentalaccounts/bulletins/ukenvironmentalaccounts/2015-07-09/efea1470","subtitle":"United Kingdom","unit":"£ million","source":"Environment, Food and Rural Affairs","legend":"false","hideLegend":true,"notes":"","altText":"","data":[{"":" Waste water management ","Total expenditure in extraction, manufacturing, energy and water supply industries⁵":"1056.30"},{"":" Waste management ","Total expenditure in extraction, manufacturing, energy and water supply industries⁵":"1009.80"},{"":" Other environmental protection expenditure ","Total expenditure in extraction, manufacturing, energy and water supply industries⁵":"594.20"},{"":" Protection of ambient air and climate ","Total expenditure in extraction, manufacturing, energy and water supply industries⁵":"529.00"},{"":" Research and development expenditure ","Total expenditure in extraction, manufacturing, energy and water supply industries⁵":"178.70"},{"":" Protection of bio-diversity and landscape ","Total expenditure in extraction, manufacturing, energy and water supply industries⁵":"121.90"}],"headers":["","Total expenditure in extraction, manufacturing, energy and water supply industries⁵"],"series":["Total expenditure in extraction, manufacturing, energy and water supply industries⁵"],"categories":[" Waste water management "," Waste management "," Other environmental protection expenditure "," Protection of ambient air and climate "," Research and development expenditure "," Protection of bio-diversity and landscape "],"aspectRatio":"0.56","chartType":"bar","files":[{"type":"download-png","filename":"efea1470-download.png"},{"type":"png","filename":"efea1470.png"}]}