{"type":"chart","title":"Figure 4.1: Energy intensity, 1997 to 2013","filename":"f4183d97","uri":"/economy/environmentalaccounts/bulletins/ukenvironmentalaccounts/2015-07-09/f4183d97","subtitle":"United Kingdom residency basis","unit":"Terajoules/£ million","source":"Ricardo-AEA, Office for National Statistics","legend":"false","hideLegend":true,"notes":"1. Figure 4.1 has been corrected on 10 July 2015 at 13:00","altText":"Figure 4.1: Energy intensity, 1997 to 2013","data":[{"Year":"1997","Terajoules/£million":"5.7","date":"1997-01-01T00:00:00.000Z","label":"1997"},{"Year":"1998","Terajoules/£million":"5.6","date":"1998-01-01T00:00:00.000Z","label":"1998"},{"Year":"1999","Terajoules/£million":"5.5","date":"1999-01-01T00:00:00.000Z","label":"1999"},{"Year":"2000","Terajoules/£million":"5.4","date":"2000-01-01T00:00:00.000Z","label":"2000"},{"Year":"2001","Terajoules/£million":"5.3","date":"2001-01-01T00:00:00.000Z","label":"2001"},{"Year":"2002","Terajoules/£million":"5.0","date":"2002-01-01T00:00:00.000Z","label":"2002"},{"Year":"2003","Terajoules/£million":"4.9","date":"2003-01-01T00:00:00.000Z","label":"2003"},{"Year":"2004","Terajoules/£million":"4.8","date":"2004-01-01T00:00:00.000Z","label":"2004"},{"Year":"2005","Terajoules/£million":"4.8","date":"2005-01-01T00:00:00.000Z","label":"2005"},{"Year":"2006","Terajoules/£million":"4.5","date":"2006-01-01T00:00:00.000Z","label":"2006"},{"Year":"2007","Terajoules/£million":"4.3","date":"2007-01-01T00:00:00.000Z","label":"2007"},{"Year":"2008","Terajoules/£million":"4.3","date":"2008-01-01T00:00:00.000Z","label":"2008"},{"Year":"2009","Terajoules/£million":"4.1","date":"2009-01-01T00:00:00.000Z","label":"2009"},{"Year":"2010","Terajoules/£million":"4.1","date":"2010-01-01T00:00:00.000Z","label":"2010"},{"Year":"2011","Terajoules/£million":"4.0","date":"2011-01-01T00:00:00.000Z","label":"2011"},{"Year":"2012","Terajoules/£million":"3.9","date":"2012-01-01T00:00:00.000Z","label":"2012"},{"Year":"2013","Terajoules/£million":"3.8","date":"2013-01-01T00:00:00.000Z","label":"2013"}],"headers":["Year","Terajoules/£million"],"series":["Terajoules/£million"],"categories":["1997","1998","1999","2000","2001","2002","2003","2004","2005","2006","2007","2008","2009","2010","2011","2012","2013"],"aspectRatio":"0.56","chartType":"line","files":[{"type":"download-png","filename":"f4183d97-download.png"},{"type":"png","filename":"f4183d97.png"}],"isTimeSeries":true,"timeSeries":[{"Year":"1997","Terajoules/£million":"5.7","date":"1997-01-01T00:00:00.000Z","label":"1997"},{"Year":"1998","Terajoules/£million":"5.6","date":"1998-01-01T00:00:00.000Z","label":"1998"},{"Year":"1999","Terajoules/£million":"5.5","date":"1999-01-01T00:00:00.000Z","label":"1999"},{"Year":"2000","Terajoules/£million":"5.4","date":"2000-01-01T00:00:00.000Z","label":"2000"},{"Year":"2001","Terajoules/£million":"5.3","date":"2001-01-01T00:00:00.000Z","label":"2001"},{"Year":"2002","Terajoules/£million":"5.0","date":"2002-01-01T00:00:00.000Z","label":"2002"},{"Year":"2003","Terajoules/£million":"4.9","date":"2003-01-01T00:00:00.000Z","label":"2003"},{"Year":"2004","Terajoules/£million":"4.8","date":"2004-01-01T00:00:00.000Z","label":"2004"},{"Year":"2005","Terajoules/£million":"4.8","date":"2005-01-01T00:00:00.000Z","label":"2005"},{"Year":"2006","Terajoules/£million":"4.5","date":"2006-01-01T00:00:00.000Z","label":"2006"},{"Year":"2007","Terajoules/£million":"4.3","date":"2007-01-01T00:00:00.000Z","label":"2007"},{"Year":"2008","Terajoules/£million":"4.3","date":"2008-01-01T00:00:00.000Z","label":"2008"},{"Year":"2009","Terajoules/£million":"4.1","date":"2009-01-01T00:00:00.000Z","label":"2009"},{"Year":"2010","Terajoules/£million":"4.1","date":"2010-01-01T00:00:00.000Z","label":"2010"},{"Year":"2011","Terajoules/£million":"4.0","date":"2011-01-01T00:00:00.000Z","label":"2011"},{"Year":"2012","Terajoules/£million":"3.9","date":"2012-01-01T00:00:00.000Z","label":"2012"},{"Year":"2013","Terajoules/£million":"3.8","date":"2013-01-01T00:00:00.000Z","label":"2013"}]}