{"type":"chart","title":"Figure 5.3: Greenhouse gas emissions, by economic sector*, 2013","filename":"f82a196c","uri":"/economy/environmentalaccounts/bulletins/ukenvironmentalaccounts/2015-07-09/f82a196c","subtitle":"United Kingdom","unit":"Mt CO2e ","source":"Ricardo-AEA, Office for National Statistics","legend":"false","hideLegend":true,"notes":"1. *Industry aggregations are based on the Standard Industrial Classification (SIC) 2007","altText":"Figure 5.3: Greenhouse gas emissions, by economic sector1, 2013","data":[{"Economic sector":"Energy supply water and waste","Mt CO2e ":"189.8"},{"Economic sector":"Consumer expenditure","Mt CO2e ":"143.2"},{"Economic sector":"Manufacturing","Mt CO2e ":"91.9"},{"Economic sector":"Transport and storage; information and communication","Mt CO2e ":"82.0"},{"Economic sector":"Agriculture forestry and fishing","Mt CO2e ":"55.8"},{"Economic sector":"Mining and quarrying","Mt CO2e ":"20.0"},{"Economic sector":"Wholesale and retail trade; repair of motor vehicles and motorcycles","Mt CO2e ":"19.7"},{"Economic sector":"Construction","Mt CO2e ":"11.2"},{"Economic sector":"Real estate; professional; administrative and support service activities","Mt CO2e ":"6.5"},{"Economic sector":"Public administration and defence; compulsory social security","Mt CO2e ":"6.0"},{"Economic sector":"Human health and social work activities","Mt CO2e ":"5.2"},{"Economic sector":"Accommodation and food services","Mt CO2e ":"4.3"},{"Economic sector":"Education","Mt CO2e ":"3.8"},{"Economic sector":"Arts entertainment and recreation; other service activities","Mt CO2e ":"3.2"},{"Economic sector":"Financial and insurance activities","Mt CO2e ":"0.2"},{"Economic sector":"People employed by households etc.","Mt CO2e ":"0.2"}],"headers":["Economic sector","Mt CO2e "],"series":["Mt CO2e "],"categories":["Energy supply water and waste","Consumer expenditure","Manufacturing","Transport and storage; information and communication","Agriculture forestry and fishing","Mining and quarrying","Wholesale and retail trade; repair of motor vehicles and motorcycles","Construction","Real estate; professional; administrative and support service activities","Public administration and defence; compulsory social security","Human health and social work activities","Accommodation and food services","Education","Arts entertainment and recreation; other service activities","Financial and insurance activities","People employed by households etc."],"aspectRatio":"1.3","chartType":"rotated","files":[{"type":"download-png","filename":"f82a196c-download.png"},{"type":"png","filename":"f82a196c.png"}]}