{"type":"chart","title":"Figure 7.3: Direct Material Input (DMI) and Domestic Material Consumption (DMC) indicators, 2000 to 2013","filename":"fe83db4c","uri":"/economy/environmentalaccounts/bulletins/ukenvironmentalaccounts/2015-07-09/fe83db4c","subtitle":"United Kingdom","unit":"Million metric tonnes","source":"Office for National Statistics","legend":"top-right","hideLegend":false,"notes":"","altText":"Figure 7.3: Direct Material Input (DMI) and Domestic Material Consumption (DMC) indicators, 2000 to 2013","data":[{"Indicator":"2000","Direct Material Input (DMI)":"934.0","Domestic Material Consumption (DMC)":"739.6","date":"2000-01-01T00:00:00.000Z","label":"2000"},{"Indicator":"2001","Direct Material Input (DMI)":"943.6","Domestic Material Consumption (DMC)":"749.6","date":"2001-01-01T00:00:00.000Z","label":"2001"},{"Indicator":"2002","Direct Material Input (DMI)":"924.8","Domestic Material Consumption (DMC)":"728.1","date":"2002-01-01T00:00:00.000Z","label":"2002"},{"Indicator":"2003","Direct Material Input (DMI)":"915.1","Domestic Material Consumption (DMC)":"726.5","date":"2003-01-01T00:00:00.000Z","label":"2003"},{"Indicator":"2004","Direct Material Input (DMI)":"940.2","Domestic Material Consumption (DMC)":"755.1","date":"2004-01-01T00:00:00.000Z","label":"2004"},{"Indicator":"2005","Direct Material Input (DMI)":"908.2","Domestic Material Consumption (DMC)":"731.1","date":"2005-01-01T00:00:00.000Z","label":"2005"},{"Indicator":"2006","Direct Material Input (DMI)":"905.0","Domestic Material Consumption (DMC)":"731.2","date":"2006-01-01T00:00:00.000Z","label":"2006"},{"Indicator":"2007","Direct Material Input (DMI)":"901.6","Domestic Material Consumption (DMC)":"730.1","date":"2007-01-01T00:00:00.000Z","label":"2007"},{"Indicator":"2008","Direct Material Input (DMI)":"853.4","Domestic Material Consumption (DMC)":"685.3","date":"2008-01-01T00:00:00.000Z","label":"2008"},{"Indicator":"2009","Direct Material Input (DMI)":"761.7","Domestic Material Consumption (DMC)":"608.2","date":"2009-01-01T00:00:00.000Z","label":"2009"},{"Indicator":"2010","Direct Material Input (DMI)":"759.5","Domestic Material Consumption (DMC)":"593.5","date":"2010-01-01T00:00:00.000Z","label":"2010"},{"Indicator":"2011","Direct Material Input (DMI)":"758.2","Domestic Material Consumption (DMC)":"595.0","date":"2011-01-01T00:00:00.000Z","label":"2011"},{"Indicator":"2012","Direct Material Input (DMI)":"729.0","Domestic Material Consumption (DMC)":"572.0","date":"2012-01-01T00:00:00.000Z","label":"2012"},{"Indicator":"2013","Direct Material Input (DMI)":"742.2","Domestic Material Consumption (DMC)":"588.0","date":"2013-01-01T00:00:00.000Z","label":"2013"}],"headers":["Indicator","Direct Material Input (DMI)","Domestic Material Consumption (DMC)"],"series":["Direct Material Input (DMI)","Domestic Material Consumption (DMC)"],"categories":["2000","2001","2002","2003","2004","2005","2006","2007","2008","2009","2010","2011","2012","2013"],"aspectRatio":"0.56","chartType":"line","files":[{"type":"download-png","filename":"fe83db4c-download.png"},{"type":"png","filename":"fe83db4c.png"}],"isTimeSeries":true,"timeSeries":[{"Indicator":"2000","Direct Material Input (DMI)":"934.0","Domestic Material Consumption (DMC)":"739.6","date":"2000-01-01T00:00:00.000Z","label":"2000"},{"Indicator":"2001","Direct Material Input (DMI)":"943.6","Domestic Material Consumption (DMC)":"749.6","date":"2001-01-01T00:00:00.000Z","label":"2001"},{"Indicator":"2002","Direct Material Input (DMI)":"924.8","Domestic Material Consumption (DMC)":"728.1","date":"2002-01-01T00:00:00.000Z","label":"2002"},{"Indicator":"2003","Direct Material Input (DMI)":"915.1","Domestic Material Consumption (DMC)":"726.5","date":"2003-01-01T00:00:00.000Z","label":"2003"},{"Indicator":"2004","Direct Material Input (DMI)":"940.2","Domestic Material Consumption (DMC)":"755.1","date":"2004-01-01T00:00:00.000Z","label":"2004"},{"Indicator":"2005","Direct Material Input (DMI)":"908.2","Domestic Material Consumption (DMC)":"731.1","date":"2005-01-01T00:00:00.000Z","label":"2005"},{"Indicator":"2006","Direct Material Input (DMI)":"905.0","Domestic Material Consumption (DMC)":"731.2","date":"2006-01-01T00:00:00.000Z","label":"2006"},{"Indicator":"2007","Direct Material Input (DMI)":"901.6","Domestic Material Consumption (DMC)":"730.1","date":"2007-01-01T00:00:00.000Z","label":"2007"},{"Indicator":"2008","Direct Material Input (DMI)":"853.4","Domestic Material Consumption (DMC)":"685.3","date":"2008-01-01T00:00:00.000Z","label":"2008"},{"Indicator":"2009","Direct Material Input (DMI)":"761.7","Domestic Material Consumption (DMC)":"608.2","date":"2009-01-01T00:00:00.000Z","label":"2009"},{"Indicator":"2010","Direct Material Input (DMI)":"759.5","Domestic Material Consumption (DMC)":"593.5","date":"2010-01-01T00:00:00.000Z","label":"2010"},{"Indicator":"2011","Direct Material Input (DMI)":"758.2","Domestic Material Consumption (DMC)":"595.0","date":"2011-01-01T00:00:00.000Z","label":"2011"},{"Indicator":"2012","Direct Material Input (DMI)":"729.0","Domestic Material Consumption (DMC)":"572.0","date":"2012-01-01T00:00:00.000Z","label":"2012"},{"Indicator":"2013","Direct Material Input (DMI)":"742.2","Domestic Material Consumption (DMC)":"588.0","date":"2013-01-01T00:00:00.000Z","label":"2013"}]}