{"type":"chart","title":"Figure 7: Frequency of Internet use ‘on the go’ via a laptop, netbook or other portable computer, by age group, 2012","filename":"102ff5f7","uri":"/peoplepopulationandcommunity/householdcharacteristics/homeinternetandsocialmediausage/bulletins/internetaccesshouseholdsandindividuals/2013-02-28/102ff5f7","subtitle":"","unit":"% of all adults","source":"Office for National Statistics","legend":"top-right","hideLegend":false,"notes":"","altText":"Figure 7: Frequency of Internet use ‘on the go’ via a laptop, netbook or other portable computer, by age group, 2012","data":[{"":"16-24","Every day or almost every day":"29","At least once a week but not everyday":"16","Less than once a week":"20"},{"":"25-34","Every day or almost every day":"31","At least once a week but not everyday":"14","Less than once a week":"13"},{"":"35-44","Every day or almost every day":"25","At least once a week but not everyday":"12","Less than once a week":"15"},{"":"45-54","Every day or almost every day":"16","At least once a week but not everyday":"11","Less than once a week":"13"},{"":"55-64","Every day or almost every day":"8","At least once a week but not everyday":"8","Less than once a week":"15"},{"":"65+","Every day or almost every day":"4","At least once a week but not everyday":"3","Less than once a week":"6"},{"":"All","Every day or almost every day":"18","At least once a week but not everyday":"10","Less than once a week":"13"}],"headers":["","Every day or almost every day","At least once a week but not everyday","Less than once a week"],"series":["Every day or almost every day","At least once a week but not everyday","Less than once a week"],"categories":["16-24","25-34","35-44","45-54","55-64","65+","All"],"aspectRatio":"0.56","chartType":"bar","files":[{"type":"download-png","filename":"102ff5f7-download.png"},{"type":"png","filename":"102ff5f7.png"}],"decimalPlaces":"","labelInterval":""}