{"type":"chart","title":"Figure 1: Frequency of Internet access, 2006 to 2012","filename":"34d37515","uri":"/peoplepopulationandcommunity/householdcharacteristics/homeinternetandsocialmediausage/bulletins/internetaccesshouseholdsandindividuals/2013-02-28/34d37515","subtitle":"","unit":"% of all adults aged 16+","source":"Office for National Statistics","legend":"top-left","hideLegend":false,"notes":"1. 'Other' includes Internet use options 'At least weekly', 'Less than weekly' and 'used over three months ago'.","altText":"Figure 1: Frequency of Internet access, 2006 to 2012","data":[{"":"2006","Everyday":"35","Other":"29","Never":"36","date":"2006-01-01T00:00:00.000Z","label":"2006"},{"":"2007","Everyday":"45","Other":"28","Never":"27","date":"2007-01-01T00:00:00.000Z","label":"2007"},{"":"2008","Everyday":"49","Other":"26","Never":"24","date":"2008-01-01T00:00:00.000Z","label":"2008"},{"":"2009","Everyday":"55","Other":"24","Never":"21","date":"2009-01-01T00:00:00.000Z","label":"2009"},{"":"2010","Everyday":"60","Other":"21","Never":"18","date":"2010-01-01T00:00:00.000Z","label":"2010"},{"":"2011","Everyday":"64","Other":"19","Never":"17","date":"2011-01-01T00:00:00.000Z","label":"2011"},{"":"2012","Everyday":"68","Other":"17","Never":"16","date":"2012-01-01T00:00:00.000Z","label":"2012"}],"headers":["","Everyday","Other","Never"],"series":["Everyday","Other","Never"],"categories":["2006","2007","2008","2009","2010","2011","2012"],"aspectRatio":"0.56","chartType":"bar","files":[{"type":"download-png","filename":"34d37515-download.png"},{"type":"png","filename":"34d37515.png"}],"isTimeSeries":true,"timeSeries":[{"":"2006","Everyday":"35","Other":"29","Never":"36","date":"2006-01-01T00:00:00.000Z","label":"2006"},{"":"2007","Everyday":"45","Other":"28","Never":"27","date":"2007-01-01T00:00:00.000Z","label":"2007"},{"":"2008","Everyday":"49","Other":"26","Never":"24","date":"2008-01-01T00:00:00.000Z","label":"2008"},{"":"2009","Everyday":"55","Other":"24","Never":"21","date":"2009-01-01T00:00:00.000Z","label":"2009"},{"":"2010","Everyday":"60","Other":"21","Never":"18","date":"2010-01-01T00:00:00.000Z","label":"2010"},{"":"2011","Everyday":"64","Other":"19","Never":"17","date":"2011-01-01T00:00:00.000Z","label":"2011"},{"":"2012","Everyday":"68","Other":"17","Never":"16","date":"2012-01-01T00:00:00.000Z","label":"2012"}]}