{"type":"chart","title":"Figure 10: Activities using mobile phones or other handheld devices ‘on the go’ in the last three months, by age group, 2012","filename":"4721d335","uri":"/peoplepopulationandcommunity/householdcharacteristics/homeinternetandsocialmediausage/bulletins/internetaccesshouseholdsandindividuals/2013-02-28/4721d335","subtitle":"","unit":"% of all adults","source":"Office for National Statistics","legend":"top-right","hideLegend":false,"notes":"","altText":"Figure 10: Activities using mobile phones or other handheld devices ‘on the go’ in the last three months, by age group, 2012","data":[{"":"Emails","16-24":"65","25-34":"67","35-44":"58","45-54":"38","55-64":"23","65+":"6"},{"":"Online news","16-24":"40","25-34":"48","35-44":"35","45-54":"23","55-64":"12","65+":"2"},{"":"Online books","16-24":"16","25-34":"20","35-44":"13","45-54":"8","55-64":"6","65+":"2"},{"":"Games images videos or music","16-24":"50","25-34":"44","35-44":"32","45-54":"13","55-64":"7","65+":"2"},{"":"Podcasts","16-24":"11","25-34":"12","35-44":"9","45-54":"4","55-64":"2","65+":"1"},{"":"Social networking","16-24":"72","25-34":"64","35-44":"42","45-54":"19","55-64":"9","65+":"1"},{"":"Navigation","16-24":"50","25-34":"60","35-44":"46","45-54":"29","55-64":"14","65+":"3"}],"headers":["","16-24","25-34","35-44","45-54","55-64","65+"],"series":["16-24","25-34","35-44","45-54","55-64","65+"],"categories":["Emails","Online news","Online books","Games, images, videos or music","Podcasts","Social networking","Navigation"],"aspectRatio":"0.56","chartType":"bar","files":[{"type":"download-png","filename":"4721d335-download.png"},{"type":"png","filename":"4721d335.png"}]}