{"type":"chart","title":"Figure 3: Social networking, by country, 2009 and 2012","filename":"80b7941b","uri":"/peoplepopulationandcommunity/householdcharacteristics/homeinternetandsocialmediausage/bulletins/internetaccesshouseholdsandindividuals/2013-02-28/80b7941b","subtitle":"","unit":"% of adults aged 16 - 74","source":"Eurostat","legend":"top-right","hideLegend":false,"notes":"","altText":"Figure 3: Social networking, by country, 2009 and 2012","data":[{"2009":"57","2012":"65","":"Iceland"},{"2009":"24","2012":"65","":"Netherlands"},{"2009":"49","2012":"58","":"Norway"},{"2009":"33","2012":"57","":"United Kingdom"},{"2009":"35","2012":"54","":"Sweden"},{"2009":"39","2012":"50","":"Luxembourg"},{"2009":"27","2012":"49","":"Finland"},{"2009":"37","2012":"48","":"Lithuania"},{"2009":"29","2012":"47","":"Slovakia"},{"2009":"17","2012":"46","":"Ireland"},{"2009":"35","2012":"45","":"Slovenia"},{"2009":"21","2012":"45","":"Portugal"},{"2009":"38","2012":"44","":"Estonia"},{"2009":"24","2012":"43","":"Malta"},{"2009":"31","2012":"43","":"Spain"},{"2009":"35","2012":"42","":"Poland"},{"2009":"22","2012":"37","":"Austria"},{"2009":"32","2012":"37","":"Latvia"},{"2009":"21","2012":"37","":"Cyprus"},{"2009":"21","2012":"35","":"Croatia"},{"2009":"35","2012":"34","":"Germany "},{"2009":"25","2012":"33","":"France"},{"2009":"18","2012":"32","":"Greece"},{"2009":"22","2012":"30","":"Bulgaria"},{"2009":"18","2012":"29","":"Italy"},{"2009":"16","2012":"22","":"Romania"}],"headers":["","2009","2012"],"series":["2009","2012"],"categories":["Iceland","Netherlands","Norway","United Kingdom","Sweden","Luxembourg","Finland","Lithuania","Slovakia","Ireland","Slovenia","Portugal","Estonia","Malta","Spain","Poland","Austria","Latvia","Cyprus","Croatia","Germany ","France","Greece","Bulgaria","Italy","Romania"],"aspectRatio":"1","chartType":"rotated","files":[{"type":"download-png","filename":"80b7941b-download.png"},{"type":"png","filename":"80b7941b.png"}],"decimalPlaces":"","labelInterval":""}