{"type":"chart","title":"Figure 5: Internet shopping in the last 12 months, by age group","filename":"86c3631d","uri":"/peoplepopulationandcommunity/householdcharacteristics/homeinternetandsocialmediausage/bulletins/internetaccesshouseholdsandindividuals/2013-02-28/86c3631d","subtitle":"","unit":"% of all adults","source":"Office for National Statistics","legend":"top-right","hideLegend":false,"notes":"","altText":"Figure 5: Internet shopping in the last 12 months, by age group","data":[{"2008":"65","2009":"78","2010":"74","2011":"77","2012":"79","":"16-24"},{"2008":"72","2009":"82","2010":"79","2011":"88","2012":"87","":"25-34"},{"2008":"68","2009":"75","2010":"78","2011":"79","2012":"84","":"35-44"},{"2008":"59","2009":"65","2010":"70","2011":"73","2012":"72","":"45-54"},{"2008":"45","2009":"52","2010":"58","2011":"59","2012":"61","":"55-64"},{"2008":"16","2009":"20","2010":"22","2011":"27","2012":"32","":"65+"},{"2008":"53","2009":"61","2010":"62","2011":"66","2012":"67","":"All"}],"headers":["","2008","2009","2010","2011","2012"],"series":["2008","2009","2010","2011","2012"],"categories":["16-24","25-34","35-44","45-54","55-64","65+","All"],"aspectRatio":"0.56","chartType":"bar","files":[{"type":"download-png","filename":"86c3631d-download.png"},{"type":"png","filename":"86c3631d.png"}],"isTimeSeries":true,"timeSeries":[{"":"2008","16-24":"65","25-34":"72","35-44":"68","45-54":"59","55-64":"45","65+":"16","All":"53","date":"2008-01-01T00:00:00.000Z","label":"2008"},{"":"2009","16-24":"78","25-34":"82","35-44":"75","45-54":"65","55-64":"52","65+":"20","All":"61","date":"2009-01-01T00:00:00.000Z","label":"2009"},{"":"2010","16-24":"74","25-34":"79","35-44":"78","45-54":"70","55-64":"58","65+":"22","All":"62","date":"2010-01-01T00:00:00.000Z","label":"2010"},{"":"2011","16-24":"77","25-34":"88","35-44":"79","45-54":"73","55-64":"59","65+":"27","All":"66","date":"2011-01-01T00:00:00.000Z","label":"2011"},{"":"2012","16-24":"79","25-34":"87","35-44":"84","45-54":"72","55-64":"61","65+":"32","All":"67","date":"2012-01-01T00:00:00.000Z","label":"2012"}]}