{"type":"chart","title":"Figure 6: Purchases made over the Internet in the last 12 months, by sex, 2012","filename":"a9896a22","uri":"/peoplepopulationandcommunity/householdcharacteristics/homeinternetandsocialmediausage/bulletins/internetaccesshouseholdsandindividuals/2013-02-28/a9896a22","subtitle":"","unit":"% of all adults aged 16+","source":"Office for National Statistics","legend":"top-right","hideLegend":false,"notes":"","altText":"Figure 6: Purchases made over the Internet in the last 12 months, by sex, 2012","data":[{"":"Clothes sports goods","Men":"39","Women":"44"},{"":"Household goods","Men":"38","Women":"36"},{"":"Other travel arrangements","Men":"36","Women":"31"},{"":"Holiday accommodation","Men":"34","Women":"29"},{"":"Tickets for events","Men":"33","Women":"31"},{"":"Books magazines newspapers","Men":"26","Women":"30"},{"":"Music","Men":"26","Women":"21"},{"":"Electronic equipment","Men":"23","Women":"13"},{"":"Share purchases insurance policies etc","Men":"21","Women":"15"},{"":"Films","Men":"20","Women":"16"},{"":"Telecommunication services","Men":"20","Women":"10"},{"":"Video games software and upgrades","Men":"20","Women":"8"},{"":"Other computer software and upgrades","Men":"19","Women":"10"},{"":"Food or groceries","Men":"15","Women":"20"},{"":"Computer hardware","Men":"14","Women":"6"},{"":"E-learning material","Men":"6","Women":"6"},{"":"Medicine","Men":"4","Women":"5"}],"headers":["","Men","Women"],"series":["Men","Women"],"categories":["Clothes sports goods","Household goods","Other travel arrangements","Holiday accommodation","Tickets for events","Books magazines newspapers","Music","Electronic equipment","Share purchases insurance policies etc","Films","Telecommunication services","Video games software and upgrades","Other computer software and upgrades","Food or groceries","Computer hardware","E-learning material","Medicine"],"aspectRatio":"1.3","chartType":"rotated","files":[{"type":"download-png","filename":"a9896a22-download.png"},{"type":"png","filename":"a9896a22.png"}],"decimalPlaces":"","labelInterval":""}