{"type":"chart","title":"Figure 9: Frequency of Internet use ‘on the go’ via a mobile phone or other handheld device, by age group, 2012","filename":"d0b14f54","uri":"/peoplepopulationandcommunity/householdcharacteristics/homeinternetandsocialmediausage/bulletins/internetaccesshouseholdsandindividuals/2013-02-28/d0b14f54","subtitle":"","unit":"% of all adults","source":"Office for National Statistics","legend":"top-right","hideLegend":false,"notes":"","altText":"Figure 9: Frequency of Internet use ‘on the go’ via a mobile phone or other handheld device, by age group, 2012","data":[{"":"16-24","Every day or almost every day":"60","At least once a week but not everyday":"20","Less than once a week":"7"},{"":"25-34","Every day or almost every day":"59","At least once a week but not everyday":"15","Less than once a week":"7"},{"":"35-44","Every day or almost every day":"44","At least once a week but not everyday":"15","Less than once a week":"11"},{"":"45-54","Every day or almost every day":"23","At least once a week but not everyday":"11","Less than once a week":"12"},{"":"55-64","Every day or almost every day":"14","At least once a week but not everyday":"7","Less than once a week":"10"},{"":"65+","Every day or almost every day":"2","At least once a week but not everyday":"3","Less than once a week":"3"},{"":"All","Every day or almost every day":"32","At least once a week but not everyday":"11","Less than once a week":"8"}],"headers":["","Every day or almost every day","At least once a week but not everyday","Less than once a week"],"series":["Every day or almost every day","At least once a week but not everyday","Less than once a week"],"categories":["16-24","25-34","35-44","45-54","55-64","65+","All"],"aspectRatio":"0.56","chartType":"bar","files":[{"type":"download-png","filename":"d0b14f54-download.png"},{"type":"png","filename":"d0b14f54.png"}],"decimalPlaces":"","labelInterval":""}