{"type":"chart","title":"Figure 8: Internet use over a mobile phone","filename":"eb70deba","uri":"/peoplepopulationandcommunity/householdcharacteristics/homeinternetandsocialmediausage/bulletins/internetaccesshouseholdsandindividuals/2013-02-28/eb70deba","subtitle":"","unit":"% of all adults","source":"Office for National Statistics","legend":"top-right","hideLegend":false,"notes":"","altText":"Figure 8: Internet use over a mobile phone","data":[{"2010":"43","2011":"70","2012":"87","":"16-24"},{"2010":"44","2011":"62","2012":"81","":"25-34"},{"2010":"30","2011":"46","2012":"69","":"35-44"},{"2010":"21","2011":"29","2012":"46","":"45-54"},{"2010":"9","2011":"16","2012":"29","":"55-64"},{"2010":"2","2011":"3","2012":"8","":"65+"},{"2010":"24","2011":"36","2012":"51","":"All"}],"headers":["","2010","2011","2012"],"series":["2010","2011","2012"],"categories":["16-24","25-34","35-44","45-54","55-64","65+","All"],"aspectRatio":"0.56","chartType":"bar","files":[{"type":"download-png","filename":"eb70deba-download.png"},{"type":"png","filename":"eb70deba.png"}]}