{"type":"chart","title":"Figure 11: Frequent problems with mobile network signal, in the last three months, by age group, 2012","filename":"f4de291c","uri":"/peoplepopulationandcommunity/householdcharacteristics/homeinternetandsocialmediausage/bulletins/internetaccesshouseholdsandindividuals/2013-02-28/f4de291c","subtitle":"","unit":"% of all adults","source":"Office for National Statistics","legend":"false","hideLegend":true,"notes":"","altText":"Figure 11: Frequent problems with mobile network signal, in the last three months, by age group, 2012","data":[{"":"16-24","%":"54"},{"":"25-34","%":"51"},{"":"35-44","%":"48"},{"":"45-54","%":"48"},{"":"55-64","%":"36"},{"":"65+","%":"20"}],"headers":["","%"],"series":["%"],"categories":["16-24","25-34","35-44","45-54","55-64","65+"],"aspectRatio":"0.56","chartType":"bar","files":[{"type":"download-png","filename":"f4de291c-download.png"},{"type":"png","filename":"f4de291c.png"}]}