{"type":"chart","title":"Figure 4: Internet activities, 2007 and 2012","filename":"f721465a","uri":"/peoplepopulationandcommunity/householdcharacteristics/homeinternetandsocialmediausage/bulletins/internetaccesshouseholdsandindividuals/2013-02-28/f721465a","subtitle":"","unit":"% of all adults aged 16+","source":"Office for National Statistics","legend":"top-right","hideLegend":false,"notes":"","altText":"Figure 4: Internet activities, 2007 and 2012","data":[{"2007":"57","2012":"73","":"Sending/receiving emails"},{"2007":"58","2012":"67","":"Finding information about goods and services"},{"2007":"30","2012":"47","":"Internet Banking"},{"2007":"20","2012":"47","":"Reading or downloading online news newspapers or news magazines"},{"2007":"42","2012":"44","":"Using services related to travel or travel accommodation"},{"2007":"24","2012":"40","":"Playing or downloading games images films or music"},{"2007":"17","2012":"38","":"Listening to web radio or watching web television"},{"2007":"8","2012":"32","":"Telephoning or making video calls over the Internet"},{"2007":"12","2012":"22","":"Selling goods or services  e.g. eBay"}],"headers":["","2007","2012"],"series":["2007","2012"],"categories":["Sending/receiving emails","Finding information about goods and services","Internet Banking","Reading or downloading online news, newspapers or news magazines","Using services related to travel or travel accommodation","Playing or downloading games, images, films, or music","Listening to web radio or watching web television","Telephoning or making video calls over the Internet","Selling goods or services , e.g. eBay"],"aspectRatio":"1","chartType":"rotated","files":[{"type":"download-png","filename":"f721465a-download.png"},{"type":"png","filename":"f721465a.png"}]}