{"years":[{"date":"1989","value":"5.2","year":"1989","month":"","quarter":"","sourceDataset":"MM23","updateDate":"2015-07-09T00:07:11.803Z"},{"date":"1990","value":"7.0","year":"1990","month":"","quarter":"","sourceDataset":"MM23","updateDate":"2015-07-09T00:07:11.803Z"},{"date":"1991","value":"7.5","year":"1991","month":"","quarter":"","sourceDataset":"MM23","updateDate":"2015-07-09T00:07:11.803Z"},{"date":"1992","value":"4.3","year":"1992","month":"","quarter":"","sourceDataset":"MM23","updateDate":"2015-07-09T00:07:11.803Z"},{"date":"1993","value":"2.5","year":"1993","month":"","quarter":"","sourceDataset":"MM23","updateDate":"2015-07-09T00:07:11.803Z"},{"date":"1994","value":"2.0","year":"1994","month":"","quarter":"","sourceDataset":"MM23","updateDate":"2015-07-09T00:07:11.803Z"},{"date":"1995","value":"2.6","year":"1995","month":"","quarter":"","sourceDataset":"MM23","updateDate":"2015-07-09T00:07:11.803Z"},{"date":"1996","value":"2.5","year":"1996","month":"","quarter":"","sourceDataset":"MM23","updateDate":"2015-07-09T00:07:11.803Z"},{"date":"1997","value":"1.8","year":"1997","month":"","quarter":"","sourceDataset":"MM23","updateDate":"2015-07-09T00:07:11.803Z"},{"date":"1998","value":"1.6","year":"1998","month":"","quarter":"","sourceDataset":"MM23","updateDate":"2015-07-09T00:07:11.803Z"},{"date":"1999","value":"1.3","year":"1999","month":"","quarter":"","sourceDataset":"MM23","updateDate":"2015-07-09T00:07:11.803Z"},{"date":"2000","value":"0.8","year":"2000","month":"","quarter":"","sourceDataset":"MM23","updateDate":"2015-07-09T00:07:11.803Z"},{"date":"2001","value":"1.2","year":"2001","month":"","quarter":"","sourceDataset":"MM23","updateDate":"2015-07-09T00:07:11.803Z"},{"date":"2002","value":"1.3","year":"2002","month":"","quarter":"","sourceDataset":"MM23","updateDate":"2015-07-09T00:07:11.803Z"},{"date":"2003","value":"1.4","year":"2003","month":"","quarter":"","sourceDataset":"MM23","updateDate":"2015-07-09T00:07:11.803Z"},{"date":"2004","value":"1.3","year":"2004","month":"","quarter":"","sourceDataset":"MM23","updateDate":"2015-07-09T00:07:11.803Z"},{"date":"2005","value":"2.1","year":"2005","month":"","quarter":"","sourceDataset":"MM23","updateDate":"2015-07-09T00:07:11.803Z"},{"date":"2006","value":"2.3","year":"2006","month":"","quarter":"","sourceDataset":"MM23","updateDate":"2015-07-09T00:07:11.803Z"},{"date":"2007","value":"2.3","year":"2007","month":"","quarter":"","sourceDataset":"MM23","updateDate":"2015-07-09T00:07:11.803Z"},{"date":"2008","value":"3.6","year":"2008","month":"","quarter":"","sourceDataset":"MM23","updateDate":"2015-07-09T00:07:11.803Z"},{"date":"2009","value":"2.2","year":"2009","month":"","quarter":"","sourceDataset":"MM23","updateDate":"2015-07-09T00:07:11.803Z"},{"date":"2010","value":"3.3","year":"2010","month":"","quarter":"","sourceDataset":"MM23","updateDate":"2015-07-09T00:07:11.803Z"},{"date":"2011","value":"4.5","year":"2011","month":"","quarter":"","sourceDataset":"MM23","updateDate":"2015-07-09T00:07:11.803Z"},{"date":"2012","value":"2.8","year":"2012","month":"","quarter":"","sourceDataset":"MM23","updateDate":"2015-07-09T00:07:11.803Z"},{"date":"2013","value":"2.6","year":"2013","month":"","quarter":"","sourceDataset":"MM23","updateDate":"2015-07-09T00:07:11.803Z"},{"date":"2014","value":"1.5","year":"2014","month":"","quarter":"","sourceDataset":"MM23","updateDate":"2015-07-09T00:07:11.803Z"}],"quarters":[{"date":"1989 Q1","value":"5.0","year":"1989","month":"","quarter":"Q1","sourceDataset":"MM23","updateDate":"2015-07-09T00:07:11.803Z"},{"date":"1989 Q2","value":"5.3","year":"1989","month":"","quarter":"Q2","sourceDataset":"MM23","updateDate":"2015-07-09T00:07:11.803Z"},{"date":"1989 Q3","value":"5.1","year":"1989","month":"","quarter":"Q3","sourceDataset":"MM23","updateDate":"2015-07-09T00:07:11.803Z"},{"date":"1989 Q4","value":"5.5","year":"1989","month":"","quarter":"Q4","sourceDataset":"MM23","updateDate":"2015-07-09T00:07:11.803Z"},{"date":"1990 Q1","value":"5.9","year":"1990","month":"","quarter":"Q1","sourceDataset":"MM23","updateDate":"2015-07-09T00:07:11.803Z"},{"date":"1990 Q2","value":"6.7","year":"1990","month":"","quarter":"Q2","sourceDataset":"MM23","updateDate":"2015-07-09T00:07:11.803Z"},{"date":"1990 Q3","value":"7.6","year":"1990","month":"","quarter":"Q3","sourceDataset":"MM23","updateDate":"2015-07-09T00:07:11.803Z"},{"date":"1990 Q4","value":"7.9","year":"1990","month":"","quarter":"Q4","sourceDataset":"MM23","updateDate":"2015-07-09T00:07:11.803Z"},{"date":"1991 Q1","value":"7.0","year":"1991","month":"","quarter":"Q1","sourceDataset":"MM23","updateDate":"2015-07-09T00:07:11.803Z"},{"date":"1991 Q2","value":"8.4","year":"1991","month":"","quarter":"Q2","sourceDataset":"MM23","updateDate":"2015-07-09T00:07:11.803Z"},{"date":"1991 Q3","value":"7.7","year":"1991","month":"","quarter":"Q3","sourceDataset":"MM23","updateDate":"2015-07-09T00:07:11.803Z"},{"date":"1991 Q4","value":"7.0","year":"1991","month":"","quarter":"Q4","sourceDataset":"MM23","updateDate":"2015-07-09T00:07:11.803Z"},{"date":"1992 Q1","value":"7.0","year":"1992","month":"","quarter":"Q1","sourceDataset":"MM23","updateDate":"2015-07-09T00:07:11.803Z"},{"date":"1992 Q2","value":"4.3","year":"1992","month":"","quarter":"Q2","sourceDataset":"MM23","updateDate":"2015-07-09T00:07:11.803Z"},{"date":"1992 Q3","value":"3.3","year":"1992","month":"","quarter":"Q3","sourceDataset":"MM23","updateDate":"2015-07-09T00:07:11.803Z"},{"date":"1992 Q4","value":"2.7","year":"1992","month":"","quarter":"Q4","sourceDataset":"MM23","updateDate":"2015-07-09T00:07:11.803Z"},{"date":"1993 Q1","value":"2.4","year":"1993","month":"","quarter":"Q1","sourceDataset":"MM23","updateDate":"2015-07-09T00:07:11.803Z"},{"date":"1993 Q2","value":"2.4","year":"1993","month":"","quarter":"Q2","sourceDataset":"MM23","updateDate":"2015-07-09T00:07:11.803Z"},{"date":"1993 Q3","value":"2.8","year":"1993","month":"","quarter":"Q3","sourceDataset":"MM23","updateDate":"2015-07-09T00:07:11.803Z"},{"date":"1993 Q4","value":"2.4","year":"1993","month":"","quarter":"Q4","sourceDataset":"MM23","updateDate":"2015-07-09T00:07:11.803Z"},{"date":"1994 Q1","value":"2.5","year":"1994","month":"","quarter":"Q1","sourceDataset":"MM23","updateDate":"2015-07-09T00:07:11.803Z"},{"date":"1994 Q2","value":"2.0","year":"1994","month":"","quarter":"Q2","sourceDataset":"MM23","updateDate":"2015-07-09T00:07:11.803Z"},{"date":"1994 Q3","value":"1.7","year":"1994","month":"","quarter":"Q3","sourceDataset":"MM23","updateDate":"2015-07-09T00:07:11.803Z"},{"date":"1994 Q4","value":"1.8","year":"1994","month":"","quarter":"Q4","sourceDataset":"MM23","updateDate":"2015-07-09T00:07:11.803Z"},{"date":"1995 Q1","value":"2.5","year":"1995","month":"","quarter":"Q1","sourceDataset":"MM23","updateDate":"2015-07-09T00:07:11.803Z"},{"date":"1995 Q2","value":"2.4","year":"1995","month":"","quarter":"Q2","sourceDataset":"MM23","updateDate":"2015-07-09T00:07:11.803Z"},{"date":"1995 Q3","value":"2.8","year":"1995","month":"","quarter":"Q3","sourceDataset":"MM23","updateDate":"2015-07-09T00:07:11.803Z"},{"date":"1995 Q4","value":"2.9","year":"1995","month":"","quarter":"Q4","sourceDataset":"MM23","updateDate":"2015-07-09T00:07:11.803Z"},{"date":"1996 Q1","value":"2.7","year":"1996","month":"","quarter":"Q1","sourceDataset":"MM23","updateDate":"2015-07-09T00:07:11.803Z"},{"date":"1996 Q2","value":"2.4","year":"1996","month":"","quarter":"Q2","sourceDataset":"MM23","updateDate":"2015-07-09T00:07:11.803Z"},{"date":"1996 Q3","value":"2.3","year":"1996","month":"","quarter":"Q3","sourceDataset":"MM23","updateDate":"2015-07-09T00:07:11.803Z"},{"date":"1996 Q4","value":"2.5","year":"1996","month":"","quarter":"Q4","sourceDataset":"MM23","updateDate":"2015-07-09T00:07:11.803Z"},{"date":"1997 Q1","value":"1.9","year":"1997","month":"","quarter":"Q1","sourceDataset":"MM23","updateDate":"2015-07-09T00:07:11.803Z"},{"date":"1997 Q2","value":"1.6","year":"1997","month":"","quarter":"Q2","sourceDataset":"MM23","updateDate":"2015-07-09T00:07:11.803Z"},{"date":"1997 Q3","value":"1.9","year":"1997","month":"","quarter":"Q3","sourceDataset":"MM23","updateDate":"2015-07-09T00:07:11.803Z"},{"date":"1997 Q4","value":"1.8","year":"1997","month":"","quarter":"Q4","sourceDataset":"MM23","updateDate":"2015-07-09T00:07:11.803Z"},{"date":"1998 Q1","value":"1.6","year":"1998","month":"","quarter":"Q1","sourceDataset":"MM23","updateDate":"2015-07-09T00:07:11.803Z"},{"date":"1998 Q2","value":"1.8","year":"1998","month":"","quarter":"Q2","sourceDataset":"MM23","updateDate":"2015-07-09T00:07:11.803Z"},{"date":"1998 Q3","value":"1.4","year":"1998","month":"","quarter":"Q3","sourceDataset":"MM23","updateDate":"2015-07-09T00:07:11.803Z"},{"date":"1998 Q4","value":"1.4","year":"1998","month":"","quarter":"Q4","sourceDataset":"MM23","updateDate":"2015-07-09T00:07:11.803Z"},{"date":"1999 Q1","value":"1.6","year":"1999","month":"","quarter":"Q1","sourceDataset":"MM23","updateDate":"2015-07-09T00:07:11.803Z"},{"date":"1999 Q2","value":"1.4","year":"1999","month":"","quarter":"Q2","sourceDataset":"MM23","updateDate":"2015-07-09T00:07:11.803Z"},{"date":"1999 Q3","value":"1.2","year":"1999","month":"","quarter":"Q3","sourceDataset":"MM23","updateDate":"2015-07-09T00:07:11.803Z"},{"date":"1999 Q4","value":"1.1","year":"1999","month":"","quarter":"Q4","sourceDataset":"MM23","updateDate":"2015-07-09T00:07:11.803Z"},{"date":"2000 Q1","value":"0.8","year":"2000","month":"","quarter":"Q1","sourceDataset":"MM23","updateDate":"2015-07-09T00:07:11.803Z"},{"date":"2000 Q2","value":"0.6","year":"2000","month":"","quarter":"Q2","sourceDataset":"MM23","updateDate":"2015-07-09T00:07:11.803Z"},{"date":"2000 Q3","value":"0.8","year":"2000","month":"","quarter":"Q3","sourceDataset":"MM23","updateDate":"2015-07-09T00:07:11.803Z"},{"date":"2000 Q4","value":"1.0","year":"2000","month":"","quarter":"Q4","sourceDataset":"MM23","updateDate":"2015-07-09T00:07:11.803Z"},{"date":"2001 Q1","value":"0.9","year":"2001","month":"","quarter":"Q1","sourceDataset":"MM23","updateDate":"2015-07-09T00:07:11.803Z"},{"date":"2001 Q2","value":"1.5","year":"2001","month":"","quarter":"Q2","sourceDataset":"MM23","updateDate":"2015-07-09T00:07:11.803Z"},{"date":"2001 Q3","value":"1.5","year":"2001","month":"","quarter":"Q3","sourceDataset":"MM23","updateDate":"2015-07-09T00:07:11.803Z"},{"date":"2001 Q4","value":"1.0","year":"2001","month":"","quarter":"Q4","sourceDataset":"MM23","updateDate":"2015-07-09T00:07:11.803Z"},{"date":"2002 Q1","value":"1.5","year":"2002","month":"","quarter":"Q1","sourceDataset":"MM23","updateDate":"2015-07-09T00:07:11.803Z"},{"date":"2002 Q2","value":"0.9","year":"2002","month":"","quarter":"Q2","sourceDataset":"MM23","updateDate":"2015-07-09T00:07:11.803Z"},{"date":"2002 Q3","value":"1.0","year":"2002","month":"","quarter":"Q3","sourceDataset":"MM23","updateDate":"2015-07-09T00:07:11.803Z"},{"date":"2002 Q4","value":"1.5","year":"2002","month":"","quarter":"Q4","sourceDataset":"MM23","updateDate":"2015-07-09T00:07:11.803Z"},{"date":"2003 Q1","value":"1.5","year":"2003","month":"","quarter":"Q1","sourceDataset":"MM23","updateDate":"2015-07-09T00:07:11.803Z"},{"date":"2003 Q2","value":"1.3","year":"2003","month":"","quarter":"Q2","sourceDataset":"MM23","updateDate":"2015-07-09T00:07:11.803Z"},{"date":"2003 Q3","value":"1.4","year":"2003","month":"","quarter":"Q3","sourceDataset":"MM23","updateDate":"2015-07-09T00:07:11.803Z"},{"date":"2003 Q4","value":"1.3","year":"2003","month":"","quarter":"Q4","sourceDataset":"MM23","updateDate":"2015-07-09T00:07:11.803Z"},{"date":"2004 Q1","value":"1.3","year":"2004","month":"","quarter":"Q1","sourceDataset":"MM23","updateDate":"2015-07-09T00:07:11.803Z"},{"date":"2004 Q2","value":"1.4","year":"2004","month":"","quarter":"Q2","sourceDataset":"MM23","updateDate":"2015-07-09T00:07:11.803Z"},{"date":"2004 Q3","value":"1.3","year":"2004","month":"","quarter":"Q3","sourceDataset":"MM23","updateDate":"2015-07-09T00:07:11.803Z"},{"date":"2004 Q4","value":"1.4","year":"2004","month":"","quarter":"Q4","sourceDataset":"MM23","updateDate":"2015-07-09T00:07:11.803Z"},{"date":"2005 Q1","value":"1.7","year":"2005","month":"","quarter":"Q1","sourceDataset":"MM23","updateDate":"2015-07-09T00:07:11.803Z"},{"date":"2005 Q2","value":"2.0","year":"2005","month":"","quarter":"Q2","sourceDataset":"MM23","updateDate":"2015-07-09T00:07:11.803Z"},{"date":"2005 Q3","value":"2.4","year":"2005","month":"","quarter":"Q3","sourceDataset":"MM23","updateDate":"2015-07-09T00:07:11.803Z"},{"date":"2005 Q4","value":"2.1","year":"2005","month":"","quarter":"Q4","sourceDataset":"MM23","updateDate":"2015-07-09T00:07:11.803Z"},{"date":"2006 Q1","value":"1.9","year":"2006","month":"","quarter":"Q1","sourceDataset":"MM23","updateDate":"2015-07-09T00:07:11.803Z"},{"date":"2006 Q2","value":"2.3","year":"2006","month":"","quarter":"Q2","sourceDataset":"MM23","updateDate":"2015-07-09T00:07:11.803Z"},{"date":"2006 Q3","value":"2.4","year":"2006","month":"","quarter":"Q3","sourceDataset":"MM23","updateDate":"2015-07-09T00:07:11.803Z"},{"date":"2006 Q4","value":"2.7","year":"2006","month":"","quarter":"Q4","sourceDataset":"MM23","updateDate":"2015-07-09T00:07:11.803Z"},{"date":"2007 Q1","value":"2.9","year":"2007","month":"","quarter":"Q1","sourceDataset":"MM23","updateDate":"2015-07-09T00:07:11.803Z"},{"date":"2007 Q2","value":"2.6","year":"2007","month":"","quarter":"Q2","sourceDataset":"MM23","updateDate":"2015-07-09T00:07:11.803Z"},{"date":"2007 Q3","value":"1.8","year":"2007","month":"","quarter":"Q3","sourceDataset":"MM23","updateDate":"2015-07-09T00:07:11.803Z"},{"date":"2007 Q4","value":"2.1","year":"2007","month":"","quarter":"Q4","sourceDataset":"MM23","updateDate":"2015-07-09T00:07:11.803Z"},{"date":"2008 Q1","value":"2.4","year":"2008","month":"","quarter":"Q1","sourceDataset":"MM23","updateDate":"2015-07-09T00:07:11.803Z"},{"date":"2008 Q2","value":"3.4","year":"2008","month":"","quarter":"Q2","sourceDataset":"MM23","updateDate":"2015-07-09T00:07:11.803Z"},{"date":"2008 Q3","value":"4.8","year":"2008","month":"","quarter":"Q3","sourceDataset":"MM23","updateDate":"2015-07-09T00:07:11.803Z"},{"date":"2008 Q4","value":"3.9","year":"2008","month":"","quarter":"Q4","sourceDataset":"MM23","updateDate":"2015-07-09T00:07:11.803Z"},{"date":"2009 Q1","value":"3.0","year":"2009","month":"","quarter":"Q1","sourceDataset":"MM23","updateDate":"2015-07-09T00:07:11.803Z"},{"date":"2009 Q2","value":"2.1","year":"2009","month":"","quarter":"Q2","sourceDataset":"MM23","updateDate":"2015-07-09T00:07:11.803Z"},{"date":"2009 Q3","value":"1.5","year":"2009","month":"","quarter":"Q3","sourceDataset":"MM23","updateDate":"2015-07-09T00:07:11.803Z"},{"date":"2009 Q4","value":"2.1","year":"2009","month":"","quarter":"Q4","sourceDataset":"MM23","updateDate":"2015-07-09T00:07:11.803Z"},{"date":"2010 Q1","value":"3.3","year":"2010","month":"","quarter":"Q1","sourceDataset":"MM23","updateDate":"2015-07-09T00:07:11.803Z"},{"date":"2010 Q2","value":"3.5","year":"2010","month":"","quarter":"Q2","sourceDataset":"MM23","updateDate":"2015-07-09T00:07:11.803Z"},{"date":"2010 Q3","value":"3.1","year":"2010","month":"","quarter":"Q3","sourceDataset":"MM23","updateDate":"2015-07-09T00:07:11.803Z"},{"date":"2010 Q4","value":"3.4","year":"2010","month":"","quarter":"Q4","sourceDataset":"MM23","updateDate":"2015-07-09T00:07:11.803Z"},{"date":"2011 Q1","value":"4.1","year":"2011","month":"","quarter":"Q1","sourceDataset":"MM23","updateDate":"2015-07-09T00:07:11.803Z"},{"date":"2011 Q2","value":"4.4","year":"2011","month":"","quarter":"Q2","sourceDataset":"MM23","updateDate":"2015-07-09T00:07:11.803Z"},{"date":"2011 Q3","value":"4.7","year":"2011","month":"","quarter":"Q3","sourceDataset":"MM23","updateDate":"2015-07-09T00:07:11.803Z"},{"date":"2011 Q4","value":"4.6","year":"2011","month":"","quarter":"Q4","sourceDataset":"MM23","updateDate":"2015-07-09T00:07:11.803Z"},{"date":"2012 Q1","value":"3.5","year":"2012","month":"","quarter":"Q1","sourceDataset":"MM23","updateDate":"2015-07-09T00:07:11.803Z"},{"date":"2012 Q2","value":"2.8","year":"2012","month":"","quarter":"Q2","sourceDataset":"MM23","updateDate":"2015-07-09T00:07:11.803Z"},{"date":"2012 Q3","value":"2.4","year":"2012","month":"","quarter":"Q3","sourceDataset":"MM23","updateDate":"2015-07-09T00:07:11.803Z"},{"date":"2012 Q4","value":"2.7","year":"2012","month":"","quarter":"Q4","sourceDataset":"MM23","updateDate":"2015-07-09T00:07:11.803Z"},{"date":"2013 Q1","value":"2.8","year":"2013","month":"","quarter":"Q1","sourceDataset":"MM23","updateDate":"2015-07-09T00:07:11.803Z"},{"date":"2013 Q2","value":"2.7","year":"2013","month":"","quarter":"Q2","sourceDataset":"MM23","updateDate":"2015-07-09T00:07:11.803Z"},{"date":"2013 Q3","value":"2.7","year":"2013","month":"","quarter":"Q3","sourceDataset":"MM23","updateDate":"2015-07-09T00:07:11.803Z"},{"date":"2013 Q4","value":"2.1","year":"2013","month":"","quarter":"Q4","sourceDataset":"MM23","updateDate":"2015-07-09T00:07:11.803Z"},{"date":"2014 Q1","value":"1.7","year":"2014","month":"","quarter":"Q1","sourceDataset":"MM23","updateDate":"2015-07-09T00:07:11.803Z"},{"date":"2014 Q2","value":"1.7","year":"2014","month":"","quarter":"Q2","sourceDataset":"MM23","updateDate":"2015-07-09T00:07:11.803Z"},{"date":"2014 Q3","value":"1.5","year":"2014","month":"","quarter":"Q3","sourceDataset":"MM23","updateDate":"2015-07-09T00:07:11.803Z"},{"date":"2014 Q4","value":"0.9","year":"2014","month":"","quarter":"Q4","sourceDataset":"MM23","updateDate":"2015-07-09T00:07:11.803Z"},{"date":"2015 Q1","value":"0.1","year":"2015","month":"","quarter":"Q1","sourceDataset":"MM23","updateDate":"2015-07-09T00:07:11.803Z"},{"date":"2015 Q2","value":"-0.0","year":"2015","month":"","quarter":"Q2","sourceDataset":"MM23","updateDate":"2015-07-14T16:45:07.850Z"}],"months":[{"date":"1989 JAN","value":"4.9","year":"1989","month":"January","quarter":"","sourceDataset":"MM23","updateDate":"2015-07-09T00:07:11.803Z"},{"date":"1989 FEB","value":"5.0","year":"1989","month":"February","quarter":"","sourceDataset":"MM23","updateDate":"2015-07-09T00:07:11.803Z"},{"date":"1989 MAR","value":"5.0","year":"1989","month":"March","quarter":"","sourceDataset":"MM23","updateDate":"2015-07-09T00:07:11.803Z"},{"date":"1989 APR","value":"5.3","year":"1989","month":"April","quarter":"","sourceDataset":"MM23","updateDate":"2015-07-09T00:07:11.803Z"},{"date":"1989 MAY","value":"5.3","year":"1989","month":"May","quarter":"","sourceDataset":"MM23","updateDate":"2015-07-09T00:07:11.803Z"},{"date":"1989 JUN","value":"5.2","year":"1989","month":"June","quarter":"","sourceDataset":"MM23","updateDate":"2015-07-09T00:07:11.803Z"},{"date":"1989 JUL","value":"5.2","year":"1989","month":"July","quarter":"","sourceDataset":"MM23","updateDate":"2015-07-09T00:07:11.803Z"},{"date":"1989 AUG","value":"5.0","year":"1989","month":"August","quarter":"","sourceDataset":"MM23","updateDate":"2015-07-09T00:07:11.803Z"},{"date":"1989 SEP","value":"5.2","year":"1989","month":"September","quarter":"","sourceDataset":"MM23","updateDate":"2015-07-09T00:07:11.803Z"},{"date":"1989 OCT","value":"5.5","year":"1989","month":"October","quarter":"","sourceDataset":"MM23","updateDate":"2015-07-09T00:07:11.803Z"},{"date":"1989 NOV","value":"5.5","year":"1989","month":"November","quarter":"","sourceDataset":"MM23","updateDate":"2015-07-09T00:07:11.803Z"},{"date":"1989 DEC","value":"5.5","year":"1989","month":"December","quarter":"","sourceDataset":"MM23","updateDate":"2015-07-09T00:07:11.803Z"},{"date":"1990 JAN","value":"5.7","year":"1990","month":"January","quarter":"","sourceDataset":"MM23","updateDate":"2015-07-09T00:07:11.803Z"},{"date":"1990 FEB","value":"5.9","year":"1990","month":"February","quarter":"","sourceDataset":"MM23","updateDate":"2015-07-09T00:07:11.803Z"},{"date":"1990 MAR","value":"6.0","year":"1990","month":"March","quarter":"","sourceDataset":"MM23","updateDate":"2015-07-09T00:07:11.803Z"},{"date":"1990 APR","value":"6.4","year":"1990","month":"April","quarter":"","sourceDataset":"MM23","updateDate":"2015-07-09T00:07:11.803Z"},{"date":"1990 MAY","value":"6.8","year":"1990","month":"May","quarter":"","sourceDataset":"MM23","updateDate":"2015-07-09T00:07:11.803Z"},{"date":"1990 JUN","value":"6.9","year":"1990","month":"June","quarter":"","sourceDataset":"MM23","updateDate":"2015-07-09T00:07:11.803Z"},{"date":"1990 JUL","value":"6.8","year":"1990","month":"July","quarter":"","sourceDataset":"MM23","updateDate":"2015-07-09T00:07:11.803Z"},{"date":"1990 AUG","value":"7.7","year":"1990","month":"August","quarter":"","sourceDataset":"MM23","updateDate":"2015-07-09T00:07:11.803Z"},{"date":"1990 SEP","value":"8.1","year":"1990","month":"September","quarter":"","sourceDataset":"MM23","updateDate":"2015-07-09T00:07:11.803Z"},{"date":"1990 OCT","value":"8.1","year":"1990","month":"October","quarter":"","sourceDataset":"MM23","updateDate":"2015-07-09T00:07:11.803Z"},{"date":"1990 NOV","value":"7.8","year":"1990","month":"November","quarter":"","sourceDataset":"MM23","updateDate":"2015-07-09T00:07:11.803Z"},{"date":"1990 DEC","value":"7.6","year":"1990","month":"December","quarter":"","sourceDataset":"MM23","updateDate":"2015-07-09T00:07:11.803Z"},{"date":"1991 JAN","value":"7.1","year":"1991","month":"January","quarter":"","sourceDataset":"MM23","updateDate":"2015-07-09T00:07:11.803Z"},{"date":"1991 FEB","value":"7.0","year":"1991","month":"February","quarter":"","sourceDataset":"MM23","updateDate":"2015-07-09T00:07:11.803Z"},{"date":"1991 MAR","value":"6.9","year":"1991","month":"March","quarter":"","sourceDataset":"MM23","updateDate":"2015-07-09T00:07:11.803Z"},{"date":"1991 APR","value":"8.5","year":"1991","month":"April","quarter":"","sourceDataset":"MM23","updateDate":"2015-07-09T00:07:11.803Z"},{"date":"1991 MAY","value":"8.2","year":"1991","month":"May","quarter":"","sourceDataset":"MM23","updateDate":"2015-07-09T00:07:11.803Z"},{"date":"1991 JUN","value":"8.4","year":"1991","month":"June","quarter":"","sourceDataset":"MM23","updateDate":"2015-07-09T00:07:11.803Z"},{"date":"1991 JUL","value":"8.3","year":"1991","month":"July","quarter":"","sourceDataset":"MM23","updateDate":"2015-07-09T00:07:11.803Z"},{"date":"1991 AUG","value":"7.7","year":"1991","month":"August","quarter":"","sourceDataset":"MM23","updateDate":"2015-07-09T00:07:11.803Z"},{"date":"1991 SEP","value":"7.1","year":"1991","month":"September","quarter":"","sourceDataset":"MM23","updateDate":"2015-07-09T00:07:11.803Z"},{"date":"1991 OCT","value":"6.8","year":"1991","month":"October","quarter":"","sourceDataset":"MM23","updateDate":"2015-07-09T00:07:11.803Z"},{"date":"1991 NOV","value":"7.1","year":"1991","month":"November","quarter":"","sourceDataset":"MM23","updateDate":"2015-07-09T00:07:11.803Z"},{"date":"1991 DEC","value":"7.2","year":"1991","month":"December","quarter":"","sourceDataset":"MM23","updateDate":"2015-07-09T00:07:11.803Z"},{"date":"1992 JAN","value":"7.0","year":"1992","month":"January","quarter":"","sourceDataset":"MM23","updateDate":"2015-07-09T00:07:11.803Z"},{"date":"1992 FEB","value":"6.9","year":"1992","month":"February","quarter":"","sourceDataset":"MM23","updateDate":"2015-07-09T00:07:11.803Z"},{"date":"1992 MAR","value":"7.1","year":"1992","month":"March","quarter":"","sourceDataset":"MM23","updateDate":"2015-07-09T00:07:11.803Z"},{"date":"1992 APR","value":"4.7","year":"1992","month":"April","quarter":"","sourceDataset":"MM23","updateDate":"2015-07-09T00:07:11.803Z"},{"date":"1992 MAY","value":"4.3","year":"1992","month":"May","quarter":"","sourceDataset":"MM23","updateDate":"2015-07-09T00:07:11.803Z"},{"date":"1992 JUN","value":"3.8","year":"1992","month":"June","quarter":"","sourceDataset":"MM23","updateDate":"2015-07-09T00:07:11.803Z"},{"date":"1992 JUL","value":"3.6","year":"1992","month":"July","quarter":"","sourceDataset":"MM23","updateDate":"2015-07-09T00:07:11.803Z"},{"date":"1992 AUG","value":"3.2","year":"1992","month":"August","quarter":"","sourceDataset":"MM23","updateDate":"2015-07-09T00:07:11.803Z"},{"date":"1992 SEP","value":"3.0","year":"1992","month":"September","quarter":"","sourceDataset":"MM23","updateDate":"2015-07-09T00:07:11.803Z"},{"date":"1992 OCT","value":"2.9","year":"1992","month":"October","quarter":"","sourceDataset":"MM23","updateDate":"2015-07-09T00:07:11.803Z"},{"date":"1992 NOV","value":"2.6","year":"1992","month":"November","quarter":"","sourceDataset":"MM23","updateDate":"2015-07-09T00:07:11.803Z"},{"date":"1992 DEC","value":"2.6","year":"1992","month":"December","quarter":"","sourceDataset":"MM23","updateDate":"2015-07-09T00:07:11.803Z"},{"date":"1993 JAN","value":"2.2","year":"1993","month":"January","quarter":"","sourceDataset":"MM23","updateDate":"2015-07-09T00:07:11.803Z"},{"date":"1993 FEB","value":"2.4","year":"1993","month":"February","quarter":"","sourceDataset":"MM23","updateDate":"2015-07-09T00:07:11.803Z"},{"date":"1993 MAR","value":"2.5","year":"1993","month":"March","quarter":"","sourceDataset":"MM23","updateDate":"2015-07-09T00:07:11.803Z"},{"date":"1993 APR","value":"2.5","year":"1993","month":"April","quarter":"","sourceDataset":"MM23","updateDate":"2015-07-09T00:07:11.803Z"},{"date":"1993 MAY","value":"2.5","year":"1993","month":"May","quarter":"","sourceDataset":"MM23","updateDate":"2015-07-09T00:07:11.803Z"},{"date":"1993 JUN","value":"2.4","year":"1993","month":"June","quarter":"","sourceDataset":"MM23","updateDate":"2015-07-09T00:07:11.803Z"},{"date":"1993 JUL","value":"2.6","year":"1993","month":"July","quarter":"","sourceDataset":"MM23","updateDate":"2015-07-09T00:07:11.803Z"},{"date":"1993 AUG","value":"2.9","year":"1993","month":"August","quarter":"","sourceDataset":"MM23","updateDate":"2015-07-09T00:07:11.803Z"},{"date":"1993 SEP","value":"3.0","year":"1993","month":"September","quarter":"","sourceDataset":"MM23","updateDate":"2015-07-09T00:07:11.803Z"},{"date":"1993 OCT","value":"2.6","year":"1993","month":"October","quarter":"","sourceDataset":"MM23","updateDate":"2015-07-09T00:07:11.803Z"},{"date":"1993 NOV","value":"2.3","year":"1993","month":"November","quarter":"","sourceDataset":"MM23","updateDate":"2015-07-09T00:07:11.803Z"},{"date":"1993 DEC","value":"2.4","year":"1993","month":"December","quarter":"","sourceDataset":"MM23","updateDate":"2015-07-09T00:07:11.803Z"},{"date":"1994 JAN","value":"2.7","year":"1994","month":"January","quarter":"","sourceDataset":"MM23","updateDate":"2015-07-09T00:07:11.803Z"},{"date":"1994 FEB","value":"2.5","year":"1994","month":"February","quarter":"","sourceDataset":"MM23","updateDate":"2015-07-09T00:07:11.803Z"},{"date":"1994 MAR","value":"2.2","year":"1994","month":"March","quarter":"","sourceDataset":"MM23","updateDate":"2015-07-09T00:07:11.803Z"},{"date":"1994 APR","value":"2.0","year":"1994","month":"April","quarter":"","sourceDataset":"MM23","updateDate":"2015-07-09T00:07:11.803Z"},{"date":"1994 MAY","value":"2.0","year":"1994","month":"May","quarter":"","sourceDataset":"MM23","updateDate":"2015-07-09T00:07:11.803Z"},{"date":"1994 JUN","value":"2.0","year":"1994","month":"June","quarter":"","sourceDataset":"MM23","updateDate":"2015-07-09T00:07:11.803Z"},{"date":"1994 JUL","value":"1.7","year":"1994","month":"July","quarter":"","sourceDataset":"MM23","updateDate":"2015-07-09T00:07:11.803Z"},{"date":"1994 AUG","value":"1.9","year":"1994","month":"August","quarter":"","sourceDataset":"MM23","updateDate":"2015-07-09T00:07:11.803Z"},{"date":"1994 SEP","value":"1.5","year":"1994","month":"September","quarter":"","sourceDataset":"MM23","updateDate":"2015-07-09T00:07:11.803Z"},{"date":"1994 OCT","value":"1.5","year":"1994","month":"October","quarter":"","sourceDataset":"MM23","updateDate":"2015-07-09T00:07:11.803Z"},{"date":"1994 NOV","value":"1.8","year":"1994","month":"November","quarter":"","sourceDataset":"MM23","updateDate":"2015-07-09T00:07:11.803Z"},{"date":"1994 DEC","value":"2.0","year":"1994","month":"December","quarter":"","sourceDataset":"MM23","updateDate":"2015-07-09T00:07:11.803Z"},{"date":"1995 JAN","value":"2.4","year":"1995","month":"January","quarter":"","sourceDataset":"MM23","updateDate":"2015-07-09T00:07:11.803Z"},{"date":"1995 FEB","value":"2.4","year":"1995","month":"February","quarter":"","sourceDataset":"MM23","updateDate":"2015-07-09T00:07:11.803Z"},{"date":"1995 MAR","value":"2.6","year":"1995","month":"March","quarter":"","sourceDataset":"MM23","updateDate":"2015-07-09T00:07:11.803Z"},{"date":"1995 APR","value":"2.3","year":"1995","month":"April","quarter":"","sourceDataset":"MM23","updateDate":"2015-07-09T00:07:11.803Z"},{"date":"1995 MAY","value":"2.5","year":"1995","month":"May","quarter":"","sourceDataset":"MM23","updateDate":"2015-07-09T00:07:11.803Z"},{"date":"1995 JUN","value":"2.6","year":"1995","month":"June","quarter":"","sourceDataset":"MM23","updateDate":"2015-07-09T00:07:11.803Z"},{"date":"1995 JUL","value":"2.6","year":"1995","month":"July","quarter":"","sourceDataset":"MM23","updateDate":"2015-07-09T00:07:11.803Z"},{"date":"1995 AUG","value":"2.6","year":"1995","month":"August","quarter":"","sourceDataset":"MM23","updateDate":"2015-07-09T00:07:11.803Z"},{"date":"1995 SEP","value":"3.0","year":"1995","month":"September","quarter":"","sourceDataset":"MM23","updateDate":"2015-07-09T00:07:11.803Z"},{"date":"1995 OCT","value":"2.9","year":"1995","month":"October","quarter":"","sourceDataset":"MM23","updateDate":"2015-07-09T00:07:11.803Z"},{"date":"1995 NOV","value":"2.8","year":"1995","month":"November","quarter":"","sourceDataset":"MM23","updateDate":"2015-07-09T00:07:11.803Z"},{"date":"1995 DEC","value":"3.0","year":"1995","month":"December","quarter":"","sourceDataset":"MM23","updateDate":"2015-07-09T00:07:11.803Z"},{"date":"1996 JAN","value":"2.7","year":"1996","month":"January","quarter":"","sourceDataset":"MM23","updateDate":"2015-07-09T00:07:11.803Z"},{"date":"1996 FEB","value":"2.7","year":"1996","month":"February","quarter":"","sourceDataset":"MM23","updateDate":"2015-07-09T00:07:11.803Z"},{"date":"1996 MAR","value":"2.6","year":"1996","month":"March","quarter":"","sourceDataset":"MM23","updateDate":"2015-07-09T00:07:11.803Z"},{"date":"1996 APR","value":"2.6","year":"1996","month":"April","quarter":"","sourceDataset":"MM23","updateDate":"2015-07-09T00:07:11.803Z"},{"date":"1996 MAY","value":"2.4","year":"1996","month":"May","quarter":"","sourceDataset":"MM23","updateDate":"2015-07-09T00:07:11.803Z"},{"date":"1996 JUN","value":"2.4","year":"1996","month":"June","quarter":"","sourceDataset":"MM23","updateDate":"2015-07-09T00:07:11.803Z"},{"date":"1996 JUL","value":"2.3","year":"1996","month":"July","quarter":"","sourceDataset":"MM23","updateDate":"2015-07-09T00:07:11.803Z"},{"date":"1996 AUG","value":"2.3","year":"1996","month":"August","quarter":"","sourceDataset":"MM23","updateDate":"2015-07-09T00:07:11.803Z"},{"date":"1996 SEP","value":"2.3","year":"1996","month":"September","quarter":"","sourceDataset":"MM23","updateDate":"2015-07-09T00:07:11.803Z"},{"date":"1996 OCT","value":"2.5","year":"1996","month":"October","quarter":"","sourceDataset":"MM23","updateDate":"2015-07-09T00:07:11.803Z"},{"date":"1996 NOV","value":"2.6","year":"1996","month":"November","quarter":"","sourceDataset":"MM23","updateDate":"2015-07-09T00:07:11.803Z"},{"date":"1996 DEC","value":"2.3","year":"1996","month":"December","quarter":"","sourceDataset":"MM23","updateDate":"2015-07-09T00:07:11.803Z"},{"date":"1997 JAN","value":"2.1","year":"1997","month":"January","quarter":"","sourceDataset":"MM23","updateDate":"2015-07-09T00:07:11.803Z"},{"date":"1997 FEB","value":"1.9","year":"1997","month":"February","quarter":"","sourceDataset":"MM23","updateDate":"2015-07-09T00:07:11.803Z"},{"date":"1997 MAR","value":"1.7","year":"1997","month":"March","quarter":"","sourceDataset":"MM23","updateDate":"2015-07-09T00:07:11.803Z"},{"date":"1997 APR","value":"1.6","year":"1997","month":"April","quarter":"","sourceDataset":"MM23","updateDate":"2015-07-09T00:07:11.803Z"},{"date":"1997 MAY","value":"1.6","year":"1997","month":"May","quarter":"","sourceDataset":"MM23","updateDate":"2015-07-09T00:07:11.803Z"},{"date":"1997 JUN","value":"1.7","year":"1997","month":"June","quarter":"","sourceDataset":"MM23","updateDate":"2015-07-09T00:07:11.803Z"},{"date":"1997 JUL","value":"2.0","year":"1997","month":"July","quarter":"","sourceDataset":"MM23","updateDate":"2015-07-09T00:07:11.803Z"},{"date":"1997 AUG","value":"2.0","year":"1997","month":"August","quarter":"","sourceDataset":"MM23","updateDate":"2015-07-09T00:07:11.803Z"},{"date":"1997 SEP","value":"1.8","year":"1997","month":"September","quarter":"","sourceDataset":"MM23","updateDate":"2015-07-09T00:07:11.803Z"},{"date":"1997 OCT","value":"1.9","year":"1997","month":"October","quarter":"","sourceDataset":"MM23","updateDate":"2015-07-09T00:07:11.803Z"},{"date":"1997 NOV","value":"1.9","year":"1997","month":"November","quarter":"","sourceDataset":"MM23","updateDate":"2015-07-09T00:07:11.803Z"},{"date":"1997 DEC","value":"1.7","year":"1997","month":"December","quarter":"","sourceDataset":"MM23","updateDate":"2015-07-09T00:07:11.803Z"},{"date":"1998 JAN","value":"1.5","year":"1998","month":"January","quarter":"","sourceDataset":"MM23","updateDate":"2015-07-09T00:07:11.803Z"},{"date":"1998 FEB","value":"1.6","year":"1998","month":"February","quarter":"","sourceDataset":"MM23","updateDate":"2015-07-09T00:07:11.803Z"},{"date":"1998 MAR","value":"1.7","year":"1998","month":"March","quarter":"","sourceDataset":"MM23","updateDate":"2015-07-09T00:07:11.803Z"},{"date":"1998 APR","value":"1.8","year":"1998","month":"April","quarter":"","sourceDataset":"MM23","updateDate":"2015-07-09T00:07:11.803Z"},{"date":"1998 MAY","value":"2.0","year":"1998","month":"May","quarter":"","sourceDataset":"MM23","updateDate":"2015-07-09T00:07:11.803Z"},{"date":"1998 JUN","value":"1.7","year":"1998","month":"June","quarter":"","sourceDataset":"MM23","updateDate":"2015-07-09T00:07:11.803Z"},{"date":"1998 JUL","value":"1.4","year":"1998","month":"July","quarter":"","sourceDataset":"MM23","updateDate":"2015-07-09T00:07:11.803Z"},{"date":"1998 AUG","value":"1.3","year":"1998","month":"August","quarter":"","sourceDataset":"MM23","updateDate":"2015-07-09T00:07:11.803Z"},{"date":"1998 SEP","value":"1.4","year":"1998","month":"September","quarter":"","sourceDataset":"MM23","updateDate":"2015-07-09T00:07:11.803Z"},{"date":"1998 OCT","value":"1.4","year":"1998","month":"October","quarter":"","sourceDataset":"MM23","updateDate":"2015-07-09T00:07:11.803Z"},{"date":"1998 NOV","value":"1.4","year":"1998","month":"November","quarter":"","sourceDataset":"MM23","updateDate":"2015-07-09T00:07:11.803Z"},{"date":"1998 DEC","value":"1.6","year":"1998","month":"December","quarter":"","sourceDataset":"MM23","updateDate":"2015-07-09T00:07:11.803Z"},{"date":"1999 JAN","value":"1.6","year":"1999","month":"January","quarter":"","sourceDataset":"MM23","updateDate":"2015-07-09T00:07:11.803Z"},{"date":"1999 FEB","value":"1.4","year":"1999","month":"February","quarter":"","sourceDataset":"MM23","updateDate":"2015-07-09T00:07:11.803Z"},{"date":"1999 MAR","value":"1.7","year":"1999","month":"March","quarter":"","sourceDataset":"MM23","updateDate":"2015-07-09T00:07:11.803Z"},{"date":"1999 APR","value":"1.5","year":"1999","month":"April","quarter":"","sourceDataset":"MM23","updateDate":"2015-07-09T00:07:11.803Z"},{"date":"1999 MAY","value":"1.3","year":"1999","month":"May","quarter":"","sourceDataset":"MM23","updateDate":"2015-07-09T00:07:11.803Z"},{"date":"1999 JUN","value":"1.3","year":"1999","month":"June","quarter":"","sourceDataset":"MM23","updateDate":"2015-07-09T00:07:11.803Z"},{"date":"1999 JUL","value":"1.3","year":"1999","month":"July","quarter":"","sourceDataset":"MM23","updateDate":"2015-07-09T00:07:11.803Z"},{"date":"1999 AUG","value":"1.2","year":"1999","month":"August","quarter":"","sourceDataset":"MM23","updateDate":"2015-07-09T00:07:11.803Z"},{"date":"1999 SEP","value":"1.2","year":"1999","month":"September","quarter":"","sourceDataset":"MM23","updateDate":"2015-07-09T00:07:11.803Z"},{"date":"1999 OCT","value":"1.1","year":"1999","month":"October","quarter":"","sourceDataset":"MM23","updateDate":"2015-07-09T00:07:11.803Z"},{"date":"1999 NOV","value":"1.2","year":"1999","month":"November","quarter":"","sourceDataset":"MM23","updateDate":"2015-07-09T00:07:11.803Z"},{"date":"1999 DEC","value":"1.1","year":"1999","month":"December","quarter":"","sourceDataset":"MM23","updateDate":"2015-07-09T00:07:11.803Z"},{"date":"2000 JAN","value":"0.8","year":"2000","month":"January","quarter":"","sourceDataset":"MM23","updateDate":"2015-07-09T00:07:11.803Z"},{"date":"2000 FEB","value":"0.9","year":"2000","month":"February","quarter":"","sourceDataset":"MM23","updateDate":"2015-07-09T00:07:11.803Z"},{"date":"2000 MAR","value":"0.6","year":"2000","month":"March","quarter":"","sourceDataset":"MM23","updateDate":"2015-07-09T00:07:11.803Z"},{"date":"2000 APR","value":"0.6","year":"2000","month":"April","quarter":"","sourceDataset":"MM23","updateDate":"2015-07-09T00:07:11.803Z"},{"date":"2000 MAY","value":"0.5","year":"2000","month":"May","quarter":"","sourceDataset":"MM23","updateDate":"2015-07-09T00:07:11.803Z"},{"date":"2000 JUN","value":"0.8","year":"2000","month":"June","quarter":"","sourceDataset":"MM23","updateDate":"2015-07-09T00:07:11.803Z"},{"date":"2000 JUL","value":"0.9","year":"2000","month":"July","quarter":"","sourceDataset":"MM23","updateDate":"2015-07-09T00:07:11.803Z"},{"date":"2000 AUG","value":"0.6","year":"2000","month":"August","quarter":"","sourceDataset":"MM23","updateDate":"2015-07-09T00:07:11.803Z"},{"date":"2000 SEP","value":"1.0","year":"2000","month":"September","quarter":"","sourceDataset":"MM23","updateDate":"2015-07-09T00:07:11.803Z"},{"date":"2000 OCT","value":"1.0","year":"2000","month":"October","quarter":"","sourceDataset":"MM23","updateDate":"2015-07-09T00:07:11.803Z"},{"date":"2000 NOV","value":"1.1","year":"2000","month":"November","quarter":"","sourceDataset":"MM23","updateDate":"2015-07-09T00:07:11.803Z"},{"date":"2000 DEC","value":"0.8","year":"2000","month":"December","quarter":"","sourceDataset":"MM23","updateDate":"2015-07-09T00:07:11.803Z"},{"date":"2001 JAN","value":"0.9","year":"2001","month":"January","quarter":"","sourceDataset":"MM23","updateDate":"2015-07-09T00:07:11.803Z"},{"date":"2001 FEB","value":"0.8","year":"2001","month":"February","quarter":"","sourceDataset":"MM23","updateDate":"2015-07-09T00:07:11.803Z"},{"date":"2001 MAR","value":"0.9","year":"2001","month":"March","quarter":"","sourceDataset":"MM23","updateDate":"2015-07-09T00:07:11.803Z"},{"date":"2001 APR","value":"1.2","year":"2001","month":"April","quarter":"","sourceDataset":"MM23","updateDate":"2015-07-09T00:07:11.803Z"},{"date":"2001 MAY","value":"1.7","year":"2001","month":"May","quarter":"","sourceDataset":"MM23","updateDate":"2015-07-09T00:07:11.803Z"},{"date":"2001 JUN","value":"1.7","year":"2001","month":"June","quarter":"","sourceDataset":"MM23","updateDate":"2015-07-09T00:07:11.803Z"},{"date":"2001 JUL","value":"1.4","year":"2001","month":"July","quarter":"","sourceDataset":"MM23","updateDate":"2015-07-09T00:07:11.803Z"},{"date":"2001 AUG","value":"1.8","year":"2001","month":"August","quarter":"","sourceDataset":"MM23","updateDate":"2015-07-09T00:07:11.803Z"},{"date":"2001 SEP","value":"1.3","year":"2001","month":"September","quarter":"","sourceDataset":"MM23","updateDate":"2015-07-09T00:07:11.803Z"},{"date":"2001 OCT","value":"1.2","year":"2001","month":"October","quarter":"","sourceDataset":"MM23","updateDate":"2015-07-09T00:07:11.803Z"},{"date":"2001 NOV","value":"0.8","year":"2001","month":"November","quarter":"","sourceDataset":"MM23","updateDate":"2015-07-09T00:07:11.803Z"},{"date":"2001 DEC","value":"1.1","year":"2001","month":"December","quarter":"","sourceDataset":"MM23","updateDate":"2015-07-09T00:07:11.803Z"},{"date":"2002 JAN","value":"1.6","year":"2002","month":"January","quarter":"","sourceDataset":"MM23","updateDate":"2015-07-09T00:07:11.803Z"},{"date":"2002 FEB","value":"1.5","year":"2002","month":"February","quarter":"","sourceDataset":"MM23","updateDate":"2015-07-09T00:07:11.803Z"},{"date":"2002 MAR","value":"1.5","year":"2002","month":"March","quarter":"","sourceDataset":"MM23","updateDate":"2015-07-09T00:07:11.803Z"},{"date":"2002 APR","value":"1.4","year":"2002","month":"April","quarter":"","sourceDataset":"MM23","updateDate":"2015-07-09T00:07:11.803Z"},{"date":"2002 MAY","value":"0.8","year":"2002","month":"May","quarter":"","sourceDataset":"MM23","updateDate":"2015-07-09T00:07:11.803Z"},{"date":"2002 JUN","value":"0.6","year":"2002","month":"June","quarter":"","sourceDataset":"MM23","updateDate":"2015-07-09T00:07:11.803Z"},{"date":"2002 JUL","value":"1.1","year":"2002","month":"July","quarter":"","sourceDataset":"MM23","updateDate":"2015-07-09T00:07:11.803Z"},{"date":"2002 AUG","value":"1.0","year":"2002","month":"August","quarter":"","sourceDataset":"MM23","updateDate":"2015-07-09T00:07:11.803Z"},{"date":"2002 SEP","value":"1.0","year":"2002","month":"September","quarter":"","sourceDataset":"MM23","updateDate":"2015-07-09T00:07:11.803Z"},{"date":"2002 OCT","value":"1.4","year":"2002","month":"October","quarter":"","sourceDataset":"MM23","updateDate":"2015-07-09T00:07:11.803Z"},{"date":"2002 NOV","value":"1.5","year":"2002","month":"November","quarter":"","sourceDataset":"MM23","updateDate":"2015-07-09T00:07:11.803Z"},{"date":"2002 DEC","value":"1.7","year":"2002","month":"December","quarter":"","sourceDataset":"MM23","updateDate":"2015-07-09T00:07:11.803Z"},{"date":"2003 JAN","value":"1.3","year":"2003","month":"January","quarter":"","sourceDataset":"MM23","updateDate":"2015-07-09T00:07:11.803Z"},{"date":"2003 FEB","value":"1.6","year":"2003","month":"February","quarter":"","sourceDataset":"MM23","updateDate":"2015-07-09T00:07:11.803Z"},{"date":"2003 MAR","value":"1.5","year":"2003","month":"March","quarter":"","sourceDataset":"MM23","updateDate":"2015-07-09T00:07:11.803Z"},{"date":"2003 APR","value":"1.4","year":"2003","month":"April","quarter":"","sourceDataset":"MM23","updateDate":"2015-07-09T00:07:11.803Z"},{"date":"2003 MAY","value":"1.3","year":"2003","month":"May","quarter":"","sourceDataset":"MM23","updateDate":"2015-07-09T00:07:11.803Z"},{"date":"2003 JUN","value":"1.1","year":"2003","month":"June","quarter":"","sourceDataset":"MM23","updateDate":"2015-07-09T00:07:11.803Z"},{"date":"2003 JUL","value":"1.3","year":"2003","month":"July","quarter":"","sourceDataset":"MM23","updateDate":"2015-07-09T00:07:11.803Z"},{"date":"2003 AUG","value":"1.4","year":"2003","month":"August","quarter":"","sourceDataset":"MM23","updateDate":"2015-07-09T00:07:11.803Z"},{"date":"2003 SEP","value":"1.4","year":"2003","month":"September","quarter":"","sourceDataset":"MM23","updateDate":"2015-07-09T00:07:11.803Z"},{"date":"2003 OCT","value":"1.4","year":"2003","month":"October","quarter":"","sourceDataset":"MM23","updateDate":"2015-07-09T00:07:11.803Z"},{"date":"2003 NOV","value":"1.3","year":"2003","month":"November","quarter":"","sourceDataset":"MM23","updateDate":"2015-07-09T00:07:11.803Z"},{"date":"2003 DEC","value":"1.3","year":"2003","month":"December","quarter":"","sourceDataset":"MM23","updateDate":"2015-07-09T00:07:11.803Z"},{"date":"2004 JAN","value":"1.4","year":"2004","month":"January","quarter":"","sourceDataset":"MM23","updateDate":"2015-07-09T00:07:11.803Z"},{"date":"2004 FEB","value":"1.3","year":"2004","month":"February","quarter":"","sourceDataset":"MM23","updateDate":"2015-07-09T00:07:11.803Z"},{"date":"2004 MAR","value":"1.1","year":"2004","month":"March","quarter":"","sourceDataset":"MM23","updateDate":"2015-07-09T00:07:11.803Z"},{"date":"2004 APR","value":"1.1","year":"2004","month":"April","quarter":"","sourceDataset":"MM23","updateDate":"2015-07-09T00:07:11.803Z"},{"date":"2004 MAY","value":"1.5","year":"2004","month":"May","quarter":"","sourceDataset":"MM23","updateDate":"2015-07-09T00:07:11.803Z"},{"date":"2004 JUN","value":"1.6","year":"2004","month":"June","quarter":"","sourceDataset":"MM23","updateDate":"2015-07-09T00:07:11.803Z"},{"date":"2004 JUL","value":"1.4","year":"2004","month":"July","quarter":"","sourceDataset":"MM23","updateDate":"2015-07-09T00:07:11.803Z"},{"date":"2004 AUG","value":"1.3","year":"2004","month":"August","quarter":"","sourceDataset":"MM23","updateDate":"2015-07-09T00:07:11.803Z"},{"date":"2004 SEP","value":"1.1","year":"2004","month":"September","quarter":"","sourceDataset":"MM23","updateDate":"2015-07-09T00:07:11.803Z"},{"date":"2004 OCT","value":"1.2","year":"2004","month":"October","quarter":"","sourceDataset":"MM23","updateDate":"2015-07-09T00:07:11.803Z"},{"date":"2004 NOV","value":"1.5","year":"2004","month":"November","quarter":"","sourceDataset":"MM23","updateDate":"2015-07-09T00:07:11.803Z"},{"date":"2004 DEC","value":"1.7","year":"2004","month":"December","quarter":"","sourceDataset":"MM23","updateDate":"2015-07-09T00:07:11.803Z"},{"date":"2005 JAN","value":"1.6","year":"2005","month":"January","quarter":"","sourceDataset":"MM23","updateDate":"2015-07-09T00:07:11.803Z"},{"date":"2005 FEB","value":"1.7","year":"2005","month":"February","quarter":"","sourceDataset":"MM23","updateDate":"2015-07-09T00:07:11.803Z"},{"date":"2005 MAR","value":"1.9","year":"2005","month":"March","quarter":"","sourceDataset":"MM23","updateDate":"2015-07-09T00:07:11.803Z"},{"date":"2005 APR","value":"1.9","year":"2005","month":"April","quarter":"","sourceDataset":"MM23","updateDate":"2015-07-09T00:07:11.803Z"},{"date":"2005 MAY","value":"1.9","year":"2005","month":"May","quarter":"","sourceDataset":"MM23","updateDate":"2015-07-09T00:07:11.803Z"},{"date":"2005 JUN","value":"2.0","year":"2005","month":"June","quarter":"","sourceDataset":"MM23","updateDate":"2015-07-09T00:07:11.803Z"},{"date":"2005 JUL","value":"2.3","year":"2005","month":"July","quarter":"","sourceDataset":"MM23","updateDate":"2015-07-09T00:07:11.803Z"},{"date":"2005 AUG","value":"2.4","year":"2005","month":"August","quarter":"","sourceDataset":"MM23","updateDate":"2015-07-09T00:07:11.803Z"},{"date":"2005 SEP","value":"2.5","year":"2005","month":"September","quarter":"","sourceDataset":"MM23","updateDate":"2015-07-09T00:07:11.803Z"},{"date":"2005 OCT","value":"2.3","year":"2005","month":"October","quarter":"","sourceDataset":"MM23","updateDate":"2015-07-09T00:07:11.803Z"},{"date":"2005 NOV","value":"2.1","year":"2005","month":"November","quarter":"","sourceDataset":"MM23","updateDate":"2015-07-09T00:07:11.803Z"},{"date":"2005 DEC","value":"1.9","year":"2005","month":"December","quarter":"","sourceDataset":"MM23","updateDate":"2015-07-09T00:07:11.803Z"},{"date":"2006 JAN","value":"1.9","year":"2006","month":"January","quarter":"","sourceDataset":"MM23","updateDate":"2015-07-09T00:07:11.803Z"},{"date":"2006 FEB","value":"2.0","year":"2006","month":"February","quarter":"","sourceDataset":"MM23","updateDate":"2015-07-09T00:07:11.803Z"},{"date":"2006 MAR","value":"1.8","year":"2006","month":"March","quarter":"","sourceDataset":"MM23","updateDate":"2015-07-09T00:07:11.803Z"},{"date":"2006 APR","value":"2.0","year":"2006","month":"April","quarter":"","sourceDataset":"MM23","updateDate":"2015-07-09T00:07:11.803Z"},{"date":"2006 MAY","value":"2.2","year":"2006","month":"May","quarter":"","sourceDataset":"MM23","updateDate":"2015-07-09T00:07:11.803Z"},{"date":"2006 JUN","value":"2.5","year":"2006","month":"June","quarter":"","sourceDataset":"MM23","updateDate":"2015-07-09T00:07:11.803Z"},{"date":"2006 JUL","value":"2.4","year":"2006","month":"July","quarter":"","sourceDataset":"MM23","updateDate":"2015-07-09T00:07:11.803Z"},{"date":"2006 AUG","value":"2.5","year":"2006","month":"August","quarter":"","sourceDataset":"MM23","updateDate":"2015-07-09T00:07:11.803Z"},{"date":"2006 SEP","value":"2.4","year":"2006","month":"September","quarter":"","sourceDataset":"MM23","updateDate":"2015-07-09T00:07:11.803Z"},{"date":"2006 OCT","value":"2.4","year":"2006","month":"October","quarter":"","sourceDataset":"MM23","updateDate":"2015-07-09T00:07:11.803Z"},{"date":"2006 NOV","value":"2.7","year":"2006","month":"November","quarter":"","sourceDataset":"MM23","updateDate":"2015-07-09T00:07:11.803Z"},{"date":"2006 DEC","value":"3.0","year":"2006","month":"December","quarter":"","sourceDataset":"MM23","updateDate":"2015-07-09T00:07:11.803Z"},{"date":"2007 JAN","value":"2.7","year":"2007","month":"January","quarter":"","sourceDataset":"MM23","updateDate":"2015-07-09T00:07:11.803Z"},{"date":"2007 FEB","value":"2.8","year":"2007","month":"February","quarter":"","sourceDataset":"MM23","updateDate":"2015-07-09T00:07:11.803Z"},{"date":"2007 MAR","value":"3.1","year":"2007","month":"March","quarter":"","sourceDataset":"MM23","updateDate":"2015-07-09T00:07:11.803Z"},{"date":"2007 APR","value":"2.8","year":"2007","month":"April","quarter":"","sourceDataset":"MM23","updateDate":"2015-07-09T00:07:11.803Z"},{"date":"2007 MAY","value":"2.5","year":"2007","month":"May","quarter":"","sourceDataset":"MM23","updateDate":"2015-07-09T00:07:11.803Z"},{"date":"2007 JUN","value":"2.4","year":"2007","month":"June","quarter":"","sourceDataset":"MM23","updateDate":"2015-07-09T00:07:11.803Z"},{"date":"2007 JUL","value":"1.9","year":"2007","month":"July","quarter":"","sourceDataset":"MM23","updateDate":"2015-07-09T00:07:11.803Z"},{"date":"2007 AUG","value":"1.8","year":"2007","month":"August","quarter":"","sourceDataset":"MM23","updateDate":"2015-07-09T00:07:11.803Z"},{"date":"2007 SEP","value":"1.8","year":"2007","month":"September","quarter":"","sourceDataset":"MM23","updateDate":"2015-07-09T00:07:11.803Z"},{"date":"2007 OCT","value":"2.1","year":"2007","month":"October","quarter":"","sourceDataset":"MM23","updateDate":"2015-07-09T00:07:11.803Z"},{"date":"2007 NOV","value":"2.1","year":"2007","month":"November","quarter":"","sourceDataset":"MM23","updateDate":"2015-07-09T00:07:11.803Z"},{"date":"2007 DEC","value":"2.1","year":"2007","month":"December","quarter":"","sourceDataset":"MM23","updateDate":"2015-07-09T00:07:11.803Z"},{"date":"2008 JAN","value":"2.2","year":"2008","month":"January","quarter":"","sourceDataset":"MM23","updateDate":"2015-07-09T00:07:11.803Z"},{"date":"2008 FEB","value":"2.5","year":"2008","month":"February","quarter":"","sourceDataset":"MM23","updateDate":"2015-07-09T00:07:11.803Z"},{"date":"2008 MAR","value":"2.5","year":"2008","month":"March","quarter":"","sourceDataset":"MM23","updateDate":"2015-07-09T00:07:11.803Z"},{"date":"2008 APR","value":"3.0","year":"2008","month":"April","quarter":"","sourceDataset":"MM23","updateDate":"2015-07-09T00:07:11.803Z"},{"date":"2008 MAY","value":"3.3","year":"2008","month":"May","quarter":"","sourceDataset":"MM23","updateDate":"2015-07-09T00:07:11.803Z"},{"date":"2008 JUN","value":"3.8","year":"2008","month":"June","quarter":"","sourceDataset":"MM23","updateDate":"2015-07-09T00:07:11.803Z"},{"date":"2008 JUL","value":"4.4","year":"2008","month":"July","quarter":"","sourceDataset":"MM23","updateDate":"2015-07-09T00:07:11.803Z"},{"date":"2008 AUG","value":"4.7","year":"2008","month":"August","quarter":"","sourceDataset":"MM23","updateDate":"2015-07-09T00:07:11.803Z"},{"date":"2008 SEP","value":"5.2","year":"2008","month":"September","quarter":"","sourceDataset":"MM23","updateDate":"2015-07-09T00:07:11.803Z"},{"date":"2008 OCT","value":"4.5","year":"2008","month":"October","quarter":"","sourceDataset":"MM23","updateDate":"2015-07-09T00:07:11.803Z"},{"date":"2008 NOV","value":"4.1","year":"2008","month":"November","quarter":"","sourceDataset":"MM23","updateDate":"2015-07-09T00:07:11.803Z"},{"date":"2008 DEC","value":"3.1","year":"2008","month":"December","quarter":"","sourceDataset":"MM23","updateDate":"2015-07-09T00:07:11.803Z"},{"date":"2009 JAN","value":"3.0","year":"2009","month":"January","quarter":"","sourceDataset":"MM23","updateDate":"2015-07-09T00:07:11.803Z"},{"date":"2009 FEB","value":"3.2","year":"2009","month":"February","quarter":"","sourceDataset":"MM23","updateDate":"2015-07-09T00:07:11.803Z"},{"date":"2009 MAR","value":"2.9","year":"2009","month":"March","quarter":"","sourceDataset":"MM23","updateDate":"2015-07-09T00:07:11.803Z"},{"date":"2009 APR","value":"2.3","year":"2009","month":"April","quarter":"","sourceDataset":"MM23","updateDate":"2015-07-09T00:07:11.803Z"},{"date":"2009 MAY","value":"2.2","year":"2009","month":"May","quarter":"","sourceDataset":"MM23","updateDate":"2015-07-09T00:07:11.803Z"},{"date":"2009 JUN","value":"1.8","year":"2009","month":"June","quarter":"","sourceDataset":"MM23","updateDate":"2015-07-09T00:07:11.803Z"},{"date":"2009 JUL","value":"1.8","year":"2009","month":"July","quarter":"","sourceDataset":"MM23","updateDate":"2015-07-09T00:07:11.803Z"},{"date":"2009 AUG","value":"1.6","year":"2009","month":"August","quarter":"","sourceDataset":"MM23","updateDate":"2015-07-09T00:07:11.803Z"},{"date":"2009 SEP","value":"1.1","year":"2009","month":"September","quarter":"","sourceDataset":"MM23","updateDate":"2015-07-09T00:07:11.803Z"},{"date":"2009 OCT","value":"1.5","year":"2009","month":"October","quarter":"","sourceDataset":"MM23","updateDate":"2015-07-09T00:07:11.803Z"},{"date":"2009 NOV","value":"1.9","year":"2009","month":"November","quarter":"","sourceDataset":"MM23","updateDate":"2015-07-09T00:07:11.803Z"},{"date":"2009 DEC","value":"2.9","year":"2009","month":"December","quarter":"","sourceDataset":"MM23","updateDate":"2015-07-09T00:07:11.803Z"},{"date":"2010 JAN","value":"3.5","year":"2010","month":"January","quarter":"","sourceDataset":"MM23","updateDate":"2015-07-09T00:07:11.803Z"},{"date":"2010 FEB","value":"3.0","year":"2010","month":"February","quarter":"","sourceDataset":"MM23","updateDate":"2015-07-09T00:07:11.803Z"},{"date":"2010 MAR","value":"3.4","year":"2010","month":"March","quarter":"","sourceDataset":"MM23","updateDate":"2015-07-09T00:07:11.803Z"},{"date":"2010 APR","value":"3.7","year":"2010","month":"April","quarter":"","sourceDataset":"MM23","updateDate":"2015-07-09T00:07:11.803Z"},{"date":"2010 MAY","value":"3.4","year":"2010","month":"May","quarter":"","sourceDataset":"MM23","updateDate":"2015-07-09T00:07:11.803Z"},{"date":"2010 JUN","value":"3.2","year":"2010","month":"June","quarter":"","sourceDataset":"MM23","updateDate":"2015-07-09T00:07:11.803Z"},{"date":"2010 JUL","value":"3.1","year":"2010","month":"July","quarter":"","sourceDataset":"MM23","updateDate":"2015-07-09T00:07:11.803Z"},{"date":"2010 AUG","value":"3.1","year":"2010","month":"August","quarter":"","sourceDataset":"MM23","updateDate":"2015-07-09T00:07:11.803Z"},{"date":"2010 SEP","value":"3.1","year":"2010","month":"September","quarter":"","sourceDataset":"MM23","updateDate":"2015-07-09T00:07:11.803Z"},{"date":"2010 OCT","value":"3.2","year":"2010","month":"October","quarter":"","sourceDataset":"MM23","updateDate":"2015-07-09T00:07:11.803Z"},{"date":"2010 NOV","value":"3.3","year":"2010","month":"November","quarter":"","sourceDataset":"MM23","updateDate":"2015-07-09T00:07:11.803Z"},{"date":"2010 DEC","value":"3.7","year":"2010","month":"December","quarter":"","sourceDataset":"MM23","updateDate":"2015-07-09T00:07:11.803Z"},{"date":"2011 JAN","value":"4.0","year":"2011","month":"January","quarter":"","sourceDataset":"MM23","updateDate":"2015-07-09T00:07:11.803Z"},{"date":"2011 FEB","value":"4.4","year":"2011","month":"February","quarter":"","sourceDataset":"MM23","updateDate":"2015-07-09T00:07:11.803Z"},{"date":"2011 MAR","value":"4.0","year":"2011","month":"March","quarter":"","sourceDataset":"MM23","updateDate":"2015-07-09T00:07:11.803Z"},{"date":"2011 APR","value":"4.5","year":"2011","month":"April","quarter":"","sourceDataset":"MM23","updateDate":"2015-07-09T00:07:11.803Z"},{"date":"2011 MAY","value":"4.5","year":"2011","month":"May","quarter":"","sourceDataset":"MM23","updateDate":"2015-07-09T00:07:11.803Z"},{"date":"2011 JUN","value":"4.2","year":"2011","month":"June","quarter":"","sourceDataset":"MM23","updateDate":"2015-07-09T00:07:11.803Z"},{"date":"2011 JUL","value":"4.4","year":"2011","month":"July","quarter":"","sourceDataset":"MM23","updateDate":"2015-07-09T00:07:11.803Z"},{"date":"2011 AUG","value":"4.5","year":"2011","month":"August","quarter":"","sourceDataset":"MM23","updateDate":"2015-07-09T00:07:11.803Z"},{"date":"2011 SEP","value":"5.2","year":"2011","month":"September","quarter":"","sourceDataset":"MM23","updateDate":"2015-07-09T00:07:11.803Z"},{"date":"2011 OCT","value":"5.0","year":"2011","month":"October","quarter":"","sourceDataset":"MM23","updateDate":"2015-07-09T00:07:11.803Z"},{"date":"2011 NOV","value":"4.8","year":"2011","month":"November","quarter":"","sourceDataset":"MM23","updateDate":"2015-07-09T00:07:11.803Z"},{"date":"2011 DEC","value":"4.2","year":"2011","month":"December","quarter":"","sourceDataset":"MM23","updateDate":"2015-07-09T00:07:11.803Z"},{"date":"2012 JAN","value":"3.6","year":"2012","month":"January","quarter":"","sourceDataset":"MM23","updateDate":"2015-07-09T00:07:11.803Z"},{"date":"2012 FEB","value":"3.4","year":"2012","month":"February","quarter":"","sourceDataset":"MM23","updateDate":"2015-07-09T00:07:11.803Z"},{"date":"2012 MAR","value":"3.5","year":"2012","month":"March","quarter":"","sourceDataset":"MM23","updateDate":"2015-07-09T00:07:11.803Z"},{"date":"2012 APR","value":"3.0","year":"2012","month":"April","quarter":"","sourceDataset":"MM23","updateDate":"2015-07-09T00:07:11.803Z"},{"date":"2012 MAY","value":"2.8","year":"2012","month":"May","quarter":"","sourceDataset":"MM23","updateDate":"2015-07-09T00:07:11.803Z"},{"date":"2012 JUN","value":"2.4","year":"2012","month":"June","quarter":"","sourceDataset":"MM23","updateDate":"2015-07-09T00:07:11.803Z"},{"date":"2012 JUL","value":"2.6","year":"2012","month":"July","quarter":"","sourceDataset":"MM23","updateDate":"2015-07-09T00:07:11.803Z"},{"date":"2012 AUG","value":"2.5","year":"2012","month":"August","quarter":"","sourceDataset":"MM23","updateDate":"2015-07-09T00:07:11.803Z"},{"date":"2012 SEP","value":"2.2","year":"2012","month":"September","quarter":"","sourceDataset":"MM23","updateDate":"2015-07-09T00:07:11.803Z"},{"date":"2012 OCT","value":"2.7","year":"2012","month":"October","quarter":"","sourceDataset":"MM23","updateDate":"2015-07-09T00:07:11.803Z"},{"date":"2012 NOV","value":"2.7","year":"2012","month":"November","quarter":"","sourceDataset":"MM23","updateDate":"2015-07-09T00:07:11.803Z"},{"date":"2012 DEC","value":"2.7","year":"2012","month":"December","quarter":"","sourceDataset":"MM23","updateDate":"2015-07-09T00:07:11.804Z"},{"date":"2013 JAN","value":"2.7","year":"2013","month":"January","quarter":"","sourceDataset":"MM23","updateDate":"2015-07-09T00:07:11.804Z"},{"date":"2013 FEB","value":"2.8","year":"2013","month":"February","quarter":"","sourceDataset":"MM23","updateDate":"2015-07-09T00:07:11.804Z"},{"date":"2013 MAR","value":"2.8","year":"2013","month":"March","quarter":"","sourceDataset":"MM23","updateDate":"2015-07-09T00:07:11.804Z"},{"date":"2013 APR","value":"2.4","year":"2013","month":"April","quarter":"","sourceDataset":"MM23","updateDate":"2015-07-09T00:07:11.804Z"},{"date":"2013 MAY","value":"2.7","year":"2013","month":"May","quarter":"","sourceDataset":"MM23","updateDate":"2015-07-09T00:07:11.804Z"},{"date":"2013 JUN","value":"2.9","year":"2013","month":"June","quarter":"","sourceDataset":"MM23","updateDate":"2015-07-09T00:07:11.804Z"},{"date":"2013 JUL","value":"2.8","year":"2013","month":"July","quarter":"","sourceDataset":"MM23","updateDate":"2015-07-09T00:07:11.804Z"},{"date":"2013 AUG","value":"2.7","year":"2013","month":"August","quarter":"","sourceDataset":"MM23","updateDate":"2015-07-09T00:07:11.804Z"},{"date":"2013 SEP","value":"2.7","year":"2013","month":"September","quarter":"","sourceDataset":"MM23","updateDate":"2015-07-09T00:07:11.804Z"},{"date":"2013 OCT","value":"2.2","year":"2013","month":"October","quarter":"","sourceDataset":"MM23","updateDate":"2015-07-09T00:07:11.804Z"},{"date":"2013 NOV","value":"2.1","year":"2013","month":"November","quarter":"","sourceDataset":"MM23","updateDate":"2015-07-09T00:07:11.804Z"},{"date":"2013 DEC","value":"2.0","year":"2013","month":"December","quarter":"","sourceDataset":"MM23","updateDate":"2015-07-09T00:07:11.804Z"},{"date":"2014 JAN","value":"1.9","year":"2014","month":"January","quarter":"","sourceDataset":"MM23","updateDate":"2015-07-09T00:07:11.804Z"},{"date":"2014 FEB","value":"1.7","year":"2014","month":"February","quarter":"","sourceDataset":"MM23","updateDate":"2015-07-09T00:07:11.804Z"},{"date":"2014 MAR","value":"1.6","year":"2014","month":"March","quarter":"","sourceDataset":"MM23","updateDate":"2015-07-09T00:07:11.804Z"},{"date":"2014 APR","value":"1.8","year":"2014","month":"April","quarter":"","sourceDataset":"MM23","updateDate":"2015-07-09T00:07:11.804Z"},{"date":"2014 MAY","value":"1.5","year":"2014","month":"May","quarter":"","sourceDataset":"MM23","updateDate":"2015-07-09T00:07:11.804Z"},{"date":"2014 JUN","value":"1.9","year":"2014","month":"June","quarter":"","sourceDataset":"MM23","updateDate":"2015-07-09T00:07:11.804Z"},{"date":"2014 JUL","value":"1.6","year":"2014","month":"July","quarter":"","sourceDataset":"MM23","updateDate":"2015-07-09T00:07:11.804Z"},{"date":"2014 AUG","value":"1.5","year":"2014","month":"August","quarter":"","sourceDataset":"MM23","updateDate":"2015-07-09T00:07:11.804Z"},{"date":"2014 SEP","value":"1.2","year":"2014","month":"September","quarter":"","sourceDataset":"MM23","updateDate":"2015-07-09T00:07:11.804Z"},{"date":"2014 OCT","value":"1.3","year":"2014","month":"October","quarter":"","sourceDataset":"MM23","updateDate":"2015-07-09T00:07:11.804Z"},{"date":"2014 NOV","value":"1.0","year":"2014","month":"November","quarter":"","sourceDataset":"MM23","updateDate":"2015-07-09T00:07:11.804Z"},{"date":"2014 DEC","value":"0.5","year":"2014","month":"December","quarter":"","sourceDataset":"MM23","updateDate":"2015-07-09T00:07:11.804Z"},{"date":"2015 JAN","value":"0.3","year":"2015","month":"January","quarter":"","sourceDataset":"MM23","updateDate":"2015-07-09T00:07:11.804Z"},{"date":"2015 FEB","value":"0.0","year":"2015","month":"February","quarter":"","sourceDataset":"MM23","updateDate":"2015-07-09T00:07:11.804Z"},{"date":"2015 MAR","value":"0.0","year":"2015","month":"March","quarter":"","sourceDataset":"MM23","updateDate":"2015-07-09T00:07:11.804Z"},{"date":"2015 APR","value":"-0.1","year":"2015","month":"April","quarter":"","sourceDataset":"MM23","updateDate":"2015-07-09T00:07:11.804Z"},{"date":"2015 MAY","value":"0.1","year":"2015","month":"May","quarter":"","sourceDataset":"MM23","updateDate":"2015-07-09T00:07:11.804Z"},{"date":"2015 JUN","value":"0.0","year":"2015","month":"June","quarter":"","sourceDataset":"MM23","updateDate":"2015-07-14T16:45:07.851Z"}],"sourceDatasets":["MM23"],"relatedDatasets":[{"uri":"/economy/inflationandpriceindices/datasets/consumerpriceindices"}],"section":{},"notes":["Notes"],"relatedDocuments":[{"uri":"/economy/inflationandpriceindices/bulletins/consumerpriceinflation/2015-07-14"}],"relatedMethodology":[],"relatedData":[{"uri":"/economy/inflationandpriceindices/timeseries/czbh"},{"uri":"/economy/inflationandpriceindices/timeseries/l55o"},{"uri":"/economy/inflationandpriceindices/timeseries/kvr9"},{"uri":"/economy/inflationandpriceindices/timeseries/d7bt"},{"uri":"/economy/inflationandpriceindices/timeseries/chaw"},{"uri":"/economy/inflationandpriceindices/timeseries/l522"},{"uri":"/economy/inflationandpriceindices/timeseries/kvr8"}],"type":"timeseries","uri":"/economy/inflationandpriceindices/timeseries/d7g7","breadcrumb":[{"uri":"/"},{"uri":"/economy"},{"uri":"/economy/inflationandpriceindices"}],"description":{"title":"CPI: Consumer Prices Index (% change)","nationalStatistic":true,"latestRelease":false,"contact":{"email":"cpi@ons.gsi.gov.uk","name":"Philip Gooding","telephone":"+44 (0)1633 455896"},"releaseDate":"2015-07-13T23:00:00.000Z","nextRelease":"18 Aug 2015","cdid":"D7G7","unit":"%","preUnit":"","source":"Office for National Statistics","seasonalAdjustment":"NSA","date":"2015 JUN","number":"0.0","keyNote":"CPI percentage change over 12 months  Estimated pre-97 2005=100","sampleSize":0}}