{"items":[],"datasets":[],"statsBulletins":[{"uri":"/peoplepopulationandcommunity/housing/bulletins/indexofprivatehousingrentalprices/2015-01-30"},{"uri":"/peoplepopulationandcommunity/housing/bulletins/integratedhouseholdsurveyexperimentalstatistics/2014-10-07"},{"uri":"/peoplepopulationandcommunity/housing/bulletins/2011censusnumberofpeoplewithsecondaddressesinlocalauthoritiesinenglandandwales/2012-10-22"},{"uri":"/peoplepopulationandcommunity/housing/bulletins/integratedhouseholdsurveyapril2011tomarch2012experimentalstatistics/2012-09-28"},{"uri":"/peoplepopulationandcommunity/housing/bulletins/keyfindingsfromtheintegratedhouseholdsurveyexperimentalstatistics/2013-10-03"}],"relatedArticles":[{"uri":"/peoplepopulationandcommunity/housing/articles/2011censusanalysiswhatdoesthe2011censustellusaboutpeoplelivingincommunalestablishments/2015-02-11"},{"uri":"/peoplepopulationandcommunity/housing/articles/characteristicsofbuiltupareas/2013-06-28"},{"uri":"/peoplepopulationandcommunity/housing/articles/housepricestatisticsforsmallareasinenglandandwales/2015-02-17"},{"uri":"/peoplepopulationandcommunity/housing/articles/whatdoesthe2011censustellusaboutworkrelatedsecondaddressesinenglandandwales/2015-03-25"}],"index":8,"type":"product_page","uri":"/peoplepopulationandcommunity/housing","breadcrumb":[{"uri":"/"},{"uri":"/peoplepopulationandcommunity"}],"description":{"title":"Housing","summary":"Data about property prices. These are an informal indicator of the confidence people feel in the UK economy. We collect the data from a sample of mortgage completions, so we do not include property sold to cash buyers."}}