{"type":"chart","title":"Figure 2: Headcount by working pattern; Headcount; 31 March, 2014; UK","filename":"39a234e4","uri":"/employmentandlabourmarket/publicsectorpersonnel/bulletins/civilservicestatistics/2014-10-09/39a234e4","subtitle":"","unit":"Percentage of all employees","source":"Annual Civil Service Employment Survey - Office for National Statistics","legend":"bottom-right","hideLegend":false,"notes":"","altText":"Figure 2: Headcount by working pattern; Headcount; 31 March, 2014; UK","data":[{"Working pattern":"2008","Part time":" 20 ","Full time":" 80 ","date":"2008-01-01T00:00:00.000Z","label":"2008"},{"Working pattern":"2009","Part time":" 20 ","Full time":" 80 ","date":"2009-01-01T00:00:00.000Z","label":"2009"},{"Working pattern":"2010","Part time":" 21 ","Full time":" 79 ","date":"2010-01-01T00:00:00.000Z","label":"2010"},{"Working pattern":"2011","Part time":" 22 ","Full time":" 78 ","date":"2011-01-01T00:00:00.000Z","label":"2011"},{"Working pattern":"2012","Part time":" 24 ","Full time":" 76 ","date":"2012-01-01T00:00:00.000Z","label":"2012"},{"Working pattern":"2013","Part time":" 24 ","Full time":" 76 ","date":"2013-01-01T00:00:00.000Z","label":"2013"},{"Working pattern":"2014","Part time":" 24 ","Full time":" 76 ","date":"2014-01-01T00:00:00.000Z","label":"2014"}],"headers":["Working pattern","Part time","Full time"],"series":["Part time","Full time"],"categories":["2008","2009","2010","2011","2012","2013","2014"],"aspectRatio":"0.56","chartType":"barline","files":[{"type":"download-png","filename":"39a234e4-download.png"},{"type":"png","filename":"39a234e4.png"}],"isTimeSeries":true,"timeSeries":[{"Working pattern":"2008","Part time":" 20 ","Full time":" 80 ","date":"2008-01-01T00:00:00.000Z","label":"2008"},{"Working pattern":"2009","Part time":" 20 ","Full time":" 80 ","date":"2009-01-01T00:00:00.000Z","label":"2009"},{"Working pattern":"2010","Part time":" 21 ","Full time":" 79 ","date":"2010-01-01T00:00:00.000Z","label":"2010"},{"Working pattern":"2011","Part time":" 22 ","Full time":" 78 ","date":"2011-01-01T00:00:00.000Z","label":"2011"},{"Working pattern":"2012","Part time":" 24 ","Full time":" 76 ","date":"2012-01-01T00:00:00.000Z","label":"2012"},{"Working pattern":"2013","Part time":" 24 ","Full time":" 76 ","date":"2013-01-01T00:00:00.000Z","label":"2013"},{"Working pattern":"2014","Part time":" 24 ","Full time":" 76 ","date":"2014-01-01T00:00:00.000Z","label":"2014"}],"chartTypes":{"Part time":"bar","Full time":"bar"},"groups":[["Part time","Full time"]]}