{"type":"chart","title":"Figure 10: Civil Service employment; national identity as a percentage of employees with a declared national identity; 31 March, 2014; UK","filename":"4447e0b5","uri":"/employmentandlabourmarket/publicsectorpersonnel/bulletins/civilservicestatistics/2014-10-09/4447e0b5","subtitle":"","unit":"Per cent","source":"Annual Civil Service Employment Survey - Office for National Statistics","legend":"false","hideLegend":true,"notes":"","altText":"Figure 10: Civil Service employment; national identity as a percentage of employees with a declared national identity; 31 March, 2014; UK","data":[{"National identity":"British or Mixed-British","Per cent":"43.1"},{"National identity":"English","Per cent":"39.7"},{"National identity":"Irish","Per cent":"0.5"},{"National identity":"Scottish","Per cent":"8.3"},{"National identity":"Welsh","Per cent":"5.9"},{"National identity":"Other national identity","Per cent":"2.5"}],"headers":["National identity","Per cent"],"series":["Per cent"],"categories":["British or Mixed-British","English","Irish","Scottish","Welsh","Other national identity"],"aspectRatio":"0.56","chartType":"bar","files":[{"type":"download-png","filename":"4447e0b5-download.png"},{"type":"png","filename":"4447e0b5.png"}]}