{"type":"chart","title":"Figure 6: Civil Service employment; percentage breakdown of civil servants by region; 31 March, 2014; UK","filename":"720f37b9","uri":"/employmentandlabourmarket/publicsectorpersonnel/bulletins/civilservicestatistics/2014-10-09/720f37b9","subtitle":"","unit":"Per cent","source":"Annual Civil Service Employment Survey - Office for National Statistics","legend":"false","hideLegend":true,"notes":"","altText":"Figure 6: Civil Service employment; percentage breakdown of civil servants by region; 31 March, 2014; UK","data":[{"Region":"London","Per cent":"17.5"},{"Region":"North West","Per cent":"12.0"},{"Region":"South West","Per cent":"10.2"},{"Region":"Scotland","Per cent":"10.1"},{"Region":"South East","Per cent":"9.8"},{"Region":"Yorkshire and the Humber","Per cent":"7.5"},{"Region":"Wales","Per cent":"7.1"},{"Region":"North East","Per cent":"6.7"},{"Region":"West Midlands","Per cent":"6.6"},{"Region":"East of England","Per cent":"5.5"},{"Region":"East Midlands","Per cent":"4.6"},{"Region":"Overseas","Per cent":"1.0"},{"Region":"Northern Ireland","Per cent":"0.9"}],"headers":["Region","Per cent"],"series":["Per cent"],"categories":["London","North West","South West","Scotland","South East","Yorkshire and the Humber","Wales","North East","West Midlands","East of England","East Midlands","Overseas","Northern Ireland"],"aspectRatio":"0.56","chartType":"rotated","files":[{"type":"download-png","filename":"720f37b9-download.png"},{"type":"png","filename":"720f37b9.png"}]}