{"type":"chart","title":"Figure 1: Civil Service employment time series; Headcount; 31 March, 2014; UK","filename":"80479e5a","uri":"/employmentandlabourmarket/publicsectorpersonnel/bulletins/civilservicestatistics/2014-10-09/80479e5a","subtitle":"","unit":"headcount","source":" Annual Civil Service Employment Survey - Office for National Statistics","legend":"false","hideLegend":true,"notes":"","altText":"Figure 1: Civil Service employment time series; Headcount; 31 March, 2014; UK","data":[{"Year":"2008","Headcount":"525200","date":"2008-01-01T00:00:00.000Z","label":"2008"},{"Year":"2009","Headcount":"524400","date":"2009-01-01T00:00:00.000Z","label":"2009"},{"Year":"2010","Headcount":"527500","date":"2010-01-01T00:00:00.000Z","label":"2010"},{"Year":"2011","Headcount":"498400","date":"2011-01-01T00:00:00.000Z","label":"2011"},{"Year":"2012","Headcount":"463800","date":"2012-01-01T00:00:00.000Z","label":"2012"},{"Year":"2013","Headcount":"448800","date":"2013-01-01T00:00:00.000Z","label":"2013"},{"Year":"2014","Headcount":"439900","date":"2014-01-01T00:00:00.000Z","label":"2014"}],"headers":["Year","Headcount"],"series":["Headcount"],"categories":["2008","2009","2010","2011","2012","2013","2014"],"aspectRatio":"0.56","chartType":"bar","files":[{"type":"download-png","filename":"80479e5a-download.png"},{"type":"png","filename":"80479e5a.png"}],"isTimeSeries":true,"timeSeries":[{"Year":"2008","Headcount":"525200","date":"2008-01-01T00:00:00.000Z","label":"2008"},{"Year":"2009","Headcount":"524400","date":"2009-01-01T00:00:00.000Z","label":"2009"},{"Year":"2010","Headcount":"527500","date":"2010-01-01T00:00:00.000Z","label":"2010"},{"Year":"2011","Headcount":"498400","date":"2011-01-01T00:00:00.000Z","label":"2011"},{"Year":"2012","Headcount":"463800","date":"2012-01-01T00:00:00.000Z","label":"2012"},{"Year":"2013","Headcount":"448800","date":"2013-01-01T00:00:00.000Z","label":"2013"},{"Year":"2014","Headcount":"439900","date":"2014-01-01T00:00:00.000Z","label":"2014"}]}