{"type":"chart","title":"Figure 4: Civil Service employment time series; female employees as a percentage of employees by responsibility level; 31 March, 2014; UK","filename":"a4aa6327","uri":"/employmentandlabourmarket/publicsectorpersonnel/bulletins/civilservicestatistics/2014-10-09/a4aa6327","subtitle":"","unit":"Per cent female","source":"Annual Civil Service Employment Survey - Office for National Statistics","legend":"top-right","hideLegend":false,"notes":"","altText":"Figure 4: Civil Service employment time series; female employees as a percentage of employees by responsibility level; 31 March, 2014; UK","data":[{"":"2008","Senior Civil Service":"31.8","Grades 6 and 7":"38.1","Senior and Higher Executive  Officers":"43.8","Executive Officers":"55.1","Administrative Officers and Assistants":"58.2","date":"2008-01-01T00:00:00.000Z","label":"2008"},{"":"2009","Senior Civil Service":"32.8","Grades 6 and 7":"39.4","Senior and Higher Executive  Officers":"44.7","Executive Officers":"55.2","Administrative Officers and Assistants":"58.0","date":"2009-01-01T00:00:00.000Z","label":"2009"},{"":"2010","Senior Civil Service":"34.1","Grades 6 and 7":"40.2","Senior and Higher Executive  Officers":"45.7","Executive Officers":"56.1","Administrative Officers and Assistants":"57.2","date":"2010-01-01T00:00:00.000Z","label":"2010"},{"":"2011","Senior Civil Service":"34.7","Grades 6 and 7":"40.7","Senior and Higher Executive  Officers":"45.1","Executive Officers":"56.7","Administrative Officers and Assistants":"57.1","date":"2011-01-01T00:00:00.000Z","label":"2011"},{"":"2012","Senior Civil Service":"35.0","Grades 6 and 7":"41.1","Senior and Higher Executive  Officers":"45.0","Executive Officers":"55.6","Administrative Officers and Assistants":"58.0","date":"2012-01-01T00:00:00.000Z","label":"2012"},{"":"2013","Senior Civil Service":"36.2","Grades 6 and 7":"41.7","Senior and Higher Executive  Officers":"45.6","Executive Officers":"56.5","Administrative Officers and Assistants":"57.6","date":"2013-01-01T00:00:00.000Z","label":"2013"},{"":"2014","Senior Civil Service":"37.7","Grades 6 and 7":"42.8","Senior and Higher Executive  Officers":"46.2","Executive Officers":"55.9","Administrative Officers and Assistants":"58.7","date":"2014-01-01T00:00:00.000Z","label":"2014"}],"headers":["","Senior Civil Service","Grades 6 and 7","Senior and Higher Executive  Officers","Executive Officers","Administrative Officers and Assistants"],"series":["Senior Civil Service","Grades 6 and 7","Senior and Higher Executive  Officers","Executive Officers","Administrative Officers and Assistants"],"categories":["2008","2009","2010","2011","2012","2013","2014"],"aspectRatio":"0.56","chartType":"line","files":[{"type":"download-png","filename":"a4aa6327-download.png"},{"type":"png","filename":"a4aa6327.png"}],"isTimeSeries":true,"timeSeries":[{"":"2008","Senior Civil Service":"31.8","Grades 6 and 7":"38.1","Senior and Higher Executive  Officers":"43.8","Executive Officers":"55.1","Administrative Officers and Assistants":"58.2","date":"2008-01-01T00:00:00.000Z","label":"2008"},{"":"2009","Senior Civil Service":"32.8","Grades 6 and 7":"39.4","Senior and Higher Executive  Officers":"44.7","Executive Officers":"55.2","Administrative Officers and Assistants":"58.0","date":"2009-01-01T00:00:00.000Z","label":"2009"},{"":"2010","Senior Civil Service":"34.1","Grades 6 and 7":"40.2","Senior and Higher Executive  Officers":"45.7","Executive Officers":"56.1","Administrative Officers and Assistants":"57.2","date":"2010-01-01T00:00:00.000Z","label":"2010"},{"":"2011","Senior Civil Service":"34.7","Grades 6 and 7":"40.7","Senior and Higher Executive  Officers":"45.1","Executive Officers":"56.7","Administrative Officers and Assistants":"57.1","date":"2011-01-01T00:00:00.000Z","label":"2011"},{"":"2012","Senior Civil Service":"35.0","Grades 6 and 7":"41.1","Senior and Higher Executive  Officers":"45.0","Executive Officers":"55.6","Administrative Officers and Assistants":"58.0","date":"2012-01-01T00:00:00.000Z","label":"2012"},{"":"2013","Senior Civil Service":"36.2","Grades 6 and 7":"41.7","Senior and Higher Executive  Officers":"45.6","Executive Officers":"56.5","Administrative Officers and Assistants":"57.6","date":"2013-01-01T00:00:00.000Z","label":"2013"},{"":"2014","Senior Civil Service":"37.7","Grades 6 and 7":"42.8","Senior and Higher Executive  Officers":"46.2","Executive Officers":"55.9","Administrative Officers and Assistants":"58.7","date":"2014-01-01T00:00:00.000Z","label":"2014"}]}