{"type":"chart","title":"Figure 7: Civil Service employment; entrants and leavers in year to 31 March, 2014 by responsibility level; UK","filename":"a6dfbd26","uri":"/employmentandlabourmarket/publicsectorpersonnel/bulletins/civilservicestatistics/2014-10-09/a6dfbd26","subtitle":"","unit":"Headcount","source":"Annual Civil Service Employment Survey - Office for National Statistics","legend":"top-right","hideLegend":false,"notes":"","altText":"Figure 7: Civil Service employment; entrants and leavers in year to 31 March, 2014 by responsibility level; UK","data":[{"Region":"Administrative Officers and Assistants","Entrants":"10310","Leavers":"20075"},{"Region":"Executive Officers","Entrants":"6340","Leavers":"7189"},{"Region":"Senior and Higher Executive Officers","Entrants":"7699","Leavers":"6169"},{"Region":"Grades 6 and 7","Entrants":"3214","Leavers":"2381"},{"Region":"Senior Civil Service","Entrants":"823","Leavers":"530"},{"Region":"Not reported","Entrants":"504","Leavers":"247"}],"headers":["Region","Entrants","Leavers"],"series":["Entrants","Leavers"],"categories":["Administrative Officers and Assistants","Executive Officers","Senior and Higher Executive Officers","Grades 6 and 7","Senior Civil Service","Not reported"],"aspectRatio":"0.56","chartType":"rotated","files":[{"type":"download-png","filename":"a6dfbd26-download.png"},{"type":"png","filename":"a6dfbd26.png"}]}