{"type":"chart","title":"Figure 8: Civil Service employment; ethnic minority employees as a proportion of employees with known ethnic origin by responsibility level; 31 March, 2014; UK","filename":"d83c85d1","uri":"/employmentandlabourmarket/publicsectorpersonnel/bulletins/civilservicestatistics/2014-10-09/d83c85d1","subtitle":"","unit":"Per cent","source":"Annual Civil Service Employment Survey - Office for National Statistics","legend":"false","hideLegend":true,"notes":"","altText":"Figure 8: Civil Service employment; ethnic minority employees as a proportion of employees with known ethnic origin by responsibility level; 31 March, 2014; UK","data":[{"Responsibility  level":"Senior Civil Service","Per cent":"7.3"},{"Responsibility  level":"Grades 6 and 7","Per cent":"7.7"},{"Responsibility  level":"Senior and Higher Executive  Officers","Per cent":"8.8"},{"Responsibility  level":"Executive Officers","Per cent":"11.6"},{"Responsibility  level":"Administrative Officers and Assistants","Per cent":"10.4"}],"headers":["Responsibility  level","Per cent"],"series":["Per cent"],"categories":["Senior Civil Service","Grades 6 and 7","Senior and Higher Executive  Officers","Executive Officers","Administrative Officers and Assistants"],"aspectRatio":"0.56","chartType":"bar","files":[{"type":"download-png","filename":"d83c85d1-download.png"},{"type":"png","filename":"d83c85d1.png"}]}