{"type":"chart","title":"Figure 9: Civil Service employment; disabled employees as a percentage of employees with known disability status by responsibility level; 31 March, 2014; UK","filename":"e14b750a","uri":"/employmentandlabourmarket/publicsectorpersonnel/bulletins/civilservicestatistics/2014-10-09/e14b750a","subtitle":"","unit":"Per cent","source":"Annual Civil Service Employment Survey - Office for National Statistics","legend":"false","hideLegend":true,"notes":"","altText":"Figure 9: Civil Service employment; disabled employees as a percentage of employees with known disability status by responsibility level; 31 March, 2014; UK","data":[{"Responsibility  level":"Senior Civil Service","Per cent":"5.0"},{"Responsibility  level":"Grades 6 and 7","Per cent":"6.0"},{"Responsibility  level":"Senior and Higher Executive  Officers","Per cent":"8.1"},{"Responsibility  level":"Executive Officers","Per cent":"9.0"},{"Responsibility  level":"Administrative Officers and Assistants","Per cent":"9.9"}],"headers":["Responsibility  level","Per cent"],"series":["Per cent"],"categories":["Senior Civil Service","Grades 6 and 7","Senior and Higher Executive  Officers","Executive Officers","Administrative Officers and Assistants"],"aspectRatio":"0.56","chartType":"bar","files":[{"type":"download-png","filename":"e14b750a-download.png"},{"type":"png","filename":"e14b750a.png"}]}