{
  "years": [
    {
      "date": "1992",
      "value": "23.1",
      "year": "1992",
      "month": "",
      "quarter": "",
      "sourceDataset": "",
      "updateDate": "2015-07-09T00:48:25.585Z"
    },
    {
      "date": "1993",
      "value": "23.0",
      "year": "1993",
      "month": "",
      "quarter": "",
      "sourceDataset": "",
      "updateDate": "2015-07-09T00:48:25.585Z"
    },
    {
      "date": "1994",
      "value": "22.2",
      "year": "1994",
      "month": "",
      "quarter": "",
      "sourceDataset": "",
      "updateDate": "2015-07-09T00:48:25.585Z"
    },
    {
      "date": "1995",
      "value": "21.7",
      "year": "1995",
      "month": "",
      "quarter": "",
      "sourceDataset": "",
      "updateDate": "2015-07-09T00:48:25.585Z"
    },
    {
      "date": "1996",
      "value": "21.2",
      "year": "1996",
      "month": "",
      "quarter": "",
      "sourceDataset": "",
      "updateDate": "2015-07-09T00:48:25.585Z"
    },
    {
      "date": "1997",
      "value": "20.4",
      "year": "1997",
      "month": "",
      "quarter": "",
      "sourceDataset": "",
      "updateDate": "2015-07-09T00:48:25.585Z"
    },
    {
      "date": "1998",
      "value": "20.2",
      "year": "1998",
      "month": "",
      "quarter": "",
      "sourceDataset": "",
      "updateDate": "2015-07-09T00:48:25.585Z"
    },
    {
      "date": "1999",
      "value": "20.1",
      "year": "1999",
      "month": "",
      "quarter": "",
      "sourceDataset": "",
      "updateDate": "2015-07-09T00:48:25.585Z"
    },
    {
      "date": "2000",
      "value": "20.1",
      "year": "2000",
      "month": "",
      "quarter": "",
      "sourceDataset": "",
      "updateDate": "2015-07-09T00:48:25.585Z"
    },
    {
      "date": "2001",
      "value": "20.4",
      "year": "2001",
      "month": "",
      "quarter": "",
      "sourceDataset": "",
      "updateDate": "2015-07-09T00:48:25.585Z"
    },
    {
      "date": "2002",
      "value": "20.5",
      "year": "2002",
      "month": "",
      "quarter": "",
      "sourceDataset": "",
      "updateDate": "2015-07-09T00:48:25.585Z"
    },
    {
      "date": "2003",
      "value": "20.9",
      "year": "2003",
      "month": "",
      "quarter": "",
      "sourceDataset": "",
      "updateDate": "2015-07-09T00:48:25.585Z"
    },
    {
      "date": "2004",
      "value": "21.2",
      "year": "2004",
      "month": "",
      "quarter": "",
      "sourceDataset": "",
      "updateDate": "2015-07-09T00:48:25.585Z"
    },
    {
      "date": "2005",
      "value": "21.2",
      "year": "2005",
      "month": "",
      "quarter": "",
      "sourceDataset": "",
      "updateDate": "2015-07-09T00:48:25.585Z"
    },
    {
      "date": "2006",
      "value": "20.9",
      "year": "2006",
      "month": "",
      "quarter": "",
      "sourceDataset": "",
      "updateDate": "2015-07-09T00:48:25.585Z"
    },
    {
      "date": "2007",
      "value": "20.6",
      "year": "2007",
      "month": "",
      "quarter": "",
      "sourceDataset": "",
      "updateDate": "2015-07-09T00:48:25.585Z"
    },
    {
      "date": "2008",
      "value": "20.3",
      "year": "2008",
      "month": "",
      "quarter": "",
      "sourceDataset": "",
      "updateDate": "2015-07-09T00:48:25.585Z"
    },
    {
      "date": "2009",
      "value": "21.8",
      "year": "2009",
      "month": "",
      "quarter": "",
      "sourceDataset": "",
      "updateDate": "2015-07-09T00:48:25.585Z"
    },
    {
      "date": "2010",
      "value": "21.5",
      "year": "2010",
      "month": "",
      "quarter": "",
      "sourceDataset": "",
      "updateDate": "2015-07-09T00:48:25.585Z"
    },
    {
      "date": "2011",
      "value": "20.8",
      "year": "2011",
      "month": "",
      "quarter": "",
      "sourceDataset": "",
      "updateDate": "2015-07-09T00:48:25.585Z"
    },
    {
      "date": "2012",
      "value": "19.4",
      "year": "2012",
      "month": "",
      "quarter": "",
      "sourceDataset": "",
      "updateDate": "2015-07-09T00:48:25.585Z"
    },
    {
      "date": "2013",
      "value": "19.0",
      "year": "2013",
      "month": "",
      "quarter": "",
      "sourceDataset": "",
      "updateDate": "2015-07-09T00:48:25.585Z"
    },
    {
      "date": "2014",
      "value": "17.7",
      "year": "2014",
      "month": "",
      "quarter": "",
      "sourceDataset": "",
      "updateDate": "2015-07-09T00:48:25.585Z"
    }
  ],
  "quarters": [
    {
      "date": "1992 Q1",
      "value": "",
      "year": "1992",
      "month": "",
      "quarter": "Q1",
      "sourceDataset": "",
      "updateDate": "2015-07-09T00:48:25.585Z"
    },
    {
      "date": "1992 Q2",
      "value": "23.3",
      "year": "1992",
      "month": "",
      "quarter": "Q2",
      "sourceDataset": "",
      "updateDate": "2015-07-09T00:48:25.585Z"
    },
    {
      "date": "1992 Q3",
      "value": "",
      "year": "1992",
      "month": "",
      "quarter": "Q3",
      "sourceDataset": "",
      "updateDate": "2015-07-09T00:48:25.585Z"
    },
    {
      "date": "1992 Q4",
      "value": "",
      "year": "1992",
      "month": "",
      "quarter": "Q4",
      "sourceDataset": "",
      "updateDate": "2015-07-09T00:48:25.585Z"
    },
    {
      "date": "1993 Q1",
      "value": "",
      "year": "1993",
      "month": "",
      "quarter": "Q1",
      "sourceDataset": "",
      "updateDate": "2015-07-09T00:48:25.585Z"
    },
    {
      "date": "1993 Q2",
      "value": "23.2",
      "year": "1993",
      "month": "",
      "quarter": "Q2",
      "sourceDataset": "",
      "updateDate": "2015-07-09T00:48:25.585Z"
    },
    {
      "date": "1993 Q3",
      "value": "",
      "year": "1993",
      "month": "",
      "quarter": "Q3",
      "sourceDataset": "",
      "updateDate": "2015-07-09T00:48:25.585Z"
    },
    {
      "date": "1993 Q4",
      "value": "",
      "year": "1993",
      "month": "",
      "quarter": "Q4",
      "sourceDataset": "",
      "updateDate": "2015-07-09T00:48:25.585Z"
    },
    {
      "date": "1994 Q1",
      "value": "",
      "year": "1994",
      "month": "",
      "quarter": "Q1",
      "sourceDataset": "",
      "updateDate": "2015-07-09T00:48:25.585Z"
    },
    {
      "date": "1994 Q2",
      "value": "22.3",
      "year": "1994",
      "month": "",
      "quarter": "Q2",
      "sourceDataset": "",
      "updateDate": "2015-07-09T00:48:25.585Z"
    },
    {
      "date": "1994 Q3",
      "value": "",
      "year": "1994",
      "month": "",
      "quarter": "Q3",
      "sourceDataset": "",
      "updateDate": "2015-07-09T00:48:25.585Z"
    },
    {
      "date": "1994 Q4",
      "value": "",
      "year": "1994",
      "month": "",
      "quarter": "Q4",
      "sourceDataset": "",
      "updateDate": "2015-07-09T00:48:25.585Z"
    },
    {
      "date": "1995 Q1",
      "value": "",
      "year": "1995",
      "month": "",
      "quarter": "Q1",
      "sourceDataset": "",
      "updateDate": "2015-07-09T00:48:25.585Z"
    },
    {
      "date": "1995 Q2",
      "value": "21.9",
      "year": "1995",
      "month": "",
      "quarter": "Q2",
      "sourceDataset": "",
      "updateDate": "2015-07-09T00:48:25.585Z"
    },
    {
      "date": "1995 Q3",
      "value": "",
      "year": "1995",
      "month": "",
      "quarter": "Q3",
      "sourceDataset": "",
      "updateDate": "2015-07-09T00:48:25.585Z"
    },
    {
      "date": "1995 Q4",
      "value": "",
      "year": "1995",
      "month": "",
      "quarter": "Q4",
      "sourceDataset": "",
      "updateDate": "2015-07-09T00:48:25.585Z"
    },
    {
      "date": "1996 Q1",
      "value": "",
      "year": "1996",
      "month": "",
      "quarter": "Q1",
      "sourceDataset": "",
      "updateDate": "2015-07-09T00:48:25.585Z"
    },
    {
      "date": "1996 Q2",
      "value": "21.3",
      "year": "1996",
      "month": "",
      "quarter": "Q2",
      "sourceDataset": "",
      "updateDate": "2015-07-09T00:48:25.585Z"
    },
    {
      "date": "1996 Q3",
      "value": "",
      "year": "1996",
      "month": "",
      "quarter": "Q3",
      "sourceDataset": "",
      "updateDate": "2015-07-09T00:48:25.585Z"
    },
    {
      "date": "1996 Q4",
      "value": "",
      "year": "1996",
      "month": "",
      "quarter": "Q4",
      "sourceDataset": "",
      "updateDate": "2015-07-09T00:48:25.585Z"
    },
    {
      "date": "1997 Q1",
      "value": "",
      "year": "1997",
      "month": "",
      "quarter": "Q1",
      "sourceDataset": "",
      "updateDate": "2015-07-09T00:48:25.585Z"
    },
    {
      "date": "1997 Q2",
      "value": "20.6",
      "year": "1997",
      "month": "",
      "quarter": "Q2",
      "sourceDataset": "",
      "updateDate": "2015-07-09T00:48:25.585Z"
    },
    {
      "date": "1997 Q3",
      "value": "",
      "year": "1997",
      "month": "",
      "quarter": "Q3",
      "sourceDataset": "",
      "updateDate": "2015-07-09T00:48:25.585Z"
    },
    {
      "date": "1997 Q4",
      "value": "",
      "year": "1997",
      "month": "",
      "quarter": "Q4",
      "sourceDataset": "",
      "updateDate": "2015-07-09T00:48:25.585Z"
    },
    {
      "date": "1998 Q1",
      "value": "20.2",
      "year": "1998",
      "month": "",
      "quarter": "Q1",
      "sourceDataset": "",
      "updateDate": "2015-07-09T00:48:25.585Z"
    },
    {
      "date": "1998 Q2",
      "value": "20.3",
      "year": "1998",
      "month": "",
      "quarter": "Q2",
      "sourceDataset": "",
      "updateDate": "2015-07-09T00:48:25.585Z"
    },
    {
      "date": "1998 Q3",
      "value": "",
      "year": "1998",
      "month": "",
      "quarter": "Q3",
      "sourceDataset": "",
      "updateDate": "2015-07-09T00:48:25.585Z"
    },
    {
      "date": "1998 Q4",
      "value": "",
      "year": "1998",
      "month": "",
      "quarter": "Q4",
      "sourceDataset": "",
      "updateDate": "2015-07-09T00:48:25.585Z"
    },
    {
      "date": "1999 Q1",
      "value": "20.2",
      "year": "1999",
      "month": "",
      "quarter": "Q1",
      "sourceDataset": "",
      "updateDate": "2015-07-09T00:48:25.585Z"
    },
    {
      "date": "1999 Q2",
      "value": "20.1",
      "year": "1999",
      "month": "",
      "quarter": "Q2",
      "sourceDataset": "",
      "updateDate": "2015-07-09T00:48:25.585Z"
    },
    {
      "date": "1999 Q3",
      "value": "19.9",
      "year": "1999",
      "month": "",
      "quarter": "Q3",
      "sourceDataset": "",
      "updateDate": "2015-07-09T00:48:25.585Z"
    },
    {
      "date": "1999 Q4",
      "value": "20.2",
      "year": "1999",
      "month": "",
      "quarter": "Q4",
      "sourceDataset": "",
      "updateDate": "2015-07-09T00:48:25.585Z"
    },
    {
      "date": "2000 Q1",
      "value": "20.3",
      "year": "2000",
      "month": "",
      "quarter": "Q1",
      "sourceDataset": "",
      "updateDate": "2015-07-09T00:48:25.585Z"
    },
    {
      "date": "2000 Q2",
      "value": "20.1",
      "year": "2000",
      "month": "",
      "quarter": "Q2",
      "sourceDataset": "",
      "updateDate": "2015-07-09T00:48:25.585Z"
    },
    {
      "date": "2000 Q3",
      "value": "20.0",
      "year": "2000",
      "month": "",
      "quarter": "Q3",
      "sourceDataset": "",
      "updateDate": "2015-07-09T00:48:25.585Z"
    },
    {
      "date": "2000 Q4",
      "value": "20.2",
      "year": "2000",
      "month": "",
      "quarter": "Q4",
      "sourceDataset": "",
      "updateDate": "2015-07-09T00:48:25.585Z"
    },
    {
      "date": "2001 Q1",
      "value": "20.6",
      "year": "2001",
      "month": "",
      "quarter": "Q1",
      "sourceDataset": "",
      "updateDate": "2015-07-09T00:48:25.585Z"
    },
    {
      "date": "2001 Q2",
      "value": "20.4",
      "year": "2001",
      "month": "",
      "quarter": "Q2",
      "sourceDataset": "",
      "updateDate": "2015-07-09T00:48:25.585Z"
    },
    {
      "date": "2001 Q3",
      "value": "20.1",
      "year": "2001",
      "month": "",
      "quarter": "Q3",
      "sourceDataset": "",
      "updateDate": "2015-07-09T00:48:25.585Z"
    },
    {
      "date": "2001 Q4",
      "value": "20.5",
      "year": "2001",
      "month": "",
      "quarter": "Q4",
      "sourceDataset": "",
      "updateDate": "2015-07-09T00:48:25.585Z"
    },
    {
      "date": "2002 Q1",
      "value": "20.9",
      "year": "2002",
      "month": "",
      "quarter": "Q1",
      "sourceDataset": "",
      "updateDate": "2015-07-09T00:48:25.585Z"
    },
    {
      "date": "2002 Q2",
      "value": "20.5",
      "year": "2002",
      "month": "",
      "quarter": "Q2",
      "sourceDataset": "",
      "updateDate": "2015-07-09T00:48:25.585Z"
    },
    {
      "date": "2002 Q3",
      "value": "20.4",
      "year": "2002",
      "month": "",
      "quarter": "Q3",
      "sourceDataset": "",
      "updateDate": "2015-07-09T00:48:25.585Z"
    },
    {
      "date": "2002 Q4",
      "value": "20.8",
      "year": "2002",
      "month": "",
      "quarter": "Q4",
      "sourceDataset": "",
      "updateDate": "2015-07-09T00:48:25.585Z"
    },
    {
      "date": "2003 Q1",
      "value": "21.2",
      "year": "2003",
      "month": "",
      "quarter": "Q1",
      "sourceDataset": "",
      "updateDate": "2015-07-09T00:48:25.585Z"
    },
    {
      "date": "2003 Q2",
      "value": "20.9",
      "year": "2003",
      "month": "",
      "quarter": "Q2",
      "sourceDataset": "",
      "updateDate": "2015-07-09T00:48:25.585Z"
    },
    {
      "date": "2003 Q3",
      "value": "20.8",
      "year": "2003",
      "month": "",
      "quarter": "Q3",
      "sourceDataset": "",
      "updateDate": "2015-07-09T00:48:25.585Z"
    },
    {
      "date": "2003 Q4",
      "value": "21.1",
      "year": "2003",
      "month": "",
      "quarter": "Q4",
      "sourceDataset": "",
      "updateDate": "2015-07-09T00:48:25.585Z"
    },
    {
      "date": "2004 Q1",
      "value": "21.3",
      "year": "2004",
      "month": "",
      "quarter": "Q1",
      "sourceDataset": "",
      "updateDate": "2015-07-09T00:48:25.585Z"
    },
    {
      "date": "2004 Q2",
      "value": "21.2",
      "year": "2004",
      "month": "",
      "quarter": "Q2",
      "sourceDataset": "",
      "updateDate": "2015-07-09T00:48:25.585Z"
    },
    {
      "date": "2004 Q3",
      "value": "21.0",
      "year": "2004",
      "month": "",
      "quarter": "Q3",
      "sourceDataset": "",
      "updateDate": "2015-07-09T00:48:25.585Z"
    },
    {
      "date": "2004 Q4",
      "value": "21.2",
      "year": "2004",
      "month": "",
      "quarter": "Q4",
      "sourceDataset": "",
      "updateDate": "2015-07-09T00:48:25.585Z"
    },
    {
      "date": "2005 Q1",
      "value": "21.1",
      "year": "2005",
      "month": "",
      "quarter": "Q1",
      "sourceDataset": "",
      "updateDate": "2015-07-09T00:48:25.585Z"
    },
    {
      "date": "2005 Q2",
      "value": "21.2",
      "year": "2005",
      "month": "",
      "quarter": "Q2",
      "sourceDataset": "",
      "updateDate": "2015-07-09T00:48:25.585Z"
    },
    {
      "date": "2005 Q3",
      "value": "21.0",
      "year": "2005",
      "month": "",
      "quarter": "Q3",
      "sourceDataset": "",
      "updateDate": "2015-07-09T00:48:25.585Z"
    },
    {
      "date": "2005 Q4",
      "value": "21.2",
      "year": "2005",
      "month": "",
      "quarter": "Q4",
      "sourceDataset": "",
      "updateDate": "2015-07-09T00:48:25.585Z"
    },
    {
      "date": "2006 Q1",
      "value": "20.8",
      "year": "2006",
      "month": "",
      "quarter": "Q1",
      "sourceDataset": "",
      "updateDate": "2015-07-09T00:48:25.585Z"
    },
    {
      "date": "2006 Q2",
      "value": "20.9",
      "year": "2006",
      "month": "",
      "quarter": "Q2",
      "sourceDataset": "",
      "updateDate": "2015-07-09T00:48:25.585Z"
    },
    {
      "date": "2006 Q3",
      "value": "20.6",
      "year": "2006",
      "month": "",
      "quarter": "Q3",
      "sourceDataset": "",
      "updateDate": "2015-07-09T00:48:25.585Z"
    },
    {
      "date": "2006 Q4",
      "value": "20.8",
      "year": "2006",
      "month": "",
      "quarter": "Q4",
      "sourceDataset": "",
      "updateDate": "2015-07-09T00:48:25.585Z"
    },
    {
      "date": "2007 Q1",
      "value": "20.4",
      "year": "2007",
      "month": "",
      "quarter": "Q1",
      "sourceDataset": "",
      "updateDate": "2015-07-09T00:48:25.585Z"
    },
    {
      "date": "2007 Q2",
      "value": "20.6",
      "year": "2007",
      "month": "",
      "quarter": "Q2",
      "sourceDataset": "",
      "updateDate": "2015-07-09T00:48:25.585Z"
    },
    {
      "date": "2007 Q3",
      "value": "20.3",
      "year": "2007",
      "month": "",
      "quarter": "Q3",
      "sourceDataset": "",
      "updateDate": "2015-07-09T00:48:25.585Z"
    },
    {
      "date": "2007 Q4",
      "value": "20.4",
      "year": "2007",
      "month": "",
      "quarter": "Q4",
      "sourceDataset": "",
      "updateDate": "2015-07-09T00:48:25.585Z"
    },
    {
      "date": "2008 Q1",
      "value": "21.7",
      "year": "2008",
      "month": "",
      "quarter": "Q1",
      "sourceDataset": "",
      "updateDate": "2015-07-09T00:48:25.585Z"
    },
    {
      "date": "2008 Q2",
      "value": "20.3",
      "year": "2008",
      "month": "",
      "quarter": "Q2",
      "sourceDataset": "",
      "updateDate": "2015-07-09T00:48:25.585Z"
    },
    {
      "date": "2008 Q3",
      "value": "20.4",
      "year": "2008",
      "month": "",
      "quarter": "Q3",
      "sourceDataset": "",
      "updateDate": "2015-07-09T00:48:25.585Z"
    },
    {
      "date": "2008 Q4",
      "value": "21.5",
      "year": "2008",
      "month": "",
      "quarter": "Q4",
      "sourceDataset": "",
      "updateDate": "2015-07-09T00:48:25.585Z"
    },
    {
      "date": "2009 Q1",
      "value": "21.9",
      "year": "2009",
      "month": "",
      "quarter": "Q1",
      "sourceDataset": "",
      "updateDate": "2015-07-09T00:48:25.585Z"
    },
    {
      "date": "2009 Q2",
      "value": "21.8",
      "year": "2009",
      "month": "",
      "quarter": "Q2",
      "sourceDataset": "",
      "updateDate": "2015-07-09T00:48:25.585Z"
    },
    {
      "date": "2009 Q3",
      "value": "21.7",
      "year": "2009",
      "month": "",
      "quarter": "Q3",
      "sourceDataset": "",
      "updateDate": "2015-07-09T00:48:25.585Z"
    },
    {
      "date": "2009 Q4",
      "value": "22.0",
      "year": "2009",
      "month": "",
      "quarter": "Q4",
      "sourceDataset": "",
      "updateDate": "2015-07-09T00:48:25.585Z"
    },
    {
      "date": "2010 Q1",
      "value": "21.2",
      "year": "2010",
      "month": "",
      "quarter": "Q1",
      "sourceDataset": "",
      "updateDate": "2015-07-09T00:48:25.585Z"
    },
    {
      "date": "2010 Q2",
      "value": "21.5",
      "year": "2010",
      "month": "",
      "quarter": "Q2",
      "sourceDataset": "",
      "updateDate": "2015-07-09T00:48:25.585Z"
    },
    {
      "date": "2010 Q3",
      "value": "21.2",
      "year": "2010",
      "month": "",
      "quarter": "Q3",
      "sourceDataset": "",
      "updateDate": "2015-07-09T00:48:25.585Z"
    },
    {
      "date": "2010 Q4",
      "value": "21.2",
      "year": "2010",
      "month": "",
      "quarter": "Q4",
      "sourceDataset": "",
      "updateDate": "2015-07-09T00:48:25.585Z"
    },
    {
      "date": "2011 Q1",
      "value": "20.4",
      "year": "2011",
      "month": "",
      "quarter": "Q1",
      "sourceDataset": "",
      "updateDate": "2015-07-09T00:48:25.585Z"
    },
    {
      "date": "2011 Q2",
      "value": "20.8",
      "year": "2011",
      "month": "",
      "quarter": "Q2",
      "sourceDataset": "",
      "updateDate": "2015-07-09T00:48:25.585Z"
    },
    {
      "date": "2011 Q3",
      "value": "20.6",
      "year": "2011",
      "month": "",
      "quarter": "Q3",
      "sourceDataset": "",
      "updateDate": "2015-07-09T00:48:25.585Z"
    },
    {
      "date": "2011 Q4",
      "value": "20.6",
      "year": "2011",
      "month": "",
      "quarter": "Q4",
      "sourceDataset": "",
      "updateDate": "2015-07-09T00:48:25.585Z"
    },
    {
      "date": "2012 Q1",
      "value": "19.2",
      "year": "2012",
      "month": "",
      "quarter": "Q1",
      "sourceDataset": "",
      "updateDate": "2015-07-09T00:48:25.585Z"
    },
    {
      "date": "2012 Q2",
      "value": "19.4",
      "year": "2012",
      "month": "",
      "quarter": "Q2",
      "sourceDataset": "",
      "updateDate": "2015-07-09T00:48:25.585Z"
    },
    {
      "date": "2012 Q3",
      "value": "19.2",
      "year": "2012",
      "month": "",
      "quarter": "Q3",
      "sourceDataset": "",
      "updateDate": "2015-07-09T00:48:25.585Z"
    },
    {
      "date": "2012 Q4",
      "value": "19.2",
      "year": "2012",
      "month": "",
      "quarter": "Q4",
      "sourceDataset": "",
      "updateDate": "2015-07-09T00:48:25.585Z"
    },
    {
      "date": "2013 Q1",
      "value": "17.8",
      "year": "2013",
      "month": "",
      "quarter": "Q1",
      "sourceDataset": "",
      "updateDate": "2015-07-09T00:48:25.585Z"
    },
    {
      "date": "2013 Q2",
      "value": "19.0",
      "year": "2013",
      "month": "",
      "quarter": "Q2",
      "sourceDataset": "",
      "updateDate": "2015-07-09T00:48:25.585Z"
    },
    {
      "date": "2013 Q3",
      "value": "18.8",
      "year": "2013",
      "month": "",
      "quarter": "Q3",
      "sourceDataset": "",
      "updateDate": "2015-07-09T00:48:25.585Z"
    },
    {
      "date": "2013 Q4",
      "value": "18.3",
      "year": "2013",
      "month": "",
      "quarter": "Q4",
      "sourceDataset": "",
      "updateDate": "2015-07-09T00:48:25.585Z"
    },
    {
      "date": "2014 Q1",
      "value": "17.4",
      "year": "2014",
      "month": "",
      "quarter": "Q1",
      "sourceDataset": "",
      "updateDate": "2015-07-09T00:48:25.585Z"
    },
    {
      "date": "2014 Q2",
      "value": "17.7",
      "year": "2014",
      "month": "",
      "quarter": "Q2",
      "sourceDataset": "",
      "updateDate": "2015-07-09T00:48:25.585Z"
    },
    {
      "date": "2014 Q3",
      "value": "17.4",
      "year": "2014",
      "month": "",
      "quarter": "Q3",
      "sourceDataset": "",
      "updateDate": "2015-07-09T00:48:25.585Z"
    },
    {
      "date": "2014 Q4",
      "value": "17.5",
      "year": "2014",
      "month": "",
      "quarter": "Q4",
      "sourceDataset": "",
      "updateDate": "2015-07-09T00:48:25.585Z"
    }
  ],
  "months": [],
  "sourceDatasets": [
    ""
  ],
  "type": "timeseries",
  "uri": "/employmentandlabourmarket/publicsectorpersonnel/timeseries/db36",
  "breadcrumb": [
    {
      "uri": "/"
    },
    {
      "uri": "/employmentandlabourmarket"
    },
    {
      "uri": "/employmentandlabourmarket/publicsectorpersonnel"
    }
  ],
  "description": {
    "title": "Public sector employment as % of total employment; UK; HC; NSA; percentage",
    "nationalStatistic": false,
    "latestRelease": false,
    "releaseDate": "2015-06-16T23:00:00.000Z",
    "nextRelease": "16 Sept 2015",
    "cdid": "DB36",
    "unit": "",
    "preUnit": "",
    "source": "Office for National Statistics",
    "seasonalAdjustment": "NSA",
    "number": "17.5",
    "sampleSize": 0
  }
}