{
  "years": [
    {
      "date": "1996",
      "value": "15.6",
      "year": "1996",
      "month": "",
      "quarter": "",
      "sourceDataset": "UNEM",
      "updateDate": "2015-07-09T00:48:24.683Z"
    },
    {
      "date": "1997",
      "value": "10.2",
      "year": "1997",
      "month": "",
      "quarter": "",
      "sourceDataset": "UNEM",
      "updateDate": "2015-07-09T00:48:24.683Z"
    },
    {
      "date": "1998",
      "value": "9.9",
      "year": "1998",
      "month": "",
      "quarter": "",
      "sourceDataset": "UNEM",
      "updateDate": "2015-07-09T00:48:24.683Z"
    },
    {
      "date": "1999",
      "value": "9.1",
      "year": "1999",
      "month": "",
      "quarter": "",
      "sourceDataset": "UNEM",
      "updateDate": "2015-07-09T00:48:24.683Z"
    },
    {
      "date": "2000",
      "value": "8.0",
      "year": "2000",
      "month": "",
      "quarter": "",
      "sourceDataset": "UNEM",
      "updateDate": "2015-07-09T00:48:24.683Z"
    },
    {
      "date": "2001",
      "value": "6.7",
      "year": "2001",
      "month": "",
      "quarter": "",
      "sourceDataset": "UNEM",
      "updateDate": "2015-07-09T00:48:24.683Z"
    },
    {
      "date": "2002",
      "value": "6.6",
      "year": "2002",
      "month": "",
      "quarter": "",
      "sourceDataset": "UNEM",
      "updateDate": "2015-07-09T00:48:24.683Z"
    },
    {
      "date": "2003",
      "value": "6.8",
      "year": "2003",
      "month": "",
      "quarter": "",
      "sourceDataset": "UNEM",
      "updateDate": "2015-07-09T00:48:24.683Z"
    },
    {
      "date": "2004",
      "value": "6.3",
      "year": "2004",
      "month": "",
      "quarter": "",
      "sourceDataset": "UNEM",
      "updateDate": "2015-07-09T00:48:24.683Z"
    },
    {
      "date": "2005",
      "value": "6.5",
      "year": "2005",
      "month": "",
      "quarter": "",
      "sourceDataset": "UNEM",
      "updateDate": "2015-07-09T00:48:24.683Z"
    },
    {
      "date": "2006",
      "value": "7.8",
      "year": "2006",
      "month": "",
      "quarter": "",
      "sourceDataset": "UNEM",
      "updateDate": "2015-07-09T00:48:24.683Z"
    },
    {
      "date": "2007",
      "value": "6.8",
      "year": "2007",
      "month": "",
      "quarter": "",
      "sourceDataset": "UNEM",
      "updateDate": "2015-07-09T00:48:24.683Z"
    },
    {
      "date": "2008",
      "value": "6.4",
      "year": "2008",
      "month": "",
      "quarter": "",
      "sourceDataset": "UNEM",
      "updateDate": "2015-07-09T00:48:24.683Z"
    },
    {
      "date": "2009",
      "value": "12.8",
      "year": "2009",
      "month": "",
      "quarter": "",
      "sourceDataset": "UNEM",
      "updateDate": "2015-07-09T00:48:24.683Z"
    },
    {
      "date": "2010",
      "value": "14.1",
      "year": "2010",
      "month": "",
      "quarter": "",
      "sourceDataset": "UNEM",
      "updateDate": "2015-07-09T00:48:24.683Z"
    },
    {
      "date": "2011",
      "value": "15.7",
      "year": "2011",
      "month": "",
      "quarter": "",
      "sourceDataset": "UNEM",
      "updateDate": "2015-07-09T00:48:24.683Z"
    },
    {
      "date": "2012",
      "value": "16.3",
      "year": "2012",
      "month": "",
      "quarter": "",
      "sourceDataset": "UNEM",
      "updateDate": "2015-07-09T00:48:24.683Z"
    },
    {
      "date": "2013",
      "value": "14.5",
      "year": "2013",
      "month": "",
      "quarter": "",
      "sourceDataset": "UNEM",
      "updateDate": "2015-07-09T00:48:24.683Z"
    },
    {
      "date": "2014",
      "value": "11.0",
      "year": "2014",
      "month": "",
      "quarter": "",
      "sourceDataset": "UNEM",
      "updateDate": "2015-07-09T00:48:24.683Z"
    }
  ],
  "quarters": [
    {
      "date": "1996 Q1",
      "value": "15.9",
      "year": "1996",
      "month": "",
      "quarter": "Q1",
      "sourceDataset": "UNEM",
      "updateDate": "2015-07-09T00:48:24.683Z"
    },
    {
      "date": "1996 Q2",
      "value": "16.0",
      "year": "1996",
      "month": "",
      "quarter": "Q2",
      "sourceDataset": "UNEM",
      "updateDate": "2015-07-09T00:48:24.683Z"
    },
    {
      "date": "1996 Q3",
      "value": "15.8",
      "year": "1996",
      "month": "",
      "quarter": "Q3",
      "sourceDataset": "UNEM",
      "updateDate": "2015-07-09T00:48:24.683Z"
    },
    {
      "date": "1996 Q4",
      "value": "14.8",
      "year": "1996",
      "month": "",
      "quarter": "Q4",
      "sourceDataset": "UNEM",
      "updateDate": "2015-07-09T00:48:24.683Z"
    },
    {
      "date": "1997 Q1",
      "value": "12.7",
      "year": "1997",
      "month": "",
      "quarter": "Q1",
      "sourceDataset": "UNEM",
      "updateDate": "2015-07-09T00:48:24.683Z"
    },
    {
      "date": "1997 Q2",
      "value": "9.9",
      "year": "1997",
      "month": "",
      "quarter": "Q2",
      "sourceDataset": "UNEM",
      "updateDate": "2015-07-09T00:48:24.683Z"
    },
    {
      "date": "1997 Q3",
      "value": "9.0",
      "year": "1997",
      "month": "",
      "quarter": "Q3",
      "sourceDataset": "UNEM",
      "updateDate": "2015-07-09T00:48:24.683Z"
    },
    {
      "date": "1997 Q4",
      "value": "9.2",
      "year": "1997",
      "month": "",
      "quarter": "Q4",
      "sourceDataset": "UNEM",
      "updateDate": "2015-07-09T00:48:24.683Z"
    },
    {
      "date": "1998 Q1",
      "value": "10.1",
      "year": "1998",
      "month": "",
      "quarter": "Q1",
      "sourceDataset": "UNEM",
      "updateDate": "2015-07-09T00:48:24.683Z"
    },
    {
      "date": "1998 Q2",
      "value": "10.4",
      "year": "1998",
      "month": "",
      "quarter": "Q2",
      "sourceDataset": "UNEM",
      "updateDate": "2015-07-09T00:48:24.683Z"
    },
    {
      "date": "1998 Q3",
      "value": "9.9",
      "year": "1998",
      "month": "",
      "quarter": "Q3",
      "sourceDataset": "UNEM",
      "updateDate": "2015-07-09T00:48:24.683Z"
    },
    {
      "date": "1998 Q4",
      "value": "9.2",
      "year": "1998",
      "month": "",
      "quarter": "Q4",
      "sourceDataset": "UNEM",
      "updateDate": "2015-07-09T00:48:24.683Z"
    },
    {
      "date": "1999 Q1",
      "value": "9.6",
      "year": "1999",
      "month": "",
      "quarter": "Q1",
      "sourceDataset": "UNEM",
      "updateDate": "2015-07-09T00:48:24.683Z"
    },
    {
      "date": "1999 Q2",
      "value": "9.6",
      "year": "1999",
      "month": "",
      "quarter": "Q2",
      "sourceDataset": "UNEM",
      "updateDate": "2015-07-09T00:48:24.683Z"
    },
    {
      "date": "1999 Q3",
      "value": "9.0",
      "year": "1999",
      "month": "",
      "quarter": "Q3",
      "sourceDataset": "UNEM",
      "updateDate": "2015-07-09T00:48:24.683Z"
    },
    {
      "date": "1999 Q4",
      "value": "8.3",
      "year": "1999",
      "month": "",
      "quarter": "Q4",
      "sourceDataset": "UNEM",
      "updateDate": "2015-07-09T00:48:24.683Z"
    },
    {
      "date": "2000 Q1",
      "value": "8.9",
      "year": "2000",
      "month": "",
      "quarter": "Q1",
      "sourceDataset": "UNEM",
      "updateDate": "2015-07-09T00:48:24.683Z"
    },
    {
      "date": "2000 Q2",
      "value": "8.7",
      "year": "2000",
      "month": "",
      "quarter": "Q2",
      "sourceDataset": "UNEM",
      "updateDate": "2015-07-09T00:48:24.683Z"
    },
    {
      "date": "2000 Q3",
      "value": "7.5",
      "year": "2000",
      "month": "",
      "quarter": "Q3",
      "sourceDataset": "UNEM",
      "updateDate": "2015-07-09T00:48:24.683Z"
    },
    {
      "date": "2000 Q4",
      "value": "6.7",
      "year": "2000",
      "month": "",
      "quarter": "Q4",
      "sourceDataset": "UNEM",
      "updateDate": "2015-07-09T00:48:24.683Z"
    },
    {
      "date": "2001 Q1",
      "value": "7.1",
      "year": "2001",
      "month": "",
      "quarter": "Q1",
      "sourceDataset": "UNEM",
      "updateDate": "2015-07-09T00:48:24.683Z"
    },
    {
      "date": "2001 Q2",
      "value": "7.1",
      "year": "2001",
      "month": "",
      "quarter": "Q2",
      "sourceDataset": "UNEM",
      "updateDate": "2015-07-09T00:48:24.683Z"
    },
    {
      "date": "2001 Q3",
      "value": "6.5",
      "year": "2001",
      "month": "",
      "quarter": "Q3",
      "sourceDataset": "UNEM",
      "updateDate": "2015-07-09T00:48:24.683Z"
    },
    {
      "date": "2001 Q4",
      "value": "6.1",
      "year": "2001",
      "month": "",
      "quarter": "Q4",
      "sourceDataset": "UNEM",
      "updateDate": "2015-07-09T00:48:24.683Z"
    },
    {
      "date": "2002 Q1",
      "value": "6.7",
      "year": "2002",
      "month": "",
      "quarter": "Q1",
      "sourceDataset": "UNEM",
      "updateDate": "2015-07-09T00:48:24.683Z"
    },
    {
      "date": "2002 Q2",
      "value": "7.0",
      "year": "2002",
      "month": "",
      "quarter": "Q2",
      "sourceDataset": "UNEM",
      "updateDate": "2015-07-09T00:48:24.683Z"
    },
    {
      "date": "2002 Q3",
      "value": "6.6",
      "year": "2002",
      "month": "",
      "quarter": "Q3",
      "sourceDataset": "UNEM",
      "updateDate": "2015-07-09T00:48:24.683Z"
    },
    {
      "date": "2002 Q4",
      "value": "6.1",
      "year": "2002",
      "month": "",
      "quarter": "Q4",
      "sourceDataset": "UNEM",
      "updateDate": "2015-07-09T00:48:24.683Z"
    },
    {
      "date": "2003 Q1",
      "value": "6.8",
      "year": "2003",
      "month": "",
      "quarter": "Q1",
      "sourceDataset": "UNEM",
      "updateDate": "2015-07-09T00:48:24.683Z"
    },
    {
      "date": "2003 Q2",
      "value": "7.1",
      "year": "2003",
      "month": "",
      "quarter": "Q2",
      "sourceDataset": "UNEM",
      "updateDate": "2015-07-09T00:48:24.683Z"
    },
    {
      "date": "2003 Q3",
      "value": "7.0",
      "year": "2003",
      "month": "",
      "quarter": "Q3",
      "sourceDataset": "UNEM",
      "updateDate": "2015-07-09T00:48:24.683Z"
    },
    {
      "date": "2003 Q4",
      "value": "6.4",
      "year": "2003",
      "month": "",
      "quarter": "Q4",
      "sourceDataset": "UNEM",
      "updateDate": "2015-07-09T00:48:24.683Z"
    },
    {
      "date": "2004 Q1",
      "value": "6.7",
      "year": "2004",
      "month": "",
      "quarter": "Q1",
      "sourceDataset": "UNEM",
      "updateDate": "2015-07-09T00:48:24.683Z"
    },
    {
      "date": "2004 Q2",
      "value": "6.8",
      "year": "2004",
      "month": "",
      "quarter": "Q2",
      "sourceDataset": "UNEM",
      "updateDate": "2015-07-09T00:48:24.683Z"
    },
    {
      "date": "2004 Q3",
      "value": "6.1",
      "year": "2004",
      "month": "",
      "quarter": "Q3",
      "sourceDataset": "UNEM",
      "updateDate": "2015-07-09T00:48:24.683Z"
    },
    {
      "date": "2004 Q4",
      "value": "5.6",
      "year": "2004",
      "month": "",
      "quarter": "Q4",
      "sourceDataset": "UNEM",
      "updateDate": "2015-07-09T00:48:24.683Z"
    },
    {
      "date": "2005 Q1",
      "value": "6.0",
      "year": "2005",
      "month": "",
      "quarter": "Q1",
      "sourceDataset": "UNEM",
      "updateDate": "2015-07-09T00:48:24.683Z"
    },
    {
      "date": "2005 Q2",
      "value": "6.5",
      "year": "2005",
      "month": "",
      "quarter": "Q2",
      "sourceDataset": "UNEM",
      "updateDate": "2015-07-09T00:48:24.683Z"
    },
    {
      "date": "2005 Q3",
      "value": "6.7",
      "year": "2005",
      "month": "",
      "quarter": "Q3",
      "sourceDataset": "UNEM",
      "updateDate": "2015-07-09T00:48:24.683Z"
    },
    {
      "date": "2005 Q4",
      "value": "6.6",
      "year": "2005",
      "month": "",
      "quarter": "Q4",
      "sourceDataset": "UNEM",
      "updateDate": "2015-07-09T00:48:24.683Z"
    },
    {
      "date": "2006 Q1",
      "value": "7.4",
      "year": "2006",
      "month": "",
      "quarter": "Q1",
      "sourceDataset": "UNEM",
      "updateDate": "2015-07-09T00:48:24.683Z"
    },
    {
      "date": "2006 Q2",
      "value": "8.2",
      "year": "2006",
      "month": "",
      "quarter": "Q2",
      "sourceDataset": "UNEM",
      "updateDate": "2015-07-09T00:48:24.683Z"
    },
    {
      "date": "2006 Q3",
      "value": "8.0",
      "year": "2006",
      "month": "",
      "quarter": "Q3",
      "sourceDataset": "UNEM",
      "updateDate": "2015-07-09T00:48:24.683Z"
    },
    {
      "date": "2006 Q4",
      "value": "7.4",
      "year": "2006",
      "month": "",
      "quarter": "Q4",
      "sourceDataset": "UNEM",
      "updateDate": "2015-07-09T00:48:24.683Z"
    },
    {
      "date": "2007 Q1",
      "value": "7.5",
      "year": "2007",
      "month": "",
      "quarter": "Q1",
      "sourceDataset": "UNEM",
      "updateDate": "2015-07-09T00:48:24.683Z"
    },
    {
      "date": "2007 Q2",
      "value": "7.3",
      "year": "2007",
      "month": "",
      "quarter": "Q2",
      "sourceDataset": "UNEM",
      "updateDate": "2015-07-09T00:48:24.683Z"
    },
    {
      "date": "2007 Q3",
      "value": "6.6",
      "year": "2007",
      "month": "",
      "quarter": "Q3",
      "sourceDataset": "UNEM",
      "updateDate": "2015-07-09T00:48:24.683Z"
    },
    {
      "date": "2007 Q4",
      "value": "5.8",
      "year": "2007",
      "month": "",
      "quarter": "Q4",
      "sourceDataset": "UNEM",
      "updateDate": "2015-07-09T00:48:24.683Z"
    },
    {
      "date": "2008 Q1",
      "value": "5.8",
      "year": "2008",
      "month": "",
      "quarter": "Q1",
      "sourceDataset": "UNEM",
      "updateDate": "2015-07-09T00:48:24.683Z"
    },
    {
      "date": "2008 Q2",
      "value": "6.0",
      "year": "2008",
      "month": "",
      "quarter": "Q2",
      "sourceDataset": "UNEM",
      "updateDate": "2015-07-09T00:48:24.683Z"
    },
    {
      "date": "2008 Q3",
      "value": "6.3",
      "year": "2008",
      "month": "",
      "quarter": "Q3",
      "sourceDataset": "UNEM",
      "updateDate": "2015-07-09T00:48:24.683Z"
    },
    {
      "date": "2008 Q4",
      "value": "7.3",
      "year": "2008",
      "month": "",
      "quarter": "Q4",
      "sourceDataset": "UNEM",
      "updateDate": "2015-07-09T00:48:24.683Z"
    },
    {
      "date": "2009 Q1",
      "value": "9.5",
      "year": "2009",
      "month": "",
      "quarter": "Q1",
      "sourceDataset": "UNEM",
      "updateDate": "2015-07-09T00:48:24.683Z"
    },
    {
      "date": "2009 Q2",
      "value": "12.4",
      "year": "2009",
      "month": "",
      "quarter": "Q2",
      "sourceDataset": "UNEM",
      "updateDate": "2015-07-09T00:48:24.683Z"
    },
    {
      "date": "2009 Q3",
      "value": "14.6",
      "year": "2009",
      "month": "",
      "quarter": "Q3",
      "sourceDataset": "UNEM",
      "updateDate": "2015-07-09T00:48:24.683Z"
    },
    {
      "date": "2009 Q4",
      "value": "14.9",
      "year": "2009",
      "month": "",
      "quarter": "Q4",
      "sourceDataset": "UNEM",
      "updateDate": "2015-07-09T00:48:24.683Z"
    },
    {
      "date": "2010 Q1",
      "value": "15.2",
      "year": "2010",
      "month": "",
      "quarter": "Q1",
      "sourceDataset": "UNEM",
      "updateDate": "2015-07-09T00:48:24.683Z"
    },
    {
      "date": "2010 Q2",
      "value": "15.1",
      "year": "2010",
      "month": "",
      "quarter": "Q2",
      "sourceDataset": "UNEM",
      "updateDate": "2015-07-09T00:48:24.683Z"
    },
    {
      "date": "2010 Q3",
      "value": "13.6",
      "year": "2010",
      "month": "",
      "quarter": "Q3",
      "sourceDataset": "UNEM",
      "updateDate": "2015-07-09T00:48:24.683Z"
    },
    {
      "date": "2010 Q4",
      "value": "12.4",
      "year": "2010",
      "month": "",
      "quarter": "Q4",
      "sourceDataset": "UNEM",
      "updateDate": "2015-07-09T00:48:24.683Z"
    },
    {
      "date": "2011 Q1",
      "value": "13.4",
      "year": "2011",
      "month": "",
      "quarter": "Q1",
      "sourceDataset": "UNEM",
      "updateDate": "2015-07-09T00:48:24.683Z"
    },
    {
      "date": "2011 Q2",
      "value": "15.1",
      "year": "2011",
      "month": "",
      "quarter": "Q2",
      "sourceDataset": "UNEM",
      "updateDate": "2015-07-09T00:48:24.683Z"
    },
    {
      "date": "2011 Q3",
      "value": "16.7",
      "year": "2011",
      "month": "",
      "quarter": "Q3",
      "sourceDataset": "UNEM",
      "updateDate": "2015-07-09T00:48:24.683Z"
    },
    {
      "date": "2011 Q4",
      "value": "17.6",
      "year": "2011",
      "month": "",
      "quarter": "Q4",
      "sourceDataset": "UNEM",
      "updateDate": "2015-07-09T00:48:24.683Z"
    },
    {
      "date": "2012 Q1",
      "value": "17.9",
      "year": "2012",
      "month": "",
      "quarter": "Q1",
      "sourceDataset": "UNEM",
      "updateDate": "2015-07-09T00:48:24.683Z"
    },
    {
      "date": "2012 Q2",
      "value": "17.0",
      "year": "2012",
      "month": "",
      "quarter": "Q2",
      "sourceDataset": "UNEM",
      "updateDate": "2015-07-09T00:48:24.683Z"
    },
    {
      "date": "2012 Q3",
      "value": "15.7",
      "year": "2012",
      "month": "",
      "quarter": "Q3",
      "sourceDataset": "UNEM",
      "updateDate": "2015-07-09T00:48:24.683Z"
    },
    {
      "date": "2012 Q4",
      "value": "14.5",
      "year": "2012",
      "month": "",
      "quarter": "Q4",
      "sourceDataset": "UNEM",
      "updateDate": "2015-07-09T00:48:24.683Z"
    },
    {
      "date": "2013 Q1",
      "value": "14.7",
      "year": "2013",
      "month": "",
      "quarter": "Q1",
      "sourceDataset": "UNEM",
      "updateDate": "2015-07-09T00:48:24.683Z"
    },
    {
      "date": "2013 Q2",
      "value": "15.7",
      "year": "2013",
      "month": "",
      "quarter": "Q2",
      "sourceDataset": "UNEM",
      "updateDate": "2015-07-09T00:48:24.683Z"
    },
    {
      "date": "2013 Q3",
      "value": "14.9",
      "year": "2013",
      "month": "",
      "quarter": "Q3",
      "sourceDataset": "UNEM",
      "updateDate": "2015-07-09T00:48:24.683Z"
    },
    {
      "date": "2013 Q4",
      "value": "12.8",
      "year": "2013",
      "month": "",
      "quarter": "Q4",
      "sourceDataset": "UNEM",
      "updateDate": "2015-07-09T00:48:24.683Z"
    },
    {
      "date": "2014 Q1",
      "value": "12.3",
      "year": "2014",
      "month": "",
      "quarter": "Q1",
      "sourceDataset": "UNEM",
      "updateDate": "2015-07-09T00:48:24.683Z"
    },
    {
      "date": "2014 Q2",
      "value": "11.9",
      "year": "2014",
      "month": "",
      "quarter": "Q2",
      "sourceDataset": "UNEM",
      "updateDate": "2015-07-09T00:48:24.683Z"
    },
    {
      "date": "2014 Q3",
      "value": "10.8",
      "year": "2014",
      "month": "",
      "quarter": "Q3",
      "sourceDataset": "UNEM",
      "updateDate": "2015-07-09T00:48:24.683Z"
    },
    {
      "date": "2014 Q4",
      "value": "8.9",
      "year": "2014",
      "month": "",
      "quarter": "Q4",
      "sourceDataset": "UNEM",
      "updateDate": "2015-07-09T00:48:24.683Z"
    },
    {
      "date": "2015 Q1",
      "value": "8.1",
      "year": "2015",
      "month": "",
      "quarter": "Q1",
      "sourceDataset": "UNEM",
      "updateDate": "2015-07-09T00:48:24.683Z"
    }
  ],
  "months": [
    {
      "date": "1996 JAN",
      "value": "15.8",
      "year": "1996",
      "month": "January",
      "quarter": "",
      "sourceDataset": "UNEM",
      "updateDate": "2015-07-09T00:48:24.683Z"
    },
    {
      "date": "1996 FEB",
      "value": "15.7",
      "year": "1996",
      "month": "February",
      "quarter": "",
      "sourceDataset": "UNEM",
      "updateDate": "2015-07-09T00:48:24.683Z"
    },
    {
      "date": "1996 MAR",
      "value": "16.3",
      "year": "1996",
      "month": "March",
      "quarter": "",
      "sourceDataset": "UNEM",
      "updateDate": "2015-07-09T00:48:24.683Z"
    },
    {
      "date": "1996 APR",
      "value": "16.1",
      "year": "1996",
      "month": "April",
      "quarter": "",
      "sourceDataset": "UNEM",
      "updateDate": "2015-07-09T00:48:24.683Z"
    },
    {
      "date": "1996 MAY",
      "value": "16.0",
      "year": "1996",
      "month": "May",
      "quarter": "",
      "sourceDataset": "UNEM",
      "updateDate": "2015-07-09T00:48:24.683Z"
    },
    {
      "date": "1996 JUN",
      "value": "15.8",
      "year": "1996",
      "month": "June",
      "quarter": "",
      "sourceDataset": "UNEM",
      "updateDate": "2015-07-09T00:48:24.683Z"
    },
    {
      "date": "1996 JUL",
      "value": "15.8",
      "year": "1996",
      "month": "July",
      "quarter": "",
      "sourceDataset": "UNEM",
      "updateDate": "2015-07-09T00:48:24.683Z"
    },
    {
      "date": "1996 AUG",
      "value": "16.0",
      "year": "1996",
      "month": "August",
      "quarter": "",
      "sourceDataset": "UNEM",
      "updateDate": "2015-07-09T00:48:24.683Z"
    },
    {
      "date": "1996 SEP",
      "value": "15.7",
      "year": "1996",
      "month": "September",
      "quarter": "",
      "sourceDataset": "UNEM",
      "updateDate": "2015-07-09T00:48:24.683Z"
    },
    {
      "date": "1996 OCT",
      "value": "16.2",
      "year": "1996",
      "month": "October",
      "quarter": "",
      "sourceDataset": "UNEM",
      "updateDate": "2015-07-09T00:48:24.683Z"
    },
    {
      "date": "1996 NOV",
      "value": "14.4",
      "year": "1996",
      "month": "November",
      "quarter": "",
      "sourceDataset": "UNEM",
      "updateDate": "2015-07-09T00:48:24.683Z"
    },
    {
      "date": "1996 DEC",
      "value": "13.8",
      "year": "1996",
      "month": "December",
      "quarter": "",
      "sourceDataset": "UNEM",
      "updateDate": "2015-07-09T00:48:24.683Z"
    },
    {
      "date": "1997 JAN",
      "value": "13.7",
      "year": "1997",
      "month": "January",
      "quarter": "",
      "sourceDataset": "UNEM",
      "updateDate": "2015-07-09T00:48:24.683Z"
    },
    {
      "date": "1997 FEB",
      "value": "12.6",
      "year": "1997",
      "month": "February",
      "quarter": "",
      "sourceDataset": "UNEM",
      "updateDate": "2015-07-09T00:48:24.683Z"
    },
    {
      "date": "1997 MAR",
      "value": "11.8",
      "year": "1997",
      "month": "March",
      "quarter": "",
      "sourceDataset": "UNEM",
      "updateDate": "2015-07-09T00:48:24.683Z"
    },
    {
      "date": "1997 APR",
      "value": "10.4",
      "year": "1997",
      "month": "April",
      "quarter": "",
      "sourceDataset": "UNEM",
      "updateDate": "2015-07-09T00:48:24.683Z"
    },
    {
      "date": "1997 MAY",
      "value": "10.0",
      "year": "1997",
      "month": "May",
      "quarter": "",
      "sourceDataset": "UNEM",
      "updateDate": "2015-07-09T00:48:24.683Z"
    },
    {
      "date": "1997 JUN",
      "value": "9.4",
      "year": "1997",
      "month": "June",
      "quarter": "",
      "sourceDataset": "UNEM",
      "updateDate": "2015-07-09T00:48:24.683Z"
    },
    {
      "date": "1997 JUL",
      "value": "9.0",
      "year": "1997",
      "month": "July",
      "quarter": "",
      "sourceDataset": "UNEM",
      "updateDate": "2015-07-09T00:48:24.683Z"
    },
    {
      "date": "1997 AUG",
      "value": "9.1",
      "year": "1997",
      "month": "August",
      "quarter": "",
      "sourceDataset": "UNEM",
      "updateDate": "2015-07-09T00:48:24.683Z"
    },
    {
      "date": "1997 SEP",
      "value": "9.0",
      "year": "1997",
      "month": "September",
      "quarter": "",
      "sourceDataset": "UNEM",
      "updateDate": "2015-07-09T00:48:24.683Z"
    },
    {
      "date": "1997 OCT",
      "value": "9.2",
      "year": "1997",
      "month": "October",
      "quarter": "",
      "sourceDataset": "UNEM",
      "updateDate": "2015-07-09T00:48:24.683Z"
    },
    {
      "date": "1997 NOV",
      "value": "9.1",
      "year": "1997",
      "month": "November",
      "quarter": "",
      "sourceDataset": "UNEM",
      "updateDate": "2015-07-09T00:48:24.683Z"
    },
    {
      "date": "1997 DEC",
      "value": "9.2",
      "year": "1997",
      "month": "December",
      "quarter": "",
      "sourceDataset": "UNEM",
      "updateDate": "2015-07-09T00:48:24.683Z"
    },
    {
      "date": "1998 JAN",
      "value": "10.1",
      "year": "1998",
      "month": "January",
      "quarter": "",
      "sourceDataset": "UNEM",
      "updateDate": "2015-07-09T00:48:24.683Z"
    },
    {
      "date": "1998 FEB",
      "value": "10.0",
      "year": "1998",
      "month": "February",
      "quarter": "",
      "sourceDataset": "UNEM",
      "updateDate": "2015-07-09T00:48:24.683Z"
    },
    {
      "date": "1998 MAR",
      "value": "10.3",
      "year": "1998",
      "month": "March",
      "quarter": "",
      "sourceDataset": "UNEM",
      "updateDate": "2015-07-09T00:48:24.683Z"
    },
    {
      "date": "1998 APR",
      "value": "10.5",
      "year": "1998",
      "month": "April",
      "quarter": "",
      "sourceDataset": "UNEM",
      "updateDate": "2015-07-09T00:48:24.684Z"
    },
    {
      "date": "1998 MAY",
      "value": "10.5",
      "year": "1998",
      "month": "May",
      "quarter": "",
      "sourceDataset": "UNEM",
      "updateDate": "2015-07-09T00:48:24.684Z"
    },
    {
      "date": "1998 JUN",
      "value": "10.3",
      "year": "1998",
      "month": "June",
      "quarter": "",
      "sourceDataset": "UNEM",
      "updateDate": "2015-07-09T00:48:24.684Z"
    },
    {
      "date": "1998 JUL",
      "value": "9.9",
      "year": "1998",
      "month": "July",
      "quarter": "",
      "sourceDataset": "UNEM",
      "updateDate": "2015-07-09T00:48:24.684Z"
    },
    {
      "date": "1998 AUG",
      "value": "10.0",
      "year": "1998",
      "month": "August",
      "quarter": "",
      "sourceDataset": "UNEM",
      "updateDate": "2015-07-09T00:48:24.684Z"
    },
    {
      "date": "1998 SEP",
      "value": "9.7",
      "year": "1998",
      "month": "September",
      "quarter": "",
      "sourceDataset": "UNEM",
      "updateDate": "2015-07-09T00:48:24.684Z"
    },
    {
      "date": "1998 OCT",
      "value": "9.5",
      "year": "1998",
      "month": "October",
      "quarter": "",
      "sourceDataset": "UNEM",
      "updateDate": "2015-07-09T00:48:24.684Z"
    },
    {
      "date": "1998 NOV",
      "value": "9.1",
      "year": "1998",
      "month": "November",
      "quarter": "",
      "sourceDataset": "UNEM",
      "updateDate": "2015-07-09T00:48:24.684Z"
    },
    {
      "date": "1998 DEC",
      "value": "9.1",
      "year": "1998",
      "month": "December",
      "quarter": "",
      "sourceDataset": "UNEM",
      "updateDate": "2015-07-09T00:48:24.684Z"
    },
    {
      "date": "1999 JAN",
      "value": "9.7",
      "year": "1999",
      "month": "January",
      "quarter": "",
      "sourceDataset": "UNEM",
      "updateDate": "2015-07-09T00:48:24.684Z"
    },
    {
      "date": "1999 FEB",
      "value": "9.6",
      "year": "1999",
      "month": "February",
      "quarter": "",
      "sourceDataset": "UNEM",
      "updateDate": "2015-07-09T00:48:24.684Z"
    },
    {
      "date": "1999 MAR",
      "value": "9.6",
      "year": "1999",
      "month": "March",
      "quarter": "",
      "sourceDataset": "UNEM",
      "updateDate": "2015-07-09T00:48:24.684Z"
    },
    {
      "date": "1999 APR",
      "value": "9.8",
      "year": "1999",
      "month": "April",
      "quarter": "",
      "sourceDataset": "UNEM",
      "updateDate": "2015-07-09T00:48:24.684Z"
    },
    {
      "date": "1999 MAY",
      "value": "9.6",
      "year": "1999",
      "month": "May",
      "quarter": "",
      "sourceDataset": "UNEM",
      "updateDate": "2015-07-09T00:48:24.684Z"
    },
    {
      "date": "1999 JUN",
      "value": "9.4",
      "year": "1999",
      "month": "June",
      "quarter": "",
      "sourceDataset": "UNEM",
      "updateDate": "2015-07-09T00:48:24.684Z"
    },
    {
      "date": "1999 JUL",
      "value": "8.9",
      "year": "1999",
      "month": "July",
      "quarter": "",
      "sourceDataset": "UNEM",
      "updateDate": "2015-07-09T00:48:24.684Z"
    },
    {
      "date": "1999 AUG",
      "value": "9.1",
      "year": "1999",
      "month": "August",
      "quarter": "",
      "sourceDataset": "UNEM",
      "updateDate": "2015-07-09T00:48:24.684Z"
    },
    {
      "date": "1999 SEP",
      "value": "8.9",
      "year": "1999",
      "month": "September",
      "quarter": "",
      "sourceDataset": "UNEM",
      "updateDate": "2015-07-09T00:48:24.684Z"
    },
    {
      "date": "1999 OCT",
      "value": "8.5",
      "year": "1999",
      "month": "October",
      "quarter": "",
      "sourceDataset": "UNEM",
      "updateDate": "2015-07-09T00:48:24.684Z"
    },
    {
      "date": "1999 NOV",
      "value": "8.3",
      "year": "1999",
      "month": "November",
      "quarter": "",
      "sourceDataset": "UNEM",
      "updateDate": "2015-07-09T00:48:24.684Z"
    },
    {
      "date": "1999 DEC",
      "value": "8.2",
      "year": "1999",
      "month": "December",
      "quarter": "",
      "sourceDataset": "UNEM",
      "updateDate": "2015-07-09T00:48:24.684Z"
    },
    {
      "date": "2000 JAN",
      "value": "9.0",
      "year": "2000",
      "month": "January",
      "quarter": "",
      "sourceDataset": "UNEM",
      "updateDate": "2015-07-09T00:48:24.684Z"
    },
    {
      "date": "2000 FEB",
      "value": "8.8",
      "year": "2000",
      "month": "February",
      "quarter": "",
      "sourceDataset": "UNEM",
      "updateDate": "2015-07-09T00:48:24.684Z"
    },
    {
      "date": "2000 MAR",
      "value": "8.8",
      "year": "2000",
      "month": "March",
      "quarter": "",
      "sourceDataset": "UNEM",
      "updateDate": "2015-07-09T00:48:24.684Z"
    },
    {
      "date": "2000 APR",
      "value": "8.9",
      "year": "2000",
      "month": "April",
      "quarter": "",
      "sourceDataset": "UNEM",
      "updateDate": "2015-07-09T00:48:24.684Z"
    },
    {
      "date": "2000 MAY",
      "value": "8.8",
      "year": "2000",
      "month": "May",
      "quarter": "",
      "sourceDataset": "UNEM",
      "updateDate": "2015-07-09T00:48:24.684Z"
    },
    {
      "date": "2000 JUN",
      "value": "8.4",
      "year": "2000",
      "month": "June",
      "quarter": "",
      "sourceDataset": "UNEM",
      "updateDate": "2015-07-09T00:48:24.684Z"
    },
    {
      "date": "2000 JUL",
      "value": "7.7",
      "year": "2000",
      "month": "July",
      "quarter": "",
      "sourceDataset": "UNEM",
      "updateDate": "2015-07-09T00:48:24.684Z"
    },
    {
      "date": "2000 AUG",
      "value": "7.6",
      "year": "2000",
      "month": "August",
      "quarter": "",
      "sourceDataset": "UNEM",
      "updateDate": "2015-07-09T00:48:24.684Z"
    },
    {
      "date": "2000 SEP",
      "value": "7.2",
      "year": "2000",
      "month": "September",
      "quarter": "",
      "sourceDataset": "UNEM",
      "updateDate": "2015-07-09T00:48:24.684Z"
    },
    {
      "date": "2000 OCT",
      "value": "6.9",
      "year": "2000",
      "month": "October",
      "quarter": "",
      "sourceDataset": "UNEM",
      "updateDate": "2015-07-09T00:48:24.684Z"
    },
    {
      "date": "2000 NOV",
      "value": "6.6",
      "year": "2000",
      "month": "November",
      "quarter": "",
      "sourceDataset": "UNEM",
      "updateDate": "2015-07-09T00:48:24.684Z"
    },
    {
      "date": "2000 DEC",
      "value": "6.7",
      "year": "2000",
      "month": "December",
      "quarter": "",
      "sourceDataset": "UNEM",
      "updateDate": "2015-07-09T00:48:24.684Z"
    },
    {
      "date": "2001 JAN",
      "value": "7.2",
      "year": "2001",
      "month": "January",
      "quarter": "",
      "sourceDataset": "UNEM",
      "updateDate": "2015-07-09T00:48:24.684Z"
    },
    {
      "date": "2001 FEB",
      "value": "7.1",
      "year": "2001",
      "month": "February",
      "quarter": "",
      "sourceDataset": "UNEM",
      "updateDate": "2015-07-09T00:48:24.684Z"
    },
    {
      "date": "2001 MAR",
      "value": "7.1",
      "year": "2001",
      "month": "March",
      "quarter": "",
      "sourceDataset": "UNEM",
      "updateDate": "2015-07-09T00:48:24.684Z"
    },
    {
      "date": "2001 APR",
      "value": "7.3",
      "year": "2001",
      "month": "April",
      "quarter": "",
      "sourceDataset": "UNEM",
      "updateDate": "2015-07-09T00:48:24.684Z"
    },
    {
      "date": "2001 MAY",
      "value": "7.2",
      "year": "2001",
      "month": "May",
      "quarter": "",
      "sourceDataset": "UNEM",
      "updateDate": "2015-07-09T00:48:24.684Z"
    },
    {
      "date": "2001 JUN",
      "value": "6.8",
      "year": "2001",
      "month": "June",
      "quarter": "",
      "sourceDataset": "UNEM",
      "updateDate": "2015-07-09T00:48:24.684Z"
    },
    {
      "date": "2001 JUL",
      "value": "6.6",
      "year": "2001",
      "month": "July",
      "quarter": "",
      "sourceDataset": "UNEM",
      "updateDate": "2015-07-09T00:48:24.684Z"
    },
    {
      "date": "2001 AUG",
      "value": "6.6",
      "year": "2001",
      "month": "August",
      "quarter": "",
      "sourceDataset": "UNEM",
      "updateDate": "2015-07-09T00:48:24.684Z"
    },
    {
      "date": "2001 SEP",
      "value": "6.3",
      "year": "2001",
      "month": "September",
      "quarter": "",
      "sourceDataset": "UNEM",
      "updateDate": "2015-07-09T00:48:24.684Z"
    },
    {
      "date": "2001 OCT",
      "value": "6.2",
      "year": "2001",
      "month": "October",
      "quarter": "",
      "sourceDataset": "UNEM",
      "updateDate": "2015-07-09T00:48:24.684Z"
    },
    {
      "date": "2001 NOV",
      "value": "6.0",
      "year": "2001",
      "month": "November",
      "quarter": "",
      "sourceDataset": "UNEM",
      "updateDate": "2015-07-09T00:48:24.684Z"
    },
    {
      "date": "2001 DEC",
      "value": "6.0",
      "year": "2001",
      "month": "December",
      "quarter": "",
      "sourceDataset": "UNEM",
      "updateDate": "2015-07-09T00:48:24.684Z"
    },
    {
      "date": "2002 JAN",
      "value": "6.6",
      "year": "2002",
      "month": "January",
      "quarter": "",
      "sourceDataset": "UNEM",
      "updateDate": "2015-07-09T00:48:24.684Z"
    },
    {
      "date": "2002 FEB",
      "value": "6.8",
      "year": "2002",
      "month": "February",
      "quarter": "",
      "sourceDataset": "UNEM",
      "updateDate": "2015-07-09T00:48:24.684Z"
    },
    {
      "date": "2002 MAR",
      "value": "6.8",
      "year": "2002",
      "month": "March",
      "quarter": "",
      "sourceDataset": "UNEM",
      "updateDate": "2015-07-09T00:48:24.684Z"
    },
    {
      "date": "2002 APR",
      "value": "7.0",
      "year": "2002",
      "month": "April",
      "quarter": "",
      "sourceDataset": "UNEM",
      "updateDate": "2015-07-09T00:48:24.684Z"
    },
    {
      "date": "2002 MAY",
      "value": "7.2",
      "year": "2002",
      "month": "May",
      "quarter": "",
      "sourceDataset": "UNEM",
      "updateDate": "2015-07-09T00:48:24.684Z"
    },
    {
      "date": "2002 JUN",
      "value": "6.9",
      "year": "2002",
      "month": "June",
      "quarter": "",
      "sourceDataset": "UNEM",
      "updateDate": "2015-07-09T00:48:24.684Z"
    },
    {
      "date": "2002 JUL",
      "value": "6.6",
      "year": "2002",
      "month": "July",
      "quarter": "",
      "sourceDataset": "UNEM",
      "updateDate": "2015-07-09T00:48:24.684Z"
    },
    {
      "date": "2002 AUG",
      "value": "6.7",
      "year": "2002",
      "month": "August",
      "quarter": "",
      "sourceDataset": "UNEM",
      "updateDate": "2015-07-09T00:48:24.684Z"
    },
    {
      "date": "2002 SEP",
      "value": "6.6",
      "year": "2002",
      "month": "September",
      "quarter": "",
      "sourceDataset": "UNEM",
      "updateDate": "2015-07-09T00:48:24.684Z"
    },
    {
      "date": "2002 OCT",
      "value": "6.3",
      "year": "2002",
      "month": "October",
      "quarter": "",
      "sourceDataset": "UNEM",
      "updateDate": "2015-07-09T00:48:24.684Z"
    },
    {
      "date": "2002 NOV",
      "value": "6.1",
      "year": "2002",
      "month": "November",
      "quarter": "",
      "sourceDataset": "UNEM",
      "updateDate": "2015-07-09T00:48:24.684Z"
    },
    {
      "date": "2002 DEC",
      "value": "6.0",
      "year": "2002",
      "month": "December",
      "quarter": "",
      "sourceDataset": "UNEM",
      "updateDate": "2015-07-09T00:48:24.684Z"
    },
    {
      "date": "2003 JAN",
      "value": "6.7",
      "year": "2003",
      "month": "January",
      "quarter": "",
      "sourceDataset": "UNEM",
      "updateDate": "2015-07-09T00:48:24.684Z"
    },
    {
      "date": "2003 FEB",
      "value": "6.8",
      "year": "2003",
      "month": "February",
      "quarter": "",
      "sourceDataset": "UNEM",
      "updateDate": "2015-07-09T00:48:24.684Z"
    },
    {
      "date": "2003 MAR",
      "value": "6.8",
      "year": "2003",
      "month": "March",
      "quarter": "",
      "sourceDataset": "UNEM",
      "updateDate": "2015-07-09T00:48:24.684Z"
    },
    {
      "date": "2003 APR",
      "value": "6.9",
      "year": "2003",
      "month": "April",
      "quarter": "",
      "sourceDataset": "UNEM",
      "updateDate": "2015-07-09T00:48:24.684Z"
    },
    {
      "date": "2003 MAY",
      "value": "7.2",
      "year": "2003",
      "month": "May",
      "quarter": "",
      "sourceDataset": "UNEM",
      "updateDate": "2015-07-09T00:48:24.684Z"
    },
    {
      "date": "2003 JUN",
      "value": "7.1",
      "year": "2003",
      "month": "June",
      "quarter": "",
      "sourceDataset": "UNEM",
      "updateDate": "2015-07-09T00:48:24.684Z"
    },
    {
      "date": "2003 JUL",
      "value": "6.9",
      "year": "2003",
      "month": "July",
      "quarter": "",
      "sourceDataset": "UNEM",
      "updateDate": "2015-07-09T00:48:24.684Z"
    },
    {
      "date": "2003 AUG",
      "value": "7.1",
      "year": "2003",
      "month": "August",
      "quarter": "",
      "sourceDataset": "UNEM",
      "updateDate": "2015-07-09T00:48:24.684Z"
    },
    {
      "date": "2003 SEP",
      "value": "6.9",
      "year": "2003",
      "month": "September",
      "quarter": "",
      "sourceDataset": "UNEM",
      "updateDate": "2015-07-09T00:48:24.684Z"
    },
    {
      "date": "2003 OCT",
      "value": "6.7",
      "year": "2003",
      "month": "October",
      "quarter": "",
      "sourceDataset": "UNEM",
      "updateDate": "2015-07-09T00:48:24.684Z"
    },
    {
      "date": "2003 NOV",
      "value": "6.3",
      "year": "2003",
      "month": "November",
      "quarter": "",
      "sourceDataset": "UNEM",
      "updateDate": "2015-07-09T00:48:24.684Z"
    },
    {
      "date": "2003 DEC",
      "value": "6.3",
      "year": "2003",
      "month": "December",
      "quarter": "",
      "sourceDataset": "UNEM",
      "updateDate": "2015-07-09T00:48:24.684Z"
    },
    {
      "date": "2004 JAN",
      "value": "6.8",
      "year": "2004",
      "month": "January",
      "quarter": "",
      "sourceDataset": "UNEM",
      "updateDate": "2015-07-09T00:48:24.684Z"
    },
    {
      "date": "2004 FEB",
      "value": "6.7",
      "year": "2004",
      "month": "February",
      "quarter": "",
      "sourceDataset": "UNEM",
      "updateDate": "2015-07-09T00:48:24.684Z"
    },
    {
      "date": "2004 MAR",
      "value": "6.7",
      "year": "2004",
      "month": "March",
      "quarter": "",
      "sourceDataset": "UNEM",
      "updateDate": "2015-07-09T00:48:24.684Z"
    },
    {
      "date": "2004 APR",
      "value": "6.8",
      "year": "2004",
      "month": "April",
      "quarter": "",
      "sourceDataset": "UNEM",
      "updateDate": "2015-07-09T00:48:24.684Z"
    },
    {
      "date": "2004 MAY",
      "value": "6.9",
      "year": "2004",
      "month": "May",
      "quarter": "",
      "sourceDataset": "UNEM",
      "updateDate": "2015-07-09T00:48:24.684Z"
    },
    {
      "date": "2004 JUN",
      "value": "6.6",
      "year": "2004",
      "month": "June",
      "quarter": "",
      "sourceDataset": "UNEM",
      "updateDate": "2015-07-09T00:48:24.684Z"
    },
    {
      "date": "2004 JUL",
      "value": "6.2",
      "year": "2004",
      "month": "July",
      "quarter": "",
      "sourceDataset": "UNEM",
      "updateDate": "2015-07-09T00:48:24.684Z"
    },
    {
      "date": "2004 AUG",
      "value": "6.2",
      "year": "2004",
      "month": "August",
      "quarter": "",
      "sourceDataset": "UNEM",
      "updateDate": "2015-07-09T00:48:24.684Z"
    },
    {
      "date": "2004 SEP",
      "value": "6.0",
      "year": "2004",
      "month": "September",
      "quarter": "",
      "sourceDataset": "UNEM",
      "updateDate": "2015-07-09T00:48:24.684Z"
    },
    {
      "date": "2004 OCT",
      "value": "5.7",
      "year": "2004",
      "month": "October",
      "quarter": "",
      "sourceDataset": "UNEM",
      "updateDate": "2015-07-09T00:48:24.684Z"
    },
    {
      "date": "2004 NOV",
      "value": "5.5",
      "year": "2004",
      "month": "November",
      "quarter": "",
      "sourceDataset": "UNEM",
      "updateDate": "2015-07-09T00:48:24.684Z"
    },
    {
      "date": "2004 DEC",
      "value": "5.5",
      "year": "2004",
      "month": "December",
      "quarter": "",
      "sourceDataset": "UNEM",
      "updateDate": "2015-07-09T00:48:24.684Z"
    },
    {
      "date": "2005 JAN",
      "value": "5.9",
      "year": "2005",
      "month": "January",
      "quarter": "",
      "sourceDataset": "UNEM",
      "updateDate": "2015-07-09T00:48:24.684Z"
    },
    {
      "date": "2005 FEB",
      "value": "6.0",
      "year": "2005",
      "month": "February",
      "quarter": "",
      "sourceDataset": "UNEM",
      "updateDate": "2015-07-09T00:48:24.684Z"
    },
    {
      "date": "2005 MAR",
      "value": "6.1",
      "year": "2005",
      "month": "March",
      "quarter": "",
      "sourceDataset": "UNEM",
      "updateDate": "2015-07-09T00:48:24.684Z"
    },
    {
      "date": "2005 APR",
      "value": "6.5",
      "year": "2005",
      "month": "April",
      "quarter": "",
      "sourceDataset": "UNEM",
      "updateDate": "2015-07-09T00:48:24.684Z"
    },
    {
      "date": "2005 MAY",
      "value": "6.5",
      "year": "2005",
      "month": "May",
      "quarter": "",
      "sourceDataset": "UNEM",
      "updateDate": "2015-07-09T00:48:24.684Z"
    },
    {
      "date": "2005 JUN",
      "value": "6.6",
      "year": "2005",
      "month": "June",
      "quarter": "",
      "sourceDataset": "UNEM",
      "updateDate": "2015-07-09T00:48:24.684Z"
    },
    {
      "date": "2005 JUL",
      "value": "6.6",
      "year": "2005",
      "month": "July",
      "quarter": "",
      "sourceDataset": "UNEM",
      "updateDate": "2015-07-09T00:48:24.684Z"
    },
    {
      "date": "2005 AUG",
      "value": "6.7",
      "year": "2005",
      "month": "August",
      "quarter": "",
      "sourceDataset": "UNEM",
      "updateDate": "2015-07-09T00:48:24.684Z"
    },
    {
      "date": "2005 SEP",
      "value": "6.8",
      "year": "2005",
      "month": "September",
      "quarter": "",
      "sourceDataset": "UNEM",
      "updateDate": "2015-07-09T00:48:24.684Z"
    },
    {
      "date": "2005 OCT",
      "value": "6.6",
      "year": "2005",
      "month": "October",
      "quarter": "",
      "sourceDataset": "UNEM",
      "updateDate": "2015-07-09T00:48:24.684Z"
    },
    {
      "date": "2005 NOV",
      "value": "6.6",
      "year": "2005",
      "month": "November",
      "quarter": "",
      "sourceDataset": "UNEM",
      "updateDate": "2015-07-09T00:48:24.684Z"
    },
    {
      "date": "2005 DEC",
      "value": "6.7",
      "year": "2005",
      "month": "December",
      "quarter": "",
      "sourceDataset": "UNEM",
      "updateDate": "2015-07-09T00:48:24.684Z"
    },
    {
      "date": "2006 JAN",
      "value": "7.3",
      "year": "2006",
      "month": "January",
      "quarter": "",
      "sourceDataset": "UNEM",
      "updateDate": "2015-07-09T00:48:24.684Z"
    },
    {
      "date": "2006 FEB",
      "value": "7.4",
      "year": "2006",
      "month": "February",
      "quarter": "",
      "sourceDataset": "UNEM",
      "updateDate": "2015-07-09T00:48:24.684Z"
    },
    {
      "date": "2006 MAR",
      "value": "7.6",
      "year": "2006",
      "month": "March",
      "quarter": "",
      "sourceDataset": "UNEM",
      "updateDate": "2015-07-09T00:48:24.684Z"
    },
    {
      "date": "2006 APR",
      "value": "8.1",
      "year": "2006",
      "month": "April",
      "quarter": "",
      "sourceDataset": "UNEM",
      "updateDate": "2015-07-09T00:48:24.684Z"
    },
    {
      "date": "2006 MAY",
      "value": "8.3",
      "year": "2006",
      "month": "May",
      "quarter": "",
      "sourceDataset": "UNEM",
      "updateDate": "2015-07-09T00:48:24.684Z"
    },
    {
      "date": "2006 JUN",
      "value": "8.2",
      "year": "2006",
      "month": "June",
      "quarter": "",
      "sourceDataset": "UNEM",
      "updateDate": "2015-07-09T00:48:24.684Z"
    },
    {
      "date": "2006 JUL",
      "value": "8.1",
      "year": "2006",
      "month": "July",
      "quarter": "",
      "sourceDataset": "UNEM",
      "updateDate": "2015-07-09T00:48:24.684Z"
    },
    {
      "date": "2006 AUG",
      "value": "8.1",
      "year": "2006",
      "month": "August",
      "quarter": "",
      "sourceDataset": "UNEM",
      "updateDate": "2015-07-09T00:48:24.684Z"
    },
    {
      "date": "2006 SEP",
      "value": "7.9",
      "year": "2006",
      "month": "September",
      "quarter": "",
      "sourceDataset": "UNEM",
      "updateDate": "2015-07-09T00:48:24.684Z"
    },
    {
      "date": "2006 OCT",
      "value": "7.7",
      "year": "2006",
      "month": "October",
      "quarter": "",
      "sourceDataset": "UNEM",
      "updateDate": "2015-07-09T00:48:24.684Z"
    },
    {
      "date": "2006 NOV",
      "value": "7.4",
      "year": "2006",
      "month": "November",
      "quarter": "",
      "sourceDataset": "UNEM",
      "updateDate": "2015-07-09T00:48:24.684Z"
    },
    {
      "date": "2006 DEC",
      "value": "7.2",
      "year": "2006",
      "month": "December",
      "quarter": "",
      "sourceDataset": "UNEM",
      "updateDate": "2015-07-09T00:48:24.684Z"
    },
    {
      "date": "2007 JAN",
      "value": "7.6",
      "year": "2007",
      "month": "January",
      "quarter": "",
      "sourceDataset": "UNEM",
      "updateDate": "2015-07-09T00:48:24.684Z"
    },
    {
      "date": "2007 FEB",
      "value": "7.4",
      "year": "2007",
      "month": "February",
      "quarter": "",
      "sourceDataset": "UNEM",
      "updateDate": "2015-07-09T00:48:24.684Z"
    },
    {
      "date": "2007 MAR",
      "value": "7.4",
      "year": "2007",
      "month": "March",
      "quarter": "",
      "sourceDataset": "UNEM",
      "updateDate": "2015-07-09T00:48:24.684Z"
    },
    {
      "date": "2007 APR",
      "value": "7.5",
      "year": "2007",
      "month": "April",
      "quarter": "",
      "sourceDataset": "UNEM",
      "updateDate": "2015-07-09T00:48:24.684Z"
    },
    {
      "date": "2007 MAY",
      "value": "7.4",
      "year": "2007",
      "month": "May",
      "quarter": "",
      "sourceDataset": "UNEM",
      "updateDate": "2015-07-09T00:48:24.684Z"
    },
    {
      "date": "2007 JUN",
      "value": "7.0",
      "year": "2007",
      "month": "June",
      "quarter": "",
      "sourceDataset": "UNEM",
      "updateDate": "2015-07-09T00:48:24.684Z"
    },
    {
      "date": "2007 JUL",
      "value": "6.8",
      "year": "2007",
      "month": "July",
      "quarter": "",
      "sourceDataset": "UNEM",
      "updateDate": "2015-07-09T00:48:24.684Z"
    },
    {
      "date": "2007 AUG",
      "value": "6.7",
      "year": "2007",
      "month": "August",
      "quarter": "",
      "sourceDataset": "UNEM",
      "updateDate": "2015-07-09T00:48:24.684Z"
    },
    {
      "date": "2007 SEP",
      "value": "6.3",
      "year": "2007",
      "month": "September",
      "quarter": "",
      "sourceDataset": "UNEM",
      "updateDate": "2015-07-09T00:48:24.684Z"
    },
    {
      "date": "2007 OCT",
      "value": "6.0",
      "year": "2007",
      "month": "October",
      "quarter": "",
      "sourceDataset": "UNEM",
      "updateDate": "2015-07-09T00:48:24.684Z"
    },
    {
      "date": "2007 NOV",
      "value": "5.7",
      "year": "2007",
      "month": "November",
      "quarter": "",
      "sourceDataset": "UNEM",
      "updateDate": "2015-07-09T00:48:24.684Z"
    },
    {
      "date": "2007 DEC",
      "value": "5.6",
      "year": "2007",
      "month": "December",
      "quarter": "",
      "sourceDataset": "UNEM",
      "updateDate": "2015-07-09T00:48:24.684Z"
    },
    {
      "date": "2008 JAN",
      "value": "5.9",
      "year": "2008",
      "month": "January",
      "quarter": "",
      "sourceDataset": "UNEM",
      "updateDate": "2015-07-09T00:48:24.684Z"
    },
    {
      "date": "2008 FEB",
      "value": "5.7",
      "year": "2008",
      "month": "February",
      "quarter": "",
      "sourceDataset": "UNEM",
      "updateDate": "2015-07-09T00:48:24.684Z"
    },
    {
      "date": "2008 MAR",
      "value": "5.8",
      "year": "2008",
      "month": "March",
      "quarter": "",
      "sourceDataset": "UNEM",
      "updateDate": "2015-07-09T00:48:24.684Z"
    },
    {
      "date": "2008 APR",
      "value": "6.0",
      "year": "2008",
      "month": "April",
      "quarter": "",
      "sourceDataset": "UNEM",
      "updateDate": "2015-07-09T00:48:24.684Z"
    },
    {
      "date": "2008 MAY",
      "value": "6.1",
      "year": "2008",
      "month": "May",
      "quarter": "",
      "sourceDataset": "UNEM",
      "updateDate": "2015-07-09T00:48:24.684Z"
    },
    {
      "date": "2008 JUN",
      "value": "5.9",
      "year": "2008",
      "month": "June",
      "quarter": "",
      "sourceDataset": "UNEM",
      "updateDate": "2015-07-09T00:48:24.684Z"
    },
    {
      "date": "2008 JUL",
      "value": "6.0",
      "year": "2008",
      "month": "July",
      "quarter": "",
      "sourceDataset": "UNEM",
      "updateDate": "2015-07-09T00:48:24.684Z"
    },
    {
      "date": "2008 AUG",
      "value": "6.4",
      "year": "2008",
      "month": "August",
      "quarter": "",
      "sourceDataset": "UNEM",
      "updateDate": "2015-07-09T00:48:24.684Z"
    },
    {
      "date": "2008 SEP",
      "value": "6.6",
      "year": "2008",
      "month": "September",
      "quarter": "",
      "sourceDataset": "UNEM",
      "updateDate": "2015-07-09T00:48:24.684Z"
    },
    {
      "date": "2008 OCT",
      "value": "6.8",
      "year": "2008",
      "month": "October",
      "quarter": "",
      "sourceDataset": "UNEM",
      "updateDate": "2015-07-09T00:48:24.684Z"
    },
    {
      "date": "2008 NOV",
      "value": "7.2",
      "year": "2008",
      "month": "November",
      "quarter": "",
      "sourceDataset": "UNEM",
      "updateDate": "2015-07-09T00:48:24.684Z"
    },
    {
      "date": "2008 DEC",
      "value": "7.9",
      "year": "2008",
      "month": "December",
      "quarter": "",
      "sourceDataset": "UNEM",
      "updateDate": "2015-07-09T00:48:24.684Z"
    },
    {
      "date": "2009 JAN",
      "value": "8.8",
      "year": "2009",
      "month": "January",
      "quarter": "",
      "sourceDataset": "UNEM",
      "updateDate": "2015-07-09T00:48:24.684Z"
    },
    {
      "date": "2009 FEB",
      "value": "9.5",
      "year": "2009",
      "month": "February",
      "quarter": "",
      "sourceDataset": "UNEM",
      "updateDate": "2015-07-09T00:48:24.684Z"
    },
    {
      "date": "2009 MAR",
      "value": "10.3",
      "year": "2009",
      "month": "March",
      "quarter": "",
      "sourceDataset": "UNEM",
      "updateDate": "2015-07-09T00:48:24.684Z"
    },
    {
      "date": "2009 APR",
      "value": "11.5",
      "year": "2009",
      "month": "April",
      "quarter": "",
      "sourceDataset": "UNEM",
      "updateDate": "2015-07-09T00:48:24.684Z"
    },
    {
      "date": "2009 MAY",
      "value": "12.5",
      "year": "2009",
      "month": "May",
      "quarter": "",
      "sourceDataset": "UNEM",
      "updateDate": "2015-07-09T00:48:24.684Z"
    },
    {
      "date": "2009 JUN",
      "value": "13.1",
      "year": "2009",
      "month": "June",
      "quarter": "",
      "sourceDataset": "UNEM",
      "updateDate": "2015-07-09T00:48:24.684Z"
    },
    {
      "date": "2009 JUL",
      "value": "13.9",
      "year": "2009",
      "month": "July",
      "quarter": "",
      "sourceDataset": "UNEM",
      "updateDate": "2015-07-09T00:48:24.684Z"
    },
    {
      "date": "2009 AUG",
      "value": "14.9",
      "year": "2009",
      "month": "August",
      "quarter": "",
      "sourceDataset": "UNEM",
      "updateDate": "2015-07-09T00:48:24.684Z"
    },
    {
      "date": "2009 SEP",
      "value": "15.0",
      "year": "2009",
      "month": "September",
      "quarter": "",
      "sourceDataset": "UNEM",
      "updateDate": "2015-07-09T00:48:24.684Z"
    },
    {
      "date": "2009 OCT",
      "value": "15.2",
      "year": "2009",
      "month": "October",
      "quarter": "",
      "sourceDataset": "UNEM",
      "updateDate": "2015-07-09T00:48:24.684Z"
    },
    {
      "date": "2009 NOV",
      "value": "14.9",
      "year": "2009",
      "month": "November",
      "quarter": "",
      "sourceDataset": "UNEM",
      "updateDate": "2015-07-09T00:48:24.684Z"
    },
    {
      "date": "2009 DEC",
      "value": "14.6",
      "year": "2009",
      "month": "December",
      "quarter": "",
      "sourceDataset": "UNEM",
      "updateDate": "2015-07-09T00:48:24.684Z"
    },
    {
      "date": "2010 JAN",
      "value": "15.2",
      "year": "2010",
      "month": "January",
      "quarter": "",
      "sourceDataset": "UNEM",
      "updateDate": "2015-07-09T00:48:24.684Z"
    },
    {
      "date": "2010 FEB",
      "value": "15.1",
      "year": "2010",
      "month": "February",
      "quarter": "",
      "sourceDataset": "UNEM",
      "updateDate": "2015-07-09T00:48:24.684Z"
    },
    {
      "date": "2010 MAR",
      "value": "15.2",
      "year": "2010",
      "month": "March",
      "quarter": "",
      "sourceDataset": "UNEM",
      "updateDate": "2015-07-09T00:48:24.684Z"
    },
    {
      "date": "2010 APR",
      "value": "15.5",
      "year": "2010",
      "month": "April",
      "quarter": "",
      "sourceDataset": "UNEM",
      "updateDate": "2015-07-09T00:48:24.684Z"
    },
    {
      "date": "2010 MAY",
      "value": "15.2",
      "year": "2010",
      "month": "May",
      "quarter": "",
      "sourceDataset": "UNEM",
      "updateDate": "2015-07-09T00:48:24.684Z"
    },
    {
      "date": "2010 JUN",
      "value": "14.7",
      "year": "2010",
      "month": "June",
      "quarter": "",
      "sourceDataset": "UNEM",
      "updateDate": "2015-07-09T00:48:24.684Z"
    },
    {
      "date": "2010 JUL",
      "value": "14.0",
      "year": "2010",
      "month": "July",
      "quarter": "",
      "sourceDataset": "UNEM",
      "updateDate": "2015-07-09T00:48:24.684Z"
    },
    {
      "date": "2010 AUG",
      "value": "13.6",
      "year": "2010",
      "month": "August",
      "quarter": "",
      "sourceDataset": "UNEM",
      "updateDate": "2015-07-09T00:48:24.684Z"
    },
    {
      "date": "2010 SEP",
      "value": "13.2",
      "year": "2010",
      "month": "September",
      "quarter": "",
      "sourceDataset": "UNEM",
      "updateDate": "2015-07-09T00:48:24.684Z"
    },
    {
      "date": "2010 OCT",
      "value": "12.7",
      "year": "2010",
      "month": "October",
      "quarter": "",
      "sourceDataset": "UNEM",
      "updateDate": "2015-07-09T00:48:24.684Z"
    },
    {
      "date": "2010 NOV",
      "value": "12.3",
      "year": "2010",
      "month": "November",
      "quarter": "",
      "sourceDataset": "UNEM",
      "updateDate": "2015-07-09T00:48:24.684Z"
    },
    {
      "date": "2010 DEC",
      "value": "12.2",
      "year": "2010",
      "month": "December",
      "quarter": "",
      "sourceDataset": "UNEM",
      "updateDate": "2015-07-09T00:48:24.684Z"
    },
    {
      "date": "2011 JAN",
      "value": "13.1",
      "year": "2011",
      "month": "January",
      "quarter": "",
      "sourceDataset": "UNEM",
      "updateDate": "2015-07-09T00:48:24.684Z"
    },
    {
      "date": "2011 FEB",
      "value": "13.4",
      "year": "2011",
      "month": "February",
      "quarter": "",
      "sourceDataset": "UNEM",
      "updateDate": "2015-07-09T00:48:24.684Z"
    },
    {
      "date": "2011 MAR",
      "value": "13.7",
      "year": "2011",
      "month": "March",
      "quarter": "",
      "sourceDataset": "UNEM",
      "updateDate": "2015-07-09T00:48:24.684Z"
    },
    {
      "date": "2011 APR",
      "value": "14.3",
      "year": "2011",
      "month": "April",
      "quarter": "",
      "sourceDataset": "UNEM",
      "updateDate": "2015-07-09T00:48:24.685Z"
    },
    {
      "date": "2011 MAY",
      "value": "15.2",
      "year": "2011",
      "month": "May",
      "quarter": "",
      "sourceDataset": "UNEM",
      "updateDate": "2015-07-09T00:48:24.685Z"
    },
    {
      "date": "2011 JUN",
      "value": "15.7",
      "year": "2011",
      "month": "June",
      "quarter": "",
      "sourceDataset": "UNEM",
      "updateDate": "2015-07-09T00:48:24.685Z"
    },
    {
      "date": "2011 JUL",
      "value": "16.1",
      "year": "2011",
      "month": "July",
      "quarter": "",
      "sourceDataset": "UNEM",
      "updateDate": "2015-07-09T00:48:24.685Z"
    },
    {
      "date": "2011 AUG",
      "value": "16.8",
      "year": "2011",
      "month": "August",
      "quarter": "",
      "sourceDataset": "UNEM",
      "updateDate": "2015-07-09T00:48:24.685Z"
    },
    {
      "date": "2011 SEP",
      "value": "17.3",
      "year": "2011",
      "month": "September",
      "quarter": "",
      "sourceDataset": "UNEM",
      "updateDate": "2015-07-09T00:48:24.685Z"
    },
    {
      "date": "2011 OCT",
      "value": "18.0",
      "year": "2011",
      "month": "October",
      "quarter": "",
      "sourceDataset": "UNEM",
      "updateDate": "2015-07-09T00:48:24.685Z"
    },
    {
      "date": "2011 NOV",
      "value": "17.5",
      "year": "2011",
      "month": "November",
      "quarter": "",
      "sourceDataset": "UNEM",
      "updateDate": "2015-07-09T00:48:24.685Z"
    },
    {
      "date": "2011 DEC",
      "value": "17.4",
      "year": "2011",
      "month": "December",
      "quarter": "",
      "sourceDataset": "UNEM",
      "updateDate": "2015-07-09T00:48:24.685Z"
    },
    {
      "date": "2012 JAN",
      "value": "18.1",
      "year": "2012",
      "month": "January",
      "quarter": "",
      "sourceDataset": "UNEM",
      "updateDate": "2015-07-09T00:48:24.685Z"
    },
    {
      "date": "2012 FEB",
      "value": "17.9",
      "year": "2012",
      "month": "February",
      "quarter": "",
      "sourceDataset": "UNEM",
      "updateDate": "2015-07-09T00:48:24.685Z"
    },
    {
      "date": "2012 MAR",
      "value": "17.6",
      "year": "2012",
      "month": "March",
      "quarter": "",
      "sourceDataset": "UNEM",
      "updateDate": "2015-07-09T00:48:24.685Z"
    },
    {
      "date": "2012 APR",
      "value": "17.3",
      "year": "2012",
      "month": "April",
      "quarter": "",
      "sourceDataset": "UNEM",
      "updateDate": "2015-07-09T00:48:24.685Z"
    },
    {
      "date": "2012 MAY",
      "value": "17.0",
      "year": "2012",
      "month": "May",
      "quarter": "",
      "sourceDataset": "UNEM",
      "updateDate": "2015-07-09T00:48:24.685Z"
    },
    {
      "date": "2012 JUN",
      "value": "16.6",
      "year": "2012",
      "month": "June",
      "quarter": "",
      "sourceDataset": "UNEM",
      "updateDate": "2015-07-09T00:48:24.685Z"
    },
    {
      "date": "2012 JUL",
      "value": "16.2",
      "year": "2012",
      "month": "July",
      "quarter": "",
      "sourceDataset": "UNEM",
      "updateDate": "2015-07-09T00:48:24.685Z"
    },
    {
      "date": "2012 AUG",
      "value": "15.8",
      "year": "2012",
      "month": "August",
      "quarter": "",
      "sourceDataset": "UNEM",
      "updateDate": "2015-07-09T00:48:24.685Z"
    },
    {
      "date": "2012 SEP",
      "value": "15.2",
      "year": "2012",
      "month": "September",
      "quarter": "",
      "sourceDataset": "UNEM",
      "updateDate": "2015-07-09T00:48:24.685Z"
    },
    {
      "date": "2012 OCT",
      "value": "14.9",
      "year": "2012",
      "month": "October",
      "quarter": "",
      "sourceDataset": "UNEM",
      "updateDate": "2015-07-09T00:48:24.685Z"
    },
    {
      "date": "2012 NOV",
      "value": "14.4",
      "year": "2012",
      "month": "November",
      "quarter": "",
      "sourceDataset": "UNEM",
      "updateDate": "2015-07-09T00:48:24.685Z"
    },
    {
      "date": "2012 DEC",
      "value": "14.1",
      "year": "2012",
      "month": "December",
      "quarter": "",
      "sourceDataset": "UNEM",
      "updateDate": "2015-07-09T00:48:24.685Z"
    },
    {
      "date": "2013 JAN",
      "value": "14.5",
      "year": "2013",
      "month": "January",
      "quarter": "",
      "sourceDataset": "UNEM",
      "updateDate": "2015-07-09T00:48:24.685Z"
    },
    {
      "date": "2013 FEB",
      "value": "14.6",
      "year": "2013",
      "month": "February",
      "quarter": "",
      "sourceDataset": "UNEM",
      "updateDate": "2015-07-09T00:48:24.685Z"
    },
    {
      "date": "2013 MAR",
      "value": "15.1",
      "year": "2013",
      "month": "March",
      "quarter": "",
      "sourceDataset": "UNEM",
      "updateDate": "2015-07-09T00:48:24.685Z"
    },
    {
      "date": "2013 APR",
      "value": "15.7",
      "year": "2013",
      "month": "April",
      "quarter": "",
      "sourceDataset": "UNEM",
      "updateDate": "2015-07-09T00:48:24.685Z"
    }
  ],
  "sourceDatasets": [
    "UNEM"
  ],
  "type": "timeseries",
  "uri": "/employmentandlabourmarket/peoplenotinwork/unemployment/timeseries/iadd",
  "breadcrumb": [
    {
      "uri": "/"
    },
    {
      "uri": "/employmentandlabourmarket"
    },
    {
      "uri": "/employmentandlabourmarket/peoplenotinwork"
    },
    {
      "uri": "/employmentandlabourmarket/peoplenotinwork/unemployment"
    }
  ],
  "description": {
    "title": "UK computerised claims, 50+ yr old women claiming \u003e6 \u0026 up to 12 mths -NSA- thous",
    "nationalStatistic": false,
    "latestRelease": false,
    "releaseDate": "2015-07-14T23:00:00.000Z",
    "nextRelease": "12 August 2015",
    "cdid": "IADD",
    "unit": "",
    "preUnit": "",
    "source": "Office for National Statistics",
    "seasonalAdjustment": "NSA",
    "number": "8.1",
    "sampleSize": 0
  }
}