{"description":{"releaseDate":"2015-07-14T23:00:00.000Z","nextRelease":"12 August 2015","contact":{"name":"Richard Clegg\n","email":"richard.clegg@ons.gsi.gov.uk\n","telephone":"+44 (0)1633 455400 \n"},"summary":"Labour disputes by sector.","datasetId":"","keywords":["strike"],"metaDescription":"Labour disputes by sector.","nationalStatistic":true,"migrated":false,"title":"Labour disputes by sector: LABD02"},"downloads":[{"title":"Latest","file":"/employmentandlabourmarket/peopleinwork/workplacedisputesandworkingconditions/datasets/labourdisputesbysectorlabd02/labd02jul2015_tcm77-408195.xls"}],"section":{"markdown":""},"correction":[],"relatedDatasets":[{"uri":"/employmentandlabourmarket/peopleinwork/workplacedisputesandworkingconditions/datasets/labourdisputeslabd01"},{"uri":"/employmentandlabourmarket/peopleinwork/workplacedisputesandworkingconditions/datasets/stoppagesofworklabd03"}],"relatedDocuments":[{"uri":"/employmentandlabourmarket/peopleinwork/employmentandemployeetypes/bulletins/uklabourmarket/2015-07-15"}],"relatedMethodology":[],"type":"dataset_landing_page","uri":"/employmentandlabourmarket/peopleinwork/workplacedisputesandworkingconditions/datasets/labourdisputesbysectorlabd02","breadcrumb":[{"uri":"/"},{"uri":"/employmentandlabourmarket"},{"uri":"/employmentandlabourmarket/peopleinwork"},{"uri":"/employmentandlabourmarket/peopleinwork/workplacedisputesandworkingconditions"}]}