{
  "years": [
    {
      "date": "1999",
      "value": "993",
      "year": "1999",
      "month": "",
      "quarter": "",
      "sourceDataset": "",
      "updateDate": "2015-07-09T00:48:25.399Z"
    },
    {
      "date": "2000",
      "value": "999",
      "year": "2000",
      "month": "",
      "quarter": "",
      "sourceDataset": "",
      "updateDate": "2015-07-09T00:48:25.399Z"
    },
    {
      "date": "2001",
      "value": "1002",
      "year": "2001",
      "month": "",
      "quarter": "",
      "sourceDataset": "",
      "updateDate": "2015-07-09T00:48:25.399Z"
    },
    {
      "date": "2002",
      "value": "1024",
      "year": "2002",
      "month": "",
      "quarter": "",
      "sourceDataset": "",
      "updateDate": "2015-07-09T00:48:25.399Z"
    },
    {
      "date": "2003",
      "value": "1060",
      "year": "2003",
      "month": "",
      "quarter": "",
      "sourceDataset": "",
      "updateDate": "2015-07-09T00:48:25.399Z"
    },
    {
      "date": "2004",
      "value": "1074",
      "year": "2004",
      "month": "",
      "quarter": "",
      "sourceDataset": "",
      "updateDate": "2015-07-09T00:48:25.399Z"
    },
    {
      "date": "2005",
      "value": "1086",
      "year": "2005",
      "month": "",
      "quarter": "",
      "sourceDataset": "",
      "updateDate": "2015-07-09T00:48:25.399Z"
    },
    {
      "date": "2006",
      "value": "1082",
      "year": "2006",
      "month": "",
      "quarter": "",
      "sourceDataset": "",
      "updateDate": "2015-07-09T00:48:25.399Z"
    },
    {
      "date": "2007",
      "value": "1067",
      "year": "2007",
      "month": "",
      "quarter": "",
      "sourceDataset": "",
      "updateDate": "2015-07-09T00:48:25.399Z"
    },
    {
      "date": "2008",
      "value": "1030",
      "year": "2008",
      "month": "",
      "quarter": "",
      "sourceDataset": "",
      "updateDate": "2015-07-09T00:48:25.399Z"
    },
    {
      "date": "2009",
      "value": "1021",
      "year": "2009",
      "month": "",
      "quarter": "",
      "sourceDataset": "",
      "updateDate": "2015-07-09T00:48:25.399Z"
    },
    {
      "date": "2010",
      "value": "1016",
      "year": "2010",
      "month": "",
      "quarter": "",
      "sourceDataset": "",
      "updateDate": "2015-07-09T00:48:25.399Z"
    },
    {
      "date": "2011",
      "value": "945",
      "year": "2011",
      "month": "",
      "quarter": "",
      "sourceDataset": "",
      "updateDate": "2015-07-09T00:48:25.399Z"
    },
    {
      "date": "2012",
      "value": "910",
      "year": "2012",
      "month": "",
      "quarter": "",
      "sourceDataset": "",
      "updateDate": "2015-07-09T00:48:25.399Z"
    },
    {
      "date": "2013",
      "value": "905",
      "year": "2013",
      "month": "",
      "quarter": "",
      "sourceDataset": "",
      "updateDate": "2015-07-09T00:48:25.399Z"
    },
    {
      "date": "2014",
      "value": "893",
      "year": "2014",
      "month": "",
      "quarter": "",
      "sourceDataset": "",
      "updateDate": "2015-07-09T00:48:25.399Z"
    }
  ],
  "quarters": [
    {
      "date": "1999 Q1",
      "value": "989",
      "year": "1999",
      "month": "",
      "quarter": "Q1",
      "sourceDataset": "",
      "updateDate": "2015-07-09T00:48:25.399Z"
    },
    {
      "date": "1999 Q2",
      "value": "993",
      "year": "1999",
      "month": "",
      "quarter": "Q2",
      "sourceDataset": "",
      "updateDate": "2015-07-09T00:48:25.399Z"
    },
    {
      "date": "1999 Q3",
      "value": "994",
      "year": "1999",
      "month": "",
      "quarter": "Q3",
      "sourceDataset": "",
      "updateDate": "2015-07-09T00:48:25.399Z"
    },
    {
      "date": "1999 Q4",
      "value": "1001",
      "year": "1999",
      "month": "",
      "quarter": "Q4",
      "sourceDataset": "",
      "updateDate": "2015-07-09T00:48:25.399Z"
    },
    {
      "date": "2000 Q1",
      "value": "1004",
      "year": "2000",
      "month": "",
      "quarter": "Q1",
      "sourceDataset": "",
      "updateDate": "2015-07-09T00:48:25.399Z"
    },
    {
      "date": "2000 Q2",
      "value": "999",
      "year": "2000",
      "month": "",
      "quarter": "Q2",
      "sourceDataset": "",
      "updateDate": "2015-07-09T00:48:25.399Z"
    },
    {
      "date": "2000 Q3",
      "value": "995",
      "year": "2000",
      "month": "",
      "quarter": "Q3",
      "sourceDataset": "",
      "updateDate": "2015-07-09T00:48:25.399Z"
    },
    {
      "date": "2000 Q4",
      "value": "998",
      "year": "2000",
      "month": "",
      "quarter": "Q4",
      "sourceDataset": "",
      "updateDate": "2015-07-09T00:48:25.399Z"
    },
    {
      "date": "2001 Q1",
      "value": "1002",
      "year": "2001",
      "month": "",
      "quarter": "Q1",
      "sourceDataset": "",
      "updateDate": "2015-07-09T00:48:25.399Z"
    },
    {
      "date": "2001 Q2",
      "value": "1002",
      "year": "2001",
      "month": "",
      "quarter": "Q2",
      "sourceDataset": "",
      "updateDate": "2015-07-09T00:48:25.399Z"
    },
    {
      "date": "2001 Q3",
      "value": "1002",
      "year": "2001",
      "month": "",
      "quarter": "Q3",
      "sourceDataset": "",
      "updateDate": "2015-07-09T00:48:25.399Z"
    },
    {
      "date": "2001 Q4",
      "value": "1012",
      "year": "2001",
      "month": "",
      "quarter": "Q4",
      "sourceDataset": "",
      "updateDate": "2015-07-09T00:48:25.399Z"
    },
    {
      "date": "2002 Q1",
      "value": "1018",
      "year": "2002",
      "month": "",
      "quarter": "Q1",
      "sourceDataset": "",
      "updateDate": "2015-07-09T00:48:25.399Z"
    },
    {
      "date": "2002 Q2",
      "value": "1024",
      "year": "2002",
      "month": "",
      "quarter": "Q2",
      "sourceDataset": "",
      "updateDate": "2015-07-09T00:48:25.399Z"
    },
    {
      "date": "2002 Q3",
      "value": "1026",
      "year": "2002",
      "month": "",
      "quarter": "Q3",
      "sourceDataset": "",
      "updateDate": "2015-07-09T00:48:25.399Z"
    },
    {
      "date": "2002 Q4",
      "value": "1045",
      "year": "2002",
      "month": "",
      "quarter": "Q4",
      "sourceDataset": "",
      "updateDate": "2015-07-09T00:48:25.399Z"
    },
    {
      "date": "2003 Q1",
      "value": "1053",
      "year": "2003",
      "month": "",
      "quarter": "Q1",
      "sourceDataset": "",
      "updateDate": "2015-07-09T00:48:25.399Z"
    },
    {
      "date": "2003 Q2",
      "value": "1060",
      "year": "2003",
      "month": "",
      "quarter": "Q2",
      "sourceDataset": "",
      "updateDate": "2015-07-09T00:48:25.399Z"
    },
    {
      "date": "2003 Q3",
      "value": "1064",
      "year": "2003",
      "month": "",
      "quarter": "Q3",
      "sourceDataset": "",
      "updateDate": "2015-07-09T00:48:25.399Z"
    },
    {
      "date": "2003 Q4",
      "value": "1065",
      "year": "2003",
      "month": "",
      "quarter": "Q4",
      "sourceDataset": "",
      "updateDate": "2015-07-09T00:48:25.399Z"
    },
    {
      "date": "2004 Q1",
      "value": "1071",
      "year": "2004",
      "month": "",
      "quarter": "Q1",
      "sourceDataset": "",
      "updateDate": "2015-07-09T00:48:25.399Z"
    },
    {
      "date": "2004 Q2",
      "value": "1074",
      "year": "2004",
      "month": "",
      "quarter": "Q2",
      "sourceDataset": "",
      "updateDate": "2015-07-09T00:48:25.399Z"
    },
    {
      "date": "2004 Q3",
      "value": "1080",
      "year": "2004",
      "month": "",
      "quarter": "Q3",
      "sourceDataset": "",
      "updateDate": "2015-07-09T00:48:25.399Z"
    },
    {
      "date": "2004 Q4",
      "value": "1079",
      "year": "2004",
      "month": "",
      "quarter": "Q4",
      "sourceDataset": "",
      "updateDate": "2015-07-09T00:48:25.399Z"
    },
    {
      "date": "2005 Q1",
      "value": "1079",
      "year": "2005",
      "month": "",
      "quarter": "Q1",
      "sourceDataset": "",
      "updateDate": "2015-07-09T00:48:25.399Z"
    },
    {
      "date": "2005 Q2",
      "value": "1086",
      "year": "2005",
      "month": "",
      "quarter": "Q2",
      "sourceDataset": "",
      "updateDate": "2015-07-09T00:48:25.399Z"
    },
    {
      "date": "2005 Q3",
      "value": "1085",
      "year": "2005",
      "month": "",
      "quarter": "Q3",
      "sourceDataset": "",
      "updateDate": "2015-07-09T00:48:25.399Z"
    },
    {
      "date": "2005 Q4",
      "value": "1084",
      "year": "2005",
      "month": "",
      "quarter": "Q4",
      "sourceDataset": "",
      "updateDate": "2015-07-09T00:48:25.399Z"
    },
    {
      "date": "2006 Q1",
      "value": "1083",
      "year": "2006",
      "month": "",
      "quarter": "Q1",
      "sourceDataset": "",
      "updateDate": "2015-07-09T00:48:25.399Z"
    },
    {
      "date": "2006 Q2",
      "value": "1082",
      "year": "2006",
      "month": "",
      "quarter": "Q2",
      "sourceDataset": "",
      "updateDate": "2015-07-09T00:48:25.399Z"
    },
    {
      "date": "2006 Q3",
      "value": "1082",
      "year": "2006",
      "month": "",
      "quarter": "Q3",
      "sourceDataset": "",
      "updateDate": "2015-07-09T00:48:25.399Z"
    },
    {
      "date": "2006 Q4",
      "value": "1080",
      "year": "2006",
      "month": "",
      "quarter": "Q4",
      "sourceDataset": "",
      "updateDate": "2015-07-09T00:48:25.399Z"
    },
    {
      "date": "2007 Q1",
      "value": "1073",
      "year": "2007",
      "month": "",
      "quarter": "Q1",
      "sourceDataset": "",
      "updateDate": "2015-07-09T00:48:25.399Z"
    },
    {
      "date": "2007 Q2",
      "value": "1067",
      "year": "2007",
      "month": "",
      "quarter": "Q2",
      "sourceDataset": "",
      "updateDate": "2015-07-09T00:48:25.399Z"
    },
    {
      "date": "2007 Q3",
      "value": "1068",
      "year": "2007",
      "month": "",
      "quarter": "Q3",
      "sourceDataset": "",
      "updateDate": "2015-07-09T00:48:25.399Z"
    },
    {
      "date": "2007 Q4",
      "value": "1056",
      "year": "2007",
      "month": "",
      "quarter": "Q4",
      "sourceDataset": "",
      "updateDate": "2015-07-09T00:48:25.399Z"
    },
    {
      "date": "2008 Q1",
      "value": "1038",
      "year": "2008",
      "month": "",
      "quarter": "Q1",
      "sourceDataset": "",
      "updateDate": "2015-07-09T00:48:25.399Z"
    },
    {
      "date": "2008 Q2",
      "value": "1030",
      "year": "2008",
      "month": "",
      "quarter": "Q2",
      "sourceDataset": "",
      "updateDate": "2015-07-09T00:48:25.399Z"
    },
    {
      "date": "2008 Q3",
      "value": "1019",
      "year": "2008",
      "month": "",
      "quarter": "Q3",
      "sourceDataset": "",
      "updateDate": "2015-07-09T00:48:25.399Z"
    },
    {
      "date": "2008 Q4",
      "value": "1022",
      "year": "2008",
      "month": "",
      "quarter": "Q4",
      "sourceDataset": "",
      "updateDate": "2015-07-09T00:48:25.399Z"
    },
    {
      "date": "2009 Q1",
      "value": "1021",
      "year": "2009",
      "month": "",
      "quarter": "Q1",
      "sourceDataset": "",
      "updateDate": "2015-07-09T00:48:25.399Z"
    },
    {
      "date": "2009 Q2",
      "value": "1021",
      "year": "2009",
      "month": "",
      "quarter": "Q2",
      "sourceDataset": "",
      "updateDate": "2015-07-09T00:48:25.399Z"
    },
    {
      "date": "2009 Q3",
      "value": "1033",
      "year": "2009",
      "month": "",
      "quarter": "Q3",
      "sourceDataset": "",
      "updateDate": "2015-07-09T00:48:25.399Z"
    },
    {
      "date": "2009 Q4",
      "value": "1029",
      "year": "2009",
      "month": "",
      "quarter": "Q4",
      "sourceDataset": "",
      "updateDate": "2015-07-09T00:48:25.399Z"
    },
    {
      "date": "2010 Q1",
      "value": "1025",
      "year": "2010",
      "month": "",
      "quarter": "Q1",
      "sourceDataset": "",
      "updateDate": "2015-07-09T00:48:25.399Z"
    },
    {
      "date": "2010 Q2",
      "value": "1016",
      "year": "2010",
      "month": "",
      "quarter": "Q2",
      "sourceDataset": "",
      "updateDate": "2015-07-09T00:48:25.399Z"
    },
    {
      "date": "2010 Q3",
      "value": "997",
      "year": "2010",
      "month": "",
      "quarter": "Q3",
      "sourceDataset": "",
      "updateDate": "2015-07-09T00:48:25.399Z"
    },
    {
      "date": "2010 Q4",
      "value": "989",
      "year": "2010",
      "month": "",
      "quarter": "Q4",
      "sourceDataset": "",
      "updateDate": "2015-07-09T00:48:25.399Z"
    },
    {
      "date": "2011 Q1",
      "value": "977",
      "year": "2011",
      "month": "",
      "quarter": "Q1",
      "sourceDataset": "",
      "updateDate": "2015-07-09T00:48:25.399Z"
    },
    {
      "date": "2011 Q2",
      "value": "945",
      "year": "2011",
      "month": "",
      "quarter": "Q2",
      "sourceDataset": "",
      "updateDate": "2015-07-09T00:48:25.399Z"
    },
    {
      "date": "2011 Q3",
      "value": "934",
      "year": "2011",
      "month": "",
      "quarter": "Q3",
      "sourceDataset": "",
      "updateDate": "2015-07-09T00:48:25.399Z"
    },
    {
      "date": "2011 Q4",
      "value": "919",
      "year": "2011",
      "month": "",
      "quarter": "Q4",
      "sourceDataset": "",
      "updateDate": "2015-07-09T00:48:25.399Z"
    },
    {
      "date": "2012 Q1",
      "value": "910",
      "year": "2012",
      "month": "",
      "quarter": "Q1",
      "sourceDataset": "",
      "updateDate": "2015-07-09T00:48:25.399Z"
    },
    {
      "date": "2012 Q2",
      "value": "910",
      "year": "2012",
      "month": "",
      "quarter": "Q2",
      "sourceDataset": "",
      "updateDate": "2015-07-09T00:48:25.399Z"
    },
    {
      "date": "2012 Q3",
      "value": "903",
      "year": "2012",
      "month": "",
      "quarter": "Q3",
      "sourceDataset": "",
      "updateDate": "2015-07-09T00:48:25.399Z"
    },
    {
      "date": "2012 Q4",
      "value": "903",
      "year": "2012",
      "month": "",
      "quarter": "Q4",
      "sourceDataset": "",
      "updateDate": "2015-07-09T00:48:25.399Z"
    },
    {
      "date": "2013 Q1",
      "value": "902",
      "year": "2013",
      "month": "",
      "quarter": "Q1",
      "sourceDataset": "",
      "updateDate": "2015-07-09T00:48:25.399Z"
    },
    {
      "date": "2013 Q2",
      "value": "905",
      "year": "2013",
      "month": "",
      "quarter": "Q2",
      "sourceDataset": "",
      "updateDate": "2015-07-09T00:48:25.399Z"
    },
    {
      "date": "2013 Q3",
      "value": "904",
      "year": "2013",
      "month": "",
      "quarter": "Q3",
      "sourceDataset": "",
      "updateDate": "2015-07-09T00:48:25.399Z"
    },
    {
      "date": "2013 Q4",
      "value": "893",
      "year": "2013",
      "month": "",
      "quarter": "Q4",
      "sourceDataset": "",
      "updateDate": "2015-07-09T00:48:25.399Z"
    },
    {
      "date": "2014 Q1",
      "value": "892",
      "year": "2014",
      "month": "",
      "quarter": "Q1",
      "sourceDataset": "",
      "updateDate": "2015-07-09T00:48:25.399Z"
    },
    {
      "date": "2014 Q2",
      "value": "893",
      "year": "2014",
      "month": "",
      "quarter": "Q2",
      "sourceDataset": "",
      "updateDate": "2015-07-09T00:48:25.399Z"
    },
    {
      "date": "2014 Q3",
      "value": "889",
      "year": "2014",
      "month": "",
      "quarter": "Q3",
      "sourceDataset": "",
      "updateDate": "2015-07-09T00:48:25.399Z"
    },
    {
      "date": "2014 Q4",
      "value": "883",
      "year": "2014",
      "month": "",
      "quarter": "Q4",
      "sourceDataset": "",
      "updateDate": "2015-07-09T00:48:25.399Z"
    },
    {
      "date": "2015 Q1",
      "value": "874",
      "year": "2015",
      "month": "",
      "quarter": "Q1",
      "sourceDataset": "",
      "updateDate": "2015-07-09T00:48:25.399Z"
    }
  ],
  "months": [],
  "sourceDatasets": [
    ""
  ],
  "type": "timeseries",
  "uri": "/employmentandlabourmarket/publicsectorpersonnel/timeseries/g7gf",
  "breadcrumb": [
    {
      "uri": "/"
    },
    {
      "uri": "/employmentandlabourmarket"
    },
    {
      "uri": "/employmentandlabourmarket/publicsectorpersonnel"
    }
  ],
  "description": {
    "title": "Public Sector Employment by Industry; Public Adm;UK;FTE;SA;Thousands    ",
    "nationalStatistic": false,
    "latestRelease": false,
    "releaseDate": "2015-06-16T23:00:00.000Z",
    "nextRelease": "16 Sept 2015",
    "cdid": "G7GF",
    "unit": "",
    "preUnit": "",
    "source": "Office for National Statistics",
    "seasonalAdjustment": "NSA",
    "number": "874",
    "sampleSize": 0
  }
}