{"type":"chart","title":"Figure 5: Marital status of the adult Communal Establishment residents, England and Wales, 2011","filename":"a5b0d49d","uri":"/peoplepopulationandcommunity/housing/articles/2011censusanalysiswhatdoesthe2011censustellusaboutpeoplelivingincommunalestablishments/2015-02-11/a5b0d49d","subtitle":"","unit":"%","source":"Census - Office for National Statistics","legend":"top-left","hideLegend":false,"notes":"","altText":"Figure 5: Marital status of the adult Communal Establishment residents, England and Wales, 2011","data":[{"Age groups":"16-24","Single":"99.4","Married ":"0.4","Separated ":"0.1","Divorced":"0.1","Widowed ":"0.1"},{"Age groups":"25-34","Single":"86.2","Married ":"8.1","Separated ":"2.8","Divorced":"2.6","Widowed ":"0.3"},{"Age groups":"35-49","Single":"68.8","Married ":"10.6","Separated ":"5.8","Divorced":"13.7","Widowed ":"1.1"},{"Age groups":"50-64","Single":"58.2","Married ":"12.2","Separated ":"4.1","Divorced":"21.1","Widowed ":"4.5"},{"Age groups":"65-74","Single":"35.8","Married ":"22.1","Separated ":"2.1","Divorced":"16.9","Widowed ":"23.1"},{"Age groups":"75-84","Single":"15.6","Married ":"22.2","Separated ":"0.8","Divorced":"6.4","Widowed ":"55.0"},{"Age groups":"85 and over","Single":"9.4","Married ":"10.4","Separated ":"0.3","Divorced":"2.1","Widowed ":"77.9"}],"headers":["Age groups","Single","Married ","Separated ","Divorced","Widowed "],"series":["Single","Married ","Separated ","Divorced","Widowed "],"categories":["16-24","25-34","35-49","50-64","65-74","75-84","85 and over"],"aspectRatio":"0.56","chartType":"barline","files":[{"type":"download-png","filename":"a5b0d49d-download.png"},{"type":"png","filename":"a5b0d49d.png"}],"chartTypes":{"Single":"bar","Married ":"bar","Separated ":"bar","Divorced":"bar","Widowed ":"bar"},"groups":[["Single","Married ","Separated ","Divorced","Widowed "]]}