{"type":"chart","title":"Figure 1: Age distribution of Communal Establishment residents, England and Wales, 2001 and 2011","filename":"b6dd11ef","uri":"/peoplepopulationandcommunity/housing/articles/2011censusanalysiswhatdoesthe2011censustellusaboutpeoplelivingincommunalestablishments/2015-02-11/b6dd11ef","subtitle":"","unit":"%","source":"Census - Office for National Statistics","legend":"top-right","hideLegend":false,"notes":"1. Age groups for Figure 1 are based on broader age groupings used in 2001 Census tables.\n2. Data from Census 2011 tables DC4210EWla and 2001 table S126 via Nomis.","altText":"Figure 1: Age distribution of Communal Establishment residents, England and Wales, 2001 and 2011","data":[{"2001":"5.3","2011":"4.1","Age groups":"0-15"},{"2001":"44.3","2011":"50.9","Age groups":"16-34"},{"2001":"6.7","2011":"7.0","Age groups":"35-49"},{"2001":"4.8","2011":"5.1","Age groups":"50-64"},{"2001":"4.7","2011":"3.9","Age groups":"65-74"},{"2001":"34.2","2011":"29.0","Age groups":"75 and over"}],"headers":["Age groups","2001","2011"],"series":["2001","2011"],"categories":["0-15","16-34","35-49","50-64","65-74","75 and over"],"aspectRatio":"0.56","chartType":"bar","files":[{"type":"download-png","filename":"b6dd11ef-download.png"},{"type":"png","filename":"b6dd11ef.png"}]}