{"type":"chart","title":"Figure 6: Type of residence for persons aged 16 and over by highest qualification level, England and Wales, 2011","filename":"c6c2d9bb","uri":"/peoplepopulationandcommunity/housing/articles/2011censusanalysiswhatdoesthe2011censustellusaboutpeoplelivingincommunalestablishments/2015-02-11/c6c2d9bb","subtitle":"","unit":"%","source":"Census - Office for National Statistics","legend":"top-right","hideLegend":false,"notes":"1. Data from Census tables LC5103EW and DC5101EWla via Nomis\n2. ‘Other’ qualifications include apprenticeships, vocational qualifications, foreign qualifications for which the UK equivalent is not known and those qualified to level 1, 2 or 3 (secondary and tertiary education)","altText":"Figure 6: Type of residence for persons aged 16 and over by highest qualification level, England and Wales, 2011","data":[{"":"No qualification","Household population":"22.4","Communal Establishment residents":"36.8"},{"":"Other ","Household population":"50.1","Communal Establishment residents":"51.6"},{"":"Degree or above","Household population":"27.5","Communal Establishment residents":"11.6"}],"headers":["","Household population","Communal Establishment residents"],"series":["Household population","Communal Establishment residents"],"categories":["No qualification","Other ","Degree or above"],"aspectRatio":"0.56","chartType":"bar","files":[{"type":"download-png","filename":"c6c2d9bb-download.png"},{"type":"png","filename":"c6c2d9bb.png"}]}