{"type":"chart","title":"Figure 2: Age and sex distribution of Communal Establishment residents, England and Wales, 2011","filename":"ee5461ed","uri":"/peoplepopulationandcommunity/housing/articles/2011censusanalysiswhatdoesthe2011censustellusaboutpeoplelivingincommunalestablishments/2015-02-11/ee5461ed","subtitle":"","unit":"%","source":"Census - Office for National Statistics","legend":"top-right","hideLegend":false,"notes":"1. Data from Census 2011 table DC4210EWla via Nomis","altText":"Figure 2: Age and sex distribution of Communal Establishment residents, England and Wales, 2011","data":[{"Age groups":"0-15","Males":"2.5","Females":"1.6"},{"Age groups":"16-24","Males":"22.6","Females":"19.7"},{"Age groups":"25-34","Males":"6.4","Females":"2.2"},{"Age groups":"35-49","Males":"5.2","Females":"1.7"},{"Age groups":"50-64","Males":"3.3","Females":"1.8"},{"Age groups":"65-74","Males":"2.0","Females":"1.9"},{"Age groups":"75-84","Males":"3.3","Females":"6.7"},{"Age groups":"85 and over","Males":"3.7","Females":"15.3"}],"headers":["Age groups","Males","Females"],"series":["Males","Females"],"categories":["0-15","16-24","25-34","35-49","50-64","65-74","75-84","85 and over"],"aspectRatio":"0.56","chartType":"bar","files":[{"type":"download-png","filename":"ee5461ed-download.png"},{"type":"png","filename":"ee5461ed.png"}]}