{"sections":[{"uri":"/peoplepopulationandcommunity/householdcharacteristics/homeinternetandsocialmediausage","index":0}],"index":7,"type":"taxonomy_landing_page","uri":"/peoplepopulationandcommunity/householdcharacteristics","breadcrumb":[{"uri":"/"},{"uri":"/peoplepopulationandcommunity"}],"description":{"title":"Household characteristics","summary":"We look at data showing the composition of households, including those who live alone, overcrowding and under-occupation, as well as internet and social media usage by household.","metaDescription":"We look at data showing the composition of households, including those who live alone, overcrowding and under-occupation, as well as internet and social media usage by household."}}