{"type":"chart","title":"Figure 6: Health: by UK region, January to December 2013","filename":"6a9f752c","uri":"/peoplepopulationandcommunity/housing/bulletins/integratedhouseholdsurveyjanuarytodecember2013experimentalstatistics/2014-10-07/6a9f752c","subtitle":"","unit":"percentage","source":"Integrated Household Survey - Office for National Statistics","legend":"top-right","hideLegend":false,"notes":"1. The total number of eligible responders to the question was 276,522.The question was asked to respondents aged 16 and over.\n2. The health categories were split using the approach applied by Eurostat. 'In good health' contains the 'very good' and 'good' perceived health categories, and 'Not in good health' contains the categories 'fair', 'bad' and 'very bad'.\n3. Percentages may not add to 100 per cent due to rounding.\n4. Confidence intervals for the latest estimates in the above chart are in the Excel download table. Information on what confidence intervals are is in the background notes.","altText":"","data":[{"":"England","In good Health ":"76.2","Not in good health":"23.8"},{"":"North East","In good Health ":"70.9","Not in good health":"29.1"},{"":"North West","In good Health ":"73.6","Not in good health":"26.4"},{"":"Yorkshire and The Humber","In good Health ":"74.7","Not in good health":"25.3"},{"":"East Midlands","In good Health ":"75.2","Not in good health":"24.8"},{"":"West Midlands","In good Health ":"74.5","Not in good health":"25.5"},{"":"East of England","In good Health ":"77.7","Not in good health":"22.3"},{"":"London","In good Health ":"78.7","Not in good health":"21.3"},{"":"South East","In good Health ":"78.8","Not in good health":"21.2"},{"":"South West","In good Health ":"77.0","Not in good health":"23.0"},{"":"Wales","In good Health ":"72.5","Not in good health":"27.5"},{"":"Scotland","In good Health ":"75.0","Not in good health":"25.0"},{"":"Northern Ireland","In good Health ":"75.7","Not in good health":"24.3"}],"headers":["","In good Health ","Not in good health"],"series":["In good Health ","Not in good health"],"categories":["England","North East","North West","Yorkshire and The Humber","East Midlands","West Midlands","East of England","London","South East","South West","Wales","Scotland","Northern Ireland"],"aspectRatio":"0.56","chartType":"rotated","files":[{"type":"download-png","filename":"6a9f752c-download.png"},{"type":"png","filename":"6a9f752c.png"}],"chartTypes":{"In good Health ":"bar","Not in good health":"bar"},"groups":[["In good Health ","Not in good health"]]}