{
  "years": [
    {
      "date": "1991",
      "value": "593",
      "year": "1991",
      "month": "",
      "quarter": "",
      "sourceDataset": "",
      "updateDate": "2015-07-09T00:48:25.450Z"
    },
    {
      "date": "1992",
      "value": "609",
      "year": "1992",
      "month": "",
      "quarter": "",
      "sourceDataset": "",
      "updateDate": "2015-07-09T00:48:25.450Z"
    },
    {
      "date": "1993",
      "value": "601",
      "year": "1993",
      "month": "",
      "quarter": "",
      "sourceDataset": "",
      "updateDate": "2015-07-09T00:48:25.450Z"
    },
    {
      "date": "1994",
      "value": "578",
      "year": "1994",
      "month": "",
      "quarter": "",
      "sourceDataset": "",
      "updateDate": "2015-07-09T00:48:25.450Z"
    },
    {
      "date": "1995",
      "value": "555",
      "year": "1995",
      "month": "",
      "quarter": "",
      "sourceDataset": "",
      "updateDate": "2015-07-09T00:48:25.450Z"
    },
    {
      "date": "1996",
      "value": "538",
      "year": "1996",
      "month": "",
      "quarter": "",
      "sourceDataset": "",
      "updateDate": "2015-07-09T00:48:25.450Z"
    },
    {
      "date": "1997",
      "value": "516",
      "year": "1997",
      "month": "",
      "quarter": "",
      "sourceDataset": "",
      "updateDate": "2015-07-09T00:48:25.450Z"
    },
    {
      "date": "1998",
      "value": "505",
      "year": "1998",
      "month": "",
      "quarter": "",
      "sourceDataset": "",
      "updateDate": "2015-07-09T00:48:25.450Z"
    },
    {
      "date": "1999",
      "value": "504",
      "year": "1999",
      "month": "",
      "quarter": "",
      "sourceDataset": "",
      "updateDate": "2015-07-09T00:48:25.450Z"
    },
    {
      "date": "2000",
      "value": "516",
      "year": "2000",
      "month": "",
      "quarter": "",
      "sourceDataset": "",
      "updateDate": "2015-07-09T00:48:25.450Z"
    },
    {
      "date": "2001",
      "value": "522",
      "year": "2001",
      "month": "",
      "quarter": "",
      "sourceDataset": "",
      "updateDate": "2015-07-09T00:48:25.450Z"
    },
    {
      "date": "2002",
      "value": "538",
      "year": "2002",
      "month": "",
      "quarter": "",
      "sourceDataset": "",
      "updateDate": "2015-07-09T00:48:25.450Z"
    },
    {
      "date": "2003",
      "value": "560",
      "year": "2003",
      "month": "",
      "quarter": "",
      "sourceDataset": "",
      "updateDate": "2015-07-09T00:48:25.450Z"
    },
    {
      "date": "2004",
      "value": "570",
      "year": "2004",
      "month": "",
      "quarter": "",
      "sourceDataset": "",
      "updateDate": "2015-07-09T00:48:25.450Z"
    },
    {
      "date": "2005",
      "value": "571",
      "year": "2005",
      "month": "",
      "quarter": "",
      "sourceDataset": "",
      "updateDate": "2015-07-09T00:48:25.450Z"
    },
    {
      "date": "2006",
      "value": "558",
      "year": "2006",
      "month": "",
      "quarter": "",
      "sourceDataset": "",
      "updateDate": "2015-07-09T00:48:25.450Z"
    },
    {
      "date": "2007",
      "value": "539",
      "year": "2007",
      "month": "",
      "quarter": "",
      "sourceDataset": "",
      "updateDate": "2015-07-09T00:48:25.450Z"
    },
    {
      "date": "2008",
      "value": "523",
      "year": "2008",
      "month": "",
      "quarter": "",
      "sourceDataset": "",
      "updateDate": "2015-07-09T00:48:25.450Z"
    },
    {
      "date": "2009",
      "value": "527",
      "year": "2009",
      "month": "",
      "quarter": "",
      "sourceDataset": "",
      "updateDate": "2015-07-09T00:48:25.450Z"
    },
    {
      "date": "2010",
      "value": "522",
      "year": "2010",
      "month": "",
      "quarter": "",
      "sourceDataset": "",
      "updateDate": "2015-07-09T00:48:25.450Z"
    },
    {
      "date": "2011",
      "value": "488",
      "year": "2011",
      "month": "",
      "quarter": "",
      "sourceDataset": "",
      "updateDate": "2015-07-09T00:48:25.450Z"
    },
    {
      "date": "2012",
      "value": "458",
      "year": "2012",
      "month": "",
      "quarter": "",
      "sourceDataset": "",
      "updateDate": "2015-07-09T00:48:25.450Z"
    },
    {
      "date": "2013",
      "value": "450",
      "year": "2013",
      "month": "",
      "quarter": "",
      "sourceDataset": "",
      "updateDate": "2015-07-09T00:48:25.450Z"
    },
    {
      "date": "2014",
      "value": "442",
      "year": "2014",
      "month": "",
      "quarter": "",
      "sourceDataset": "",
      "updateDate": "2015-07-09T00:48:25.450Z"
    }
  ],
  "quarters": [
    {
      "date": "1991 Q1",
      "value": "0",
      "year": "1991",
      "month": "",
      "quarter": "Q1",
      "sourceDataset": "",
      "updateDate": "2015-07-09T00:48:25.450Z"
    },
    {
      "date": "1991 Q2",
      "value": "593",
      "year": "1991",
      "month": "",
      "quarter": "Q2",
      "sourceDataset": "",
      "updateDate": "2015-07-09T00:48:25.450Z"
    },
    {
      "date": "1991 Q3",
      "value": "0",
      "year": "1991",
      "month": "",
      "quarter": "Q3",
      "sourceDataset": "",
      "updateDate": "2015-07-09T00:48:25.450Z"
    },
    {
      "date": "1991 Q4",
      "value": "0",
      "year": "1991",
      "month": "",
      "quarter": "Q4",
      "sourceDataset": "",
      "updateDate": "2015-07-09T00:48:25.450Z"
    },
    {
      "date": "1992 Q1",
      "value": "0",
      "year": "1992",
      "month": "",
      "quarter": "Q1",
      "sourceDataset": "",
      "updateDate": "2015-07-09T00:48:25.450Z"
    },
    {
      "date": "1992 Q2",
      "value": "609",
      "year": "1992",
      "month": "",
      "quarter": "Q2",
      "sourceDataset": "",
      "updateDate": "2015-07-09T00:48:25.450Z"
    },
    {
      "date": "1992 Q3",
      "value": "0",
      "year": "1992",
      "month": "",
      "quarter": "Q3",
      "sourceDataset": "",
      "updateDate": "2015-07-09T00:48:25.450Z"
    },
    {
      "date": "1992 Q4",
      "value": "0",
      "year": "1992",
      "month": "",
      "quarter": "Q4",
      "sourceDataset": "",
      "updateDate": "2015-07-09T00:48:25.450Z"
    },
    {
      "date": "1993 Q1",
      "value": "0",
      "year": "1993",
      "month": "",
      "quarter": "Q1",
      "sourceDataset": "",
      "updateDate": "2015-07-09T00:48:25.450Z"
    },
    {
      "date": "1993 Q2",
      "value": "601",
      "year": "1993",
      "month": "",
      "quarter": "Q2",
      "sourceDataset": "",
      "updateDate": "2015-07-09T00:48:25.450Z"
    },
    {
      "date": "1993 Q3",
      "value": "0",
      "year": "1993",
      "month": "",
      "quarter": "Q3",
      "sourceDataset": "",
      "updateDate": "2015-07-09T00:48:25.450Z"
    },
    {
      "date": "1993 Q4",
      "value": "0",
      "year": "1993",
      "month": "",
      "quarter": "Q4",
      "sourceDataset": "",
      "updateDate": "2015-07-09T00:48:25.450Z"
    },
    {
      "date": "1994 Q1",
      "value": "0",
      "year": "1994",
      "month": "",
      "quarter": "Q1",
      "sourceDataset": "",
      "updateDate": "2015-07-09T00:48:25.450Z"
    },
    {
      "date": "1994 Q2",
      "value": "578",
      "year": "1994",
      "month": "",
      "quarter": "Q2",
      "sourceDataset": "",
      "updateDate": "2015-07-09T00:48:25.450Z"
    },
    {
      "date": "1994 Q3",
      "value": "0",
      "year": "1994",
      "month": "",
      "quarter": "Q3",
      "sourceDataset": "",
      "updateDate": "2015-07-09T00:48:25.450Z"
    },
    {
      "date": "1994 Q4",
      "value": "0",
      "year": "1994",
      "month": "",
      "quarter": "Q4",
      "sourceDataset": "",
      "updateDate": "2015-07-09T00:48:25.450Z"
    },
    {
      "date": "1995 Q1",
      "value": "0",
      "year": "1995",
      "month": "",
      "quarter": "Q1",
      "sourceDataset": "",
      "updateDate": "2015-07-09T00:48:25.450Z"
    },
    {
      "date": "1995 Q2",
      "value": "555",
      "year": "1995",
      "month": "",
      "quarter": "Q2",
      "sourceDataset": "",
      "updateDate": "2015-07-09T00:48:25.450Z"
    },
    {
      "date": "1995 Q3",
      "value": "0",
      "year": "1995",
      "month": "",
      "quarter": "Q3",
      "sourceDataset": "",
      "updateDate": "2015-07-09T00:48:25.450Z"
    },
    {
      "date": "1995 Q4",
      "value": "0",
      "year": "1995",
      "month": "",
      "quarter": "Q4",
      "sourceDataset": "",
      "updateDate": "2015-07-09T00:48:25.450Z"
    },
    {
      "date": "1996 Q1",
      "value": "0",
      "year": "1996",
      "month": "",
      "quarter": "Q1",
      "sourceDataset": "",
      "updateDate": "2015-07-09T00:48:25.450Z"
    },
    {
      "date": "1996 Q2",
      "value": "538",
      "year": "1996",
      "month": "",
      "quarter": "Q2",
      "sourceDataset": "",
      "updateDate": "2015-07-09T00:48:25.450Z"
    },
    {
      "date": "1996 Q3",
      "value": "0",
      "year": "1996",
      "month": "",
      "quarter": "Q3",
      "sourceDataset": "",
      "updateDate": "2015-07-09T00:48:25.450Z"
    },
    {
      "date": "1996 Q4",
      "value": "0",
      "year": "1996",
      "month": "",
      "quarter": "Q4",
      "sourceDataset": "",
      "updateDate": "2015-07-09T00:48:25.450Z"
    },
    {
      "date": "1997 Q1",
      "value": "0",
      "year": "1997",
      "month": "",
      "quarter": "Q1",
      "sourceDataset": "",
      "updateDate": "2015-07-09T00:48:25.450Z"
    },
    {
      "date": "1997 Q2",
      "value": "516",
      "year": "1997",
      "month": "",
      "quarter": "Q2",
      "sourceDataset": "",
      "updateDate": "2015-07-09T00:48:25.450Z"
    },
    {
      "date": "1997 Q3",
      "value": "0",
      "year": "1997",
      "month": "",
      "quarter": "Q3",
      "sourceDataset": "",
      "updateDate": "2015-07-09T00:48:25.450Z"
    },
    {
      "date": "1997 Q4",
      "value": "0",
      "year": "1997",
      "month": "",
      "quarter": "Q4",
      "sourceDataset": "",
      "updateDate": "2015-07-09T00:48:25.450Z"
    },
    {
      "date": "1998 Q1",
      "value": "502",
      "year": "1998",
      "month": "",
      "quarter": "Q1",
      "sourceDataset": "",
      "updateDate": "2015-07-09T00:48:25.450Z"
    },
    {
      "date": "1998 Q2",
      "value": "505",
      "year": "1998",
      "month": "",
      "quarter": "Q2",
      "sourceDataset": "",
      "updateDate": "2015-07-09T00:48:25.450Z"
    },
    {
      "date": "1998 Q3",
      "value": "0",
      "year": "1998",
      "month": "",
      "quarter": "Q3",
      "sourceDataset": "",
      "updateDate": "2015-07-09T00:48:25.450Z"
    },
    {
      "date": "1998 Q4",
      "value": "0",
      "year": "1998",
      "month": "",
      "quarter": "Q4",
      "sourceDataset": "",
      "updateDate": "2015-07-09T00:48:25.450Z"
    },
    {
      "date": "1999 Q1",
      "value": "513",
      "year": "1999",
      "month": "",
      "quarter": "Q1",
      "sourceDataset": "",
      "updateDate": "2015-07-09T00:48:25.450Z"
    },
    {
      "date": "1999 Q2",
      "value": "504",
      "year": "1999",
      "month": "",
      "quarter": "Q2",
      "sourceDataset": "",
      "updateDate": "2015-07-09T00:48:25.450Z"
    },
    {
      "date": "1999 Q3",
      "value": "507",
      "year": "1999",
      "month": "",
      "quarter": "Q3",
      "sourceDataset": "",
      "updateDate": "2015-07-09T00:48:25.450Z"
    },
    {
      "date": "1999 Q4",
      "value": "510",
      "year": "1999",
      "month": "",
      "quarter": "Q4",
      "sourceDataset": "",
      "updateDate": "2015-07-09T00:48:25.450Z"
    },
    {
      "date": "2000 Q1",
      "value": "523",
      "year": "2000",
      "month": "",
      "quarter": "Q1",
      "sourceDataset": "",
      "updateDate": "2015-07-09T00:48:25.450Z"
    },
    {
      "date": "2000 Q2",
      "value": "516",
      "year": "2000",
      "month": "",
      "quarter": "Q2",
      "sourceDataset": "",
      "updateDate": "2015-07-09T00:48:25.450Z"
    },
    {
      "date": "2000 Q3",
      "value": "519",
      "year": "2000",
      "month": "",
      "quarter": "Q3",
      "sourceDataset": "",
      "updateDate": "2015-07-09T00:48:25.450Z"
    },
    {
      "date": "2000 Q4",
      "value": "522",
      "year": "2000",
      "month": "",
      "quarter": "Q4",
      "sourceDataset": "",
      "updateDate": "2015-07-09T00:48:25.450Z"
    },
    {
      "date": "2001 Q1",
      "value": "533",
      "year": "2001",
      "month": "",
      "quarter": "Q1",
      "sourceDataset": "",
      "updateDate": "2015-07-09T00:48:25.450Z"
    },
    {
      "date": "2001 Q2",
      "value": "522",
      "year": "2001",
      "month": "",
      "quarter": "Q2",
      "sourceDataset": "",
      "updateDate": "2015-07-09T00:48:25.450Z"
    },
    {
      "date": "2001 Q3",
      "value": "522",
      "year": "2001",
      "month": "",
      "quarter": "Q3",
      "sourceDataset": "",
      "updateDate": "2015-07-09T00:48:25.450Z"
    },
    {
      "date": "2001 Q4",
      "value": "527",
      "year": "2001",
      "month": "",
      "quarter": "Q4",
      "sourceDataset": "",
      "updateDate": "2015-07-09T00:48:25.450Z"
    },
    {
      "date": "2002 Q1",
      "value": "557",
      "year": "2002",
      "month": "",
      "quarter": "Q1",
      "sourceDataset": "",
      "updateDate": "2015-07-09T00:48:25.450Z"
    },
    {
      "date": "2002 Q2",
      "value": "538",
      "year": "2002",
      "month": "",
      "quarter": "Q2",
      "sourceDataset": "",
      "updateDate": "2015-07-09T00:48:25.450Z"
    },
    {
      "date": "2002 Q3",
      "value": "543",
      "year": "2002",
      "month": "",
      "quarter": "Q3",
      "sourceDataset": "",
      "updateDate": "2015-07-09T00:48:25.450Z"
    },
    {
      "date": "2002 Q4",
      "value": "550",
      "year": "2002",
      "month": "",
      "quarter": "Q4",
      "sourceDataset": "",
      "updateDate": "2015-07-09T00:48:25.450Z"
    },
    {
      "date": "2003 Q1",
      "value": "570",
      "year": "2003",
      "month": "",
      "quarter": "Q1",
      "sourceDataset": "",
      "updateDate": "2015-07-09T00:48:25.450Z"
    },
    {
      "date": "2003 Q2",
      "value": "560",
      "year": "2003",
      "month": "",
      "quarter": "Q2",
      "sourceDataset": "",
      "updateDate": "2015-07-09T00:48:25.450Z"
    },
    {
      "date": "2003 Q3",
      "value": "562",
      "year": "2003",
      "month": "",
      "quarter": "Q3",
      "sourceDataset": "",
      "updateDate": "2015-07-09T00:48:25.450Z"
    },
    {
      "date": "2003 Q4",
      "value": "564",
      "year": "2003",
      "month": "",
      "quarter": "Q4",
      "sourceDataset": "",
      "updateDate": "2015-07-09T00:48:25.450Z"
    },
    {
      "date": "2004 Q1",
      "value": "563",
      "year": "2004",
      "month": "",
      "quarter": "Q1",
      "sourceDataset": "",
      "updateDate": "2015-07-09T00:48:25.450Z"
    },
    {
      "date": "2004 Q2",
      "value": "570",
      "year": "2004",
      "month": "",
      "quarter": "Q2",
      "sourceDataset": "",
      "updateDate": "2015-07-09T00:48:25.450Z"
    },
    {
      "date": "2004 Q3",
      "value": "571",
      "year": "2004",
      "month": "",
      "quarter": "Q3",
      "sourceDataset": "",
      "updateDate": "2015-07-09T00:48:25.450Z"
    },
    {
      "date": "2004 Q4",
      "value": "565",
      "year": "2004",
      "month": "",
      "quarter": "Q4",
      "sourceDataset": "",
      "updateDate": "2015-07-09T00:48:25.450Z"
    },
    {
      "date": "2005 Q1",
      "value": "560",
      "year": "2005",
      "month": "",
      "quarter": "Q1",
      "sourceDataset": "",
      "updateDate": "2015-07-09T00:48:25.450Z"
    },
    {
      "date": "2005 Q2",
      "value": "571",
      "year": "2005",
      "month": "",
      "quarter": "Q2",
      "sourceDataset": "",
      "updateDate": "2015-07-09T00:48:25.450Z"
    },
    {
      "date": "2005 Q3",
      "value": "567",
      "year": "2005",
      "month": "",
      "quarter": "Q3",
      "sourceDataset": "",
      "updateDate": "2015-07-09T00:48:25.450Z"
    },
    {
      "date": "2005 Q4",
      "value": "563",
      "year": "2005",
      "month": "",
      "quarter": "Q4",
      "sourceDataset": "",
      "updateDate": "2015-07-09T00:48:25.450Z"
    },
    {
      "date": "2006 Q1",
      "value": "543",
      "year": "2006",
      "month": "",
      "quarter": "Q1",
      "sourceDataset": "",
      "updateDate": "2015-07-09T00:48:25.450Z"
    },
    {
      "date": "2006 Q2",
      "value": "558",
      "year": "2006",
      "month": "",
      "quarter": "Q2",
      "sourceDataset": "",
      "updateDate": "2015-07-09T00:48:25.450Z"
    },
    {
      "date": "2006 Q3",
      "value": "554",
      "year": "2006",
      "month": "",
      "quarter": "Q3",
      "sourceDataset": "",
      "updateDate": "2015-07-09T00:48:25.450Z"
    },
    {
      "date": "2006 Q4",
      "value": "549",
      "year": "2006",
      "month": "",
      "quarter": "Q4",
      "sourceDataset": "",
      "updateDate": "2015-07-09T00:48:25.450Z"
    },
    {
      "date": "2007 Q1",
      "value": "523",
      "year": "2007",
      "month": "",
      "quarter": "Q1",
      "sourceDataset": "",
      "updateDate": "2015-07-09T00:48:25.450Z"
    },
    {
      "date": "2007 Q2",
      "value": "539",
      "year": "2007",
      "month": "",
      "quarter": "Q2",
      "sourceDataset": "",
      "updateDate": "2015-07-09T00:48:25.450Z"
    },
    {
      "date": "2007 Q3",
      "value": "533",
      "year": "2007",
      "month": "",
      "quarter": "Q3",
      "sourceDataset": "",
      "updateDate": "2015-07-09T00:48:25.450Z"
    },
    {
      "date": "2007 Q4",
      "value": "530",
      "year": "2007",
      "month": "",
      "quarter": "Q4",
      "sourceDataset": "",
      "updateDate": "2015-07-09T00:48:25.450Z"
    },
    {
      "date": "2008 Q1",
      "value": "525",
      "year": "2008",
      "month": "",
      "quarter": "Q1",
      "sourceDataset": "",
      "updateDate": "2015-07-09T00:48:25.450Z"
    },
    {
      "date": "2008 Q2",
      "value": "523",
      "year": "2008",
      "month": "",
      "quarter": "Q2",
      "sourceDataset": "",
      "updateDate": "2015-07-09T00:48:25.450Z"
    },
    {
      "date": "2008 Q3",
      "value": "522",
      "year": "2008",
      "month": "",
      "quarter": "Q3",
      "sourceDataset": "",
      "updateDate": "2015-07-09T00:48:25.450Z"
    },
    {
      "date": "2008 Q4",
      "value": "523",
      "year": "2008",
      "month": "",
      "quarter": "Q4",
      "sourceDataset": "",
      "updateDate": "2015-07-09T00:48:25.450Z"
    },
    {
      "date": "2009 Q1",
      "value": "528",
      "year": "2009",
      "month": "",
      "quarter": "Q1",
      "sourceDataset": "",
      "updateDate": "2015-07-09T00:48:25.450Z"
    },
    {
      "date": "2009 Q2",
      "value": "527",
      "year": "2009",
      "month": "",
      "quarter": "Q2",
      "sourceDataset": "",
      "updateDate": "2015-07-09T00:48:25.450Z"
    },
    {
      "date": "2009 Q3",
      "value": "534",
      "year": "2009",
      "month": "",
      "quarter": "Q3",
      "sourceDataset": "",
      "updateDate": "2015-07-09T00:48:25.450Z"
    },
    {
      "date": "2009 Q4",
      "value": "533",
      "year": "2009",
      "month": "",
      "quarter": "Q4",
      "sourceDataset": "",
      "updateDate": "2015-07-09T00:48:25.450Z"
    },
    {
      "date": "2010 Q1",
      "value": "513",
      "year": "2010",
      "month": "",
      "quarter": "Q1",
      "sourceDataset": "",
      "updateDate": "2015-07-09T00:48:25.450Z"
    },
    {
      "date": "2010 Q2",
      "value": "522",
      "year": "2010",
      "month": "",
      "quarter": "Q2",
      "sourceDataset": "",
      "updateDate": "2015-07-09T00:48:25.450Z"
    },
    {
      "date": "2010 Q3",
      "value": "514",
      "year": "2010",
      "month": "",
      "quarter": "Q3",
      "sourceDataset": "",
      "updateDate": "2015-07-09T00:48:25.450Z"
    },
    {
      "date": "2010 Q4",
      "value": "506",
      "year": "2010",
      "month": "",
      "quarter": "Q4",
      "sourceDataset": "",
      "updateDate": "2015-07-09T00:48:25.450Z"
    },
    {
      "date": "2011 Q1",
      "value": "464",
      "year": "2011",
      "month": "",
      "quarter": "Q1",
      "sourceDataset": "",
      "updateDate": "2015-07-09T00:48:25.450Z"
    },
    {
      "date": "2011 Q2",
      "value": "488",
      "year": "2011",
      "month": "",
      "quarter": "Q2",
      "sourceDataset": "",
      "updateDate": "2015-07-09T00:48:25.450Z"
    },
    {
      "date": "2011 Q3",
      "value": "480",
      "year": "2011",
      "month": "",
      "quarter": "Q3",
      "sourceDataset": "",
      "updateDate": "2015-07-09T00:48:25.450Z"
    },
    {
      "date": "2011 Q4",
      "value": "471",
      "year": "2011",
      "month": "",
      "quarter": "Q4",
      "sourceDataset": "",
      "updateDate": "2015-07-09T00:48:25.450Z"
    },
    {
      "date": "2012 Q1",
      "value": "449",
      "year": "2012",
      "month": "",
      "quarter": "Q1",
      "sourceDataset": "",
      "updateDate": "2015-07-09T00:48:25.450Z"
    },
    {
      "date": "2012 Q2",
      "value": "458",
      "year": "2012",
      "month": "",
      "quarter": "Q2",
      "sourceDataset": "",
      "updateDate": "2015-07-09T00:48:25.450Z"
    },
    {
      "date": "2012 Q3",
      "value": "455",
      "year": "2012",
      "month": "",
      "quarter": "Q3",
      "sourceDataset": "",
      "updateDate": "2015-07-09T00:48:25.450Z"
    },
    {
      "date": "2012 Q4",
      "value": "451",
      "year": "2012",
      "month": "",
      "quarter": "Q4",
      "sourceDataset": "",
      "updateDate": "2015-07-09T00:48:25.450Z"
    },
    {
      "date": "2013 Q1",
      "value": "440",
      "year": "2013",
      "month": "",
      "quarter": "Q1",
      "sourceDataset": "",
      "updateDate": "2015-07-09T00:48:25.450Z"
    },
    {
      "date": "2013 Q2",
      "value": "450",
      "year": "2013",
      "month": "",
      "quarter": "Q2",
      "sourceDataset": "",
      "updateDate": "2015-07-09T00:48:25.450Z"
    },
    {
      "date": "2013 Q3",
      "value": "447",
      "year": "2013",
      "month": "",
      "quarter": "Q3",
      "sourceDataset": "",
      "updateDate": "2015-07-09T00:48:25.450Z"
    },
    {
      "date": "2013 Q4",
      "value": "445",
      "year": "2013",
      "month": "",
      "quarter": "Q4",
      "sourceDataset": "",
      "updateDate": "2015-07-09T00:48:25.450Z"
    },
    {
      "date": "2014 Q1",
      "value": "440",
      "year": "2014",
      "month": "",
      "quarter": "Q1",
      "sourceDataset": "",
      "updateDate": "2015-07-09T00:48:25.450Z"
    },
    {
      "date": "2014 Q2",
      "value": "442",
      "year": "2014",
      "month": "",
      "quarter": "Q2",
      "sourceDataset": "",
      "updateDate": "2015-07-09T00:48:25.450Z"
    },
    {
      "date": "2014 Q3",
      "value": "440",
      "year": "2014",
      "month": "",
      "quarter": "Q3",
      "sourceDataset": "",
      "updateDate": "2015-07-09T00:48:25.450Z"
    },
    {
      "date": "2014 Q4",
      "value": "439",
      "year": "2014",
      "month": "",
      "quarter": "Q4",
      "sourceDataset": "",
      "updateDate": "2015-07-09T00:48:25.450Z"
    }
  ],
  "months": [],
  "sourceDatasets": [
    ""
  ],
  "type": "timeseries",
  "uri": "/employmentandlabourmarket/publicsectorpersonnel/timeseries/c9ke",
  "breadcrumb": [
    {
      "uri": "/"
    },
    {
      "uri": "/employmentandlabourmarket"
    },
    {
      "uri": "/employmentandlabourmarket/publicsectorpersonnel"
    }
  ],
  "description": {
    "title": "Public Sector Employment by Sector; Civil Service; GB; HC; NSA; Thousands",
    "nationalStatistic": false,
    "latestRelease": false,
    "releaseDate": "2015-06-16T23:00:00.000Z",
    "nextRelease": "16 Sept 2015",
    "cdid": "C9KE",
    "unit": "",
    "preUnit": "",
    "source": "Office for National Statistics",
    "seasonalAdjustment": "NSA",
    "number": "439",
    "sampleSize": 0
  }
}