{"type":"chart","title":"Figure 7: Value of adults' internet purchases, by expenditure range, 2015, Great Britain","filename":"224524cf","uri":"/peoplepopulationandcommunity/householdcharacteristics/homeinternetandsocialmediausage/bulletins/internetaccesshouseholdsandindividuals/2015-08-06/224524cf","subtitle":"Within the last 3 months","unit":"%","source":"Office for National Statistics","decimalPlaces":"","labelInterval":"","notes":"","altText":"Value of adults' internet purchases, by expenditure range, 2015, Great Britain","data":[{"":"<£50","All":"12","date":"1950-01-01T00:00:00.000Z","label":"<£50"},{"":"£50-£99","All":"11"},{"":"£100-£499","All":"42"},{"":"£500-£999","All":"13"},{"":"£1000-£1999","All":"11"},{"":"£2000+","All":"9"}],"headers":["","All"],"series":["All"],"categories":["<£50","£50-£99","£100-£499","£500-£999","£1000-£1999","£2000+"],"aspectRatio":"0.56","chartType":"bar","files":[],"isTimeSeries":true,"timeSeries":[{"":"<£50","All":"12","date":"1950-01-01T00:00:00.000Z","label":"<£50"}]}