{"type":"chart","title":"Figure 8: Frequency of internet purchasing, by age group, 2015, Great Britain","filename":"2f75fbaf","uri":"/peoplepopulationandcommunity/householdcharacteristics/homeinternetandsocialmediausage/bulletins/internetaccesshouseholdsandindividuals/2015-08-06/2f75fbaf","subtitle":"Within the last 3 months","unit":"%","source":"Office for National Statistics","decimalPlaces":"","labelInterval":"","notes":"","altText":"Frequency of internet purchasing, by age group, 2015, Great Britain","data":[{"":"Once or twice","16-24":"26","25-34":"23","35-44":"19","45-54":"16","55-64":"22","65+":"28"},{"":"Three to five times","16-24":"28","25-34":"28","35-44":"21","45-54":"27","55-64":"28","65+":"35"},{"":"Six to ten times","16-24":"25","25-34":"20","35-44":"18","45-54":"26","55-64":"26","65+":"20"},{"":"Eleven times or more","16-24":"22","25-34":"29","35-44":"42","45-54":"31","55-64":"24","65+":"17"}],"headers":["","16-24","25-34","35-44","45-54","55-64","65+"],"series":["16-24","25-34","35-44","45-54","55-64","65+"],"categories":["Once or twice","Three to five times","Six to ten times","Eleven times or more"],"aspectRatio":"0.56","chartType":"rotated","files":[]}