{"type":"chart","title":"Figure 1: Daily computer use by age group, 2006 and 2015, Great Britain","filename":"57373986","uri":"/peoplepopulationandcommunity/householdcharacteristics/homeinternetandsocialmediausage/bulletins/internetaccesshouseholdsandindividuals/2015-08-06/57373986","subtitle":"","unit":"%","source":"Office for National Statistics","decimalPlaces":"","labelInterval":"","notes":"","altText":"Daily computer use by age group, 2006 and 2015, Great Britain","data":[{"2006":"63","2015":"82","Year":"16-24"},{"2006":"61","2015":"78","Year":"25-34"},{"2006":"63","2015":"84","Year":"35-44"},{"2006":"56","2015":"76","Year":"45-54"},{"2006":"36","2015":"72","Year":"55-64"},{"2006":"9","2015":"45","Year":"65+"},{"2006":"45","2015":"72","Year":"All"}],"headers":["Year","2006","2015"],"series":["2006","2015"],"categories":["16-24","25-34","35-44","45-54","55-64","65+","All"],"aspectRatio":"0.56","chartType":"bar","files":[],"isTimeSeries":true,"timeSeries":[{"":"55-64","date":"2006-01-01T00:00:00.000Z","label":"2006"},{"":"","date":"2015-01-01T00:00:00.000Z","label":"2015"}]}