{"type":"chart","title":"Figure 2: Daily internet use by adults, 2006 to 2015, Great Britain","filename":"5ba73ab7","uri":"/peoplepopulationandcommunity/householdcharacteristics/homeinternetandsocialmediausage/bulletins/internetaccesshouseholdsandindividuals/2015-08-06/5ba73ab7","subtitle":"","unit":"%","source":"Office for National Statistics","decimalPlaces":"","labelInterval":"","notes":"","altText":"Daily internet use by adults, 2006 to 2015","data":[{"":"2006","Daily or almost every day":"35","date":"2006-01-01T00:00:00.000Z","label":"2006"},{"":"2007","Daily or almost every day":"45","date":"2007-01-01T00:00:00.000Z","label":"2007"},{"":"2008","Daily or almost every day":"49","date":"2008-01-01T00:00:00.000Z","label":"2008"},{"":"2009","Daily or almost every day":"55","date":"2009-01-01T00:00:00.000Z","label":"2009"},{"":"2010","Daily or almost every day":"60","date":"2010-01-01T00:00:00.000Z","label":"2010"},{"":"2011","Daily or almost every day":"64","date":"2011-01-01T00:00:00.000Z","label":"2011"},{"":"2012","Daily or almost every day":"68","date":"2012-01-01T00:00:00.000Z","label":"2012"},{"":"2013","Daily or almost every day":"73","date":"2013-01-01T00:00:00.000Z","label":"2013"},{"":"2014","Daily or almost every day":"76","date":"2014-01-01T00:00:00.000Z","label":"2014"},{"":"2015","Daily or almost every day":"78","date":"2015-01-01T00:00:00.000Z","label":"2015"}],"headers":["","Daily or almost every day"],"series":["Daily or almost every day"],"categories":["2006","2007","2008","2009","2010","2011","2012","2013","2014","2015"],"aspectRatio":"0.56","chartType":"bar","files":[],"isTimeSeries":true,"timeSeries":[{"":"2006","Daily or almost every day":"35","date":"2006-01-01T00:00:00.000Z","label":"2006"},{"":"2007","Daily or almost every day":"45","date":"2007-01-01T00:00:00.000Z","label":"2007"},{"":"2008","Daily or almost every day":"49","date":"2008-01-01T00:00:00.000Z","label":"2008"},{"":"2009","Daily or almost every day":"55","date":"2009-01-01T00:00:00.000Z","label":"2009"},{"":"2010","Daily or almost every day":"60","date":"2010-01-01T00:00:00.000Z","label":"2010"},{"":"2011","Daily or almost every day":"64","date":"2011-01-01T00:00:00.000Z","label":"2011"},{"":"2012","Daily or almost every day":"68","date":"2012-01-01T00:00:00.000Z","label":"2012"},{"":"2013","Daily or almost every day":"73","date":"2013-01-01T00:00:00.000Z","label":"2013"},{"":"2014","Daily or almost every day":"76","date":"2014-01-01T00:00:00.000Z","label":"2014"},{"":"2015","Daily or almost every day":"78","date":"2015-01-01T00:00:00.000Z","label":"2015"}]}