{"type":"chart","title":"Figure 5: Internet activities by age group, 2015, Great Britain","filename":"9ed1053e","uri":"/peoplepopulationandcommunity/householdcharacteristics/homeinternetandsocialmediausage/bulletins/internetaccesshouseholdsandindividuals/2015-08-06/9ed1053e","subtitle":"","unit":"%","source":"Office for National Statistics","decimalPlaces":"","labelInterval":"","notes":"","altText":"Figure 5: Internet activities by age group, 2015, Great Britain","data":[{"":"Social networking (eg Facebook or Twitter)","16-24":"92","25-34":"85","35-44":"72","45-54":"56","55-64":"44","65+":"15"},{"":"Looking for information about education training or courses","16-24":"59","25-34":"47","35-44":"48","45-54":"36","55-64":"24","65+":"8"},{"":"Looking for a job or sending a job application","16-24":"50","25-34":"35","35-44":"28","45-54":"24","55-64":"9","65+":"1"},{"":"Reading online news newspapers or magazines","16-24":"73","25-34":"77","35-44":"74","45-54":"63","55-64":"53","65+":"32"},{"":"Uploading content created by you to a website to be shared","16-24":"55","25-34":"56","35-44":"54","45-54":"42","55-64":"32","65+":"16"}],"headers":["","16-24","25-34","35-44","45-54","55-64","65+"],"series":["16-24","25-34","35-44","45-54","55-64","65+"],"categories":["Social networking (eg Facebook or Twitter)","Looking for information about education, training or courses","Looking for a job or sending a job application","Reading online news, newspapers or magazines","Uploading content created by you to a website to be shared"],"aspectRatio":"0.56","chartType":"rotated","files":[]}