{"type":"chart","title":"Figure 7: Main language other than English","filename":"52fe315e","uri":"/peoplepopulationandcommunity/culturalidentity/ethnicity/bulletins/detailedcharacteristicsforenglandandwales/2013-05-16/52fe315e","subtitle":"England and Wales, 2011, all usual residents aged 3 and over whose main language is not English","unit":"per cent","source":"Census - Office for National Statistics","legend":"false","hideLegend":true,"notes":"","altText":"Figure 7: Main language other than English","data":[{"Age":"Age 3 to 15","Polish":"14.9","Panjabi":"5.0","Urdu":"7.2","Bengali (with Sylheti and Chatgaya)":"8.5","Gujarati":"3.7","Chinese":"2.2"},{"Age":"Age 16 to 24","Polish":"11.9","Panjabi":"3.8","Urdu":"5.2","Bengali (with Sylheti and Chatgaya)":"4.8","Gujarati":"3.1","Chinese":"12.1"},{"Age":"Age 25 to 34","Polish":"21.5","Panjabi":"3.7","Urdu":"5.7","Bengali (with Sylheti and Chatgaya)":"4.2","Gujarati":"2.6","Chinese":"3.6"},{"Age":"Age 35 to 49","Polish":"9.5","Panjabi":"5.7","Urdu":"6.5","Bengali (with Sylheti and Chatgaya)":"5.6","Gujarati":"3.9","Chinese":"3.8"},{"Age":"Age 50 to 64","Polish":"6.3","Panjabi":"14.1","Urdu":"8.3","Bengali (with Sylheti and Chatgaya)":"5.0","Gujarati":"12.4","Chinese":"5.6"},{"Age":"Age 65 to 74","Polish":"1.8","Panjabi":"17.1","Urdu":"8.8","Bengali (with Sylheti and Chatgaya)":"6.2","Gujarati":"14.0","Chinese":"4.5"},{"Age":"Age 75 to 84","Polish":"3.5","Panjabi":"17.8","Urdu":"7.9","Bengali (with Sylheti and Chatgaya)":"5.2","Gujarati":"14.2","Chinese":"4.7"},{"Age":"Age 85 and over","Polish":"10.9","Panjabi":"14.5","Urdu":"4.5","Bengali (with Sylheti and Chatgaya)":"1.9","Gujarati":"13.2","Chinese":"4.3"}],"headers":["Age","Polish","Panjabi","Urdu","Bengali (with Sylheti and Chatgaya)","Gujarati","Chinese"],"series":["Polish","Panjabi","Urdu","Bengali (with Sylheti and Chatgaya)","Gujarati","Chinese"],"categories":["Age 3 to 15","Age 16 to 24","Age 25 to 34","Age 35 to 49","Age 50 to 64","Age 65 to 74","Age 75 to 84","Age 85 and over"],"aspectRatio":"0.56","chartType":"barline","files":[{"type":"download-png","filename":"52fe315e-download.png"},{"type":"png","filename":"52fe315e.png"}],"chartTypes":{"Polish":"bar","Panjabi":"bar","Urdu":"bar","Bengali (with Sylheti and Chatgaya)":"bar","Gujarati":"bar","Chinese":"bar"},"groups":[["Polish","Panjabi","Urdu","Bengali (with Sylheti and Chatgaya)","Gujarati","Chinese"]]}