{"type":"chart","title":"Figure 1: Ethnic group: median age","filename":"6296a384","uri":"/peoplepopulationandcommunity/culturalidentity/ethnicity/bulletins/detailedcharacteristicsforenglandandwales/2013-05-16/6296a384","subtitle":"England and Wales, 2011, all usual residents","unit":"Years","source":"Census - Office for National Statistics","legend":"false","hideLegend":true,"notes":"","altText":"Figure 1: Ethnic group: median age","data":[{"":"All categories: Ethnic group","Median age":"39"},{"":"White: British","Median age":"42"},{"":"White: Irish","Median age":"53"},{"":"White: Gypsy or Irish Traveller","Median age":"26"},{"":"White: Other White","Median age":"31"},{"":"Mixed/multiple ethnic groups: White and Black Caribbean","Median age":"18"},{"":"Mixed/multiple ethnic groups: White and Black African","Median age":"16"},{"":"Mixed/multiple ethnic groups: White and Asian","Median age":"17"},{"":"Mixed/multiple ethnic groups: Other Mixed","Median age":"20"},{"":"Asian/Asian British: Indian","Median age":"32"},{"":"Asian/Asian British: Pakistani","Median age":"25"},{"":"Asian/Asian British: Bangladeshi","Median age":"24"},{"":"Asian/Asian British: Chinese","Median age":"28"},{"":"Asian/Asian British: Other Asian","Median age":"31"},{"":"Black/Black British: African","Median age":"28"},{"":"Black/Black British: Caribbean","Median age":"40"},{"":"Black/African/Caribbean/Black British: Other Black","Median age":"23"},{"":"Other ethnic group: Arab","Median age":"27"},{"":"Other ethnic group: Any other ethnic group","Median age":"31"}],"headers":["","Median age"],"series":["Median age"],"categories":["All categories: Ethnic group","White: British","White: Irish","White: Gypsy or Irish Traveller","White: Other White","Mixed/multiple ethnic groups: White and Black Caribbean","Mixed/multiple ethnic groups: White and Black African","Mixed/multiple ethnic groups: White and Asian","Mixed/multiple ethnic groups: Other Mixed","Asian/Asian British: Indian","Asian/Asian British: Pakistani","Asian/Asian British: Bangladeshi","Asian/Asian British: Chinese","Asian/Asian British: Other Asian","Black/Black British: African","Black/Black British: Caribbean","Black/African/Caribbean/Black British: Other Black","Other ethnic group: Arab","Other ethnic group: Any other ethnic group"],"aspectRatio":"1.3","chartType":"rotated","files":[{"type":"download-png","filename":"6296a384-download.png"},{"type":"png","filename":"6296a384.png"}]}