{"type":"chart","title":"Figure 5: Year of arrival in the UK by country of birth","filename":"87bb8603","uri":"/peoplepopulationandcommunity/culturalidentity/ethnicity/bulletins/detailedcharacteristicsforenglandandwales/2013-05-16/87bb8603","subtitle":"England and Wales, 2011","unit":"Thousands","source":"Census - Office for National Statistics","legend":"top-right","hideLegend":false,"notes":"1. Year of arrival in the UK counts the most recent year of arrival of those not born in the UK. For example an individual who arrives in 1961 and leaves in 1980 only to arrive again in 2005, will only be counted as arriving in 2005\n2. For each year of arrival an estimate is given of all those who were usually resident in England and Wales in 2011. It does not count anyone who left the country before the 2011 Census. This means that those arriving earlier have more ‘opportunity’ (in terms of time) to leave the country than those arriving more recently.","altText":"Figure 5: Year of arrival in the UK by country of birth","data":[{"":"Europe","Arrived before 1961":"322.0","Arrived 1961-1970":"198.8","Arrived 1971-1980":"140.0","Arrived 1981-1990":"175.5","Arrived 1991-2000":"367.2","Arrived 2001-2011":"1544.9"},{"":"Africa","Arrived before 1961":"35.8","Arrived 1961-1970":"100.0","Arrived 1971-1980":"147.1","Arrived 1981-1990":"135.8","Arrived 1991-2000":"295.5","Arrived 2001-2011":"598.3"},{"":"Middle East and Asia","Arrived before 1961":"94.4","Arrived 1961-1970":"238.5","Arrived 1971-1980":"279.2","Arrived 1981-1990":"275.1","Arrived 1991-2000":"433.9","Arrived 2001-2011":"1266.0"},{"":"The Americas and the Caribbean","Arrived before 1961":"79.2","Arrived 1961-1970":"117.7","Arrived 1971-1980":"46.0","Arrived 1981-1990":"50.1","Arrived 1991-2000":"111.9","Arrived 2001-2011":"268.6"},{"":"Antartica and Oceania","Arrived before 1961":"9.1","Arrived 1961-1970":"11.8","Arrived 1971-1980":"16.7","Arrived 1981-1990":"16.1","Arrived 1991-2000":"31.0","Arrived 2001-2011":"98.7"}],"headers":["","Arrived before 1961","Arrived 1961-1970","Arrived 1971-1980","Arrived 1981-1990","Arrived 1991-2000","Arrived 2001-2011"],"series":["Arrived before 1961","Arrived 1961-1970","Arrived 1971-1980","Arrived 1981-1990","Arrived 1991-2000","Arrived 2001-2011"],"categories":["Europe","Africa","Middle East and Asia","The Americas and the Caribbean","Antartica and Oceania"],"aspectRatio":"0.56","chartType":"barline","files":[{"type":"download-png","filename":"87bb8603-download.png"},{"type":"png","filename":"87bb8603.png"}],"chartTypes":{"Arrived before 1961":"bar","Arrived 1961-1970":"bar","Arrived 1971-1980":"bar","Arrived 1981-1990":"bar","Arrived 1991-2000":"bar","Arrived 2001-2011":"bar"},"groups":[["Arrived before 1961","Arrived 1961-1970","Arrived 1971-1980","Arrived 1981-1990","Arrived 1991-2000","Arrived 2001-2011"]]}