{"type":"chart","title":"Figure 8: Proficiency in English: can speak English 'well' or 'very well'","filename":"ad2db82e","uri":"/peoplepopulationandcommunity/culturalidentity/ethnicity/bulletins/detailedcharacteristicsforenglandandwales/2013-05-16/ad2db82e","subtitle":"England and Wales, 2011, all usual residents aged 3 and over whose main language is not English","unit":"per cent","source":"Census - Office for National Statistics","legend":"false","hideLegend":true,"notes":"","altText":"Figure 8: Proficiency in English: can speak English 'well' or 'very well'","data":[{"Age":"3-4","Males":"56","Females":"58","date":"2001-03-04T00:00:00.000Z","label":"3-4"},{"Age":"5-9","Males":"86","Females":"89","date":"2001-05-08T23:00:00.000Z","label":"5-9"},{"Age":"10-14","Males":"93","Females":"94"},{"Age":"15-19","Males":"91","Females":"93"},{"Age":"20-24","Males":"89","Females":"85"},{"Age":"25-29","Males":"87","Females":"84"},{"Age":"30-34","Males":"86","Females":"83"},{"Age":"35-39","Males":"83","Females":"79"},{"Age":"40-44","Males":"79","Females":"74"},{"Age":"45-49","Males":"77","Females":"69"},{"Age":"50-54","Males":"75","Females":"64"},{"Age":"55-59","Males":"75","Females":"60"},{"Age":"60-64","Males":"77","Females":"60"},{"Age":"65-69","Males":"75","Females":"55"},{"Age":"70-74","Males":"71","Females":"45"},{"Age":"75-79","Males":"64","Females":"38"},{"Age":"80-84","Males":"58","Females":"40"},{"Age":"85+","Males":"57","Females":"40"}],"headers":["Age","Males","Females"],"series":["Males","Females"],"categories":["3-4","5-9","10-14","15-19","20-24","25-29","30-34","35-39","40-44","45-49","50-54","55-59","60-64","65-69","70-74","75-79","80-84","85+"],"aspectRatio":"0.56","chartType":"barline","files":[{"type":"download-png","filename":"ad2db82e-download.png"},{"type":"png","filename":"ad2db82e.png"}],"isTimeSeries":true,"timeSeries":[{"Age":"3-4","Males":"56","Females":"58","date":"2001-03-04T00:00:00.000Z","label":"3-4"},{"Age":"5-9","Males":"86","Females":"89","date":"2001-05-08T23:00:00.000Z","label":"5-9"}],"chartTypes":{"Males":"line","Females":"line"},"groups":[[]]}