{"items":[{"uri":"/economy/inflationandpriceindices/timeseries/d7g7"},{"uri":"/economy/inflationandpriceindices/timeseries/czbh"},{"uri":"/economy/inflationandpriceindices/timeseries/l55o"},{"uri":"/economy/inflationandpriceindices/timeseries/kvr9"},{"uri":"/economy/inflationandpriceindices/timeseries/d7bt"},{"uri":"/economy/inflationandpriceindices/timeseries/chaw"},{"uri":"/economy/inflationandpriceindices/timeseries/l522"},{"uri":"/economy/inflationandpriceindices/timeseries/kvr8"}],"datasets":[{"uri":"/economy/inflationandpriceindices/datasets/consumerpriceindices"},{"uri":"/economy/inflationandpriceindices/datasets/producerpriceindex"},{"uri":"/economy/inflationandpriceindices/datasets/producerpriceindexstatisticalbulletindataset"},{"uri":"/economy/inflationandpriceindices/datasets/serviceproducerpriceindices"},{"uri":"/economy/inflationandpriceindices/datasets/housepriceindexweightsanalysis"},{"uri":"/economy/inflationandpriceindices/datasets/aerospaceandelectronicscostindices"}],"statsBulletins":[{"uri":"/economy/inflationandpriceindices/bulletins/consumerpriceinflation/2015-07-14"},{"uri":"/economy/inflationandpriceindices/bulletins/producerpriceinflation/2015-07-14"},{"uri":"/economy/inflationandpriceindices/bulletins/housepriceindex/2015-07-14"},{"uri":"/economy/inflationandpriceindices/bulletins/indexofprivatehousingrentalprices/2015-04-24"},{"uri":"/economy/inflationandpriceindices/bulletins/servicesproducerpriceindices/2015-05-27"}],"relatedArticles":[],"index":5,"type":"product_page","uri":"/economy/inflationandpriceindices","breadcrumb":[{"uri":"/"},{"uri":"/economy"}],"description":{"title":"Inflation and price indices","summary":"We use price indices such as the Consumer Prices Index (CPI) to assess inflation - a measure of the rate of increase in prices for goods and services. One way to understand the CPI is to think of a large shopping basket containing a selection of the goods and services bought by households. The CPI estimates changes to the total cost of this basket."}}