{
  "years": [
    {
      "date": "1999",
      "value": "110",
      "year": "1999",
      "month": "",
      "quarter": "",
      "sourceDataset": "",
      "updateDate": "2015-07-09T00:48:25.543Z"
    },
    {
      "date": "2000",
      "value": "107",
      "year": "2000",
      "month": "",
      "quarter": "",
      "sourceDataset": "",
      "updateDate": "2015-07-09T00:48:25.543Z"
    },
    {
      "date": "2001",
      "value": "98",
      "year": "2001",
      "month": "",
      "quarter": "",
      "sourceDataset": "",
      "updateDate": "2015-07-09T00:48:25.543Z"
    },
    {
      "date": "2002",
      "value": "84",
      "year": "2002",
      "month": "",
      "quarter": "",
      "sourceDataset": "",
      "updateDate": "2015-07-09T00:48:25.543Z"
    },
    {
      "date": "2003",
      "value": "78",
      "year": "2003",
      "month": "",
      "quarter": "",
      "sourceDataset": "",
      "updateDate": "2015-07-09T00:48:25.543Z"
    },
    {
      "date": "2004",
      "value": "79",
      "year": "2004",
      "month": "",
      "quarter": "",
      "sourceDataset": "",
      "updateDate": "2015-07-09T00:48:25.543Z"
    },
    {
      "date": "2005",
      "value": "74",
      "year": "2005",
      "month": "",
      "quarter": "",
      "sourceDataset": "",
      "updateDate": "2015-07-09T00:48:25.543Z"
    },
    {
      "date": "2006",
      "value": "68",
      "year": "2006",
      "month": "",
      "quarter": "",
      "sourceDataset": "",
      "updateDate": "2015-07-09T00:48:25.543Z"
    },
    {
      "date": "2007",
      "value": "61",
      "year": "2007",
      "month": "",
      "quarter": "",
      "sourceDataset": "",
      "updateDate": "2015-07-09T00:48:25.543Z"
    },
    {
      "date": "2008",
      "value": "53",
      "year": "2008",
      "month": "",
      "quarter": "",
      "sourceDataset": "",
      "updateDate": "2015-07-09T00:48:25.543Z"
    },
    {
      "date": "2009",
      "value": "52",
      "year": "2009",
      "month": "",
      "quarter": "",
      "sourceDataset": "",
      "updateDate": "2015-07-09T00:48:25.543Z"
    },
    {
      "date": "2010",
      "value": "47",
      "year": "2010",
      "month": "",
      "quarter": "",
      "sourceDataset": "",
      "updateDate": "2015-07-09T00:48:25.543Z"
    },
    {
      "date": "2011",
      "value": "43",
      "year": "2011",
      "month": "",
      "quarter": "",
      "sourceDataset": "",
      "updateDate": "2015-07-09T00:48:25.543Z"
    },
    {
      "date": "2012",
      "value": "42",
      "year": "2012",
      "month": "",
      "quarter": "",
      "sourceDataset": "",
      "updateDate": "2015-07-09T00:48:25.543Z"
    },
    {
      "date": "2013",
      "value": "40",
      "year": "2013",
      "month": "",
      "quarter": "",
      "sourceDataset": "",
      "updateDate": "2015-07-09T00:48:25.543Z"
    },
    {
      "date": "2014",
      "value": "39",
      "year": "2014",
      "month": "",
      "quarter": "",
      "sourceDataset": "",
      "updateDate": "2015-07-09T00:48:25.543Z"
    }
  ],
  "quarters": [
    {
      "date": "1999 Q1",
      "value": "110",
      "year": "1999",
      "month": "",
      "quarter": "Q1",
      "sourceDataset": "",
      "updateDate": "2015-07-09T00:48:25.543Z"
    },
    {
      "date": "1999 Q2",
      "value": "110",
      "year": "1999",
      "month": "",
      "quarter": "Q2",
      "sourceDataset": "",
      "updateDate": "2015-07-09T00:48:25.543Z"
    },
    {
      "date": "1999 Q3",
      "value": "109",
      "year": "1999",
      "month": "",
      "quarter": "Q3",
      "sourceDataset": "",
      "updateDate": "2015-07-09T00:48:25.543Z"
    },
    {
      "date": "1999 Q4",
      "value": "109",
      "year": "1999",
      "month": "",
      "quarter": "Q4",
      "sourceDataset": "",
      "updateDate": "2015-07-09T00:48:25.543Z"
    },
    {
      "date": "2000 Q1",
      "value": "109",
      "year": "2000",
      "month": "",
      "quarter": "Q1",
      "sourceDataset": "",
      "updateDate": "2015-07-09T00:48:25.543Z"
    },
    {
      "date": "2000 Q2",
      "value": "107",
      "year": "2000",
      "month": "",
      "quarter": "Q2",
      "sourceDataset": "",
      "updateDate": "2015-07-09T00:48:25.543Z"
    },
    {
      "date": "2000 Q3",
      "value": "97",
      "year": "2000",
      "month": "",
      "quarter": "Q3",
      "sourceDataset": "",
      "updateDate": "2015-07-09T00:48:25.543Z"
    },
    {
      "date": "2000 Q4",
      "value": "97",
      "year": "2000",
      "month": "",
      "quarter": "Q4",
      "sourceDataset": "",
      "updateDate": "2015-07-09T00:48:25.543Z"
    },
    {
      "date": "2001 Q1",
      "value": "98",
      "year": "2001",
      "month": "",
      "quarter": "Q1",
      "sourceDataset": "",
      "updateDate": "2015-07-09T00:48:25.543Z"
    },
    {
      "date": "2001 Q2",
      "value": "98",
      "year": "2001",
      "month": "",
      "quarter": "Q2",
      "sourceDataset": "",
      "updateDate": "2015-07-09T00:48:25.543Z"
    },
    {
      "date": "2001 Q3",
      "value": "85",
      "year": "2001",
      "month": "",
      "quarter": "Q3",
      "sourceDataset": "",
      "updateDate": "2015-07-09T00:48:25.543Z"
    },
    {
      "date": "2001 Q4",
      "value": "83",
      "year": "2001",
      "month": "",
      "quarter": "Q4",
      "sourceDataset": "",
      "updateDate": "2015-07-09T00:48:25.543Z"
    },
    {
      "date": "2002 Q1",
      "value": "84",
      "year": "2002",
      "month": "",
      "quarter": "Q1",
      "sourceDataset": "",
      "updateDate": "2015-07-09T00:48:25.543Z"
    },
    {
      "date": "2002 Q2",
      "value": "84",
      "year": "2002",
      "month": "",
      "quarter": "Q2",
      "sourceDataset": "",
      "updateDate": "2015-07-09T00:48:25.543Z"
    },
    {
      "date": "2002 Q3",
      "value": "78",
      "year": "2002",
      "month": "",
      "quarter": "Q3",
      "sourceDataset": "",
      "updateDate": "2015-07-09T00:48:25.543Z"
    },
    {
      "date": "2002 Q4",
      "value": "76",
      "year": "2002",
      "month": "",
      "quarter": "Q4",
      "sourceDataset": "",
      "updateDate": "2015-07-09T00:48:25.543Z"
    },
    {
      "date": "2003 Q1",
      "value": "80",
      "year": "2003",
      "month": "",
      "quarter": "Q1",
      "sourceDataset": "",
      "updateDate": "2015-07-09T00:48:25.543Z"
    },
    {
      "date": "2003 Q2",
      "value": "78",
      "year": "2003",
      "month": "",
      "quarter": "Q2",
      "sourceDataset": "",
      "updateDate": "2015-07-09T00:48:25.543Z"
    },
    {
      "date": "2003 Q3",
      "value": "78",
      "year": "2003",
      "month": "",
      "quarter": "Q3",
      "sourceDataset": "",
      "updateDate": "2015-07-09T00:48:25.543Z"
    },
    {
      "date": "2003 Q4",
      "value": "79",
      "year": "2003",
      "month": "",
      "quarter": "Q4",
      "sourceDataset": "",
      "updateDate": "2015-07-09T00:48:25.543Z"
    },
    {
      "date": "2004 Q1",
      "value": "80",
      "year": "2004",
      "month": "",
      "quarter": "Q1",
      "sourceDataset": "",
      "updateDate": "2015-07-09T00:48:25.543Z"
    },
    {
      "date": "2004 Q2",
      "value": "79",
      "year": "2004",
      "month": "",
      "quarter": "Q2",
      "sourceDataset": "",
      "updateDate": "2015-07-09T00:48:25.543Z"
    },
    {
      "date": "2004 Q3",
      "value": "73",
      "year": "2004",
      "month": "",
      "quarter": "Q3",
      "sourceDataset": "",
      "updateDate": "2015-07-09T00:48:25.543Z"
    },
    {
      "date": "2004 Q4",
      "value": "74",
      "year": "2004",
      "month": "",
      "quarter": "Q4",
      "sourceDataset": "",
      "updateDate": "2015-07-09T00:48:25.543Z"
    },
    {
      "date": "2005 Q1",
      "value": "74",
      "year": "2005",
      "month": "",
      "quarter": "Q1",
      "sourceDataset": "",
      "updateDate": "2015-07-09T00:48:25.543Z"
    },
    {
      "date": "2005 Q2",
      "value": "74",
      "year": "2005",
      "month": "",
      "quarter": "Q2",
      "sourceDataset": "",
      "updateDate": "2015-07-09T00:48:25.543Z"
    },
    {
      "date": "2005 Q3",
      "value": "68",
      "year": "2005",
      "month": "",
      "quarter": "Q3",
      "sourceDataset": "",
      "updateDate": "2015-07-09T00:48:25.543Z"
    },
    {
      "date": "2005 Q4",
      "value": "68",
      "year": "2005",
      "month": "",
      "quarter": "Q4",
      "sourceDataset": "",
      "updateDate": "2015-07-09T00:48:25.543Z"
    },
    {
      "date": "2006 Q1",
      "value": "67",
      "year": "2006",
      "month": "",
      "quarter": "Q1",
      "sourceDataset": "",
      "updateDate": "2015-07-09T00:48:25.543Z"
    },
    {
      "date": "2006 Q2",
      "value": "68",
      "year": "2006",
      "month": "",
      "quarter": "Q2",
      "sourceDataset": "",
      "updateDate": "2015-07-09T00:48:25.543Z"
    },
    {
      "date": "2006 Q3",
      "value": "60",
      "year": "2006",
      "month": "",
      "quarter": "Q3",
      "sourceDataset": "",
      "updateDate": "2015-07-09T00:48:25.543Z"
    },
    {
      "date": "2006 Q4",
      "value": "61",
      "year": "2006",
      "month": "",
      "quarter": "Q4",
      "sourceDataset": "",
      "updateDate": "2015-07-09T00:48:25.543Z"
    },
    {
      "date": "2007 Q1",
      "value": "61",
      "year": "2007",
      "month": "",
      "quarter": "Q1",
      "sourceDataset": "",
      "updateDate": "2015-07-09T00:48:25.543Z"
    },
    {
      "date": "2007 Q2",
      "value": "61",
      "year": "2007",
      "month": "",
      "quarter": "Q2",
      "sourceDataset": "",
      "updateDate": "2015-07-09T00:48:25.543Z"
    },
    {
      "date": "2007 Q3",
      "value": "59",
      "year": "2007",
      "month": "",
      "quarter": "Q3",
      "sourceDataset": "",
      "updateDate": "2015-07-09T00:48:25.543Z"
    },
    {
      "date": "2007 Q4",
      "value": "57",
      "year": "2007",
      "month": "",
      "quarter": "Q4",
      "sourceDataset": "",
      "updateDate": "2015-07-09T00:48:25.543Z"
    },
    {
      "date": "2008 Q1",
      "value": "55",
      "year": "2008",
      "month": "",
      "quarter": "Q1",
      "sourceDataset": "",
      "updateDate": "2015-07-09T00:48:25.543Z"
    },
    {
      "date": "2008 Q2",
      "value": "53",
      "year": "2008",
      "month": "",
      "quarter": "Q2",
      "sourceDataset": "",
      "updateDate": "2015-07-09T00:48:25.543Z"
    },
    {
      "date": "2008 Q3",
      "value": "53",
      "year": "2008",
      "month": "",
      "quarter": "Q3",
      "sourceDataset": "",
      "updateDate": "2015-07-09T00:48:25.543Z"
    },
    {
      "date": "2008 Q4",
      "value": "53",
      "year": "2008",
      "month": "",
      "quarter": "Q4",
      "sourceDataset": "",
      "updateDate": "2015-07-09T00:48:25.543Z"
    },
    {
      "date": "2009 Q1",
      "value": "52",
      "year": "2009",
      "month": "",
      "quarter": "Q1",
      "sourceDataset": "",
      "updateDate": "2015-07-09T00:48:25.543Z"
    },
    {
      "date": "2009 Q2",
      "value": "52",
      "year": "2009",
      "month": "",
      "quarter": "Q2",
      "sourceDataset": "",
      "updateDate": "2015-07-09T00:48:25.543Z"
    },
    {
      "date": "2009 Q3",
      "value": "49",
      "year": "2009",
      "month": "",
      "quarter": "Q3",
      "sourceDataset": "",
      "updateDate": "2015-07-09T00:48:25.543Z"
    },
    {
      "date": "2009 Q4",
      "value": "50",
      "year": "2009",
      "month": "",
      "quarter": "Q4",
      "sourceDataset": "",
      "updateDate": "2015-07-09T00:48:25.543Z"
    },
    {
      "date": "2010 Q1",
      "value": "49",
      "year": "2010",
      "month": "",
      "quarter": "Q1",
      "sourceDataset": "",
      "updateDate": "2015-07-09T00:48:25.543Z"
    },
    {
      "date": "2010 Q2",
      "value": "47",
      "year": "2010",
      "month": "",
      "quarter": "Q2",
      "sourceDataset": "",
      "updateDate": "2015-07-09T00:48:25.543Z"
    },
    {
      "date": "2010 Q3",
      "value": "47",
      "year": "2010",
      "month": "",
      "quarter": "Q3",
      "sourceDataset": "",
      "updateDate": "2015-07-09T00:48:25.543Z"
    },
    {
      "date": "2010 Q4",
      "value": "45",
      "year": "2010",
      "month": "",
      "quarter": "Q4",
      "sourceDataset": "",
      "updateDate": "2015-07-09T00:48:25.543Z"
    },
    {
      "date": "2011 Q1",
      "value": "44",
      "year": "2011",
      "month": "",
      "quarter": "Q1",
      "sourceDataset": "",
      "updateDate": "2015-07-09T00:48:25.543Z"
    },
    {
      "date": "2011 Q2",
      "value": "43",
      "year": "2011",
      "month": "",
      "quarter": "Q2",
      "sourceDataset": "",
      "updateDate": "2015-07-09T00:48:25.543Z"
    },
    {
      "date": "2011 Q3",
      "value": "42",
      "year": "2011",
      "month": "",
      "quarter": "Q3",
      "sourceDataset": "",
      "updateDate": "2015-07-09T00:48:25.543Z"
    },
    {
      "date": "2011 Q4",
      "value": "41",
      "year": "2011",
      "month": "",
      "quarter": "Q4",
      "sourceDataset": "",
      "updateDate": "2015-07-09T00:48:25.543Z"
    },
    {
      "date": "2012 Q1",
      "value": "41",
      "year": "2012",
      "month": "",
      "quarter": "Q1",
      "sourceDataset": "",
      "updateDate": "2015-07-09T00:48:25.543Z"
    },
    {
      "date": "2012 Q2",
      "value": "42",
      "year": "2012",
      "month": "",
      "quarter": "Q2",
      "sourceDataset": "",
      "updateDate": "2015-07-09T00:48:25.543Z"
    },
    {
      "date": "2012 Q3",
      "value": "42",
      "year": "2012",
      "month": "",
      "quarter": "Q3",
      "sourceDataset": "",
      "updateDate": "2015-07-09T00:48:25.543Z"
    },
    {
      "date": "2012 Q4",
      "value": "42",
      "year": "2012",
      "month": "",
      "quarter": "Q4",
      "sourceDataset": "",
      "updateDate": "2015-07-09T00:48:25.543Z"
    },
    {
      "date": "2013 Q1",
      "value": "41",
      "year": "2013",
      "month": "",
      "quarter": "Q1",
      "sourceDataset": "",
      "updateDate": "2015-07-09T00:48:25.543Z"
    },
    {
      "date": "2013 Q2",
      "value": "40",
      "year": "2013",
      "month": "",
      "quarter": "Q2",
      "sourceDataset": "",
      "updateDate": "2015-07-09T00:48:25.543Z"
    },
    {
      "date": "2013 Q3",
      "value": "40",
      "year": "2013",
      "month": "",
      "quarter": "Q3",
      "sourceDataset": "",
      "updateDate": "2015-07-09T00:48:25.543Z"
    },
    {
      "date": "2013 Q4",
      "value": "39",
      "year": "2013",
      "month": "",
      "quarter": "Q4",
      "sourceDataset": "",
      "updateDate": "2015-07-09T00:48:25.543Z"
    },
    {
      "date": "2014 Q1",
      "value": "39",
      "year": "2014",
      "month": "",
      "quarter": "Q1",
      "sourceDataset": "",
      "updateDate": "2015-07-09T00:48:25.543Z"
    },
    {
      "date": "2014 Q2",
      "value": "39",
      "year": "2014",
      "month": "",
      "quarter": "Q2",
      "sourceDataset": "",
      "updateDate": "2015-07-09T00:48:25.543Z"
    },
    {
      "date": "2014 Q3",
      "value": "39",
      "year": "2014",
      "month": "",
      "quarter": "Q3",
      "sourceDataset": "",
      "updateDate": "2015-07-09T00:48:25.543Z"
    },
    {
      "date": "2014 Q4",
      "value": "38",
      "year": "2014",
      "month": "",
      "quarter": "Q4",
      "sourceDataset": "",
      "updateDate": "2015-07-09T00:48:25.543Z"
    },
    {
      "date": "2015 Q1",
      "value": "36",
      "year": "2015",
      "month": "",
      "quarter": "Q1",
      "sourceDataset": "",
      "updateDate": "2015-07-09T00:48:25.543Z"
    }
  ],
  "months": [],
  "sourceDatasets": [
    ""
  ],
  "type": "timeseries",
  "uri": "/employmentandlabourmarket/publicsectorpersonnel/timeseries/g7er",
  "breadcrumb": [
    {
      "uri": "/"
    },
    {
      "uri": "/employmentandlabourmarket"
    },
    {
      "uri": "/employmentandlabourmarket/publicsectorpersonnel"
    }
  ],
  "description": {
    "title": "Public Sector Employment by Industry;Construction;UK;HC;SA; Thousands   ",
    "nationalStatistic": false,
    "latestRelease": false,
    "releaseDate": "2015-06-16T23:00:00.000Z",
    "nextRelease": "16 Sept 2015",
    "cdid": "G7ER",
    "unit": "",
    "preUnit": "",
    "source": "Office for National Statistics",
    "seasonalAdjustment": "NSA",
    "number": "36",
    "sampleSize": 0
  }
}