{"type":"chart","title":"Figure 12: Ballots resulting in strike action","filename":"211caf1f","uri":"/employmentandlabourmarket/peopleinwork/workplacedisputesandworkingconditions/articles/labourdisputes/2015-07-16/211caf1f","subtitle":"United Kingdom; 2002 to 2014","unit":"","source":"Labour Disputes Statistics","legend":"false","hideLegend":true,"notes":"","altText":"A high percentage of ballots calling for strike action do result in \"yes\" votes. ","data":[{"Year":"2002","Total ballots":"806","Ballots calling for 'strike action'":"738","Ballots voting FOR strike action":"613","date":"2002-01-01T00:00:00.000Z","label":"2002"},{"Year":"2003","Total ballots":"899","Ballots calling for 'strike action'":"825","Ballots voting FOR strike action":"684","date":"2003-01-01T00:00:00.000Z","label":"2003"},{"Year":"2004","Total ballots":"952","Ballots calling for 'strike action'":"901","Ballots voting FOR strike action":"746","date":"2004-01-01T00:00:00.000Z","label":"2004"},{"Year":"2005","Total ballots":"815","Ballots calling for 'strike action'":"781","Ballots voting FOR strike action":"663","date":"2005-01-01T00:00:00.000Z","label":"2005"},{"Year":"2006","Total ballots":"1341","Ballots calling for 'strike action'":"1291","Ballots voting FOR strike action":"1094","date":"2006-01-01T00:00:00.000Z","label":"2006"},{"Year":"2007","Total ballots":"767","Ballots calling for 'strike action'":"713","Ballots voting FOR strike action":"637","date":"2007-01-01T00:00:00.000Z","label":"2007"},{"Year":"2008","Total ballots":"834","Ballots calling for 'strike action'":"794","Ballots voting FOR strike action":"658","date":"2008-01-01T00:00:00.000Z","label":"2008"},{"Year":"2009","Total ballots":"579","Ballots calling for 'strike action'":"561","Ballots voting FOR strike action":"458","date":"2009-01-01T00:00:00.000Z","label":"2009"},{"Year":"2010","Total ballots":"579","Ballots calling for 'strike action'":"555","Ballots voting FOR strike action":"487","date":"2010-01-01T00:00:00.000Z","label":"2010"},{"Year":"2011","Total ballots":"994","Ballots calling for 'strike action'":"964","Ballots voting FOR strike action":"904","date":"2011-01-01T00:00:00.000Z","label":"2011"},{"Year":"2012","Total ballots":"601","Ballots calling for 'strike action'":"585","Ballots voting FOR strike action":"487","date":"2012-01-01T00:00:00.000Z","label":"2012"},{"Year":"2013","Total ballots":"484","Ballots calling for 'strike action'":"469","Ballots voting FOR strike action":"417","date":"2013-01-01T00:00:00.000Z","label":"2013"},{"Year":"2014","Total ballots":"650","Ballots calling for 'strike action'":"628","Ballots voting FOR strike action":"550","date":"2014-01-01T00:00:00.000Z","label":"2014"}],"headers":["Year","Total ballots","Ballots calling for 'strike action'","Ballots voting FOR strike action"],"series":["Total ballots","Ballots calling for 'strike action'","Ballots voting FOR strike action"],"categories":["2002","2003","2004","2005","2006","2007","2008","2009","2010","2011","2012","2013","2014"],"aspectRatio":"0.56","chartType":"line","files":[{"type":"download-png","filename":"211caf1f-download.png"},{"type":"png","filename":"211caf1f.png"}],"isTimeSeries":true,"timeSeries":[{"Year":"2002","Total ballots":"806","Ballots calling for 'strike action'":"738","Ballots voting FOR strike action":"613","date":"2002-01-01T00:00:00.000Z","label":"2002"},{"Year":"2003","Total ballots":"899","Ballots calling for 'strike action'":"825","Ballots voting FOR strike action":"684","date":"2003-01-01T00:00:00.000Z","label":"2003"},{"Year":"2004","Total ballots":"952","Ballots calling for 'strike action'":"901","Ballots voting FOR strike action":"746","date":"2004-01-01T00:00:00.000Z","label":"2004"},{"Year":"2005","Total ballots":"815","Ballots calling for 'strike action'":"781","Ballots voting FOR strike action":"663","date":"2005-01-01T00:00:00.000Z","label":"2005"},{"Year":"2006","Total ballots":"1341","Ballots calling for 'strike action'":"1291","Ballots voting FOR strike action":"1094","date":"2006-01-01T00:00:00.000Z","label":"2006"},{"Year":"2007","Total ballots":"767","Ballots calling for 'strike action'":"713","Ballots voting FOR strike action":"637","date":"2007-01-01T00:00:00.000Z","label":"2007"},{"Year":"2008","Total ballots":"834","Ballots calling for 'strike action'":"794","Ballots voting FOR strike action":"658","date":"2008-01-01T00:00:00.000Z","label":"2008"},{"Year":"2009","Total ballots":"579","Ballots calling for 'strike action'":"561","Ballots voting FOR strike action":"458","date":"2009-01-01T00:00:00.000Z","label":"2009"},{"Year":"2010","Total ballots":"579","Ballots calling for 'strike action'":"555","Ballots voting FOR strike action":"487","date":"2010-01-01T00:00:00.000Z","label":"2010"},{"Year":"2011","Total ballots":"994","Ballots calling for 'strike action'":"964","Ballots voting FOR strike action":"904","date":"2011-01-01T00:00:00.000Z","label":"2011"},{"Year":"2012","Total ballots":"601","Ballots calling for 'strike action'":"585","Ballots voting FOR strike action":"487","date":"2012-01-01T00:00:00.000Z","label":"2012"},{"Year":"2013","Total ballots":"484","Ballots calling for 'strike action'":"469","Ballots voting FOR strike action":"417","date":"2013-01-01T00:00:00.000Z","label":"2013"},{"Year":"2014","Total ballots":"650","Ballots calling for 'strike action'":"628","Ballots voting FOR strike action":"550","date":"2014-01-01T00:00:00.000Z","label":"2014"}],"decimalPlaces":"","labelInterval":""}