{"type":"chart","title":"Figure 8: Working days lost (WDL) by principal cause of dispute","filename":"25298094","uri":"/employmentandlabourmarket/peopleinwork/workplacedisputesandworkingconditions/articles/labourdisputes/2015-07-16/25298094","subtitle":"United Kingdom, 2005 to 2014 ","unit":"","source":"Labour Disputes Statistics - Office for National Statistics","legend":"false","hideLegend":true,"notes":"","altText":"Pay was once again the principal cause of labour disputes.","data":[{"Category":"2005","Pay":"60","Redundancy":"11","Other":"29","date":"2005-01-01T00:00:00.000Z","label":"2005"},{"Category":"2006","Pay":"73","Redundancy":"22","Other":"5","date":"2006-01-01T00:00:00.000Z","label":"2006"},{"Category":"2007","Pay":"66","Redundancy":"2","Other":"32","date":"2007-01-01T00:00:00.000Z","label":"2007"},{"Category":"2008","Pay":"99","Redundancy":"0","Other":"1","date":"2008-01-01T00:00:00.000Z","label":"2008"},{"Category":"2009","Pay":"33","Redundancy":"60","Other":"7","date":"2009-01-01T00:00:00.000Z","label":"2009"},{"Category":"2010","Pay":"12","Redundancy":"85","Other":"3","date":"2010-01-01T00:00:00.000Z","label":"2010"},{"Category":"2011","Pay":"96","Redundancy":"3","Other":"1","date":"2011-01-01T00:00:00.000Z","label":"2011"},{"Category":"2012","Pay":"68","Redundancy":"20","Other":"12","date":"2012-01-01T00:00:00.000Z","label":"2012"},{"Category":"2013","Pay":"95","Redundancy":"3","Other":"2","date":"2013-01-01T00:00:00.000Z","label":"2013"},{"Category":"2014","Pay":"89","Redundancy":"8","Other":"3","date":"2014-01-01T00:00:00.000Z","label":"2014"}],"headers":["Category","Pay","Redundancy","Other"],"series":["Pay","Redundancy","Other"],"categories":["2005","2006","2007","2008","2009","2010","2011","2012","2013","2014"],"aspectRatio":"0.56","chartType":"barline","files":[{"type":"download-png","filename":"25298094-download.png"},{"type":"png","filename":"25298094.png"}],"chartTypes":{"Pay":"bar","Redundancy":"bar","Other":"bar"},"groups":[["Pay","Redundancy","Other"]],"decimalPlaces":"","labelInterval":"","isTimeSeries":true,"timeSeries":[{"Category":"2005","Pay":"60","Redundancy":"11","Other":"29","date":"2005-01-01T00:00:00.000Z","label":"2005"},{"Category":"2006","Pay":"73","Redundancy":"22","Other":"5","date":"2006-01-01T00:00:00.000Z","label":"2006"},{"Category":"2007","Pay":"66","Redundancy":"2","Other":"32","date":"2007-01-01T00:00:00.000Z","label":"2007"},{"Category":"2008","Pay":"99","Redundancy":"0","Other":"1","date":"2008-01-01T00:00:00.000Z","label":"2008"},{"Category":"2009","Pay":"33","Redundancy":"60","Other":"7","date":"2009-01-01T00:00:00.000Z","label":"2009"},{"Category":"2010","Pay":"12","Redundancy":"85","Other":"3","date":"2010-01-01T00:00:00.000Z","label":"2010"},{"Category":"2011","Pay":"96","Redundancy":"3","Other":"1","date":"2011-01-01T00:00:00.000Z","label":"2011"},{"Category":"2012","Pay":"68","Redundancy":"20","Other":"12","date":"2012-01-01T00:00:00.000Z","label":"2012"},{"Category":"2013","Pay":"95","Redundancy":"3","Other":"2","date":"2013-01-01T00:00:00.000Z","label":"2013"},{"Category":"2014","Pay":"89","Redundancy":"8","Other":"3","date":"2014-01-01T00:00:00.000Z","label":"2014"}]}