{"type":"chart","title":"Figure 1: Median working days lost (WDL) per stoppage","filename":"5ed8b6af","uri":"/employmentandlabourmarket/peopleinwork/workplacedisputesandworkingconditions/articles/labourdisputes/2015-07-16/5ed8b6af","subtitle":"United Kingdom, 2008 to 2014","unit":"Working days lost","source":"Office for National Statistics","legend":"false","hideLegend":true,"notes":"","altText":"The median is less volatile than the mean.","data":[{"Year":"2008","Median":"123","date":"2008-01-01T00:00:00.000Z","label":"2008"},{"Year":"2009","Median":"177","date":"2009-01-01T00:00:00.000Z","label":"2009"},{"Year":"2010","Median":"180","date":"2010-01-01T00:00:00.000Z","label":"2010"},{"Year":"2011","Median":"175","date":"2011-01-01T00:00:00.000Z","label":"2011"},{"Year":"2012","Median":"158","date":"2012-01-01T00:00:00.000Z","label":"2012"},{"Year":"2013","Median":"154","date":"2013-01-01T00:00:00.000Z","label":"2013"},{"Year":"2014","Median":"171","date":"2014-01-01T00:00:00.000Z","label":"2014"}],"headers":["Year","Median"],"series":["Median"],"categories":["2008","2009","2010","2011","2012","2013","2014"],"aspectRatio":"0.56","chartType":"bar","files":[{"type":"download-png","filename":"5ed8b6af-download.png"},{"type":"png","filename":"5ed8b6af.png"}],"isTimeSeries":true,"timeSeries":[{"Year":"2008","Median":"123","date":"2008-01-01T00:00:00.000Z","label":"2008"},{"Year":"2009","Median":"177","date":"2009-01-01T00:00:00.000Z","label":"2009"},{"Year":"2010","Median":"180","date":"2010-01-01T00:00:00.000Z","label":"2010"},{"Year":"2011","Median":"175","date":"2011-01-01T00:00:00.000Z","label":"2011"},{"Year":"2012","Median":"158","date":"2012-01-01T00:00:00.000Z","label":"2012"},{"Year":"2013","Median":"154","date":"2013-01-01T00:00:00.000Z","label":"2013"},{"Year":"2014","Median":"171","date":"2014-01-01T00:00:00.000Z","label":"2014"}],"decimalPlaces":"","labelInterval":""}