{"type":"chart","title":"Figure 2: Mean working days lost (WDL) per stoppage ","filename":"96db1c4e","uri":"/employmentandlabourmarket/peopleinwork/workplacedisputesandworkingconditions/articles/labourdisputes/2015-07-16/96db1c4e","subtitle":"United Kingdom, 2008 to 2014","unit":"Working days lost","source":"Office for National Statistics","legend":"false","hideLegend":true,"notes":"","altText":"The mean is more sensitive to one-off strikes, as seen in 2011.","data":[{"Year":"2008","Mean":"5372","date":"2008-01-01T00:00:00.000Z","label":"2008"},{"Year":"2009","Mean":"4692","date":"2009-01-01T00:00:00.000Z","label":"2009"},{"Year":"2010","Mean":"4030","date":"2010-01-01T00:00:00.000Z","label":"2010"},{"Year":"2011","Mean":"9958","date":"2011-01-01T00:00:00.000Z","label":"2011"},{"Year":"2012","Mean":"1821","date":"2012-01-01T00:00:00.000Z","label":"2012"},{"Year":"2013","Mean":"3925","date":"2013-01-01T00:00:00.000Z","label":"2013"},{"Year":"2014","Mean":"5041","date":"2014-01-01T00:00:00.000Z","label":"2014"}],"headers":["Year","Mean"],"series":["Mean"],"categories":["2008","2009","2010","2011","2012","2013","2014"],"aspectRatio":"0.56","chartType":"bar","files":[{"type":"download-png","filename":"96db1c4e-download.png"},{"type":"png","filename":"96db1c4e.png"}],"isTimeSeries":true,"timeSeries":[{"Year":"2008","Mean":"5372","date":"2008-01-01T00:00:00.000Z","label":"2008"},{"Year":"2009","Mean":"4692","date":"2009-01-01T00:00:00.000Z","label":"2009"},{"Year":"2010","Mean":"4030","date":"2010-01-01T00:00:00.000Z","label":"2010"},{"Year":"2011","Mean":"9958","date":"2011-01-01T00:00:00.000Z","label":"2011"},{"Year":"2012","Mean":"1821","date":"2012-01-01T00:00:00.000Z","label":"2012"},{"Year":"2013","Mean":"3925","date":"2013-01-01T00:00:00.000Z","label":"2013"},{"Year":"2014","Mean":"5041","date":"2014-01-01T00:00:00.000Z","label":"2014"}],"decimalPlaces":"","labelInterval":""}