{"type":"chart","title":"Figure 6: Working days lost (WDL) per 1,000 employees by sector","filename":"b92cc038","uri":"/employmentandlabourmarket/peopleinwork/workplacedisputesandworkingconditions/articles/labourdisputes/2015-07-16/b92cc038","subtitle":"United Kingdom, 1995 to 2014","unit":"Working days lost per 1000 employees ","source":"Labour Disputes Statistics - Office for National Statistics","legend":"false","hideLegend":true,"notes":"","altText":"The 'Public administration and defence' and 'Education' sectors have dominated working days lost over the last 20 years.","data":[{"Year":"1995","Public administration and defence":"68","Education":"36","Mining and energy":"16","Other":"12","date":"1995-01-01T00:00:00.000Z","label":"1995"},{"Year":"1996","Public administration and defence":"114","Education":"66","Mining and energy":"23","Other":"49","date":"1996-01-01T00:00:00.000Z","label":"1996"},{"Year":"1997","Public administration and defence":"22","Education":"14","Mining and energy":"28","Other":"8","date":"1997-01-01T00:00:00.000Z","label":"1997"},{"Year":"1998","Public administration and defence":"21","Education":"3","Mining and energy":"3","Other":"11","date":"1998-01-01T00:00:00.000Z","label":"1998"},{"Year":"1999","Public administration and defence":"25","Education":"13","Mining and energy":"0","Other":"8","date":"1999-01-01T00:00:00.000Z","label":"1999"},{"Year":"2000","Public administration and defence":"36","Education":"23","Mining and energy":"46","Other":"18","date":"2000-01-01T00:00:00.000Z","label":"2000"},{"Year":"2001","Public administration and defence":"153","Education":"20","Mining and energy":"361","Other":"10","date":"2001-01-01T00:00:00.000Z","label":"2001"},{"Year":"2002","Public administration and defence":"337","Education":"169","Mining and energy":"3","Other":"20","date":"2002-01-01T00:00:00.000Z","label":"2002"},{"Year":"2003","Public administration and defence":"92","Education":"57","Mining and energy":"7","Other":"10","date":"2003-01-01T00:00:00.000Z","label":"2003"},{"Year":"2004","Public administration and defence":"284","Education":"160","Mining and energy":"91","Other":"4","date":"2004-01-01T00:00:00.000Z","label":"2004"},{"Year":"SIC2003 - 2005","Public administration and defence":"15","Education":"18","Mining and energy":"106","Other":"4","date":"2006-01-01T00:00:00.000Z","label":"2006"},{"Year":"2006","Public administration and defence":"403","Education":"13","Mining and energy":"202","Other":"4","date":"2007-01-01T00:00:00.000Z","label":"2007"},{"Year":"2007","Public administration and defence":"210","Education":"12","Mining and energy":"0","Other":"29","date":"2009-01-01T00:00:00.000Z","label":"2009"},{"Year":"SIC2007 - 2008","Public administration and defence":"411","Education":"42","Mining and energy":"12","Other":"2","date":"2010-01-01T00:00:00.000Z","label":"2010"},{"Year":"2009","Public administration and defence":"3","Education":"3","Mining and energy":"4","Other":"19","date":"2011-01-01T00:00:00.000Z","label":"2011"},{"Year":"2010","Public administration and defence":"171","Education":"2","Mining and energy":"0","Other":"5","date":"2012-01-01T00:00:00.000Z","label":"2012"},{"Year":"2011","Public administration and defence":"278","Education":"261","Mining and energy":"0","Other":"15","date":"2013-01-01T00:00:00.000Z","label":"2013"},{"Year":"2012","Public administration and defence":"111","Education":"15","Mining and energy":"0","Other":"3","date":"2014-01-01T00:00:00.000Z","label":"2014"},{"Year":"2013","Public administration and defence":"134","Education":"83","Mining and energy":"0","Other":"2"},{"Year":"2014","Public administration and defence":"294","Education":"119","Mining and energy":"7","Other":"3"}],"headers":["Year","Public administration and defence","Education","Mining and energy","Other"],"series":["Public administration and defence","Education","Mining and energy","Other"],"categories":["1995","1996","1997","1998","1999","2000","2001","2002","2003","2004","SIC2003 - 2005","2006","2007","SIC2007 - 2008","2009","2010","2011","2012","2013","2014"],"aspectRatio":"0.56","chartType":"barline","files":[{"type":"download-png","filename":"b92cc038-download.png"},{"type":"png","filename":"b92cc038.png"}],"isTimeSeries":true,"timeSeries":[{"Year":"1995","Public administration and defence":"68","Education":"36","Mining and energy":"16","Other":"12","date":"1995-01-01T00:00:00.000Z","label":"1995"},{"Year":"1996","Public administration and defence":"114","Education":"66","Mining and energy":"23","Other":"49","date":"1996-01-01T00:00:00.000Z","label":"1996"},{"Year":"1997","Public administration and defence":"22","Education":"14","Mining and energy":"28","Other":"8","date":"1997-01-01T00:00:00.000Z","label":"1997"},{"Year":"1998","Public administration and defence":"21","Education":"3","Mining and energy":"3","Other":"11","date":"1998-01-01T00:00:00.000Z","label":"1998"},{"Year":"1999","Public administration and defence":"25","Education":"13","Mining and energy":"0","Other":"8","date":"1999-01-01T00:00:00.000Z","label":"1999"},{"Year":"2000","Public administration and defence":"36","Education":"23","Mining and energy":"46","Other":"18","date":"2000-01-01T00:00:00.000Z","label":"2000"},{"Year":"2001","Public administration and defence":"153","Education":"20","Mining and energy":"361","Other":"10","date":"2001-01-01T00:00:00.000Z","label":"2001"},{"Year":"2002","Public administration and defence":"337","Education":"169","Mining and energy":"3","Other":"20","date":"2002-01-01T00:00:00.000Z","label":"2002"},{"Year":"2003","Public administration and defence":"92","Education":"57","Mining and energy":"7","Other":"10","date":"2003-01-01T00:00:00.000Z","label":"2003"},{"Year":"2004","Public administration and defence":"284","Education":"160","Mining and energy":"91","Other":"4","date":"2004-01-01T00:00:00.000Z","label":"2004"},{"Year":"SIC2003 - 2005","Public administration and defence":"15","Education":"18","Mining and energy":"106","Other":"4","date":"2006-01-01T00:00:00.000Z","label":"2006"},{"Year":"2006","Public administration and defence":"403","Education":"13","Mining and energy":"202","Other":"4","date":"2007-01-01T00:00:00.000Z","label":"2007"},{"Year":"2007","Public administration and defence":"210","Education":"12","Mining and energy":"0","Other":"29","date":"2009-01-01T00:00:00.000Z","label":"2009"},{"Year":"SIC2007 - 2008","Public administration and defence":"411","Education":"42","Mining and energy":"12","Other":"2","date":"2010-01-01T00:00:00.000Z","label":"2010"},{"Year":"2009","Public administration and defence":"3","Education":"3","Mining and energy":"4","Other":"19","date":"2011-01-01T00:00:00.000Z","label":"2011"},{"Year":"2010","Public administration and defence":"171","Education":"2","Mining and energy":"0","Other":"5","date":"2012-01-01T00:00:00.000Z","label":"2012"},{"Year":"2011","Public administration and defence":"278","Education":"261","Mining and energy":"0","Other":"15","date":"2013-01-01T00:00:00.000Z","label":"2013"},{"Year":"2012","Public administration and defence":"111","Education":"15","Mining and energy":"0","Other":"3","date":"2014-01-01T00:00:00.000Z","label":"2014"}],"chartTypes":{"Public administration and defence":"bar","Education":"bar","Mining and energy":"bar","Other":"bar"},"groups":[["Public administration and defence","Education","Mining and energy","Other"]]}