{"type":"chart","title":"Figure 5: Stoppages","filename":"dd26cf10","uri":"/employmentandlabourmarket/peopleinwork/workplacedisputesandworkingconditions/articles/labourdisputes/2015-07-16/dd26cf10","subtitle":"United Kingdom, 1995 to 2014","unit":"","source":"","legend":"false","hideLegend":true,"notes":"","altText":"Stoppages have fallen since 1995.","data":[{"Year":"1995","Stoppages":"235","date":"1995-01-01T00:00:00.000Z","label":"1995"},{"Year":"1996","Stoppages":"244","date":"1996-01-01T00:00:00.000Z","label":"1996"},{"Year":"1997","Stoppages":"216","date":"1997-01-01T00:00:00.000Z","label":"1997"},{"Year":"1998","Stoppages":"166","date":"1998-01-01T00:00:00.000Z","label":"1998"},{"Year":"1999","Stoppages":"205","date":"1999-01-01T00:00:00.000Z","label":"1999"},{"Year":"2000","Stoppages":"212","date":"2000-01-01T00:00:00.000Z","label":"2000"},{"Year":"2001","Stoppages":"194","date":"2001-01-01T00:00:00.000Z","label":"2001"},{"Year":"2002","Stoppages":"146","date":"2002-01-01T00:00:00.000Z","label":"2002"},{"Year":"2003","Stoppages":"133","date":"2003-01-01T00:00:00.000Z","label":"2003"},{"Year":"2004","Stoppages":"130","date":"2004-01-01T00:00:00.000Z","label":"2004"},{"Year":"2005","Stoppages":"116","date":"2005-01-01T00:00:00.000Z","label":"2005"},{"Year":"2006","Stoppages":"158","date":"2006-01-01T00:00:00.000Z","label":"2006"},{"Year":"2007","Stoppages":"142","date":"2007-01-01T00:00:00.000Z","label":"2007"},{"Year":"2008","Stoppages":"144","date":"2008-01-01T00:00:00.000Z","label":"2008"},{"Year":"2009","Stoppages":"98","date":"2009-01-01T00:00:00.000Z","label":"2009"},{"Year":"2010","Stoppages":"92","date":"2010-01-01T00:00:00.000Z","label":"2010"},{"Year":"2011","Stoppages":"149","date":"2011-01-01T00:00:00.000Z","label":"2011"},{"Year":"2012","Stoppages":"131","date":"2012-01-01T00:00:00.000Z","label":"2012"},{"Year":"2013","Stoppages":"114","date":"2013-01-01T00:00:00.000Z","label":"2013"},{"Year":"2014","Stoppages":"155","date":"2014-01-01T00:00:00.000Z","label":"2014"}],"headers":["Year","Stoppages"],"series":["Stoppages"],"categories":["1995","1996","1997","1998","1999","2000","2001","2002","2003","2004","2005","2006","2007","2008","2009","2010","2011","2012","2013","2014"],"aspectRatio":"0.56","chartType":"bar","files":[{"type":"download-png","filename":"dd26cf10-download.png"},{"type":"png","filename":"dd26cf10.png"}],"isTimeSeries":true,"timeSeries":[{"Year":"1995","Stoppages":"235","date":"1995-01-01T00:00:00.000Z","label":"1995"},{"Year":"1996","Stoppages":"244","date":"1996-01-01T00:00:00.000Z","label":"1996"},{"Year":"1997","Stoppages":"216","date":"1997-01-01T00:00:00.000Z","label":"1997"},{"Year":"1998","Stoppages":"166","date":"1998-01-01T00:00:00.000Z","label":"1998"},{"Year":"1999","Stoppages":"205","date":"1999-01-01T00:00:00.000Z","label":"1999"},{"Year":"2000","Stoppages":"212","date":"2000-01-01T00:00:00.000Z","label":"2000"},{"Year":"2001","Stoppages":"194","date":"2001-01-01T00:00:00.000Z","label":"2001"},{"Year":"2002","Stoppages":"146","date":"2002-01-01T00:00:00.000Z","label":"2002"},{"Year":"2003","Stoppages":"133","date":"2003-01-01T00:00:00.000Z","label":"2003"},{"Year":"2004","Stoppages":"130","date":"2004-01-01T00:00:00.000Z","label":"2004"},{"Year":"2005","Stoppages":"116","date":"2005-01-01T00:00:00.000Z","label":"2005"},{"Year":"2006","Stoppages":"158","date":"2006-01-01T00:00:00.000Z","label":"2006"},{"Year":"2007","Stoppages":"142","date":"2007-01-01T00:00:00.000Z","label":"2007"},{"Year":"2008","Stoppages":"144","date":"2008-01-01T00:00:00.000Z","label":"2008"},{"Year":"2009","Stoppages":"98","date":"2009-01-01T00:00:00.000Z","label":"2009"},{"Year":"2010","Stoppages":"92","date":"2010-01-01T00:00:00.000Z","label":"2010"},{"Year":"2011","Stoppages":"149","date":"2011-01-01T00:00:00.000Z","label":"2011"},{"Year":"2012","Stoppages":"131","date":"2012-01-01T00:00:00.000Z","label":"2012"},{"Year":"2013","Stoppages":"114","date":"2013-01-01T00:00:00.000Z","label":"2013"},{"Year":"2014","Stoppages":"155","date":"2014-01-01T00:00:00.000Z","label":"2014"}]}