{"type":"chart","title":"Figure 4: Working days lost (WDL)","filename":"e0f678aa","uri":"/employmentandlabourmarket/peopleinwork/workplacedisputesandworkingconditions/articles/labourdisputes/2015-07-16/e0f678aa","subtitle":"United Kingdom, 1995 to 2014","unit":"Millions","source":"Labour Disputes Statistics - Office for National Statistics","legend":"false","hideLegend":true,"notes":"","altText":"Working days lost have remained broadly consistent over time.","data":[{"Year":"1995","Working days lost":"0.4","date":"1995-01-01T00:00:00.000Z","label":"1995"},{"Year":"1996","Working days lost":"1.3","date":"1996-01-01T00:00:00.000Z","label":"1996"},{"Year":"1997","Working days lost":"0.2","date":"1997-01-01T00:00:00.000Z","label":"1997"},{"Year":"1998","Working days lost":"0.3","date":"1998-01-01T00:00:00.000Z","label":"1998"},{"Year":"1999","Working days lost":"0.2","date":"1999-01-01T00:00:00.000Z","label":"1999"},{"Year":"2000","Working days lost":"0.5","date":"2000-01-01T00:00:00.000Z","label":"2000"},{"Year":"2001","Working days lost":"0.5","date":"2001-01-01T00:00:00.000Z","label":"2001"},{"Year":"2002","Working days lost":"1.3","date":"2002-01-01T00:00:00.000Z","label":"2002"},{"Year":"2003","Working days lost":"0.5","date":"2003-01-01T00:00:00.000Z","label":"2003"},{"Year":"2004","Working days lost":"0.9","date":"2004-01-01T00:00:00.000Z","label":"2004"},{"Year":"2005","Working days lost":"0.2","date":"2005-01-01T00:00:00.000Z","label":"2005"},{"Year":"2006","Working days lost":"0.8","date":"2006-01-01T00:00:00.000Z","label":"2006"},{"Year":"2007","Working days lost":"1.0","date":"2007-01-01T00:00:00.000Z","label":"2007"},{"Year":"2008","Working days lost":"0.8","date":"2008-01-01T00:00:00.000Z","label":"2008"},{"Year":"2009","Working days lost":"0.5","date":"2009-01-01T00:00:00.000Z","label":"2009"},{"Year":"2010","Working days lost":"0.4","date":"2010-01-01T00:00:00.000Z","label":"2010"},{"Year":"2011","Working days lost":"1.4","date":"2011-01-01T00:00:00.000Z","label":"2011"},{"Year":"2012","Working days lost":"0.2","date":"2012-01-01T00:00:00.000Z","label":"2012"},{"Year":"2013","Working days lost":"0.4","date":"2013-01-01T00:00:00.000Z","label":"2013"},{"Year":"2014","Working days lost":"0.8","date":"2014-01-01T00:00:00.000Z","label":"2014"}],"headers":["Year","Working days lost"],"series":["Working days lost"],"categories":["1995","1996","1997","1998","1999","2000","2001","2002","2003","2004","2005","2006","2007","2008","2009","2010","2011","2012","2013","2014"],"aspectRatio":"0.56","chartType":"bar","files":[{"type":"download-png","filename":"e0f678aa-download.png"},{"type":"png","filename":"e0f678aa.png"}],"isTimeSeries":true,"timeSeries":[{"Year":"1995","Working days lost":"0.4","date":"1995-01-01T00:00:00.000Z","label":"1995"},{"Year":"1996","Working days lost":"1.3","date":"1996-01-01T00:00:00.000Z","label":"1996"},{"Year":"1997","Working days lost":"0.2","date":"1997-01-01T00:00:00.000Z","label":"1997"},{"Year":"1998","Working days lost":"0.3","date":"1998-01-01T00:00:00.000Z","label":"1998"},{"Year":"1999","Working days lost":"0.2","date":"1999-01-01T00:00:00.000Z","label":"1999"},{"Year":"2000","Working days lost":"0.5","date":"2000-01-01T00:00:00.000Z","label":"2000"},{"Year":"2001","Working days lost":"0.5","date":"2001-01-01T00:00:00.000Z","label":"2001"},{"Year":"2002","Working days lost":"1.3","date":"2002-01-01T00:00:00.000Z","label":"2002"},{"Year":"2003","Working days lost":"0.5","date":"2003-01-01T00:00:00.000Z","label":"2003"},{"Year":"2004","Working days lost":"0.9","date":"2004-01-01T00:00:00.000Z","label":"2004"},{"Year":"2005","Working days lost":"0.2","date":"2005-01-01T00:00:00.000Z","label":"2005"},{"Year":"2006","Working days lost":"0.8","date":"2006-01-01T00:00:00.000Z","label":"2006"},{"Year":"2007","Working days lost":"1.0","date":"2007-01-01T00:00:00.000Z","label":"2007"},{"Year":"2008","Working days lost":"0.8","date":"2008-01-01T00:00:00.000Z","label":"2008"},{"Year":"2009","Working days lost":"0.5","date":"2009-01-01T00:00:00.000Z","label":"2009"},{"Year":"2010","Working days lost":"0.4","date":"2010-01-01T00:00:00.000Z","label":"2010"},{"Year":"2011","Working days lost":"1.4","date":"2011-01-01T00:00:00.000Z","label":"2011"},{"Year":"2012","Working days lost":"0.2","date":"2012-01-01T00:00:00.000Z","label":"2012"},{"Year":"2013","Working days lost":"0.4","date":"2013-01-01T00:00:00.000Z","label":"2013"},{"Year":"2014","Working days lost":"0.8","date":"2014-01-01T00:00:00.000Z","label":"2014"}],"decimalPlaces":"","labelInterval":""}