{"description":{"releaseDate":"2015-07-14T23:00:00.000Z","nextRelease":"12 August 2015","contact":{"name":"Richard Clegg\n","email":"richard.clegg@ons.gsi.gov.uk\n","telephone":"+44 (0)1633 455400 \n"},"summary":"Monthly estimates of labour disputes back to 1931.\n","datasetId":"","keywords":["strike"],"metaDescription":"Monthly estimates of labour disputes back to 1931.\n","nationalStatistic":true,"migrated":false,"title":"Labour disputes: LABD01"},"downloads":[{"title":"Latest","file":"/employmentandlabourmarket/peopleinwork/workplacedisputesandworkingconditions/datasets/labourdisputeslabd01/labd01jul2015_tcm77-408194.xls"}],"section":{"markdown":""},"correction":[],"relatedDatasets":[{"uri":"/employmentandlabourmarket/peopleinwork/workplacedisputesandworkingconditions/datasets/labourdisputesbysectorlabd02"},{"uri":"/employmentandlabourmarket/peopleinwork/workplacedisputesandworkingconditions/datasets/stoppagesofworklabd03"}],"relatedDocuments":[{"uri":"/employmentandlabourmarket/peopleinwork/employmentandemployeetypes/bulletins/uklabourmarket/2015-07-15"}],"relatedMethodology":[],"type":"dataset","uri":"/employmentandlabourmarket/peopleinwork/workplacedisputesandworkingconditions/datasets/labourdisputeslabd01","breadcrumb":[{"uri":"/"},{"uri":"/employmentandlabourmarket"},{"uri":"/employmentandlabourmarket/peopleinwork"},{"uri":"/employmentandlabourmarket/peopleinwork/workplacedisputesandworkingconditions"}]}