{
  "years": [
    {
      "date": "1991",
      "value": "311",
      "year": "1991",
      "month": "",
      "quarter": "",
      "sourceDataset": "",
      "updateDate": "2015-07-09T00:48:25.533Z"
    },
    {
      "date": "1992",
      "value": "304",
      "year": "1992",
      "month": "",
      "quarter": "",
      "sourceDataset": "",
      "updateDate": "2015-07-09T00:48:25.534Z"
    },
    {
      "date": "1993",
      "value": "285",
      "year": "1993",
      "month": "",
      "quarter": "",
      "sourceDataset": "",
      "updateDate": "2015-07-09T00:48:25.534Z"
    },
    {
      "date": "1994",
      "value": "262",
      "year": "1994",
      "month": "",
      "quarter": "",
      "sourceDataset": "",
      "updateDate": "2015-07-09T00:48:25.534Z"
    },
    {
      "date": "1995",
      "value": "241",
      "year": "1995",
      "month": "",
      "quarter": "",
      "sourceDataset": "",
      "updateDate": "2015-07-09T00:48:25.534Z"
    },
    {
      "date": "1996",
      "value": "230",
      "year": "1996",
      "month": "",
      "quarter": "",
      "sourceDataset": "",
      "updateDate": "2015-07-09T00:48:25.534Z"
    },
    {
      "date": "1997",
      "value": "220",
      "year": "1997",
      "month": "",
      "quarter": "",
      "sourceDataset": "",
      "updateDate": "2015-07-09T00:48:25.534Z"
    },
    {
      "date": "1998",
      "value": "219",
      "year": "1998",
      "month": "",
      "quarter": "",
      "sourceDataset": "",
      "updateDate": "2015-07-09T00:48:25.534Z"
    },
    {
      "date": "1999",
      "value": "218",
      "year": "1999",
      "month": "",
      "quarter": "",
      "sourceDataset": "",
      "updateDate": "2015-07-09T00:48:25.534Z"
    },
    {
      "date": "2000",
      "value": "217",
      "year": "2000",
      "month": "",
      "quarter": "",
      "sourceDataset": "",
      "updateDate": "2015-07-09T00:48:25.534Z"
    },
    {
      "date": "2001",
      "value": "214",
      "year": "2001",
      "month": "",
      "quarter": "",
      "sourceDataset": "",
      "updateDate": "2015-07-09T00:48:25.534Z"
    },
    {
      "date": "2002",
      "value": "214",
      "year": "2002",
      "month": "",
      "quarter": "",
      "sourceDataset": "",
      "updateDate": "2015-07-09T00:48:25.534Z"
    },
    {
      "date": "2003",
      "value": "223",
      "year": "2003",
      "month": "",
      "quarter": "",
      "sourceDataset": "",
      "updateDate": "2015-07-09T00:48:25.534Z"
    },
    {
      "date": "2004",
      "value": "218",
      "year": "2004",
      "month": "",
      "quarter": "",
      "sourceDataset": "",
      "updateDate": "2015-07-09T00:48:25.534Z"
    },
    {
      "date": "2005",
      "value": "210",
      "year": "2005",
      "month": "",
      "quarter": "",
      "sourceDataset": "",
      "updateDate": "2015-07-09T00:48:25.534Z"
    },
    {
      "date": "2006",
      "value": "204",
      "year": "2006",
      "month": "",
      "quarter": "",
      "sourceDataset": "",
      "updateDate": "2015-07-09T00:48:25.534Z"
    },
    {
      "date": "2007",
      "value": "197",
      "year": "2007",
      "month": "",
      "quarter": "",
      "sourceDataset": "",
      "updateDate": "2015-07-09T00:48:25.534Z"
    },
    {
      "date": "2008",
      "value": "193",
      "year": "2008",
      "month": "",
      "quarter": "",
      "sourceDataset": "",
      "updateDate": "2015-07-09T00:48:25.534Z"
    },
    {
      "date": "2009",
      "value": "197",
      "year": "2009",
      "month": "",
      "quarter": "",
      "sourceDataset": "",
      "updateDate": "2015-07-09T00:48:25.534Z"
    },
    {
      "date": "2010",
      "value": "197",
      "year": "2010",
      "month": "",
      "quarter": "",
      "sourceDataset": "",
      "updateDate": "2015-07-09T00:48:25.534Z"
    },
    {
      "date": "2011",
      "value": "193",
      "year": "2011",
      "month": "",
      "quarter": "",
      "sourceDataset": "",
      "updateDate": "2015-07-09T00:48:25.534Z"
    },
    {
      "date": "2012",
      "value": "186",
      "year": "2012",
      "month": "",
      "quarter": "",
      "sourceDataset": "",
      "updateDate": "2015-07-09T00:48:25.534Z"
    },
    {
      "date": "2013",
      "value": "175",
      "year": "2013",
      "month": "",
      "quarter": "",
      "sourceDataset": "",
      "updateDate": "2015-07-09T00:48:25.534Z"
    },
    {
      "date": "2014",
      "value": "164",
      "year": "2014",
      "month": "",
      "quarter": "",
      "sourceDataset": "",
      "updateDate": "2015-07-09T00:48:25.534Z"
    }
  ],
  "quarters": [
    {
      "date": "1991 Q1",
      "value": "0",
      "year": "1991",
      "month": "",
      "quarter": "Q1",
      "sourceDataset": "",
      "updateDate": "2015-07-09T00:48:25.534Z"
    },
    {
      "date": "1991 Q2",
      "value": "311",
      "year": "1991",
      "month": "",
      "quarter": "Q2",
      "sourceDataset": "",
      "updateDate": "2015-07-09T00:48:25.534Z"
    },
    {
      "date": "1991 Q3",
      "value": "0",
      "year": "1991",
      "month": "",
      "quarter": "Q3",
      "sourceDataset": "",
      "updateDate": "2015-07-09T00:48:25.534Z"
    },
    {
      "date": "1991 Q4",
      "value": "0",
      "year": "1991",
      "month": "",
      "quarter": "Q4",
      "sourceDataset": "",
      "updateDate": "2015-07-09T00:48:25.534Z"
    },
    {
      "date": "1992 Q1",
      "value": "0",
      "year": "1992",
      "month": "",
      "quarter": "Q1",
      "sourceDataset": "",
      "updateDate": "2015-07-09T00:48:25.534Z"
    },
    {
      "date": "1992 Q2",
      "value": "304",
      "year": "1992",
      "month": "",
      "quarter": "Q2",
      "sourceDataset": "",
      "updateDate": "2015-07-09T00:48:25.534Z"
    },
    {
      "date": "1992 Q3",
      "value": "0",
      "year": "1992",
      "month": "",
      "quarter": "Q3",
      "sourceDataset": "",
      "updateDate": "2015-07-09T00:48:25.534Z"
    },
    {
      "date": "1992 Q4",
      "value": "0",
      "year": "1992",
      "month": "",
      "quarter": "Q4",
      "sourceDataset": "",
      "updateDate": "2015-07-09T00:48:25.534Z"
    },
    {
      "date": "1993 Q1",
      "value": "0",
      "year": "1993",
      "month": "",
      "quarter": "Q1",
      "sourceDataset": "",
      "updateDate": "2015-07-09T00:48:25.534Z"
    },
    {
      "date": "1993 Q2",
      "value": "285",
      "year": "1993",
      "month": "",
      "quarter": "Q2",
      "sourceDataset": "",
      "updateDate": "2015-07-09T00:48:25.534Z"
    },
    {
      "date": "1993 Q3",
      "value": "0",
      "year": "1993",
      "month": "",
      "quarter": "Q3",
      "sourceDataset": "",
      "updateDate": "2015-07-09T00:48:25.534Z"
    },
    {
      "date": "1993 Q4",
      "value": "0",
      "year": "1993",
      "month": "",
      "quarter": "Q4",
      "sourceDataset": "",
      "updateDate": "2015-07-09T00:48:25.534Z"
    },
    {
      "date": "1994 Q1",
      "value": "0",
      "year": "1994",
      "month": "",
      "quarter": "Q1",
      "sourceDataset": "",
      "updateDate": "2015-07-09T00:48:25.534Z"
    },
    {
      "date": "1994 Q2",
      "value": "262",
      "year": "1994",
      "month": "",
      "quarter": "Q2",
      "sourceDataset": "",
      "updateDate": "2015-07-09T00:48:25.534Z"
    },
    {
      "date": "1994 Q3",
      "value": "0",
      "year": "1994",
      "month": "",
      "quarter": "Q3",
      "sourceDataset": "",
      "updateDate": "2015-07-09T00:48:25.534Z"
    },
    {
      "date": "1994 Q4",
      "value": "0",
      "year": "1994",
      "month": "",
      "quarter": "Q4",
      "sourceDataset": "",
      "updateDate": "2015-07-09T00:48:25.534Z"
    },
    {
      "date": "1995 Q1",
      "value": "0",
      "year": "1995",
      "month": "",
      "quarter": "Q1",
      "sourceDataset": "",
      "updateDate": "2015-07-09T00:48:25.534Z"
    },
    {
      "date": "1995 Q2",
      "value": "241",
      "year": "1995",
      "month": "",
      "quarter": "Q2",
      "sourceDataset": "",
      "updateDate": "2015-07-09T00:48:25.534Z"
    },
    {
      "date": "1995 Q3",
      "value": "0",
      "year": "1995",
      "month": "",
      "quarter": "Q3",
      "sourceDataset": "",
      "updateDate": "2015-07-09T00:48:25.534Z"
    },
    {
      "date": "1995 Q4",
      "value": "0",
      "year": "1995",
      "month": "",
      "quarter": "Q4",
      "sourceDataset": "",
      "updateDate": "2015-07-09T00:48:25.534Z"
    },
    {
      "date": "1996 Q1",
      "value": "0",
      "year": "1996",
      "month": "",
      "quarter": "Q1",
      "sourceDataset": "",
      "updateDate": "2015-07-09T00:48:25.534Z"
    },
    {
      "date": "1996 Q2",
      "value": "230",
      "year": "1996",
      "month": "",
      "quarter": "Q2",
      "sourceDataset": "",
      "updateDate": "2015-07-09T00:48:25.534Z"
    },
    {
      "date": "1996 Q3",
      "value": "0",
      "year": "1996",
      "month": "",
      "quarter": "Q3",
      "sourceDataset": "",
      "updateDate": "2015-07-09T00:48:25.534Z"
    },
    {
      "date": "1996 Q4",
      "value": "0",
      "year": "1996",
      "month": "",
      "quarter": "Q4",
      "sourceDataset": "",
      "updateDate": "2015-07-09T00:48:25.534Z"
    },
    {
      "date": "1997 Q1",
      "value": "0",
      "year": "1997",
      "month": "",
      "quarter": "Q1",
      "sourceDataset": "",
      "updateDate": "2015-07-09T00:48:25.534Z"
    },
    {
      "date": "1997 Q2",
      "value": "220",
      "year": "1997",
      "month": "",
      "quarter": "Q2",
      "sourceDataset": "",
      "updateDate": "2015-07-09T00:48:25.534Z"
    },
    {
      "date": "1997 Q3",
      "value": "0",
      "year": "1997",
      "month": "",
      "quarter": "Q3",
      "sourceDataset": "",
      "updateDate": "2015-07-09T00:48:25.534Z"
    },
    {
      "date": "1997 Q4",
      "value": "0",
      "year": "1997",
      "month": "",
      "quarter": "Q4",
      "sourceDataset": "",
      "updateDate": "2015-07-09T00:48:25.534Z"
    },
    {
      "date": "1998 Q1",
      "value": "218",
      "year": "1998",
      "month": "",
      "quarter": "Q1",
      "sourceDataset": "",
      "updateDate": "2015-07-09T00:48:25.534Z"
    },
    {
      "date": "1998 Q2",
      "value": "219",
      "year": "1998",
      "month": "",
      "quarter": "Q2",
      "sourceDataset": "",
      "updateDate": "2015-07-09T00:48:25.534Z"
    },
    {
      "date": "1998 Q3",
      "value": "0",
      "year": "1998",
      "month": "",
      "quarter": "Q3",
      "sourceDataset": "",
      "updateDate": "2015-07-09T00:48:25.534Z"
    },
    {
      "date": "1998 Q4",
      "value": "0",
      "year": "1998",
      "month": "",
      "quarter": "Q4",
      "sourceDataset": "",
      "updateDate": "2015-07-09T00:48:25.534Z"
    },
    {
      "date": "1999 Q1",
      "value": "218",
      "year": "1999",
      "month": "",
      "quarter": "Q1",
      "sourceDataset": "",
      "updateDate": "2015-07-09T00:48:25.534Z"
    },
    {
      "date": "1999 Q2",
      "value": "218",
      "year": "1999",
      "month": "",
      "quarter": "Q2",
      "sourceDataset": "",
      "updateDate": "2015-07-09T00:48:25.534Z"
    },
    {
      "date": "1999 Q3",
      "value": "217",
      "year": "1999",
      "month": "",
      "quarter": "Q3",
      "sourceDataset": "",
      "updateDate": "2015-07-09T00:48:25.534Z"
    },
    {
      "date": "1999 Q4",
      "value": "218",
      "year": "1999",
      "month": "",
      "quarter": "Q4",
      "sourceDataset": "",
      "updateDate": "2015-07-09T00:48:25.534Z"
    },
    {
      "date": "2000 Q1",
      "value": "216",
      "year": "2000",
      "month": "",
      "quarter": "Q1",
      "sourceDataset": "",
      "updateDate": "2015-07-09T00:48:25.534Z"
    },
    {
      "date": "2000 Q2",
      "value": "217",
      "year": "2000",
      "month": "",
      "quarter": "Q2",
      "sourceDataset": "",
      "updateDate": "2015-07-09T00:48:25.534Z"
    },
    {
      "date": "2000 Q3",
      "value": "215",
      "year": "2000",
      "month": "",
      "quarter": "Q3",
      "sourceDataset": "",
      "updateDate": "2015-07-09T00:48:25.534Z"
    },
    {
      "date": "2000 Q4",
      "value": "216",
      "year": "2000",
      "month": "",
      "quarter": "Q4",
      "sourceDataset": "",
      "updateDate": "2015-07-09T00:48:25.534Z"
    },
    {
      "date": "2001 Q1",
      "value": "215",
      "year": "2001",
      "month": "",
      "quarter": "Q1",
      "sourceDataset": "",
      "updateDate": "2015-07-09T00:48:25.534Z"
    },
    {
      "date": "2001 Q2",
      "value": "214",
      "year": "2001",
      "month": "",
      "quarter": "Q2",
      "sourceDataset": "",
      "updateDate": "2015-07-09T00:48:25.534Z"
    },
    {
      "date": "2001 Q3",
      "value": "213",
      "year": "2001",
      "month": "",
      "quarter": "Q3",
      "sourceDataset": "",
      "updateDate": "2015-07-09T00:48:25.534Z"
    },
    {
      "date": "2001 Q4",
      "value": "215",
      "year": "2001",
      "month": "",
      "quarter": "Q4",
      "sourceDataset": "",
      "updateDate": "2015-07-09T00:48:25.534Z"
    },
    {
      "date": "2002 Q1",
      "value": "222",
      "year": "2002",
      "month": "",
      "quarter": "Q1",
      "sourceDataset": "",
      "updateDate": "2015-07-09T00:48:25.534Z"
    },
    {
      "date": "2002 Q2",
      "value": "214",
      "year": "2002",
      "month": "",
      "quarter": "Q2",
      "sourceDataset": "",
      "updateDate": "2015-07-09T00:48:25.534Z"
    },
    {
      "date": "2002 Q3",
      "value": "214",
      "year": "2002",
      "month": "",
      "quarter": "Q3",
      "sourceDataset": "",
      "updateDate": "2015-07-09T00:48:25.534Z"
    },
    {
      "date": "2002 Q4",
      "value": "216",
      "year": "2002",
      "month": "",
      "quarter": "Q4",
      "sourceDataset": "",
      "updateDate": "2015-07-09T00:48:25.534Z"
    },
    {
      "date": "2003 Q1",
      "value": "220",
      "year": "2003",
      "month": "",
      "quarter": "Q1",
      "sourceDataset": "",
      "updateDate": "2015-07-09T00:48:25.534Z"
    },
    {
      "date": "2003 Q2",
      "value": "223",
      "year": "2003",
      "month": "",
      "quarter": "Q2",
      "sourceDataset": "",
      "updateDate": "2015-07-09T00:48:25.534Z"
    },
    {
      "date": "2003 Q3",
      "value": "221",
      "year": "2003",
      "month": "",
      "quarter": "Q3",
      "sourceDataset": "",
      "updateDate": "2015-07-09T00:48:25.534Z"
    },
    {
      "date": "2003 Q4",
      "value": "222",
      "year": "2003",
      "month": "",
      "quarter": "Q4",
      "sourceDataset": "",
      "updateDate": "2015-07-09T00:48:25.534Z"
    },
    {
      "date": "2004 Q1",
      "value": "213",
      "year": "2004",
      "month": "",
      "quarter": "Q1",
      "sourceDataset": "",
      "updateDate": "2015-07-09T00:48:25.534Z"
    },
    {
      "date": "2004 Q2",
      "value": "218",
      "year": "2004",
      "month": "",
      "quarter": "Q2",
      "sourceDataset": "",
      "updateDate": "2015-07-09T00:48:25.534Z"
    },
    {
      "date": "2004 Q3",
      "value": "215",
      "year": "2004",
      "month": "",
      "quarter": "Q3",
      "sourceDataset": "",
      "updateDate": "2015-07-09T00:48:25.534Z"
    },
    {
      "date": "2004 Q4",
      "value": "215",
      "year": "2004",
      "month": "",
      "quarter": "Q4",
      "sourceDataset": "",
      "updateDate": "2015-07-09T00:48:25.534Z"
    },
    {
      "date": "2005 Q1",
      "value": "206",
      "year": "2005",
      "month": "",
      "quarter": "Q1",
      "sourceDataset": "",
      "updateDate": "2015-07-09T00:48:25.534Z"
    },
    {
      "date": "2005 Q2",
      "value": "210",
      "year": "2005",
      "month": "",
      "quarter": "Q2",
      "sourceDataset": "",
      "updateDate": "2015-07-09T00:48:25.534Z"
    },
    {
      "date": "2005 Q3",
      "value": "207",
      "year": "2005",
      "month": "",
      "quarter": "Q3",
      "sourceDataset": "",
      "updateDate": "2015-07-09T00:48:25.534Z"
    },
    {
      "date": "2005 Q4",
      "value": "206",
      "year": "2005",
      "month": "",
      "quarter": "Q4",
      "sourceDataset": "",
      "updateDate": "2015-07-09T00:48:25.534Z"
    },
    {
      "date": "2006 Q1",
      "value": "200",
      "year": "2006",
      "month": "",
      "quarter": "Q1",
      "sourceDataset": "",
      "updateDate": "2015-07-09T00:48:25.534Z"
    },
    {
      "date": "2006 Q2",
      "value": "204",
      "year": "2006",
      "month": "",
      "quarter": "Q2",
      "sourceDataset": "",
      "updateDate": "2015-07-09T00:48:25.534Z"
    },
    {
      "date": "2006 Q3",
      "value": "202",
      "year": "2006",
      "month": "",
      "quarter": "Q3",
      "sourceDataset": "",
      "updateDate": "2015-07-09T00:48:25.534Z"
    },
    {
      "date": "2006 Q4",
      "value": "202",
      "year": "2006",
      "month": "",
      "quarter": "Q4",
      "sourceDataset": "",
      "updateDate": "2015-07-09T00:48:25.534Z"
    },
    {
      "date": "2007 Q1",
      "value": "194",
      "year": "2007",
      "month": "",
      "quarter": "Q1",
      "sourceDataset": "",
      "updateDate": "2015-07-09T00:48:25.534Z"
    },
    {
      "date": "2007 Q2",
      "value": "197",
      "year": "2007",
      "month": "",
      "quarter": "Q2",
      "sourceDataset": "",
      "updateDate": "2015-07-09T00:48:25.534Z"
    },
    {
      "date": "2007 Q3",
      "value": "194",
      "year": "2007",
      "month": "",
      "quarter": "Q3",
      "sourceDataset": "",
      "updateDate": "2015-07-09T00:48:25.534Z"
    },
    {
      "date": "2007 Q4",
      "value": "195",
      "year": "2007",
      "month": "",
      "quarter": "Q4",
      "sourceDataset": "",
      "updateDate": "2015-07-09T00:48:25.534Z"
    },
    {
      "date": "2008 Q1",
      "value": "196",
      "year": "2008",
      "month": "",
      "quarter": "Q1",
      "sourceDataset": "",
      "updateDate": "2015-07-09T00:48:25.534Z"
    },
    {
      "date": "2008 Q2",
      "value": "193",
      "year": "2008",
      "month": "",
      "quarter": "Q2",
      "sourceDataset": "",
      "updateDate": "2015-07-09T00:48:25.534Z"
    },
    {
      "date": "2008 Q3",
      "value": "194",
      "year": "2008",
      "month": "",
      "quarter": "Q3",
      "sourceDataset": "",
      "updateDate": "2015-07-09T00:48:25.534Z"
    },
    {
      "date": "2008 Q4",
      "value": "193",
      "year": "2008",
      "month": "",
      "quarter": "Q4",
      "sourceDataset": "",
      "updateDate": "2015-07-09T00:48:25.534Z"
    },
    {
      "date": "2009 Q1",
      "value": "199",
      "year": "2009",
      "month": "",
      "quarter": "Q1",
      "sourceDataset": "",
      "updateDate": "2015-07-09T00:48:25.534Z"
    },
    {
      "date": "2009 Q2",
      "value": "197",
      "year": "2009",
      "month": "",
      "quarter": "Q2",
      "sourceDataset": "",
      "updateDate": "2015-07-09T00:48:25.534Z"
    },
    {
      "date": "2009 Q3",
      "value": "199",
      "year": "2009",
      "month": "",
      "quarter": "Q3",
      "sourceDataset": "",
      "updateDate": "2015-07-09T00:48:25.534Z"
    },
    {
      "date": "2009 Q4",
      "value": "198",
      "year": "2009",
      "month": "",
      "quarter": "Q4",
      "sourceDataset": "",
      "updateDate": "2015-07-09T00:48:25.534Z"
    },
    {
      "date": "2010 Q1",
      "value": "194",
      "year": "2010",
      "month": "",
      "quarter": "Q1",
      "sourceDataset": "",
      "updateDate": "2015-07-09T00:48:25.534Z"
    },
    {
      "date": "2010 Q2",
      "value": "197",
      "year": "2010",
      "month": "",
      "quarter": "Q2",
      "sourceDataset": "",
      "updateDate": "2015-07-09T00:48:25.534Z"
    },
    {
      "date": "2010 Q3",
      "value": "196",
      "year": "2010",
      "month": "",
      "quarter": "Q3",
      "sourceDataset": "",
      "updateDate": "2015-07-09T00:48:25.534Z"
    },
    {
      "date": "2010 Q4",
      "value": "195",
      "year": "2010",
      "month": "",
      "quarter": "Q4",
      "sourceDataset": "",
      "updateDate": "2015-07-09T00:48:25.534Z"
    },
    {
      "date": "2011 Q1",
      "value": "187",
      "year": "2011",
      "month": "",
      "quarter": "Q1",
      "sourceDataset": "",
      "updateDate": "2015-07-09T00:48:25.534Z"
    },
    {
      "date": "2011 Q2",
      "value": "193",
      "year": "2011",
      "month": "",
      "quarter": "Q2",
      "sourceDataset": "",
      "updateDate": "2015-07-09T00:48:25.534Z"
    },
    {
      "date": "2011 Q3",
      "value": "191",
      "year": "2011",
      "month": "",
      "quarter": "Q3",
      "sourceDataset": "",
      "updateDate": "2015-07-09T00:48:25.534Z"
    },
    {
      "date": "2011 Q4",
      "value": "189",
      "year": "2011",
      "month": "",
      "quarter": "Q4",
      "sourceDataset": "",
      "updateDate": "2015-07-09T00:48:25.534Z"
    },
    {
      "date": "2012 Q1",
      "value": "178",
      "year": "2012",
      "month": "",
      "quarter": "Q1",
      "sourceDataset": "",
      "updateDate": "2015-07-09T00:48:25.534Z"
    },
    {
      "date": "2012 Q2",
      "value": "186",
      "year": "2012",
      "month": "",
      "quarter": "Q2",
      "sourceDataset": "",
      "updateDate": "2015-07-09T00:48:25.534Z"
    },
    {
      "date": "2012 Q3",
      "value": "183",
      "year": "2012",
      "month": "",
      "quarter": "Q3",
      "sourceDataset": "",
      "updateDate": "2015-07-09T00:48:25.534Z"
    },
    {
      "date": "2012 Q4",
      "value": "178",
      "year": "2012",
      "month": "",
      "quarter": "Q4",
      "sourceDataset": "",
      "updateDate": "2015-07-09T00:48:25.534Z"
    },
    {
      "date": "2013 Q1",
      "value": "167",
      "year": "2013",
      "month": "",
      "quarter": "Q1",
      "sourceDataset": "",
      "updateDate": "2015-07-09T00:48:25.534Z"
    },
    {
      "date": "2013 Q2",
      "value": "175",
      "year": "2013",
      "month": "",
      "quarter": "Q2",
      "sourceDataset": "",
      "updateDate": "2015-07-09T00:48:25.534Z"
    },
    {
      "date": "2013 Q3",
      "value": "174",
      "year": "2013",
      "month": "",
      "quarter": "Q3",
      "sourceDataset": "",
      "updateDate": "2015-07-09T00:48:25.534Z"
    },
    {
      "date": "2013 Q4",
      "value": "168",
      "year": "2013",
      "month": "",
      "quarter": "Q4",
      "sourceDataset": "",
      "updateDate": "2015-07-09T00:48:25.534Z"
    },
    {
      "date": "2014 Q1",
      "value": "161",
      "year": "2014",
      "month": "",
      "quarter": "Q1",
      "sourceDataset": "",
      "updateDate": "2015-07-09T00:48:25.534Z"
    },
    {
      "date": "2014 Q2",
      "value": "164",
      "year": "2014",
      "month": "",
      "quarter": "Q2",
      "sourceDataset": "",
      "updateDate": "2015-07-09T00:48:25.534Z"
    },
    {
      "date": "2014 Q3",
      "value": "163",
      "year": "2014",
      "month": "",
      "quarter": "Q3",
      "sourceDataset": "",
      "updateDate": "2015-07-09T00:48:25.534Z"
    },
    {
      "date": "2014 Q4",
      "value": "161",
      "year": "2014",
      "month": "",
      "quarter": "Q4",
      "sourceDataset": "",
      "updateDate": "2015-07-09T00:48:25.534Z"
    }
  ],
  "months": [],
  "sourceDatasets": [
    ""
  ],
  "type": "timeseries",
  "uri": "/employmentandlabourmarket/publicsectorpersonnel/timeseries/c9lb",
  "breadcrumb": [
    {
      "uri": "/"
    },
    {
      "uri": "/employmentandlabourmarket"
    },
    {
      "uri": "/employmentandlabourmarket/publicsectorpersonnel"
    }
  ],
  "description": {
    "title": "Public Sector Employment by Industry; HM Forces; UK; HC; NSA; Thousands ",
    "nationalStatistic": false,
    "latestRelease": false,
    "releaseDate": "2015-06-16T23:00:00.000Z",
    "nextRelease": "16 Sept 2015",
    "cdid": "C9LB",
    "unit": "",
    "preUnit": "",
    "source": "Office for National Statistics",
    "seasonalAdjustment": "NSA",
    "number": "161",
    "sampleSize": 0
  }
}