{"type":"chart","title":"Figure C: Contributions to the change in the CPI 12-month rate: May 2015","filename":"34255960","uri":"/economy/inflationandpriceindices/bulletins/consumerpriceinflation/2015-06-16/34255960","subtitle":"United Kingdom","unit":"Percentage points","source":"Office for National Statistics","legend":"false","hideLegend":true,"notes":"1. Individual contributions may not sum to the total due to rounding.\n2. More information on the contents of each group can be found in Table 3 in the accompanying consumer price inflation reference tables.","altText":"Figure C: Contributions to the change in the CPI 12-month rate: May 2015","data":[{"":"Food and non-alcoholic beverages","Percentage points ":"0.12"},{"":"Alcohol and tobacco","Percentage points ":"-0.04"},{"":"Clothing and footwear","Percentage points ":"0.04"},{"":"Housing and household services","Percentage points ":"0.00"},{"":"Furniture and household goods","Percentage points ":"0.00"},{"":"Health","Percentage points ":"0.01"},{"":"Transport","Percentage points ":"0.20"},{"":"Communication","Percentage points ":"0.01"},{"":"Recreation and culture","Percentage points ":"-0.08"},{"":"Education","Percentage points ":"0.00"},{"":"Restaurants and hotels","Percentage points ":"-0.02"},{"":"Miscellaneous goods and services","Percentage points ":"-0.01"}],"headers":["","Percentage points "],"series":["Percentage points "],"categories":["Food and non-alcoholic beverages","Alcohol and tobacco","Clothing and footwear","Housing and household services","Furniture and household goods","Health","Transport","Communication","Recreation and culture","Education","Restaurants and hotels","Miscellaneous goods and services"],"aspectRatio":"0.75","chartType":"rotated","files":[{"type":"download-png","filename":"34255960-download.png"},{"type":"png","filename":"34255960.png"}]}