{"type":"chart","title":"Figure B: CPI 12-month inflation rate for the last 10 years: May 2005 to May 2015","filename":"3dbe9a85","uri":"/economy/inflationandpriceindices/bulletins/consumerpriceinflation/2015-06-16/3dbe9a85","subtitle":"United Kingdom","unit":"%","source":"Office for National Statistics","legend":"false","hideLegend":true,"notes":"","altText":"Figure B: CPI 12-month inflation rate for the last 10 years: May 2005 to May 2015","data":[{"Month":"May 2005","CPI %":"1.9","date":"2005-04-30T23:00:00.000Z","label":"May 2005"},{"Month":"Jun","CPI %":"2.0","date":"2006-04-30T23:00:00.000Z","label":"May 2006"},{"Month":"Jul","CPI %":"2.3","date":"2007-04-30T23:00:00.000Z","label":"May 2007"},{"Month":"Aug","CPI %":"2.4","date":"2008-04-30T23:00:00.000Z","label":"May 2008"},{"Month":"Sep","CPI %":"2.5","date":"2009-04-30T23:00:00.000Z","label":"May 2009"},{"Month":"Oct","CPI %":"2.3","date":"2010-04-30T23:00:00.000Z","label":"May 2010"},{"Month":"Nov","CPI %":"2.1","date":"2011-04-30T23:00:00.000Z","label":"May 2011"},{"Month":"Dec","CPI %":"1.9","date":"2012-04-30T23:00:00.000Z","label":"May 2012"},{"Month":"Jan","CPI %":"1.9","date":"2013-04-30T23:00:00.000Z","label":"May 2013"},{"Month":"Feb ","CPI %":"2.0","date":"2014-04-30T23:00:00.000Z","label":"May 2014"},{"Month":"Mar","CPI %":"1.8","date":"2015-04-30T23:00:00.000Z","label":"May 2015"},{"Month":"Apr ","CPI %":"2.0"},{"Month":"May 2006","CPI %":"2.2"},{"Month":"Jun","CPI %":"2.5"},{"Month":"Jul","CPI %":"2.4"},{"Month":"Aug","CPI %":"2.5"},{"Month":"Sep","CPI %":"2.4"},{"Month":"Oct","CPI %":"2.4"},{"Month":"Nov","CPI %":"2.7"},{"Month":"Dec","CPI %":"3.0"},{"Month":"Jan ","CPI %":"2.7"},{"Month":"Feb ","CPI %":"2.8"},{"Month":"Mar","CPI %":"3.1"},{"Month":"Apr ","CPI %":"2.8"},{"Month":"May 2007","CPI %":"2.5"},{"Month":"Jun","CPI %":"2.4"},{"Month":"Jul","CPI %":"1.9"},{"Month":"Aug","CPI %":"1.8"},{"Month":"Sep","CPI %":"1.8"},{"Month":"Oct","CPI %":"2.1"},{"Month":"Nov","CPI %":"2.1"},{"Month":"Dec","CPI %":"2.1"},{"Month":"Jan  ","CPI %":"2.2"},{"Month":"Feb ","CPI %":"2.5"},{"Month":"Mar ","CPI %":"2.5"},{"Month":"Apr ","CPI %":"3.0"},{"Month":"May 2008","CPI %":"3.3"},{"Month":"Jun","CPI %":"3.8"},{"Month":"Jul","CPI %":"4.4"},{"Month":"Aug","CPI %":"4.7"},{"Month":"Sep","CPI %":"5.2"},{"Month":"Oct","CPI %":"4.5"},{"Month":"Nov","CPI %":"4.1"},{"Month":"Dec","CPI %":"3.1"},{"Month":"Jan","CPI %":"3.0"},{"Month":"Feb ","CPI %":"3.2"},{"Month":"Mar ","CPI %":"2.9"},{"Month":"Apr ","CPI %":"2.3"},{"Month":"May 2009","CPI %":"2.2"},{"Month":"Jun","CPI %":"1.8"},{"Month":"Jul","CPI %":"1.8"},{"Month":"Aug","CPI %":"1.6"},{"Month":"Sep","CPI %":"1.1"},{"Month":"Oct","CPI %":"1.5"},{"Month":"Nov","CPI %":"1.9"},{"Month":"Dec","CPI %":"2.9"},{"Month":"Jan","CPI %":"3.5"},{"Month":"Feb ","CPI %":"3.0"},{"Month":"Mar","CPI %":"3.4"},{"Month":"Apr","CPI %":"3.7"},{"Month":"May 2010","CPI %":"3.4"},{"Month":"Jun","CPI %":"3.2"},{"Month":"Jul","CPI %":"3.1"},{"Month":"Aug","CPI %":"3.1"},{"Month":"Sep","CPI %":"3.1"},{"Month":"Oct","CPI %":"3.2"},{"Month":"Nov","CPI %":"3.3"},{"Month":"Dec","CPI %":"3.7"},{"Month":"Jan","CPI %":"4.0"},{"Month":"Feb ","CPI %":"4.4"},{"Month":"Mar","CPI %":"4.0"},{"Month":"Apr ","CPI %":"4.5"},{"Month":"May 2011","CPI %":"4.5"},{"Month":"Jun","CPI %":"4.2"},{"Month":"Jul","CPI %":"4.4"},{"Month":"Aug","CPI %":"4.5"},{"Month":"Sep","CPI %":"5.2"},{"Month":"Oct","CPI %":"5.0"},{"Month":"Nov","CPI %":"4.8"},{"Month":"Dec","CPI %":"4.2"},{"Month":"Jan","CPI %":"3.6"},{"Month":"Feb ","CPI %":"3.4"},{"Month":"Mar ","CPI %":"3.5"},{"Month":"Apr ","CPI %":"3.0"},{"Month":"May 2012","CPI %":"2.8"},{"Month":"Jun","CPI %":"2.4"},{"Month":"Jul","CPI %":"2.6"},{"Month":"Aug","CPI %":"2.5"},{"Month":"Sep","CPI %":"2.2"},{"Month":"Oct","CPI %":"2.7"},{"Month":"Nov","CPI %":"2.7"},{"Month":"Dec","CPI %":"2.7"},{"Month":"Jan ","CPI %":"2.7"},{"Month":"Feb ","CPI %":"2.8"},{"Month":"Mar ","CPI %":"2.8"},{"Month":"Apr ","CPI %":"2.4"},{"Month":"May 2013","CPI %":"2.7"},{"Month":"Jun ","CPI %":"2.9"},{"Month":"Jul","CPI %":"2.8"},{"Month":"Aug ","CPI %":"2.7"},{"Month":"Sep ","CPI %":"2.7"},{"Month":"Oct","CPI %":"2.2"},{"Month":"Nov","CPI %":"2.1"},{"Month":"Dec ","CPI %":"2.0"},{"Month":"Jan ","CPI %":"1.9"},{"Month":"Feb","CPI %":"1.7"},{"Month":"Mar","CPI %":"1.6"},{"Month":"Apr ","CPI %":"1.8"},{"Month":"May 2014","CPI %":"1.5"},{"Month":"Jun ","CPI %":"1.9"},{"Month":"Jul ","CPI %":"1.6"},{"Month":"Aug ","CPI %":"1.5"},{"Month":"Sep","CPI %":"1.2"},{"Month":"Oct ","CPI %":"1.3"},{"Month":"Nov ","CPI %":"1.0"},{"Month":"Dec ","CPI %":"0.5"},{"Month":"Jan ","CPI %":"0.3"},{"Month":"Feb ","CPI %":"0.0"},{"Month":"Mar ","CPI %":"0.0"},{"Month":"Apr","CPI %":"-0.1"},{"Month":"May 2015","CPI %":"0.1"}],"headers":["Month","CPI %"],"series":["CPI %"],"categories":["May 2005","Jun","Jul","Aug","Sep","Oct","Nov","Dec","Jan","Feb ","Mar","Apr ","May 2006","Jun","Jul","Aug","Sep","Oct","Nov","Dec","Jan ","Feb ","Mar","Apr ","May 2007","Jun","Jul","Aug","Sep","Oct","Nov","Dec","Jan  ","Feb ","Mar ","Apr ","May 2008","Jun","Jul","Aug","Sep","Oct","Nov","Dec","Jan","Feb ","Mar ","Apr ","May 2009","Jun","Jul","Aug","Sep","Oct","Nov","Dec","Jan","Feb ","Mar","Apr","May 2010","Jun","Jul","Aug","Sep","Oct","Nov","Dec","Jan","Feb ","Mar","Apr ","May 2011","Jun","Jul","Aug","Sep","Oct","Nov","Dec","Jan","Feb ","Mar ","Apr ","May 2012","Jun","Jul","Aug","Sep","Oct","Nov","Dec","Jan ","Feb ","Mar ","Apr ","May 2013","Jun ","Jul","Aug ","Sep ","Oct","Nov","Dec ","Jan ","Feb","Mar","Apr ","May 2014","Jun ","Jul ","Aug ","Sep","Oct ","Nov ","Dec ","Jan ","Feb ","Mar ","Apr","May 2015"],"aspectRatio":"0.56","chartType":"line","files":[{"type":"download-png","filename":"3dbe9a85-download.png"},{"type":"png","filename":"3dbe9a85.png"}],"isTimeSeries":true,"timeSeries":[{"Month":"May 2005","CPI %":"1.9","date":"2005-04-30T23:00:00.000Z","label":"May 2005"},{"Month":"Jun","CPI %":"2.0","date":"2006-04-30T23:00:00.000Z","label":"May 2006"},{"Month":"Jul","CPI %":"2.3","date":"2007-04-30T23:00:00.000Z","label":"May 2007"},{"Month":"Aug","CPI %":"2.4","date":"2008-04-30T23:00:00.000Z","label":"May 2008"},{"Month":"Sep","CPI %":"2.5","date":"2009-04-30T23:00:00.000Z","label":"May 2009"},{"Month":"Oct","CPI %":"2.3","date":"2010-04-30T23:00:00.000Z","label":"May 2010"},{"Month":"Nov","CPI %":"2.1","date":"2011-04-30T23:00:00.000Z","label":"May 2011"},{"Month":"Dec","CPI %":"1.9","date":"2012-04-30T23:00:00.000Z","label":"May 2012"},{"Month":"Jan","CPI %":"1.9","date":"2013-04-30T23:00:00.000Z","label":"May 2013"},{"Month":"Feb ","CPI %":"2.0","date":"2014-04-30T23:00:00.000Z","label":"May 2014"},{"Month":"Mar","CPI %":"1.8","date":"2015-04-30T23:00:00.000Z","label":"May 2015"}]}