{
  "years": [
    {
      "date": "1998",
      "value": "129.3",
      "year": "1998",
      "month": "",
      "quarter": "",
      "sourceDataset": "UNEM",
      "updateDate": "2015-07-09T00:48:24.496Z"
    },
    {
      "date": "1999",
      "value": "101.4",
      "year": "1999",
      "month": "",
      "quarter": "",
      "sourceDataset": "UNEM",
      "updateDate": "2015-07-09T00:48:24.496Z"
    },
    {
      "date": "2000",
      "value": "81.4",
      "year": "2000",
      "month": "",
      "quarter": "",
      "sourceDataset": "UNEM",
      "updateDate": "2015-07-09T00:48:24.496Z"
    },
    {
      "date": "2001",
      "value": "60.6",
      "year": "2001",
      "month": "",
      "quarter": "",
      "sourceDataset": "UNEM",
      "updateDate": "2015-07-09T00:48:24.496Z"
    },
    {
      "date": "2002",
      "value": "33.9",
      "year": "2002",
      "month": "",
      "quarter": "",
      "sourceDataset": "UNEM",
      "updateDate": "2015-07-09T00:48:24.496Z"
    },
    {
      "date": "2003",
      "value": "20.1",
      "year": "2003",
      "month": "",
      "quarter": "",
      "sourceDataset": "UNEM",
      "updateDate": "2015-07-09T00:48:24.496Z"
    },
    {
      "date": "2004",
      "value": "17.0",
      "year": "2004",
      "month": "",
      "quarter": "",
      "sourceDataset": "UNEM",
      "updateDate": "2015-07-09T00:48:24.496Z"
    },
    {
      "date": "2005",
      "value": "17.2",
      "year": "2005",
      "month": "",
      "quarter": "",
      "sourceDataset": "UNEM",
      "updateDate": "2015-07-09T00:48:24.496Z"
    },
    {
      "date": "2006",
      "value": "18.5",
      "year": "2006",
      "month": "",
      "quarter": "",
      "sourceDataset": "UNEM",
      "updateDate": "2015-07-09T00:48:24.496Z"
    },
    {
      "date": "2007",
      "value": "17.7",
      "year": "2007",
      "month": "",
      "quarter": "",
      "sourceDataset": "UNEM",
      "updateDate": "2015-07-09T00:48:24.496Z"
    },
    {
      "date": "2008",
      "value": "14.3",
      "year": "2008",
      "month": "",
      "quarter": "",
      "sourceDataset": "UNEM",
      "updateDate": "2015-07-09T00:48:24.496Z"
    },
    {
      "date": "2009",
      "value": "15.2",
      "year": "2009",
      "month": "",
      "quarter": "",
      "sourceDataset": "UNEM",
      "updateDate": "2015-07-09T00:48:24.496Z"
    },
    {
      "date": "2010",
      "value": "31.1",
      "year": "2010",
      "month": "",
      "quarter": "",
      "sourceDataset": "UNEM",
      "updateDate": "2015-07-09T00:48:24.496Z"
    },
    {
      "date": "2011",
      "value": "42.1",
      "year": "2011",
      "month": "",
      "quarter": "",
      "sourceDataset": "UNEM",
      "updateDate": "2015-07-09T00:48:24.496Z"
    },
    {
      "date": "2012",
      "value": "73.1",
      "year": "2012",
      "month": "",
      "quarter": "",
      "sourceDataset": "UNEM",
      "updateDate": "2015-07-09T00:48:24.496Z"
    },
    {
      "date": "2013",
      "value": "121.2",
      "year": "2013",
      "month": "",
      "quarter": "",
      "sourceDataset": "UNEM",
      "updateDate": "2015-07-09T00:48:24.496Z"
    },
    {
      "date": "2014",
      "value": "100.2",
      "year": "2014",
      "month": "",
      "quarter": "",
      "sourceDataset": "UNEM",
      "updateDate": "2015-07-09T00:48:24.496Z"
    }
  ],
  "quarters": [
    {
      "date": "1997 Q1",
      "value": "144.9",
      "year": "1997",
      "month": "",
      "quarter": "Q1",
      "sourceDataset": "UNEM",
      "updateDate": "2015-07-09T00:48:24.496Z"
    },
    {
      "date": "1997 Q2",
      "value": "231.7",
      "year": "1997",
      "month": "",
      "quarter": "Q2",
      "sourceDataset": "UNEM",
      "updateDate": "2015-07-09T00:48:24.496Z"
    },
    {
      "date": "1997 Q3",
      "value": "197.2",
      "year": "1997",
      "month": "",
      "quarter": "Q3",
      "sourceDataset": "UNEM",
      "updateDate": "2015-07-09T00:48:24.496Z"
    },
    {
      "date": "1997 Q4",
      "value": "166.2",
      "year": "1997",
      "month": "",
      "quarter": "Q4",
      "sourceDataset": "UNEM",
      "updateDate": "2015-07-09T00:48:24.496Z"
    },
    {
      "date": "1998 Q1",
      "value": "111.6",
      "year": "1998",
      "month": "",
      "quarter": "Q1",
      "sourceDataset": "UNEM",
      "updateDate": "2015-07-09T00:48:24.497Z"
    },
    {
      "date": "1998 Q2",
      "value": "131.4",
      "year": "1998",
      "month": "",
      "quarter": "Q2",
      "sourceDataset": "UNEM",
      "updateDate": "2015-07-09T00:48:24.497Z"
    },
    {
      "date": "1998 Q3",
      "value": "123.2",
      "year": "1998",
      "month": "",
      "quarter": "Q3",
      "sourceDataset": "UNEM",
      "updateDate": "2015-07-09T00:48:24.497Z"
    },
    {
      "date": "1998 Q4",
      "value": "117.9",
      "year": "1998",
      "month": "",
      "quarter": "Q4",
      "sourceDataset": "UNEM",
      "updateDate": "2015-07-09T00:48:24.497Z"
    },
    {
      "date": "1999 Q1",
      "value": "89.1",
      "year": "1999",
      "month": "",
      "quarter": "Q1",
      "sourceDataset": "UNEM",
      "updateDate": "2015-07-09T00:48:24.497Z"
    },
    {
      "date": "1999 Q2",
      "value": "104.9",
      "year": "1999",
      "month": "",
      "quarter": "Q2",
      "sourceDataset": "UNEM",
      "updateDate": "2015-07-09T00:48:24.497Z"
    },
    {
      "date": "1999 Q3",
      "value": "97.1",
      "year": "1999",
      "month": "",
      "quarter": "Q3",
      "sourceDataset": "UNEM",
      "updateDate": "2015-07-09T00:48:24.497Z"
    },
    {
      "date": "1999 Q4",
      "value": "92.0",
      "year": "1999",
      "month": "",
      "quarter": "Q4",
      "sourceDataset": "UNEM",
      "updateDate": "2015-07-09T00:48:24.497Z"
    },
    {
      "date": "2000 Q1",
      "value": "69.1",
      "year": "2000",
      "month": "",
      "quarter": "Q1",
      "sourceDataset": "UNEM",
      "updateDate": "2015-07-09T00:48:24.497Z"
    },
    {
      "date": "2000 Q2",
      "value": "84.3",
      "year": "2000",
      "month": "",
      "quarter": "Q2",
      "sourceDataset": "UNEM",
      "updateDate": "2015-07-09T00:48:24.497Z"
    },
    {
      "date": "2000 Q3",
      "value": "78.1",
      "year": "2000",
      "month": "",
      "quarter": "Q3",
      "sourceDataset": "UNEM",
      "updateDate": "2015-07-09T00:48:24.497Z"
    },
    {
      "date": "2000 Q4",
      "value": "74.0",
      "year": "2000",
      "month": "",
      "quarter": "Q4",
      "sourceDataset": "UNEM",
      "updateDate": "2015-07-09T00:48:24.497Z"
    },
    {
      "date": "2001 Q1",
      "value": "42.2",
      "year": "2001",
      "month": "",
      "quarter": "Q1",
      "sourceDataset": "UNEM",
      "updateDate": "2015-07-09T00:48:24.497Z"
    },
    {
      "date": "2001 Q2",
      "value": "63.7",
      "year": "2001",
      "month": "",
      "quarter": "Q2",
      "sourceDataset": "UNEM",
      "updateDate": "2015-07-09T00:48:24.497Z"
    },
    {
      "date": "2001 Q3",
      "value": "58.7",
      "year": "2001",
      "month": "",
      "quarter": "Q3",
      "sourceDataset": "UNEM",
      "updateDate": "2015-07-09T00:48:24.497Z"
    },
    {
      "date": "2001 Q4",
      "value": "51.1",
      "year": "2001",
      "month": "",
      "quarter": "Q4",
      "sourceDataset": "UNEM",
      "updateDate": "2015-07-09T00:48:24.497Z"
    },
    {
      "date": "2002 Q1",
      "value": "23.6",
      "year": "2002",
      "month": "",
      "quarter": "Q1",
      "sourceDataset": "UNEM",
      "updateDate": "2015-07-09T00:48:24.497Z"
    },
    {
      "date": "2002 Q2",
      "value": "35.8",
      "year": "2002",
      "month": "",
      "quarter": "Q2",
      "sourceDataset": "UNEM",
      "updateDate": "2015-07-09T00:48:24.497Z"
    },
    {
      "date": "2002 Q3",
      "value": "30.5",
      "year": "2002",
      "month": "",
      "quarter": "Q3",
      "sourceDataset": "UNEM",
      "updateDate": "2015-07-09T00:48:24.497Z"
    },
    {
      "date": "2002 Q4",
      "value": "27.1",
      "year": "2002",
      "month": "",
      "quarter": "Q4",
      "sourceDataset": "UNEM",
      "updateDate": "2015-07-09T00:48:24.497Z"
    },
    {
      "date": "2003 Q1",
      "value": "16.9",
      "year": "2003",
      "month": "",
      "quarter": "Q1",
      "sourceDataset": "UNEM",
      "updateDate": "2015-07-09T00:48:24.497Z"
    },
    {
      "date": "2003 Q2",
      "value": "20.7",
      "year": "2003",
      "month": "",
      "quarter": "Q2",
      "sourceDataset": "UNEM",
      "updateDate": "2015-07-09T00:48:24.497Z"
    },
    {
      "date": "2003 Q3",
      "value": "18.6",
      "year": "2003",
      "month": "",
      "quarter": "Q3",
      "sourceDataset": "UNEM",
      "updateDate": "2015-07-09T00:48:24.497Z"
    },
    {
      "date": "2003 Q4",
      "value": "17.5",
      "year": "2003",
      "month": "",
      "quarter": "Q4",
      "sourceDataset": "UNEM",
      "updateDate": "2015-07-09T00:48:24.497Z"
    },
    {
      "date": "2004 Q1",
      "value": "17.4",
      "year": "2004",
      "month": "",
      "quarter": "Q1",
      "sourceDataset": "UNEM",
      "updateDate": "2015-07-09T00:48:24.497Z"
    },
    {
      "date": "2004 Q2",
      "value": "16.8",
      "year": "2004",
      "month": "",
      "quarter": "Q2",
      "sourceDataset": "UNEM",
      "updateDate": "2015-07-09T00:48:24.497Z"
    },
    {
      "date": "2004 Q3",
      "value": "17.0",
      "year": "2004",
      "month": "",
      "quarter": "Q3",
      "sourceDataset": "UNEM",
      "updateDate": "2015-07-09T00:48:24.497Z"
    },
    {
      "date": "2004 Q4",
      "value": "17.4",
      "year": "2004",
      "month": "",
      "quarter": "Q4",
      "sourceDataset": "UNEM",
      "updateDate": "2015-07-09T00:48:24.497Z"
    },
    {
      "date": "2005 Q1",
      "value": "17.8",
      "year": "2005",
      "month": "",
      "quarter": "Q1",
      "sourceDataset": "UNEM",
      "updateDate": "2015-07-09T00:48:24.497Z"
    },
    {
      "date": "2005 Q2",
      "value": "17.2",
      "year": "2005",
      "month": "",
      "quarter": "Q2",
      "sourceDataset": "UNEM",
      "updateDate": "2015-07-09T00:48:24.497Z"
    },
    {
      "date": "2005 Q3",
      "value": "17.1",
      "year": "2005",
      "month": "",
      "quarter": "Q3",
      "sourceDataset": "UNEM",
      "updateDate": "2015-07-09T00:48:24.497Z"
    },
    {
      "date": "2005 Q4",
      "value": "17.3",
      "year": "2005",
      "month": "",
      "quarter": "Q4",
      "sourceDataset": "UNEM",
      "updateDate": "2015-07-09T00:48:24.497Z"
    },
    {
      "date": "2006 Q1",
      "value": "18.6",
      "year": "2006",
      "month": "",
      "quarter": "Q1",
      "sourceDataset": "UNEM",
      "updateDate": "2015-07-09T00:48:24.497Z"
    },
    {
      "date": "2006 Q2",
      "value": "18.2",
      "year": "2006",
      "month": "",
      "quarter": "Q2",
      "sourceDataset": "UNEM",
      "updateDate": "2015-07-09T00:48:24.497Z"
    },
    {
      "date": "2006 Q3",
      "value": "18.9",
      "year": "2006",
      "month": "",
      "quarter": "Q3",
      "sourceDataset": "UNEM",
      "updateDate": "2015-07-09T00:48:24.497Z"
    },
    {
      "date": "2006 Q4",
      "value": "19.0",
      "year": "2006",
      "month": "",
      "quarter": "Q4",
      "sourceDataset": "UNEM",
      "updateDate": "2015-07-09T00:48:24.497Z"
    },
    {
      "date": "2007 Q1",
      "value": "15.1",
      "year": "2007",
      "month": "",
      "quarter": "Q1",
      "sourceDataset": "UNEM",
      "updateDate": "2015-07-09T00:48:24.497Z"
    },
    {
      "date": "2007 Q2",
      "value": "18.2",
      "year": "2007",
      "month": "",
      "quarter": "Q2",
      "sourceDataset": "UNEM",
      "updateDate": "2015-07-09T00:48:24.497Z"
    },
    {
      "date": "2007 Q3",
      "value": "17.5",
      "year": "2007",
      "month": "",
      "quarter": "Q3",
      "sourceDataset": "UNEM",
      "updateDate": "2015-07-09T00:48:24.497Z"
    },
    {
      "date": "2007 Q4",
      "value": "16.6",
      "year": "2007",
      "month": "",
      "quarter": "Q4",
      "sourceDataset": "UNEM",
      "updateDate": "2015-07-09T00:48:24.497Z"
    },
    {
      "date": "2008 Q1",
      "value": "13.7",
      "year": "2008",
      "month": "",
      "quarter": "Q1",
      "sourceDataset": "UNEM",
      "updateDate": "2015-07-09T00:48:24.497Z"
    },
    {
      "date": "2008 Q2",
      "value": "14.4",
      "year": "2008",
      "month": "",
      "quarter": "Q2",
      "sourceDataset": "UNEM",
      "updateDate": "2015-07-09T00:48:24.497Z"
    },
    {
      "date": "2008 Q3",
      "value": "14.0",
      "year": "2008",
      "month": "",
      "quarter": "Q3",
      "sourceDataset": "UNEM",
      "updateDate": "2015-07-09T00:48:24.497Z"
    },
    {
      "date": "2008 Q4",
      "value": "13.8",
      "year": "2008",
      "month": "",
      "quarter": "Q4",
      "sourceDataset": "UNEM",
      "updateDate": "2015-07-09T00:48:24.497Z"
    },
    {
      "date": "2009 Q1",
      "value": "23.7",
      "year": "2009",
      "month": "",
      "quarter": "Q1",
      "sourceDataset": "UNEM",
      "updateDate": "2015-07-09T00:48:24.497Z"
    },
    {
      "date": "2009 Q2",
      "value": "14.0",
      "year": "2009",
      "month": "",
      "quarter": "Q2",
      "sourceDataset": "UNEM",
      "updateDate": "2015-07-09T00:48:24.497Z"
    },
    {
      "date": "2009 Q3",
      "value": "15.1",
      "year": "2009",
      "month": "",
      "quarter": "Q3",
      "sourceDataset": "UNEM",
      "updateDate": "2015-07-09T00:48:24.497Z"
    },
    {
      "date": "2009 Q4",
      "value": "17.9",
      "year": "2009",
      "month": "",
      "quarter": "Q4",
      "sourceDataset": "UNEM",
      "updateDate": "2015-07-09T00:48:24.497Z"
    },
    {
      "date": "2010 Q1",
      "value": "37.9",
      "year": "2010",
      "month": "",
      "quarter": "Q1",
      "sourceDataset": "UNEM",
      "updateDate": "2015-07-09T00:48:24.497Z"
    },
    {
      "date": "2010 Q2",
      "value": "29.2",
      "year": "2010",
      "month": "",
      "quarter": "Q2",
      "sourceDataset": "UNEM",
      "updateDate": "2015-07-09T00:48:24.497Z"
    },
    {
      "date": "2010 Q3",
      "value": "34.5",
      "year": "2010",
      "month": "",
      "quarter": "Q3",
      "sourceDataset": "UNEM",
      "updateDate": "2015-07-09T00:48:24.497Z"
    },
    {
      "date": "2010 Q4",
      "value": "37.1",
      "year": "2010",
      "month": "",
      "quarter": "Q4",
      "sourceDataset": "UNEM",
      "updateDate": "2015-07-09T00:48:24.497Z"
    },
    {
      "date": "2011 Q1",
      "value": "57.0",
      "year": "2011",
      "month": "",
      "quarter": "Q1",
      "sourceDataset": "UNEM",
      "updateDate": "2015-07-09T00:48:24.497Z"
    },
    {
      "date": "2011 Q2",
      "value": "38.5",
      "year": "2011",
      "month": "",
      "quarter": "Q2",
      "sourceDataset": "UNEM",
      "updateDate": "2015-07-09T00:48:24.497Z"
    },
    {
      "date": "2011 Q3",
      "value": "42.6",
      "year": "2011",
      "month": "",
      "quarter": "Q3",
      "sourceDataset": "UNEM",
      "updateDate": "2015-07-09T00:48:24.497Z"
    },
    {
      "date": "2011 Q4",
      "value": "49.4",
      "year": "2011",
      "month": "",
      "quarter": "Q4",
      "sourceDataset": "UNEM",
      "updateDate": "2015-07-09T00:48:24.497Z"
    },
    {
      "date": "2012 Q1",
      "value": "110.0",
      "year": "2012",
      "month": "",
      "quarter": "Q1",
      "sourceDataset": "UNEM",
      "updateDate": "2015-07-09T00:48:24.497Z"
    },
    {
      "date": "2012 Q2",
      "value": "66.9",
      "year": "2012",
      "month": "",
      "quarter": "Q2",
      "sourceDataset": "UNEM",
      "updateDate": "2015-07-09T00:48:24.497Z"
    },
    {
      "date": "2012 Q3",
      "value": "77.4",
      "year": "2012",
      "month": "",
      "quarter": "Q3",
      "sourceDataset": "UNEM",
      "updateDate": "2015-07-09T00:48:24.497Z"
    },
    {
      "date": "2012 Q4",
      "value": "91.2",
      "year": "2012",
      "month": "",
      "quarter": "Q4",
      "sourceDataset": "UNEM",
      "updateDate": "2015-07-09T00:48:24.497Z"
    },
    {
      "date": "2013 Q1",
      "value": "110.8",
      "year": "2013",
      "month": "",
      "quarter": "Q1",
      "sourceDataset": "UNEM",
      "updateDate": "2015-07-09T00:48:24.497Z"
    },
    {
      "date": "2013 Q2",
      "value": "125.8",
      "year": "2013",
      "month": "",
      "quarter": "Q2",
      "sourceDataset": "UNEM",
      "updateDate": "2015-07-09T00:48:24.497Z"
    },
    {
      "date": "2013 Q3",
      "value": "128.1",
      "year": "2013",
      "month": "",
      "quarter": "Q3",
      "sourceDataset": "UNEM",
      "updateDate": "2015-07-09T00:48:24.497Z"
    },
    {
      "date": "2013 Q4",
      "value": "121.1",
      "year": "2013",
      "month": "",
      "quarter": "Q4",
      "sourceDataset": "UNEM",
      "updateDate": "2015-07-09T00:48:24.497Z"
    },
    {
      "date": "2014 Q1",
      "value": "79.1",
      "year": "2014",
      "month": "",
      "quarter": "Q1",
      "sourceDataset": "UNEM",
      "updateDate": "2015-07-09T00:48:24.497Z"
    },
    {
      "date": "2014 Q2",
      "value": "103.6",
      "year": "2014",
      "month": "",
      "quarter": "Q2",
      "sourceDataset": "UNEM",
      "updateDate": "2015-07-09T00:48:24.497Z"
    },
    {
      "date": "2014 Q3",
      "value": "96.4",
      "year": "2014",
      "month": "",
      "quarter": "Q3",
      "sourceDataset": "UNEM",
      "updateDate": "2015-07-09T00:48:24.497Z"
    },
    {
      "date": "2014 Q4",
      "value": "90.1",
      "year": "2014",
      "month": "",
      "quarter": "Q4",
      "sourceDataset": "UNEM",
      "updateDate": "2015-07-09T00:48:24.497Z"
    }
  ],
  "months": [
    {
      "date": "1997 JAN",
      "value": "152.4",
      "year": "1997",
      "month": "January",
      "quarter": "",
      "sourceDataset": "UNEM",
      "updateDate": "2015-07-09T00:48:24.497Z"
    },
    {
      "date": "1997 FEB",
      "value": "143.8",
      "year": "1997",
      "month": "February",
      "quarter": "",
      "sourceDataset": "UNEM",
      "updateDate": "2015-07-09T00:48:24.497Z"
    },
    {
      "date": "1997 MAR",
      "value": "138.4",
      "year": "1997",
      "month": "March",
      "quarter": "",
      "sourceDataset": "UNEM",
      "updateDate": "2015-07-09T00:48:24.497Z"
    },
    {
      "date": "1997 APR",
      "value": "242.0",
      "year": "1997",
      "month": "April",
      "quarter": "",
      "sourceDataset": "UNEM",
      "updateDate": "2015-07-09T00:48:24.497Z"
    },
    {
      "date": "1997 MAY",
      "value": "232.6",
      "year": "1997",
      "month": "May",
      "quarter": "",
      "sourceDataset": "UNEM",
      "updateDate": "2015-07-09T00:48:24.497Z"
    },
    {
      "date": "1997 JUN",
      "value": "220.4",
      "year": "1997",
      "month": "June",
      "quarter": "",
      "sourceDataset": "UNEM",
      "updateDate": "2015-07-09T00:48:24.497Z"
    },
    {
      "date": "1997 JUL",
      "value": "209.4",
      "year": "1997",
      "month": "July",
      "quarter": "",
      "sourceDataset": "UNEM",
      "updateDate": "2015-07-09T00:48:24.497Z"
    },
    {
      "date": "1997 AUG",
      "value": "196.6",
      "year": "1997",
      "month": "August",
      "quarter": "",
      "sourceDataset": "UNEM",
      "updateDate": "2015-07-09T00:48:24.497Z"
    },
    {
      "date": "1997 SEP",
      "value": "185.7",
      "year": "1997",
      "month": "September",
      "quarter": "",
      "sourceDataset": "UNEM",
      "updateDate": "2015-07-09T00:48:24.497Z"
    },
    {
      "date": "1997 OCT",
      "value": "176.2",
      "year": "1997",
      "month": "October",
      "quarter": "",
      "sourceDataset": "UNEM",
      "updateDate": "2015-07-09T00:48:24.497Z"
    },
    {
      "date": "1997 NOV",
      "value": "165.1",
      "year": "1997",
      "month": "November",
      "quarter": "",
      "sourceDataset": "UNEM",
      "updateDate": "2015-07-09T00:48:24.497Z"
    },
    {
      "date": "1997 DEC",
      "value": "157.2",
      "year": "1997",
      "month": "December",
      "quarter": "",
      "sourceDataset": "UNEM",
      "updateDate": "2015-07-09T00:48:24.497Z"
    },
    {
      "date": "1998 JAN",
      "value": "113.4",
      "year": "1998",
      "month": "January",
      "quarter": "",
      "sourceDataset": "UNEM",
      "updateDate": "2015-07-09T00:48:24.497Z"
    },
    {
      "date": "1998 FEB",
      "value": "111.6",
      "year": "1998",
      "month": "February",
      "quarter": "",
      "sourceDataset": "UNEM",
      "updateDate": "2015-07-09T00:48:24.497Z"
    },
    {
      "date": "1998 MAR",
      "value": "109.8",
      "year": "1998",
      "month": "March",
      "quarter": "",
      "sourceDataset": "UNEM",
      "updateDate": "2015-07-09T00:48:24.497Z"
    },
    {
      "date": "1998 APR",
      "value": "134.5",
      "year": "1998",
      "month": "April",
      "quarter": "",
      "sourceDataset": "UNEM",
      "updateDate": "2015-07-09T00:48:24.497Z"
    },
    {
      "date": "1998 MAY",
      "value": "131.1",
      "year": "1998",
      "month": "May",
      "quarter": "",
      "sourceDataset": "UNEM",
      "updateDate": "2015-07-09T00:48:24.497Z"
    },
    {
      "date": "1998 JUN",
      "value": "128.5",
      "year": "1998",
      "month": "June",
      "quarter": "",
      "sourceDataset": "UNEM",
      "updateDate": "2015-07-09T00:48:24.497Z"
    },
    {
      "date": "1998 JUL",
      "value": "125.4",
      "year": "1998",
      "month": "July",
      "quarter": "",
      "sourceDataset": "UNEM",
      "updateDate": "2015-07-09T00:48:24.497Z"
    },
    {
      "date": "1998 AUG",
      "value": "123.1",
      "year": "1998",
      "month": "August",
      "quarter": "",
      "sourceDataset": "UNEM",
      "updateDate": "2015-07-09T00:48:24.497Z"
    },
    {
      "date": "1998 SEP",
      "value": "121.2",
      "year": "1998",
      "month": "September",
      "quarter": "",
      "sourceDataset": "UNEM",
      "updateDate": "2015-07-09T00:48:24.497Z"
    },
    {
      "date": "1998 OCT",
      "value": "119.7",
      "year": "1998",
      "month": "October",
      "quarter": "",
      "sourceDataset": "UNEM",
      "updateDate": "2015-07-09T00:48:24.497Z"
    },
    {
      "date": "1998 NOV",
      "value": "118.0",
      "year": "1998",
      "month": "November",
      "quarter": "",
      "sourceDataset": "UNEM",
      "updateDate": "2015-07-09T00:48:24.497Z"
    },
    {
      "date": "1998 DEC",
      "value": "115.9",
      "year": "1998",
      "month": "December",
      "quarter": "",
      "sourceDataset": "UNEM",
      "updateDate": "2015-07-09T00:48:24.497Z"
    },
    {
      "date": "1999 JAN",
      "value": "90.2",
      "year": "1999",
      "month": "January",
      "quarter": "",
      "sourceDataset": "UNEM",
      "updateDate": "2015-07-09T00:48:24.497Z"
    },
    {
      "date": "1999 FEB",
      "value": "89.1",
      "year": "1999",
      "month": "February",
      "quarter": "",
      "sourceDataset": "UNEM",
      "updateDate": "2015-07-09T00:48:24.497Z"
    },
    {
      "date": "1999 MAR",
      "value": "87.9",
      "year": "1999",
      "month": "March",
      "quarter": "",
      "sourceDataset": "UNEM",
      "updateDate": "2015-07-09T00:48:24.497Z"
    },
    {
      "date": "1999 APR",
      "value": "107.5",
      "year": "1999",
      "month": "April",
      "quarter": "",
      "sourceDataset": "UNEM",
      "updateDate": "2015-07-09T00:48:24.497Z"
    },
    {
      "date": "1999 MAY",
      "value": "104.7",
      "year": "1999",
      "month": "May",
      "quarter": "",
      "sourceDataset": "UNEM",
      "updateDate": "2015-07-09T00:48:24.497Z"
    },
    {
      "date": "1999 JUN",
      "value": "102.5",
      "year": "1999",
      "month": "June",
      "quarter": "",
      "sourceDataset": "UNEM",
      "updateDate": "2015-07-09T00:48:24.497Z"
    },
    {
      "date": "1999 JUL",
      "value": "99.6",
      "year": "1999",
      "month": "July",
      "quarter": "",
      "sourceDataset": "UNEM",
      "updateDate": "2015-07-09T00:48:24.497Z"
    },
    {
      "date": "1999 AUG",
      "value": "96.8",
      "year": "1999",
      "month": "August",
      "quarter": "",
      "sourceDataset": "UNEM",
      "updateDate": "2015-07-09T00:48:24.497Z"
    },
    {
      "date": "1999 SEP",
      "value": "94.9",
      "year": "1999",
      "month": "September",
      "quarter": "",
      "sourceDataset": "UNEM",
      "updateDate": "2015-07-09T00:48:24.497Z"
    },
    {
      "date": "1999 OCT",
      "value": "93.3",
      "year": "1999",
      "month": "October",
      "quarter": "",
      "sourceDataset": "UNEM",
      "updateDate": "2015-07-09T00:48:24.497Z"
    },
    {
      "date": "1999 NOV",
      "value": "91.9",
      "year": "1999",
      "month": "November",
      "quarter": "",
      "sourceDataset": "UNEM",
      "updateDate": "2015-07-09T00:48:24.497Z"
    },
    {
      "date": "1999 DEC",
      "value": "90.9",
      "year": "1999",
      "month": "December",
      "quarter": "",
      "sourceDataset": "UNEM",
      "updateDate": "2015-07-09T00:48:24.497Z"
    },
    {
      "date": "2000 JAN",
      "value": "70.6",
      "year": "2000",
      "month": "January",
      "quarter": "",
      "sourceDataset": "UNEM",
      "updateDate": "2015-07-09T00:48:24.497Z"
    },
    {
      "date": "2000 FEB",
      "value": "69.2",
      "year": "2000",
      "month": "February",
      "quarter": "",
      "sourceDataset": "UNEM",
      "updateDate": "2015-07-09T00:48:24.497Z"
    },
    {
      "date": "2000 MAR",
      "value": "67.5",
      "year": "2000",
      "month": "March",
      "quarter": "",
      "sourceDataset": "UNEM",
      "updateDate": "2015-07-09T00:48:24.497Z"
    },
    {
      "date": "2000 APR",
      "value": "85.6",
      "year": "2000",
      "month": "April",
      "quarter": "",
      "sourceDataset": "UNEM",
      "updateDate": "2015-07-09T00:48:24.497Z"
    },
    {
      "date": "2000 MAY",
      "value": "84.4",
      "year": "2000",
      "month": "May",
      "quarter": "",
      "sourceDataset": "UNEM",
      "updateDate": "2015-07-09T00:48:24.497Z"
    },
    {
      "date": "2000 JUN",
      "value": "82.9",
      "year": "2000",
      "month": "June",
      "quarter": "",
      "sourceDataset": "UNEM",
      "updateDate": "2015-07-09T00:48:24.497Z"
    },
    {
      "date": "2000 JUL",
      "value": "80.2",
      "year": "2000",
      "month": "July",
      "quarter": "",
      "sourceDataset": "UNEM",
      "updateDate": "2015-07-09T00:48:24.497Z"
    },
    {
      "date": "2000 AUG",
      "value": "78.1",
      "year": "2000",
      "month": "August",
      "quarter": "",
      "sourceDataset": "UNEM",
      "updateDate": "2015-07-09T00:48:24.497Z"
    },
    {
      "date": "2000 SEP",
      "value": "76.0",
      "year": "2000",
      "month": "September",
      "quarter": "",
      "sourceDataset": "UNEM",
      "updateDate": "2015-07-09T00:48:24.497Z"
    },
    {
      "date": "2000 OCT",
      "value": "75.3",
      "year": "2000",
      "month": "October",
      "quarter": "",
      "sourceDataset": "UNEM",
      "updateDate": "2015-07-09T00:48:24.497Z"
    },
    {
      "date": "2000 NOV",
      "value": "74.0",
      "year": "2000",
      "month": "November",
      "quarter": "",
      "sourceDataset": "UNEM",
      "updateDate": "2015-07-09T00:48:24.497Z"
    },
    {
      "date": "2000 DEC",
      "value": "72.7",
      "year": "2000",
      "month": "December",
      "quarter": "",
      "sourceDataset": "UNEM",
      "updateDate": "2015-07-09T00:48:24.497Z"
    },
    {
      "date": "2001 JAN",
      "value": "45.6",
      "year": "2001",
      "month": "January",
      "quarter": "",
      "sourceDataset": "UNEM",
      "updateDate": "2015-07-09T00:48:24.497Z"
    },
    {
      "date": "2001 FEB",
      "value": "42.2",
      "year": "2001",
      "month": "February",
      "quarter": "",
      "sourceDataset": "UNEM",
      "updateDate": "2015-07-09T00:48:24.497Z"
    },
    {
      "date": "2001 MAR",
      "value": "38.8",
      "year": "2001",
      "month": "March",
      "quarter": "",
      "sourceDataset": "UNEM",
      "updateDate": "2015-07-09T00:48:24.497Z"
    },
    {
      "date": "2001 APR",
      "value": "65.3",
      "year": "2001",
      "month": "April",
      "quarter": "",
      "sourceDataset": "UNEM",
      "updateDate": "2015-07-09T00:48:24.497Z"
    },
    {
      "date": "2001 MAY",
      "value": "63.7",
      "year": "2001",
      "month": "May",
      "quarter": "",
      "sourceDataset": "UNEM",
      "updateDate": "2015-07-09T00:48:24.497Z"
    },
    {
      "date": "2001 JUN",
      "value": "62.0",
      "year": "2001",
      "month": "June",
      "quarter": "",
      "sourceDataset": "UNEM",
      "updateDate": "2015-07-09T00:48:24.497Z"
    },
    {
      "date": "2001 JUL",
      "value": "60.5",
      "year": "2001",
      "month": "July",
      "quarter": "",
      "sourceDataset": "UNEM",
      "updateDate": "2015-07-09T00:48:24.497Z"
    },
    {
      "date": "2001 AUG",
      "value": "58.8",
      "year": "2001",
      "month": "August",
      "quarter": "",
      "sourceDataset": "UNEM",
      "updateDate": "2015-07-09T00:48:24.497Z"
    },
    {
      "date": "2001 SEP",
      "value": "56.7",
      "year": "2001",
      "month": "September",
      "quarter": "",
      "sourceDataset": "UNEM",
      "updateDate": "2015-07-09T00:48:24.497Z"
    },
    {
      "date": "2001 OCT",
      "value": "54.0",
      "year": "2001",
      "month": "October",
      "quarter": "",
      "sourceDataset": "UNEM",
      "updateDate": "2015-07-09T00:48:24.497Z"
    },
    {
      "date": "2001 NOV",
      "value": "51.3",
      "year": "2001",
      "month": "November",
      "quarter": "",
      "sourceDataset": "UNEM",
      "updateDate": "2015-07-09T00:48:24.497Z"
    },
    {
      "date": "2001 DEC",
      "value": "48.0",
      "year": "2001",
      "month": "December",
      "quarter": "",
      "sourceDataset": "UNEM",
      "updateDate": "2015-07-09T00:48:24.497Z"
    },
    {
      "date": "2002 JAN",
      "value": "24.8",
      "year": "2002",
      "month": "January",
      "quarter": "",
      "sourceDataset": "UNEM",
      "updateDate": "2015-07-09T00:48:24.497Z"
    },
    {
      "date": "2002 FEB",
      "value": "23.5",
      "year": "2002",
      "month": "February",
      "quarter": "",
      "sourceDataset": "UNEM",
      "updateDate": "2015-07-09T00:48:24.497Z"
    },
    {
      "date": "2002 MAR",
      "value": "22.5",
      "year": "2002",
      "month": "March",
      "quarter": "",
      "sourceDataset": "UNEM",
      "updateDate": "2015-07-09T00:48:24.497Z"
    },
    {
      "date": "2002 APR",
      "value": "38.1",
      "year": "2002",
      "month": "April",
      "quarter": "",
      "sourceDataset": "UNEM",
      "updateDate": "2015-07-09T00:48:24.497Z"
    },
    {
      "date": "2002 MAY",
      "value": "35.7",
      "year": "2002",
      "month": "May",
      "quarter": "",
      "sourceDataset": "UNEM",
      "updateDate": "2015-07-09T00:48:24.497Z"
    },
    {
      "date": "2002 JUN",
      "value": "33.7",
      "year": "2002",
      "month": "June",
      "quarter": "",
      "sourceDataset": "UNEM",
      "updateDate": "2015-07-09T00:48:24.497Z"
    },
    {
      "date": "2002 JUL",
      "value": "32.0",
      "year": "2002",
      "month": "July",
      "quarter": "",
      "sourceDataset": "UNEM",
      "updateDate": "2015-07-09T00:48:24.497Z"
    },
    {
      "date": "2002 AUG",
      "value": "30.5",
      "year": "2002",
      "month": "August",
      "quarter": "",
      "sourceDataset": "UNEM",
      "updateDate": "2015-07-09T00:48:24.497Z"
    },
    {
      "date": "2002 SEP",
      "value": "29.1",
      "year": "2002",
      "month": "September",
      "quarter": "",
      "sourceDataset": "UNEM",
      "updateDate": "2015-07-09T00:48:24.497Z"
    },
    {
      "date": "2002 OCT",
      "value": "28.3",
      "year": "2002",
      "month": "October",
      "quarter": "",
      "sourceDataset": "UNEM",
      "updateDate": "2015-07-09T00:48:24.497Z"
    },
    {
      "date": "2002 NOV",
      "value": "26.9",
      "year": "2002",
      "month": "November",
      "quarter": "",
      "sourceDataset": "UNEM",
      "updateDate": "2015-07-09T00:48:24.497Z"
    },
    {
      "date": "2002 DEC",
      "value": "26.1",
      "year": "2002",
      "month": "December",
      "quarter": "",
      "sourceDataset": "UNEM",
      "updateDate": "2015-07-09T00:48:24.497Z"
    },
    {
      "date": "2003 JAN",
      "value": "17.0",
      "year": "2003",
      "month": "January",
      "quarter": "",
      "sourceDataset": "UNEM",
      "updateDate": "2015-07-09T00:48:24.497Z"
    },
    {
      "date": "2003 FEB",
      "value": "16.9",
      "year": "2003",
      "month": "February",
      "quarter": "",
      "sourceDataset": "UNEM",
      "updateDate": "2015-07-09T00:48:24.497Z"
    },
    {
      "date": "2003 MAR",
      "value": "16.8",
      "year": "2003",
      "month": "March",
      "quarter": "",
      "sourceDataset": "UNEM",
      "updateDate": "2015-07-09T00:48:24.497Z"
    },
    {
      "date": "2003 APR",
      "value": "21.5",
      "year": "2003",
      "month": "April",
      "quarter": "",
      "sourceDataset": "UNEM",
      "updateDate": "2015-07-09T00:48:24.497Z"
    },
    {
      "date": "2003 MAY",
      "value": "20.8",
      "year": "2003",
      "month": "May",
      "quarter": "",
      "sourceDataset": "UNEM",
      "updateDate": "2015-07-09T00:48:24.497Z"
    },
    {
      "date": "2003 JUN",
      "value": "19.9",
      "year": "2003",
      "month": "June",
      "quarter": "",
      "sourceDataset": "UNEM",
      "updateDate": "2015-07-09T00:48:24.497Z"
    },
    {
      "date": "2003 JUL",
      "value": "19.1",
      "year": "2003",
      "month": "July",
      "quarter": "",
      "sourceDataset": "UNEM",
      "updateDate": "2015-07-09T00:48:24.497Z"
    },
    {
      "date": "2003 AUG",
      "value": "18.6",
      "year": "2003",
      "month": "August",
      "quarter": "",
      "sourceDataset": "UNEM",
      "updateDate": "2015-07-09T00:48:24.497Z"
    },
    {
      "date": "2003 SEP",
      "value": "18.2",
      "year": "2003",
      "month": "September",
      "quarter": "",
      "sourceDataset": "UNEM",
      "updateDate": "2015-07-09T00:48:24.497Z"
    },
    {
      "date": "2003 OCT",
      "value": "17.8",
      "year": "2003",
      "month": "October",
      "quarter": "",
      "sourceDataset": "UNEM",
      "updateDate": "2015-07-09T00:48:24.497Z"
    },
    {
      "date": "2003 NOV",
      "value": "17.4",
      "year": "2003",
      "month": "November",
      "quarter": "",
      "sourceDataset": "UNEM",
      "updateDate": "2015-07-09T00:48:24.497Z"
    },
    {
      "date": "2003 DEC",
      "value": "17.2",
      "year": "2003",
      "month": "December",
      "quarter": "",
      "sourceDataset": "UNEM",
      "updateDate": "2015-07-09T00:48:24.497Z"
    },
    {
      "date": "2004 JAN",
      "value": "17.4",
      "year": "2004",
      "month": "January",
      "quarter": "",
      "sourceDataset": "UNEM",
      "updateDate": "2015-07-09T00:48:24.497Z"
    },
    {
      "date": "2004 FEB",
      "value": "17.4",
      "year": "2004",
      "month": "February",
      "quarter": "",
      "sourceDataset": "UNEM",
      "updateDate": "2015-07-09T00:48:24.497Z"
    },
    {
      "date": "2004 MAR",
      "value": "17.4",
      "year": "2004",
      "month": "March",
      "quarter": "",
      "sourceDataset": "UNEM",
      "updateDate": "2015-07-09T00:48:24.497Z"
    },
    {
      "date": "2004 APR",
      "value": "16.7",
      "year": "2004",
      "month": "April",
      "quarter": "",
      "sourceDataset": "UNEM",
      "updateDate": "2015-07-09T00:48:24.497Z"
    },
    {
      "date": "2004 MAY",
      "value": "16.7",
      "year": "2004",
      "month": "May",
      "quarter": "",
      "sourceDataset": "UNEM",
      "updateDate": "2015-07-09T00:48:24.497Z"
    },
    {
      "date": "2004 JUN",
      "value": "17.0",
      "year": "2004",
      "month": "June",
      "quarter": "",
      "sourceDataset": "UNEM",
      "updateDate": "2015-07-09T00:48:24.497Z"
    },
    {
      "date": "2004 JUL",
      "value": "16.9",
      "year": "2004",
      "month": "July",
      "quarter": "",
      "sourceDataset": "UNEM",
      "updateDate": "2015-07-09T00:48:24.497Z"
    },
    {
      "date": "2004 AUG",
      "value": "17.0",
      "year": "2004",
      "month": "August",
      "quarter": "",
      "sourceDataset": "UNEM",
      "updateDate": "2015-07-09T00:48:24.497Z"
    },
    {
      "date": "2004 SEP",
      "value": "17.2",
      "year": "2004",
      "month": "September",
      "quarter": "",
      "sourceDataset": "UNEM",
      "updateDate": "2015-07-09T00:48:24.497Z"
    },
    {
      "date": "2004 OCT",
      "value": "17.4",
      "year": "2004",
      "month": "October",
      "quarter": "",
      "sourceDataset": "UNEM",
      "updateDate": "2015-07-09T00:48:24.497Z"
    },
    {
      "date": "2004 NOV",
      "value": "17.3",
      "year": "2004",
      "month": "November",
      "quarter": "",
      "sourceDataset": "UNEM",
      "updateDate": "2015-07-09T00:48:24.497Z"
    },
    {
      "date": "2004 DEC",
      "value": "17.4",
      "year": "2004",
      "month": "December",
      "quarter": "",
      "sourceDataset": "UNEM",
      "updateDate": "2015-07-09T00:48:24.497Z"
    },
    {
      "date": "2005 JAN",
      "value": "17.6",
      "year": "2005",
      "month": "January",
      "quarter": "",
      "sourceDataset": "UNEM",
      "updateDate": "2015-07-09T00:48:24.497Z"
    },
    {
      "date": "2005 FEB",
      "value": "17.8",
      "year": "2005",
      "month": "February",
      "quarter": "",
      "sourceDataset": "UNEM",
      "updateDate": "2015-07-09T00:48:24.497Z"
    },
    {
      "date": "2005 MAR",
      "value": "17.9",
      "year": "2005",
      "month": "March",
      "quarter": "",
      "sourceDataset": "UNEM",
      "updateDate": "2015-07-09T00:48:24.497Z"
    },
    {
      "date": "2005 APR",
      "value": "17.2",
      "year": "2005",
      "month": "April",
      "quarter": "",
      "sourceDataset": "UNEM",
      "updateDate": "2015-07-09T00:48:24.497Z"
    },
    {
      "date": "2005 MAY",
      "value": "17.1",
      "year": "2005",
      "month": "May",
      "quarter": "",
      "sourceDataset": "UNEM",
      "updateDate": "2015-07-09T00:48:24.497Z"
    },
    {
      "date": "2005 JUN",
      "value": "17.2",
      "year": "2005",
      "month": "June",
      "quarter": "",
      "sourceDataset": "UNEM",
      "updateDate": "2015-07-09T00:48:24.497Z"
    },
    {
      "date": "2005 JUL",
      "value": "17.1",
      "year": "2005",
      "month": "July",
      "quarter": "",
      "sourceDataset": "UNEM",
      "updateDate": "2015-07-09T00:48:24.497Z"
    },
    {
      "date": "2005 AUG",
      "value": "17.0",
      "year": "2005",
      "month": "August",
      "quarter": "",
      "sourceDataset": "UNEM",
      "updateDate": "2015-07-09T00:48:24.497Z"
    },
    {
      "date": "2005 SEP",
      "value": "17.1",
      "year": "2005",
      "month": "September",
      "quarter": "",
      "sourceDataset": "UNEM",
      "updateDate": "2015-07-09T00:48:24.497Z"
    },
    {
      "date": "2005 OCT",
      "value": "17.1",
      "year": "2005",
      "month": "October",
      "quarter": "",
      "sourceDataset": "UNEM",
      "updateDate": "2015-07-09T00:48:24.497Z"
    },
    {
      "date": "2005 NOV",
      "value": "17.4",
      "year": "2005",
      "month": "November",
      "quarter": "",
      "sourceDataset": "UNEM",
      "updateDate": "2015-07-09T00:48:24.497Z"
    },
    {
      "date": "2005 DEC",
      "value": "17.5",
      "year": "2005",
      "month": "December",
      "quarter": "",
      "sourceDataset": "UNEM",
      "updateDate": "2015-07-09T00:48:24.497Z"
    },
    {
      "date": "2006 JAN",
      "value": "18.6",
      "year": "2006",
      "month": "January",
      "quarter": "",
      "sourceDataset": "UNEM",
      "updateDate": "2015-07-09T00:48:24.497Z"
    },
    {
      "date": "2006 FEB",
      "value": "18.6",
      "year": "2006",
      "month": "February",
      "quarter": "",
      "sourceDataset": "UNEM",
      "updateDate": "2015-07-09T00:48:24.497Z"
    },
    {
      "date": "2006 MAR",
      "value": "18.5",
      "year": "2006",
      "month": "March",
      "quarter": "",
      "sourceDataset": "UNEM",
      "updateDate": "2015-07-09T00:48:24.497Z"
    },
    {
      "date": "2006 APR",
      "value": "17.9",
      "year": "2006",
      "month": "April",
      "quarter": "",
      "sourceDataset": "UNEM",
      "updateDate": "2015-07-09T00:48:24.497Z"
    },
    {
      "date": "2006 MAY",
      "value": "18.2",
      "year": "2006",
      "month": "May",
      "quarter": "",
      "sourceDataset": "UNEM",
      "updateDate": "2015-07-09T00:48:24.497Z"
    },
    {
      "date": "2006 JUN",
      "value": "18.4",
      "year": "2006",
      "month": "June",
      "quarter": "",
      "sourceDataset": "UNEM",
      "updateDate": "2015-07-09T00:48:24.497Z"
    },
    {
      "date": "2006 JUL",
      "value": "18.7",
      "year": "2006",
      "month": "July",
      "quarter": "",
      "sourceDataset": "UNEM",
      "updateDate": "2015-07-09T00:48:24.497Z"
    },
    {
      "date": "2006 AUG",
      "value": "19.0",
      "year": "2006",
      "month": "August",
      "quarter": "",
      "sourceDataset": "UNEM",
      "updateDate": "2015-07-09T00:48:24.497Z"
    },
    {
      "date": "2006 SEP",
      "value": "19.1",
      "year": "2006",
      "month": "September",
      "quarter": "",
      "sourceDataset": "UNEM",
      "updateDate": "2015-07-09T00:48:24.497Z"
    },
    {
      "date": "2006 OCT",
      "value": "19.1",
      "year": "2006",
      "month": "October",
      "quarter": "",
      "sourceDataset": "UNEM",
      "updateDate": "2015-07-09T00:48:24.497Z"
    },
    {
      "date": "2006 NOV",
      "value": "19.0",
      "year": "2006",
      "month": "November",
      "quarter": "",
      "sourceDataset": "UNEM",
      "updateDate": "2015-07-09T00:48:24.497Z"
    },
    {
      "date": "2006 DEC",
      "value": "18.8",
      "year": "2006",
      "month": "December",
      "quarter": "",
      "sourceDataset": "UNEM",
      "updateDate": "2015-07-09T00:48:24.497Z"
    },
    {
      "date": "2007 JAN",
      "value": "15.6",
      "year": "2007",
      "month": "January",
      "quarter": "",
      "sourceDataset": "UNEM",
      "updateDate": "2015-07-09T00:48:24.497Z"
    },
    {
      "date": "2007 FEB",
      "value": "15.0",
      "year": "2007",
      "month": "February",
      "quarter": "",
      "sourceDataset": "UNEM",
      "updateDate": "2015-07-09T00:48:24.497Z"
    },
    {
      "date": "2007 MAR",
      "value": "14.7",
      "year": "2007",
      "month": "March",
      "quarter": "",
      "sourceDataset": "UNEM",
      "updateDate": "2015-07-09T00:48:24.497Z"
    },
    {
      "date": "2007 APR",
      "value": "18.4",
      "year": "2007",
      "month": "April",
      "quarter": "",
      "sourceDataset": "UNEM",
      "updateDate": "2015-07-09T00:48:24.497Z"
    },
    {
      "date": "2007 MAY",
      "value": "18.2",
      "year": "2007",
      "month": "May",
      "quarter": "",
      "sourceDataset": "UNEM",
      "updateDate": "2015-07-09T00:48:24.497Z"
    },
    {
      "date": "2007 JUN",
      "value": "18.0",
      "year": "2007",
      "month": "June",
      "quarter": "",
      "sourceDataset": "UNEM",
      "updateDate": "2015-07-09T00:48:24.497Z"
    },
    {
      "date": "2007 JUL",
      "value": "17.7",
      "year": "2007",
      "month": "July",
      "quarter": "",
      "sourceDataset": "UNEM",
      "updateDate": "2015-07-09T00:48:24.497Z"
    },
    {
      "date": "2007 AUG",
      "value": "17.5",
      "year": "2007",
      "month": "August",
      "quarter": "",
      "sourceDataset": "UNEM",
      "updateDate": "2015-07-09T00:48:24.497Z"
    },
    {
      "date": "2007 SEP",
      "value": "17.2",
      "year": "2007",
      "month": "September",
      "quarter": "",
      "sourceDataset": "UNEM",
      "updateDate": "2015-07-09T00:48:24.497Z"
    },
    {
      "date": "2007 OCT",
      "value": "16.9",
      "year": "2007",
      "month": "October",
      "quarter": "",
      "sourceDataset": "UNEM",
      "updateDate": "2015-07-09T00:48:24.497Z"
    },
    {
      "date": "2007 NOV",
      "value": "16.7",
      "year": "2007",
      "month": "November",
      "quarter": "",
      "sourceDataset": "UNEM",
      "updateDate": "2015-07-09T00:48:24.497Z"
    },
    {
      "date": "2007 DEC",
      "value": "16.2",
      "year": "2007",
      "month": "December",
      "quarter": "",
      "sourceDataset": "UNEM",
      "updateDate": "2015-07-09T00:48:24.497Z"
    },
    {
      "date": "2008 JAN",
      "value": "13.6",
      "year": "2008",
      "month": "January",
      "quarter": "",
      "sourceDataset": "UNEM",
      "updateDate": "2015-07-09T00:48:24.497Z"
    },
    {
      "date": "2008 FEB",
      "value": "13.8",
      "year": "2008",
      "month": "February",
      "quarter": "",
      "sourceDataset": "UNEM",
      "updateDate": "2015-07-09T00:48:24.497Z"
    },
    {
      "date": "2008 MAR",
      "value": "13.8",
      "year": "2008",
      "month": "March",
      "quarter": "",
      "sourceDataset": "UNEM",
      "updateDate": "2015-07-09T00:48:24.497Z"
    },
    {
      "date": "2008 APR",
      "value": "14.7",
      "year": "2008",
      "month": "April",
      "quarter": "",
      "sourceDataset": "UNEM",
      "updateDate": "2015-07-09T00:48:24.497Z"
    },
    {
      "date": "2008 MAY",
      "value": "14.3",
      "year": "2008",
      "month": "May",
      "quarter": "",
      "sourceDataset": "UNEM",
      "updateDate": "2015-07-09T00:48:24.498Z"
    },
    {
      "date": "2008 JUN",
      "value": "14.1",
      "year": "2008",
      "month": "June",
      "quarter": "",
      "sourceDataset": "UNEM",
      "updateDate": "2015-07-09T00:48:24.498Z"
    },
    {
      "date": "2008 JUL",
      "value": "14.1",
      "year": "2008",
      "month": "July",
      "quarter": "",
      "sourceDataset": "UNEM",
      "updateDate": "2015-07-09T00:48:24.498Z"
    },
    {
      "date": "2008 AUG",
      "value": "14.0",
      "year": "2008",
      "month": "August",
      "quarter": "",
      "sourceDataset": "UNEM",
      "updateDate": "2015-07-09T00:48:24.498Z"
    },
    {
      "date": "2008 SEP",
      "value": "13.9",
      "year": "2008",
      "month": "September",
      "quarter": "",
      "sourceDataset": "UNEM",
      "updateDate": "2015-07-09T00:48:24.498Z"
    },
    {
      "date": "2008 OCT",
      "value": "13.8",
      "year": "2008",
      "month": "October",
      "quarter": "",
      "sourceDataset": "UNEM",
      "updateDate": "2015-07-09T00:48:24.498Z"
    },
    {
      "date": "2008 NOV",
      "value": "13.8",
      "year": "2008",
      "month": "November",
      "quarter": "",
      "sourceDataset": "UNEM",
      "updateDate": "2015-07-09T00:48:24.498Z"
    },
    {
      "date": "2008 DEC",
      "value": "13.8",
      "year": "2008",
      "month": "December",
      "quarter": "",
      "sourceDataset": "UNEM",
      "updateDate": "2015-07-09T00:48:24.498Z"
    },
    {
      "date": "2009 JAN",
      "value": "21.8",
      "year": "2009",
      "month": "January",
      "quarter": "",
      "sourceDataset": "UNEM",
      "updateDate": "2015-07-09T00:48:24.498Z"
    },
    {
      "date": "2009 FEB",
      "value": "23.7",
      "year": "2009",
      "month": "February",
      "quarter": "",
      "sourceDataset": "UNEM",
      "updateDate": "2015-07-09T00:48:24.498Z"
    },
    {
      "date": "2009 MAR",
      "value": "25.5",
      "year": "2009",
      "month": "March",
      "quarter": "",
      "sourceDataset": "UNEM",
      "updateDate": "2015-07-09T00:48:24.498Z"
    },
    {
      "date": "2009 APR",
      "value": "13.9",
      "year": "2009",
      "month": "April",
      "quarter": "",
      "sourceDataset": "UNEM",
      "updateDate": "2015-07-09T00:48:24.498Z"
    },
    {
      "date": "2009 MAY",
      "value": "13.9",
      "year": "2009",
      "month": "May",
      "quarter": "",
      "sourceDataset": "UNEM",
      "updateDate": "2015-07-09T00:48:24.498Z"
    },
    {
      "date": "2009 JUN",
      "value": "14.2",
      "year": "2009",
      "month": "June",
      "quarter": "",
      "sourceDataset": "UNEM",
      "updateDate": "2015-07-09T00:48:24.498Z"
    },
    {
      "date": "2009 JUL",
      "value": "14.6",
      "year": "2009",
      "month": "July",
      "quarter": "",
      "sourceDataset": "UNEM",
      "updateDate": "2015-07-09T00:48:24.498Z"
    },
    {
      "date": "2009 AUG",
      "value": "15.1",
      "year": "2009",
      "month": "August",
      "quarter": "",
      "sourceDataset": "UNEM",
      "updateDate": "2015-07-09T00:48:24.498Z"
    },
    {
      "date": "2009 SEP",
      "value": "15.6",
      "year": "2009",
      "month": "September",
      "quarter": "",
      "sourceDataset": "UNEM",
      "updateDate": "2015-07-09T00:48:24.498Z"
    },
    {
      "date": "2009 OCT",
      "value": "16.2",
      "year": "2009",
      "month": "October",
      "quarter": "",
      "sourceDataset": "UNEM",
      "updateDate": "2015-07-09T00:48:24.498Z"
    },
    {
      "date": "2009 NOV",
      "value": "17.9",
      "year": "2009",
      "month": "November",
      "quarter": "",
      "sourceDataset": "UNEM",
      "updateDate": "2015-07-09T00:48:24.498Z"
    },
    {
      "date": "2009 DEC",
      "value": "19.5",
      "year": "2009",
      "month": "December",
      "quarter": "",
      "sourceDataset": "UNEM",
      "updateDate": "2015-07-09T00:48:24.498Z"
    },
    {
      "date": "2010 JAN",
      "value": "38.0",
      "year": "2010",
      "month": "January",
      "quarter": "",
      "sourceDataset": "UNEM",
      "updateDate": "2015-07-09T00:48:24.498Z"
    },
    {
      "date": "2010 FEB",
      "value": "37.9",
      "year": "2010",
      "month": "February",
      "quarter": "",
      "sourceDataset": "UNEM",
      "updateDate": "2015-07-09T00:48:24.498Z"
    },
    {
      "date": "2010 MAR",
      "value": "37.7",
      "year": "2010",
      "month": "March",
      "quarter": "",
      "sourceDataset": "UNEM",
      "updateDate": "2015-07-09T00:48:24.498Z"
    },
    {
      "date": "2010 APR",
      "value": "27.3",
      "year": "2010",
      "month": "April",
      "quarter": "",
      "sourceDataset": "UNEM",
      "updateDate": "2015-07-09T00:48:24.498Z"
    },
    {
      "date": "2010 MAY",
      "value": "29.2",
      "year": "2010",
      "month": "May",
      "quarter": "",
      "sourceDataset": "UNEM",
      "updateDate": "2015-07-09T00:48:24.498Z"
    },
    {
      "date": "2010 JUN",
      "value": "31.0",
      "year": "2010",
      "month": "June",
      "quarter": "",
      "sourceDataset": "UNEM",
      "updateDate": "2015-07-09T00:48:24.498Z"
    },
    {
      "date": "2010 JUL",
      "value": "32.7",
      "year": "2010",
      "month": "July",
      "quarter": "",
      "sourceDataset": "UNEM",
      "updateDate": "2015-07-09T00:48:24.498Z"
    },
    {
      "date": "2010 AUG",
      "value": "34.7",
      "year": "2010",
      "month": "August",
      "quarter": "",
      "sourceDataset": "UNEM",
      "updateDate": "2015-07-09T00:48:24.498Z"
    },
    {
      "date": "2010 SEP",
      "value": "36.2",
      "year": "2010",
      "month": "September",
      "quarter": "",
      "sourceDataset": "UNEM",
      "updateDate": "2015-07-09T00:48:24.498Z"
    },
    {
      "date": "2010 OCT",
      "value": "36.8",
      "year": "2010",
      "month": "October",
      "quarter": "",
      "sourceDataset": "UNEM",
      "updateDate": "2015-07-09T00:48:24.498Z"
    },
    {
      "date": "2010 NOV",
      "value": "37.2",
      "year": "2010",
      "month": "November",
      "quarter": "",
      "sourceDataset": "UNEM",
      "updateDate": "2015-07-09T00:48:24.498Z"
    },
    {
      "date": "2010 DEC",
      "value": "37.3",
      "year": "2010",
      "month": "December",
      "quarter": "",
      "sourceDataset": "UNEM",
      "updateDate": "2015-07-09T00:48:24.498Z"
    },
    {
      "date": "2011 JAN",
      "value": "53.9",
      "year": "2011",
      "month": "January",
      "quarter": "",
      "sourceDataset": "UNEM",
      "updateDate": "2015-07-09T00:48:24.498Z"
    },
    {
      "date": "2011 FEB",
      "value": "56.9",
      "year": "2011",
      "month": "February",
      "quarter": "",
      "sourceDataset": "UNEM",
      "updateDate": "2015-07-09T00:48:24.498Z"
    },
    {
      "date": "2011 MAR",
      "value": "60.2",
      "year": "2011",
      "month": "March",
      "quarter": "",
      "sourceDataset": "UNEM",
      "updateDate": "2015-07-09T00:48:24.498Z"
    },
    {
      "date": "2011 APR",
      "value": "37.8",
      "year": "2011",
      "month": "April",
      "quarter": "",
      "sourceDataset": "UNEM",
      "updateDate": "2015-07-09T00:48:24.498Z"
    },
    {
      "date": "2011 MAY",
      "value": "38.5",
      "year": "2011",
      "month": "May",
      "quarter": "",
      "sourceDataset": "UNEM",
      "updateDate": "2015-07-09T00:48:24.498Z"
    },
    {
      "date": "2011 JUN",
      "value": "39.3",
      "year": "2011",
      "month": "June",
      "quarter": "",
      "sourceDataset": "UNEM",
      "updateDate": "2015-07-09T00:48:24.498Z"
    },
    {
      "date": "2011 JUL",
      "value": "41.0",
      "year": "2011",
      "month": "July",
      "quarter": "",
      "sourceDataset": "UNEM",
      "updateDate": "2015-07-09T00:48:24.498Z"
    },
    {
      "date": "2011 AUG",
      "value": "42.6",
      "year": "2011",
      "month": "August",
      "quarter": "",
      "sourceDataset": "UNEM",
      "updateDate": "2015-07-09T00:48:24.498Z"
    },
    {
      "date": "2011 SEP",
      "value": "44.3",
      "year": "2011",
      "month": "September",
      "quarter": "",
      "sourceDataset": "UNEM",
      "updateDate": "2015-07-09T00:48:24.498Z"
    },
    {
      "date": "2011 OCT",
      "value": "47.0",
      "year": "2011",
      "month": "October",
      "quarter": "",
      "sourceDataset": "UNEM",
      "updateDate": "2015-07-09T00:48:24.498Z"
    },
    {
      "date": "2011 NOV",
      "value": "49.3",
      "year": "2011",
      "month": "November",
      "quarter": "",
      "sourceDataset": "UNEM",
      "updateDate": "2015-07-09T00:48:24.498Z"
    },
    {
      "date": "2011 DEC",
      "value": "51.8",
      "year": "2011",
      "month": "December",
      "quarter": "",
      "sourceDataset": "UNEM",
      "updateDate": "2015-07-09T00:48:24.498Z"
    },
    {
      "date": "2012 JAN",
      "value": "102.2",
      "year": "2012",
      "month": "January",
      "quarter": "",
      "sourceDataset": "UNEM",
      "updateDate": "2015-07-09T00:48:24.498Z"
    },
    {
      "date": "2012 FEB",
      "value": "110.4",
      "year": "2012",
      "month": "February",
      "quarter": "",
      "sourceDataset": "UNEM",
      "updateDate": "2015-07-09T00:48:24.498Z"
    },
    {
      "date": "2012 MAR",
      "value": "117.3",
      "year": "2012",
      "month": "March",
      "quarter": "",
      "sourceDataset": "UNEM",
      "updateDate": "2015-07-09T00:48:24.498Z"
    },
    {
      "date": "2012 APR",
      "value": "64.0",
      "year": "2012",
      "month": "April",
      "quarter": "",
      "sourceDataset": "UNEM",
      "updateDate": "2015-07-09T00:48:24.498Z"
    },
    {
      "date": "2012 MAY",
      "value": "66.6",
      "year": "2012",
      "month": "May",
      "quarter": "",
      "sourceDataset": "UNEM",
      "updateDate": "2015-07-09T00:48:24.498Z"
    },
    {
      "date": "2012 JUN",
      "value": "70.1",
      "year": "2012",
      "month": "June",
      "quarter": "",
      "sourceDataset": "UNEM",
      "updateDate": "2015-07-09T00:48:24.498Z"
    },
    {
      "date": "2012 JUL",
      "value": "73.4",
      "year": "2012",
      "month": "July",
      "quarter": "",
      "sourceDataset": "UNEM",
      "updateDate": "2015-07-09T00:48:24.498Z"
    },
    {
      "date": "2012 AUG",
      "value": "77.2",
      "year": "2012",
      "month": "August",
      "quarter": "",
      "sourceDataset": "UNEM",
      "updateDate": "2015-07-09T00:48:24.498Z"
    },
    {
      "date": "2012 SEP",
      "value": "81.6",
      "year": "2012",
      "month": "September",
      "quarter": "",
      "sourceDataset": "UNEM",
      "updateDate": "2015-07-09T00:48:24.498Z"
    },
    {
      "date": "2012 OCT",
      "value": "85.4",
      "year": "2012",
      "month": "October",
      "quarter": "",
      "sourceDataset": "UNEM",
      "updateDate": "2015-07-09T00:48:24.498Z"
    },
    {
      "date": "2012 NOV",
      "value": "90.7",
      "year": "2012",
      "month": "November",
      "quarter": "",
      "sourceDataset": "UNEM",
      "updateDate": "2015-07-09T00:48:24.498Z"
    },
    {
      "date": "2012 DEC",
      "value": "97.4",
      "year": "2012",
      "month": "December",
      "quarter": "",
      "sourceDataset": "UNEM",
      "updateDate": "2015-07-09T00:48:24.498Z"
    },
    {
      "date": "2013 APR",
      "value": "123.3",
      "year": "2013",
      "month": "April",
      "quarter": "",
      "sourceDataset": "UNEM",
      "updateDate": "2015-07-09T00:48:24.498Z"
    }
  ],
  "sourceDatasets": [
    "UNEM"
  ],
  "type": "timeseries",
  "uri": "/employmentandlabourmarket/peoplenotinwork/unemployment/timeseries/jlgz",
  "breadcrumb": [
    {
      "uri": "/"
    },
    {
      "uri": "/employmentandlabourmarket"
    },
    {
      "uri": "/employmentandlabourmarket/peoplenotinwork"
    },
    {
      "uri": "/employmentandlabourmarket/peoplenotinwork/unemployment"
    }
  ],
  "description": {
    "title": "UK Claimant Count: People - 25-49yrs: All over 24 months - SA: (000s)   ",
    "nationalStatistic": false,
    "latestRelease": false,
    "releaseDate": "2015-07-14T23:00:00.000Z",
    "nextRelease": "12 August 2015",
    "cdid": "JLGZ",
    "unit": "",
    "preUnit": "",
    "source": "Office for National Statistics",
    "seasonalAdjustment": "NSA",
    "number": "90.1",
    "sampleSize": 0
  }
}