{"type":"chart","title":"Figure 3: Internet activities, 2007 and 2013","filename":"216505eb","uri":"/peoplepopulationandcommunity/householdcharacteristics/homeinternetandsocialmediausage/bulletins/internetaccesshouseholdsandindividuals/2013-08-08/216505eb","subtitle":"","unit":"%","source":"Office for National Statistics","legend":"top-right","hideLegend":false,"notes":"","altText":"Figure 3: Internet activities, 2007 and 2013","data":[{"2007":"4","2013":"9","":"Doing an online course"},{"2007":"14","2013":"24","":"Looking for a job or sending a job application"},{"2007":"8","2013":"25","":"Telephoning or making video calls over the Internet via a webcam"},{"2007":"12","2013":"28","":"Selling goods or services over the Internet"},{"2007":"16","2013":"31","":"Downloading software (other than games software)"},{"2007":"25","2013":"31","":"Looking for information about education training or course offers"},{"2007":"18","2013":"43","":"Seeking health related information"},{"2007":"30","2013":"50","":"Internet banking"},{"2007":"42","2013":"50","":"Using services related to travel or travel accommodation"},{"2007":"20","2013":"55","":"Reading or downloading online news newspapers or magazines"},{"2007":"58","2013":"66","":"Finding information about goods and services"},{"2007":"57","2013":"75","":"Sending/receiving emails"}],"headers":["","2013","2007"],"series":["2013","2007"],"categories":["Doing an online course","Looking for a job or sending a job application","Telephoning or making video calls over the Internet via a webcam","Selling goods or services over the Internet","Downloading software (other than games software)","Looking for information about education training or course offers","Seeking health related information","Internet banking","Using services related to travel or travel accommodation","Reading or downloading online news newspapers or magazines","Finding information about goods and services","Sending/receiving emails"],"aspectRatio":"1.3","chartType":"rotated","files":[{"type":"download-png","filename":"216505eb-download.png"},{"type":"png","filename":"216505eb.png"}]}