{"type":"chart","title":"Figure 8: Internet use on a mobile phone by age group, 2010 and 2013","filename":"93547f4a","uri":"/peoplepopulationandcommunity/householdcharacteristics/homeinternetandsocialmediausage/bulletins/internetaccesshouseholdsandindividuals/2013-08-08/93547f4a","subtitle":"","unit":"%","source":"Office for National Statistics","legend":"top-right","hideLegend":false,"notes":"","altText":"Figure 8: Internet use on a mobile phone by age group, 2010 and 2013","data":[{"2010":"43","2013":"89","":"16-24"},{"2010":"44","2013":"83","":"25-34"},{"2010":"30","2013":"70","":"35-44"},{"2010":"21","2013":"51","":"45-54"},{"2010":"9","2013":"29","":"55-64"},{"2010":"2","2013":"9","":"65+"}],"headers":["","2010","2013"],"series":["2010","2013"],"categories":["16-24","25-34","35-44","45-54","55-64","65+"],"aspectRatio":"0.56","chartType":"bar","files":[{"type":"download-png","filename":"93547f4a-download.png"},{"type":"png","filename":"93547f4a.png"}],"isTimeSeries":true,"timeSeries":[{"":"2010","16-24":"43","25-34":"44","35-44":"30","45-54":"21","55-64":"9","65+":"2","All":"24","date":"2010-01-01T00:00:00.000Z","label":"2010"},{"":"2013","16-24":"89","25-34":"83","35-44":"70","45-54":"51","55-64":"29","65+":"9","All":"53","date":"2013-01-01T00:00:00.000Z","label":"2013"}]}