{"type":"chart","title":"Figure 4: Internet activities by age group, 2013","filename":"d62a83ac","uri":"/peoplepopulationandcommunity/householdcharacteristics/homeinternetandsocialmediausage/bulletins/internetaccesshouseholdsandindividuals/2013-08-08/d62a83ac","subtitle":"","unit":"%","source":"Office for National Statistics","legend":"top-right","hideLegend":false,"notes":"","altText":"Figure 4: Internet activities by age group, 2013","data":[{"":"Reading or downloading online news newspapers or magazines","16-24":"69","25-34":"72","35-44":"66","45-54":"57","55-64":"49","65+":"23"},{"":"Social networking eg Facebook or Twitter","16-24":"93","25-34":"84","35-44":"66","45-54":"50","55-64":"29","65+":"11"},{"":"Using services related to travel or travel accommodation","16-24":"46","25-34":"65","35-44":"58","45-54":"56","55-64":"51","65+":"29"},{"":"Internet banking","16-24":"55","25-34":"76","35-44":"62","45-54":"50","55-64":"43","65+":"23"},{"":"Seeking health related information","16-24":"46","25-34":"59","35-44":"56","45-54":"41","55-64":"41","65+":"21"},{"":"Selling goods or services over the Internet","16-24":"33","25-34":"45","35-44":"34","45-54":"31","55-64":"19","65+":"10"}],"headers":["","16-24","25-34","35-44","45-54","55-64","65+"],"series":["16-24","25-34","35-44","45-54","55-64","65+"],"categories":["Reading or downloading online news, newspapers or magazines","Social networking, eg Facebook or Twitter","Using services related to travel or travel accommodation","Internet banking","Seeking health related information","Selling goods or services over the Internet"],"aspectRatio":"1","chartType":"rotated","files":[{"type":"download-png","filename":"d62a83ac-download.png"},{"type":"png","filename":"d62a83ac.png"}]}