{"type":"chart","title":"Figure 2: Daily Internet use, 2006 to 2013","filename":"eaeaf372","uri":"/peoplepopulationandcommunity/householdcharacteristics/homeinternetandsocialmediausage/bulletins/internetaccesshouseholdsandindividuals/2013-08-08/eaeaf372","subtitle":"","unit":"Millions","source":"Office for National Statistics","legend":"false","hideLegend":true,"notes":"","altText":"Figure 2: Daily Internet use, 2006 to 2013","data":[{"":"2006","Daily use":"16.2","date":"2006-01-01T00:00:00.000Z","label":"2006"},{"":"2007","Daily use":"20.7","date":"2007-01-01T00:00:00.000Z","label":"2007"},{"":"2008","Daily use":"23","date":"2008-01-01T00:00:00.000Z","label":"2008"},{"":"2009","Daily use":"26.6","date":"2009-01-01T00:00:00.000Z","label":"2009"},{"":"2010","Daily use":"29.2","date":"2010-01-01T00:00:00.000Z","label":"2010"},{"":"2011","Daily use":"31.4","date":"2011-01-01T00:00:00.000Z","label":"2011"},{"":"2012","Daily use":"33.2","date":"2012-01-01T00:00:00.000Z","label":"2012"},{"":"2013","Daily use":"35.7","date":"2013-01-01T00:00:00.000Z","label":"2013"}],"headers":["","Daily use"],"series":["Daily use"],"categories":["2006","2007","2008","2009","2010","2011","2012","2013"],"aspectRatio":"0.56","chartType":"bar","files":[{"type":"download-png","filename":"eaeaf372-download.png"},{"type":"png","filename":"eaeaf372.png"}],"isTimeSeries":true,"timeSeries":[{"":"2006","Daily use":"16.2","date":"2006-01-01T00:00:00.000Z","label":"2006"},{"":"2007","Daily use":"20.7","date":"2007-01-01T00:00:00.000Z","label":"2007"},{"":"2008","Daily use":"23","date":"2008-01-01T00:00:00.000Z","label":"2008"},{"":"2009","Daily use":"26.6","date":"2009-01-01T00:00:00.000Z","label":"2009"},{"":"2010","Daily use":"29.2","date":"2010-01-01T00:00:00.000Z","label":"2010"},{"":"2011","Daily use":"31.4","date":"2011-01-01T00:00:00.000Z","label":"2011"},{"":"2012","Daily use":"33.2","date":"2012-01-01T00:00:00.000Z","label":"2012"},{"":"2013","Daily use":"35.7","date":"2013-01-01T00:00:00.000Z","label":"2013"}]}