{"type":"chart","title":"Figure 6: Purchases made over the Internet by age group, 2013","filename":"eefb86b0","uri":"/peoplepopulationandcommunity/householdcharacteristics/homeinternetandsocialmediausage/bulletins/internetaccesshouseholdsandindividuals/2013-08-08/eefb86b0","subtitle":"","unit":"%","source":"Office for National Statistics","legend":"top-right","hideLegend":false,"notes":"","altText":"Figure 6: Purchases made over the Internet by age group, 2013","data":[{"":"Clothes or sports goods","16-24":"62","25-34":"68","35-44":"59","45-54":"52","55-64":"40","65+":"14"},{"":"Household goods","16-24":"32","25-34":"65","35-44":"63","45-54":"46","55-64":"38","65+":"18"},{"":"Films or music","16-24":"46","25-34":"52","35-44":"52","45-54":"38","55-64":"29","65+":"9"},{"":"Books magazines newspapers","16-24":"28","25-34":"42","35-44":"47","45-54":"37","55-64":"35","65+":"18"},{"":"Holiday accommodation","16-24":"19","25-34":"45","35-44":"46","45-54":"39","55-64":"34","65+":"15"},{"":"Tickets for events","16-24":"30","25-34":"44","35-44":"43","45-54":"36","55-64":"27","65+":"11"},{"":"Food or groceries","16-24":"15","25-34":"35","35-44":"34","45-54":"23","55-64":"14","65+":"6"}],"headers":["","16-24","25-34","35-44","45-54","55-64","65+"],"series":["16-24","25-34","35-44","45-54","55-64","65+"],"categories":["Clothes or sports goods","Household goods","Films or music","Books, magazines, newspapers","Holiday accommodation","Tickets for events","Food or groceries"],"aspectRatio":"0.56","chartType":"bar","files":[{"type":"download-png","filename":"eefb86b0-download.png"},{"type":"png","filename":"eefb86b0.png"}]}