{"type":"chart","title":"Figure 1: Daily computer use by age group, 2006 and 2013","filename":"f465baf6","uri":"/peoplepopulationandcommunity/householdcharacteristics/homeinternetandsocialmediausage/bulletins/internetaccesshouseholdsandindividuals/2013-08-08/f465baf6","subtitle":"","unit":"%","source":"Office for National Statistics","legend":"top-right","hideLegend":false,"notes":"","altText":"Figure 1: Daily computer use by age group, 2006 and 2013","data":[{"2006":"63","2013":"88","":"16-24"},{"2006":"61","2013":"84","":"25-34"},{"2006":"63","2013":"80","":"35-44"},{"2006":"56","2013":"76","":"45-54"},{"2006":"36","2013":"67","":"55-64"},{"2006":"9","2013":"37","":"65+"},{"2006":"45","2013":"70","":"All"}],"headers":["","2006","2013"],"series":["2006","2013"],"categories":["16-24","25-34","35-44","45-54","55-64","65+","All"],"aspectRatio":"0.56","chartType":"bar","files":[{"type":"download-png","filename":"f465baf6-download.png"},{"type":"png","filename":"f465baf6.png"}],"isTimeSeries":true,"timeSeries":[{"":"2006","16-24":"63","25-34":"61","35-44":"63","45-54":"56","55-64":"36","65+":"9","All":"45","date":"2006-01-01T00:00:00.000Z","label":"2006"},{"":"2013","16-24":"88","25-34":"84","35-44":"80","45-54":"76","55-64":"67","65+":"37","All":"70","date":"2013-01-01T00:00:00.000Z","label":"2013"}]}