{"type":"chart","title":"Figure E: RPI and RPIJ 12-month rates for the last 10 years: June 2005 to June 2015","filename":"048b624c","uri":"/economy/inflationandpriceindices/bulletins/consumerpriceinflation/2015-07-14/048b624c","subtitle":"United Kingdom","unit":"percent","source":"Office for National Statistics","legend":"top-right","hideLegend":false,"notes":"1. The RPI has been de-designated as a National Statistic.","altText":"Figure E: RPI and RPIJ 12-month rates for the last 10 years: June 2005 to June 2015","data":[{"":"Jun-2005","RPI1":"2.9","RPIJ":"2.5","date":"2005-05-31T23:00:00.000Z","label":"Jun-2005"},{"":"Jul-2005","RPI1":"2.9","RPIJ":"2.6","date":"2005-06-30T23:00:00.000Z","label":"Jul-2005"},{"":"Aug-2005","RPI1":"2.8","RPIJ":"2.5","date":"2005-07-31T23:00:00.000Z","label":"Aug-2005"},{"":"Sep-2005","RPI1":"2.7","RPIJ":"2.3","date":"2005-08-31T23:00:00.000Z","label":"Sep-2005"},{"":"Oct-2005","RPI1":"2.5","RPIJ":"2.2","date":"2005-09-30T23:00:00.000Z","label":"Oct-2005"},{"":"Nov-2005","RPI1":"2.4","RPIJ":"2.1","date":"2005-11-01T00:00:00.000Z","label":"Nov-2005"},{"":"Dec-2005","RPI1":"2.2","RPIJ":"1.8","date":"2005-12-01T00:00:00.000Z","label":"Dec-2005"},{"":"Jan-2006","RPI1":"2.4","RPIJ":"2.0","date":"2006-01-01T00:00:00.000Z","label":"Jan-2006"},{"":"Feb-2006","RPI1":"2.4","RPIJ":"2.1","date":"2006-02-01T00:00:00.000Z","label":"Feb-2006"},{"":"Mar-2006","RPI1":"2.4","RPIJ":"1.9","date":"2006-03-01T00:00:00.000Z","label":"Mar-2006"},{"":"Apr-2006","RPI1":"2.6","RPIJ":"2.2","date":"2006-03-31T23:00:00.000Z","label":"Apr-2006"},{"":"May-2006","RPI1":"3.0","RPIJ":"2.6","date":"2006-04-30T23:00:00.000Z","label":"May-2006"},{"":"Jun-2006","RPI1":"3.3","RPIJ":"2.9","date":"2006-05-31T23:00:00.000Z","label":"Jun-2006"},{"":"Jul-2006","RPI1":"3.3","RPIJ":"2.8","date":"2006-06-30T23:00:00.000Z","label":"Jul-2006"},{"":"Aug-2006","RPI1":"3.4","RPIJ":"3.0","date":"2006-07-31T23:00:00.000Z","label":"Aug-2006"},{"":"Sep-2006","RPI1":"3.6","RPIJ":"3.2","date":"2006-08-31T23:00:00.000Z","label":"Sep-2006"},{"":"Oct-2006","RPI1":"3.7","RPIJ":"3.2","date":"2006-09-30T23:00:00.000Z","label":"Oct-2006"},{"":"Nov-2006","RPI1":"3.9","RPIJ":"3.5","date":"2006-11-01T00:00:00.000Z","label":"Nov-2006"},{"":"Dec-2006","RPI1":"4.4","RPIJ":"4.0","date":"2006-12-01T00:00:00.000Z","label":"Dec-2006"},{"":"Jan-2007","RPI1":"4.2","RPIJ":"3.8","date":"2007-01-01T00:00:00.000Z","label":"Jan-2007"},{"":"Feb-2007","RPI1":"4.6","RPIJ":"4.2","date":"2007-02-01T00:00:00.000Z","label":"Feb-2007"},{"":"Mar-2007","RPI1":"4.8","RPIJ":"4.4","date":"2007-03-01T00:00:00.000Z","label":"Mar-2007"},{"":"Apr-2007","RPI1":"4.5","RPIJ":"4.1","date":"2007-03-31T23:00:00.000Z","label":"Apr-2007"},{"":"May-2007","RPI1":"4.3","RPIJ":"3.9","date":"2007-04-30T23:00:00.000Z","label":"May-2007"},{"":"Jun-2007","RPI1":"4.4","RPIJ":"4.0","date":"2007-05-31T23:00:00.000Z","label":"Jun-2007"},{"":"Jul-2007","RPI1":"3.8","RPIJ":"3.4","date":"2007-06-30T23:00:00.000Z","label":"Jul-2007"},{"":"Aug-2007","RPI1":"4.1","RPIJ":"3.7","date":"2007-07-31T23:00:00.000Z","label":"Aug-2007"},{"":"Sep-2007","RPI1":"3.9","RPIJ":"3.5","date":"2007-08-31T23:00:00.000Z","label":"Sep-2007"},{"":"Oct-2007","RPI1":"4.2","RPIJ":"3.9","date":"2007-09-30T23:00:00.000Z","label":"Oct-2007"},{"":"Nov-2007","RPI1":"4.3","RPIJ":"3.9","date":"2007-11-01T00:00:00.000Z","label":"Nov-2007"},{"":"Dec-2007","RPI1":"4.0","RPIJ":"3.7","date":"2007-12-01T00:00:00.000Z","label":"Dec-2007"},{"":"Jan-2008","RPI1":"4.1","RPIJ":"3.6","date":"2008-01-01T00:00:00.000Z","label":"Jan-2008"},{"":"Feb-2008","RPI1":"4.1","RPIJ":"3.6","date":"2008-02-01T00:00:00.000Z","label":"Feb-2008"},{"":"Mar-2008","RPI1":"3.8","RPIJ":"3.4","date":"2008-03-01T00:00:00.000Z","label":"Mar-2008"},{"":"Apr-2008","RPI1":"4.2","RPIJ":"3.8","date":"2008-03-31T23:00:00.000Z","label":"Apr-2008"},{"":"May-2008","RPI1":"4.3","RPIJ":"3.9","date":"2008-04-30T23:00:00.000Z","label":"May-2008"},{"":"Jun-2008","RPI1":"4.6","RPIJ":"4.2","date":"2008-05-31T23:00:00.000Z","label":"Jun-2008"},{"":"Jul-2008","RPI1":"5.0","RPIJ":"4.6","date":"2008-06-30T23:00:00.000Z","label":"Jul-2008"},{"":"Aug-2008","RPI1":"4.8","RPIJ":"4.3","date":"2008-07-31T23:00:00.000Z","label":"Aug-2008"},{"":"Sep-2008","RPI1":"5.0","RPIJ":"4.6","date":"2008-08-31T23:00:00.000Z","label":"Sep-2008"},{"":"Oct-2008","RPI1":"4.2","RPIJ":"3.9","date":"2008-09-30T23:00:00.000Z","label":"Oct-2008"},{"":"Nov-2008","RPI1":"3.0","RPIJ":"2.7","date":"2008-11-01T00:00:00.000Z","label":"Nov-2008"},{"":"Dec-2008","RPI1":"0.9","RPIJ":"0.5","date":"2008-12-01T00:00:00.000Z","label":"Dec-2008"},{"":"Jan-2009","RPI1":"0.1","RPIJ":"-0.2","date":"2009-01-01T00:00:00.000Z","label":"Jan-2009"},{"":"Feb-2009","RPI1":"0.0","RPIJ":"-0.3","date":"2009-02-01T00:00:00.000Z","label":"Feb-2009"},{"":"Mar-2009","RPI1":"-0.4","RPIJ":"-0.8","date":"2009-03-01T00:00:00.000Z","label":"Mar-2009"},{"":"Apr-2009","RPI1":"-1.2","RPIJ":"-1.6","date":"2009-03-31T23:00:00.000Z","label":"Apr-2009"},{"":"May-2009","RPI1":"-1.1","RPIJ":"-1.4","date":"2009-04-30T23:00:00.000Z","label":"May-2009"},{"":"Jun-2009","RPI1":"-1.6","RPIJ":"-1.9","date":"2009-05-31T23:00:00.000Z","label":"Jun-2009"},{"":"Jul-2009","RPI1":"-1.4","RPIJ":"-1.8","date":"2009-06-30T23:00:00.000Z","label":"Jul-2009"},{"":"Aug-2009","RPI1":"-1.3","RPIJ":"-1.7","date":"2009-07-31T23:00:00.000Z","label":"Aug-2009"},{"":"Sep-2009","RPI1":"-1.4","RPIJ":"-1.9","date":"2009-08-31T23:00:00.000Z","label":"Sep-2009"},{"":"Oct-2009","RPI1":"-0.8","RPIJ":"-1.2","date":"2009-09-30T23:00:00.000Z","label":"Oct-2009"},{"":"Nov-2009","RPI1":"0.3","RPIJ":"-0.2","date":"2009-11-01T00:00:00.000Z","label":"Nov-2009"},{"":"Dec-2009","RPI1":"2.4","RPIJ":"2.0","date":"2009-12-01T00:00:00.000Z","label":"Dec-2009"},{"":"Jan-2010","RPI1":"3.7","RPIJ":"3.3","date":"2010-01-01T00:00:00.000Z","label":"Jan-2010"},{"":"Feb-2010","RPI1":"3.7","RPIJ":"3.2","date":"2010-02-01T00:00:00.000Z","label":"Feb-2010"},{"":"Mar-2010","RPI1":"4.4","RPIJ":"4.0","date":"2010-03-01T00:00:00.000Z","label":"Mar-2010"},{"":"Apr-2010","RPI1":"5.3","RPIJ":"4.8","date":"2010-03-31T23:00:00.000Z","label":"Apr-2010"},{"":"May-2010","RPI1":"5.1","RPIJ":"4.5","date":"2010-04-30T23:00:00.000Z","label":"May-2010"},{"":"Jun-2010","RPI1":"5.0","RPIJ":"4.4","date":"2010-05-31T23:00:00.000Z","label":"Jun-2010"},{"":"Jul-2010","RPI1":"4.8","RPIJ":"4.2","date":"2010-06-30T23:00:00.000Z","label":"Jul-2010"},{"":"Aug-2010","RPI1":"4.7","RPIJ":"4.0","date":"2010-07-31T23:00:00.000Z","label":"Aug-2010"},{"":"Sep-2010","RPI1":"4.6","RPIJ":"4.0","date":"2010-08-31T23:00:00.000Z","label":"Sep-2010"},{"":"Oct-2010","RPI1":"4.5","RPIJ":"3.9","date":"2010-09-30T23:00:00.000Z","label":"Oct-2010"},{"":"Nov-2010","RPI1":"4.7","RPIJ":"4.0","date":"2010-11-01T00:00:00.000Z","label":"Nov-2010"},{"":"Dec-2010","RPI1":"4.8","RPIJ":"4.1","date":"2010-12-01T00:00:00.000Z","label":"Dec-2010"},{"":"Jan-2011","RPI1":"5.1","RPIJ":"4.5","date":"2011-01-01T00:00:00.000Z","label":"Jan-2011"},{"":"Feb-2011","RPI1":"5.5","RPIJ":"4.8","date":"2011-02-01T00:00:00.000Z","label":"Feb-2011"},{"":"Mar-2011","RPI1":"5.3","RPIJ":"4.6","date":"2011-03-01T00:00:00.000Z","label":"Mar-2011"},{"":"Apr-2011","RPI1":"5.2","RPIJ":"4.5","date":"2011-03-31T23:00:00.000Z","label":"Apr-2011"},{"":"May-2011","RPI1":"5.2","RPIJ":"4.5","date":"2011-04-30T23:00:00.000Z","label":"May-2011"},{"":"Jun-2011","RPI1":"5.0","RPIJ":"4.3","date":"2011-05-31T23:00:00.000Z","label":"Jun-2011"},{"":"Jul-2011","RPI1":"5.0","RPIJ":"4.3","date":"2011-06-30T23:00:00.000Z","label":"Jul-2011"},{"":"Aug-2011","RPI1":"5.2","RPIJ":"4.4","date":"2011-07-31T23:00:00.000Z","label":"Aug-2011"},{"":"Sep-2011","RPI1":"5.6","RPIJ":"4.9","date":"2011-08-31T23:00:00.000Z","label":"Sep-2011"},{"":"Oct-2011","RPI1":"5.4","RPIJ":"4.7","date":"2011-09-30T23:00:00.000Z","label":"Oct-2011"},{"":"Nov-2011","RPI1":"5.2","RPIJ":"4.5","date":"2011-11-01T00:00:00.000Z","label":"Nov-2011"},{"":"Dec-2011","RPI1":"4.8","RPIJ":"4.1","date":"2011-12-01T00:00:00.000Z","label":"Dec-2011"},{"":"Jan-2012","RPI1":"3.9","RPIJ":"3.2","date":"2012-01-01T00:00:00.000Z","label":"Jan-2012"},{"":"Feb-2012","RPI1":"3.7","RPIJ":"3.1","date":"2012-02-01T00:00:00.000Z","label":"Feb-2012"},{"":"Mar-2012","RPI1":"3.6","RPIJ":"3.0","date":"2012-03-01T00:00:00.000Z","label":"Mar-2012"},{"":"Apr-2012","RPI1":"3.5","RPIJ":"2.8","date":"2012-03-31T23:00:00.000Z","label":"Apr-2012"},{"":"May-2012","RPI1":"3.1","RPIJ":"2.4","date":"2012-04-30T23:00:00.000Z","label":"May-2012"},{"":"Jun-2012","RPI1":"2.8","RPIJ":"2.2","date":"2012-05-31T23:00:00.000Z","label":"Jun-2012"},{"":"Jul-2012","RPI1":"3.2","RPIJ":"2.5","date":"2012-06-30T23:00:00.000Z","label":"Jul-2012"},{"":"Aug-2012","RPI1":"2.9","RPIJ":"2.3","date":"2012-07-31T23:00:00.000Z","label":"Aug-2012"},{"":"Sep-2012","RPI1":"2.6","RPIJ":"2.0","date":"2012-08-31T23:00:00.000Z","label":"Sep-2012"},{"":"Oct-2012","RPI1":"3.2","RPIJ":"2.6","date":"2012-09-30T23:00:00.000Z","label":"Oct-2012"},{"":"Nov-2012","RPI1":"3.0","RPIJ":"2.4","date":"2012-11-01T00:00:00.000Z","label":"Nov-2012"},{"":"Dec-2012","RPI1":"3.1","RPIJ":"2.5","date":"2012-12-01T00:00:00.000Z","label":"Dec-2012"},{"":"Jan-2013","RPI1":"3.3","RPIJ":"2.7","date":"2013-01-01T00:00:00.000Z","label":"Jan-2013"},{"":"Feb-2013","RPI1":"3.2","RPIJ":"2.6","date":"2013-02-01T00:00:00.000Z","label":"Feb-2013"},{"":"Mar-2013","RPI1":"3.3","RPIJ":"2.7","date":"2013-03-01T00:00:00.000Z","label":"Mar-2013"},{"":"Apr-2013","RPI1":"2.9","RPIJ":"2.3","date":"2013-03-31T23:00:00.000Z","label":"Apr-2013"},{"":"May-2013","RPI1":"3.1","RPIJ":"2.5","date":"2013-04-30T23:00:00.000Z","label":"May-2013"},{"":"Jun-2013","RPI1":"3.3","RPIJ":"2.7","date":"2013-05-31T23:00:00.000Z","label":"Jun-2013"},{"":"Jul-2013","RPI1":"3.1","RPIJ":"2.6","date":"2013-06-30T23:00:00.000Z","label":"Jul-2013"},{"":"Aug-2013","RPI1":"3.3","RPIJ":"2.6","date":"2013-07-31T23:00:00.000Z","label":"Aug-2013"},{"":"Sep-2013","RPI1":"3.2","RPIJ":"2.5","date":"2013-08-31T23:00:00.000Z","label":"Sep-2013"},{"":"Oct-2013","RPI1":"2.6","RPIJ":"1.9","date":"2013-09-30T23:00:00.000Z","label":"Oct-2013"},{"":"Nov-2013","RPI1":"2.6","RPIJ":"2.0","date":"2013-11-01T00:00:00.000Z","label":"Nov-2013"},{"":"Dec-2013","RPI1":"2.7","RPIJ":"2.0","date":"2013-12-01T00:00:00.000Z","label":"Dec-2013"},{"":"Jan-2014","RPI1":"2.8","RPIJ":"2.1","date":"2014-01-01T00:00:00.000Z","label":"Jan-2014"},{"":"Feb-2014","RPI1":"2.7","RPIJ":"2.0","date":"2014-02-01T00:00:00.000Z","label":"Feb-2014"},{"":"Mar-2014","RPI1":"2.5","RPIJ":"1.8","date":"2014-03-01T00:00:00.000Z","label":"Mar-2014"},{"":"Apr-2014","RPI1":"2.5","RPIJ":"1.8","date":"2014-03-31T23:00:00.000Z","label":"Apr-2014"},{"":"May-2014","RPI1":"2.4","RPIJ":"1.7","date":"2014-04-30T23:00:00.000Z","label":"May-2014"},{"":"Jun-2014","RPI1":"2.6","RPIJ":"2.0","date":"2014-05-31T23:00:00.000Z","label":"Jun-2014"},{"":"Jul-2014","RPI1":"2.5","RPIJ":"1.8","date":"2014-06-30T23:00:00.000Z","label":"Jul-2014"},{"":"Aug-2014","RPI1":"2.4","RPIJ":"1.8","date":"2014-07-31T23:00:00.000Z","label":"Aug-2014"},{"":"Sep-2014","RPI1":"2.3","RPIJ":"1.6","date":"2014-08-31T23:00:00.000Z","label":"Sep-2014"},{"":"Oct-2014","RPI1":"2.3","RPIJ":"1.7","date":"2014-09-30T23:00:00.000Z","label":"Oct-2014"},{"":"Nov-2014","RPI1":"2.0","RPIJ":"1.4","date":"2014-11-01T00:00:00.000Z","label":"Nov-2014"},{"":"Dec-2014","RPI1":"1.6","RPIJ":"1.0","date":"2014-12-01T00:00:00.000Z","label":"Dec-2014"},{"":"Jan-2015","RPI1":"1.1","RPIJ":"0.5","date":"2015-01-01T00:00:00.000Z","label":"Jan-2015"},{"":"Feb-2015","RPI1":"1.0","RPIJ":"0.4","date":"2015-02-01T00:00:00.000Z","label":"Feb-2015"},{"":"Mar-2015","RPI1":"0.9","RPIJ":"0.3","date":"2015-03-01T00:00:00.000Z","label":"Mar-2015"},{"":"Apr-2015","RPI1":"0.9","RPIJ":"0.3","date":"2015-03-31T23:00:00.000Z","label":"Apr-2015"},{"":"May-2015","RPI1":"1.0","RPIJ":"0.4","date":"2015-04-30T23:00:00.000Z","label":"May-2015"},{"":"Jun-2015","RPI1":"1.0","RPIJ":"0.4","date":"2015-05-31T23:00:00.000Z","label":"Jun-2015"}],"headers":["","RPI1","RPIJ"],"series":["RPI1","RPIJ"],"categories":["Jun-2005","Jul-2005","Aug-2005","Sep-2005","Oct-2005","Nov-2005","Dec-2005","Jan-2006","Feb-2006","Mar-2006","Apr-2006","May-2006","Jun-2006","Jul-2006","Aug-2006","Sep-2006","Oct-2006","Nov-2006","Dec-2006","Jan-2007","Feb-2007","Mar-2007","Apr-2007","May-2007","Jun-2007","Jul-2007","Aug-2007","Sep-2007","Oct-2007","Nov-2007","Dec-2007","Jan-2008","Feb-2008","Mar-2008","Apr-2008","May-2008","Jun-2008","Jul-2008","Aug-2008","Sep-2008","Oct-2008","Nov-2008","Dec-2008","Jan-2009","Feb-2009","Mar-2009","Apr-2009","May-2009","Jun-2009","Jul-2009","Aug-2009","Sep-2009","Oct-2009","Nov-2009","Dec-2009","Jan-2010","Feb-2010","Mar-2010","Apr-2010","May-2010","Jun-2010","Jul-2010","Aug-2010","Sep-2010","Oct-2010","Nov-2010","Dec-2010","Jan-2011","Feb-2011","Mar-2011","Apr-2011","May-2011","Jun-2011","Jul-2011","Aug-2011","Sep-2011","Oct-2011","Nov-2011","Dec-2011","Jan-2012","Feb-2012","Mar-2012","Apr-2012","May-2012","Jun-2012","Jul-2012","Aug-2012","Sep-2012","Oct-2012","Nov-2012","Dec-2012","Jan-2013","Feb-2013","Mar-2013","Apr-2013","May-2013","Jun-2013","Jul-2013","Aug-2013","Sep-2013","Oct-2013","Nov-2013","Dec-2013","Jan-2014","Feb-2014","Mar-2014","Apr-2014","May-2014","Jun-2014","Jul-2014","Aug-2014","Sep-2014","Oct-2014","Nov-2014","Dec-2014","Jan-2015","Feb-2015","Mar-2015","Apr-2015","May-2015","Jun-2015"],"aspectRatio":"0.56","chartType":"line","files":[{"type":"download-png","filename":"048b624c-download.png"},{"type":"png","filename":"048b624c.png"}],"isTimeSeries":true,"timeSeries":[{"":"Jun-2005","RPI1":"2.9","RPIJ":"2.5","date":"2005-05-31T23:00:00.000Z","label":"Jun-2005"},{"":"Jul-2005","RPI1":"2.9","RPIJ":"2.6","date":"2005-06-30T23:00:00.000Z","label":"Jul-2005"},{"":"Aug-2005","RPI1":"2.8","RPIJ":"2.5","date":"2005-07-31T23:00:00.000Z","label":"Aug-2005"},{"":"Sep-2005","RPI1":"2.7","RPIJ":"2.3","date":"2005-08-31T23:00:00.000Z","label":"Sep-2005"},{"":"Oct-2005","RPI1":"2.5","RPIJ":"2.2","date":"2005-09-30T23:00:00.000Z","label":"Oct-2005"},{"":"Nov-2005","RPI1":"2.4","RPIJ":"2.1","date":"2005-11-01T00:00:00.000Z","label":"Nov-2005"},{"":"Dec-2005","RPI1":"2.2","RPIJ":"1.8","date":"2005-12-01T00:00:00.000Z","label":"Dec-2005"},{"":"Jan-2006","RPI1":"2.4","RPIJ":"2.0","date":"2006-01-01T00:00:00.000Z","label":"Jan-2006"},{"":"Feb-2006","RPI1":"2.4","RPIJ":"2.1","date":"2006-02-01T00:00:00.000Z","label":"Feb-2006"},{"":"Mar-2006","RPI1":"2.4","RPIJ":"1.9","date":"2006-03-01T00:00:00.000Z","label":"Mar-2006"},{"":"Apr-2006","RPI1":"2.6","RPIJ":"2.2","date":"2006-03-31T23:00:00.000Z","label":"Apr-2006"},{"":"May-2006","RPI1":"3.0","RPIJ":"2.6","date":"2006-04-30T23:00:00.000Z","label":"May-2006"},{"":"Jun-2006","RPI1":"3.3","RPIJ":"2.9","date":"2006-05-31T23:00:00.000Z","label":"Jun-2006"},{"":"Jul-2006","RPI1":"3.3","RPIJ":"2.8","date":"2006-06-30T23:00:00.000Z","label":"Jul-2006"},{"":"Aug-2006","RPI1":"3.4","RPIJ":"3.0","date":"2006-07-31T23:00:00.000Z","label":"Aug-2006"},{"":"Sep-2006","RPI1":"3.6","RPIJ":"3.2","date":"2006-08-31T23:00:00.000Z","label":"Sep-2006"},{"":"Oct-2006","RPI1":"3.7","RPIJ":"3.2","date":"2006-09-30T23:00:00.000Z","label":"Oct-2006"},{"":"Nov-2006","RPI1":"3.9","RPIJ":"3.5","date":"2006-11-01T00:00:00.000Z","label":"Nov-2006"},{"":"Dec-2006","RPI1":"4.4","RPIJ":"4.0","date":"2006-12-01T00:00:00.000Z","label":"Dec-2006"},{"":"Jan-2007","RPI1":"4.2","RPIJ":"3.8","date":"2007-01-01T00:00:00.000Z","label":"Jan-2007"},{"":"Feb-2007","RPI1":"4.6","RPIJ":"4.2","date":"2007-02-01T00:00:00.000Z","label":"Feb-2007"},{"":"Mar-2007","RPI1":"4.8","RPIJ":"4.4","date":"2007-03-01T00:00:00.000Z","label":"Mar-2007"},{"":"Apr-2007","RPI1":"4.5","RPIJ":"4.1","date":"2007-03-31T23:00:00.000Z","label":"Apr-2007"},{"":"May-2007","RPI1":"4.3","RPIJ":"3.9","date":"2007-04-30T23:00:00.000Z","label":"May-2007"},{"":"Jun-2007","RPI1":"4.4","RPIJ":"4.0","date":"2007-05-31T23:00:00.000Z","label":"Jun-2007"},{"":"Jul-2007","RPI1":"3.8","RPIJ":"3.4","date":"2007-06-30T23:00:00.000Z","label":"Jul-2007"},{"":"Aug-2007","RPI1":"4.1","RPIJ":"3.7","date":"2007-07-31T23:00:00.000Z","label":"Aug-2007"},{"":"Sep-2007","RPI1":"3.9","RPIJ":"3.5","date":"2007-08-31T23:00:00.000Z","label":"Sep-2007"},{"":"Oct-2007","RPI1":"4.2","RPIJ":"3.9","date":"2007-09-30T23:00:00.000Z","label":"Oct-2007"},{"":"Nov-2007","RPI1":"4.3","RPIJ":"3.9","date":"2007-11-01T00:00:00.000Z","label":"Nov-2007"},{"":"Dec-2007","RPI1":"4.0","RPIJ":"3.7","date":"2007-12-01T00:00:00.000Z","label":"Dec-2007"},{"":"Jan-2008","RPI1":"4.1","RPIJ":"3.6","date":"2008-01-01T00:00:00.000Z","label":"Jan-2008"},{"":"Feb-2008","RPI1":"4.1","RPIJ":"3.6","date":"2008-02-01T00:00:00.000Z","label":"Feb-2008"},{"":"Mar-2008","RPI1":"3.8","RPIJ":"3.4","date":"2008-03-01T00:00:00.000Z","label":"Mar-2008"},{"":"Apr-2008","RPI1":"4.2","RPIJ":"3.8","date":"2008-03-31T23:00:00.000Z","label":"Apr-2008"},{"":"May-2008","RPI1":"4.3","RPIJ":"3.9","date":"2008-04-30T23:00:00.000Z","label":"May-2008"},{"":"Jun-2008","RPI1":"4.6","RPIJ":"4.2","date":"2008-05-31T23:00:00.000Z","label":"Jun-2008"},{"":"Jul-2008","RPI1":"5.0","RPIJ":"4.6","date":"2008-06-30T23:00:00.000Z","label":"Jul-2008"},{"":"Aug-2008","RPI1":"4.8","RPIJ":"4.3","date":"2008-07-31T23:00:00.000Z","label":"Aug-2008"},{"":"Sep-2008","RPI1":"5.0","RPIJ":"4.6","date":"2008-08-31T23:00:00.000Z","label":"Sep-2008"},{"":"Oct-2008","RPI1":"4.2","RPIJ":"3.9","date":"2008-09-30T23:00:00.000Z","label":"Oct-2008"},{"":"Nov-2008","RPI1":"3.0","RPIJ":"2.7","date":"2008-11-01T00:00:00.000Z","label":"Nov-2008"},{"":"Dec-2008","RPI1":"0.9","RPIJ":"0.5","date":"2008-12-01T00:00:00.000Z","label":"Dec-2008"},{"":"Jan-2009","RPI1":"0.1","RPIJ":"-0.2","date":"2009-01-01T00:00:00.000Z","label":"Jan-2009"},{"":"Feb-2009","RPI1":"0.0","RPIJ":"-0.3","date":"2009-02-01T00:00:00.000Z","label":"Feb-2009"},{"":"Mar-2009","RPI1":"-0.4","RPIJ":"-0.8","date":"2009-03-01T00:00:00.000Z","label":"Mar-2009"},{"":"Apr-2009","RPI1":"-1.2","RPIJ":"-1.6","date":"2009-03-31T23:00:00.000Z","label":"Apr-2009"},{"":"May-2009","RPI1":"-1.1","RPIJ":"-1.4","date":"2009-04-30T23:00:00.000Z","label":"May-2009"},{"":"Jun-2009","RPI1":"-1.6","RPIJ":"-1.9","date":"2009-05-31T23:00:00.000Z","label":"Jun-2009"},{"":"Jul-2009","RPI1":"-1.4","RPIJ":"-1.8","date":"2009-06-30T23:00:00.000Z","label":"Jul-2009"},{"":"Aug-2009","RPI1":"-1.3","RPIJ":"-1.7","date":"2009-07-31T23:00:00.000Z","label":"Aug-2009"},{"":"Sep-2009","RPI1":"-1.4","RPIJ":"-1.9","date":"2009-08-31T23:00:00.000Z","label":"Sep-2009"},{"":"Oct-2009","RPI1":"-0.8","RPIJ":"-1.2","date":"2009-09-30T23:00:00.000Z","label":"Oct-2009"},{"":"Nov-2009","RPI1":"0.3","RPIJ":"-0.2","date":"2009-11-01T00:00:00.000Z","label":"Nov-2009"},{"":"Dec-2009","RPI1":"2.4","RPIJ":"2.0","date":"2009-12-01T00:00:00.000Z","label":"Dec-2009"},{"":"Jan-2010","RPI1":"3.7","RPIJ":"3.3","date":"2010-01-01T00:00:00.000Z","label":"Jan-2010"},{"":"Feb-2010","RPI1":"3.7","RPIJ":"3.2","date":"2010-02-01T00:00:00.000Z","label":"Feb-2010"},{"":"Mar-2010","RPI1":"4.4","RPIJ":"4.0","date":"2010-03-01T00:00:00.000Z","label":"Mar-2010"},{"":"Apr-2010","RPI1":"5.3","RPIJ":"4.8","date":"2010-03-31T23:00:00.000Z","label":"Apr-2010"},{"":"May-2010","RPI1":"5.1","RPIJ":"4.5","date":"2010-04-30T23:00:00.000Z","label":"May-2010"},{"":"Jun-2010","RPI1":"5.0","RPIJ":"4.4","date":"2010-05-31T23:00:00.000Z","label":"Jun-2010"},{"":"Jul-2010","RPI1":"4.8","RPIJ":"4.2","date":"2010-06-30T23:00:00.000Z","label":"Jul-2010"},{"":"Aug-2010","RPI1":"4.7","RPIJ":"4.0","date":"2010-07-31T23:00:00.000Z","label":"Aug-2010"},{"":"Sep-2010","RPI1":"4.6","RPIJ":"4.0","date":"2010-08-31T23:00:00.000Z","label":"Sep-2010"},{"":"Oct-2010","RPI1":"4.5","RPIJ":"3.9","date":"2010-09-30T23:00:00.000Z","label":"Oct-2010"},{"":"Nov-2010","RPI1":"4.7","RPIJ":"4.0","date":"2010-11-01T00:00:00.000Z","label":"Nov-2010"},{"":"Dec-2010","RPI1":"4.8","RPIJ":"4.1","date":"2010-12-01T00:00:00.000Z","label":"Dec-2010"},{"":"Jan-2011","RPI1":"5.1","RPIJ":"4.5","date":"2011-01-01T00:00:00.000Z","label":"Jan-2011"},{"":"Feb-2011","RPI1":"5.5","RPIJ":"4.8","date":"2011-02-01T00:00:00.000Z","label":"Feb-2011"},{"":"Mar-2011","RPI1":"5.3","RPIJ":"4.6","date":"2011-03-01T00:00:00.000Z","label":"Mar-2011"},{"":"Apr-2011","RPI1":"5.2","RPIJ":"4.5","date":"2011-03-31T23:00:00.000Z","label":"Apr-2011"},{"":"May-2011","RPI1":"5.2","RPIJ":"4.5","date":"2011-04-30T23:00:00.000Z","label":"May-2011"},{"":"Jun-2011","RPI1":"5.0","RPIJ":"4.3","date":"2011-05-31T23:00:00.000Z","label":"Jun-2011"},{"":"Jul-2011","RPI1":"5.0","RPIJ":"4.3","date":"2011-06-30T23:00:00.000Z","label":"Jul-2011"},{"":"Aug-2011","RPI1":"5.2","RPIJ":"4.4","date":"2011-07-31T23:00:00.000Z","label":"Aug-2011"},{"":"Sep-2011","RPI1":"5.6","RPIJ":"4.9","date":"2011-08-31T23:00:00.000Z","label":"Sep-2011"},{"":"Oct-2011","RPI1":"5.4","RPIJ":"4.7","date":"2011-09-30T23:00:00.000Z","label":"Oct-2011"},{"":"Nov-2011","RPI1":"5.2","RPIJ":"4.5","date":"2011-11-01T00:00:00.000Z","label":"Nov-2011"},{"":"Dec-2011","RPI1":"4.8","RPIJ":"4.1","date":"2011-12-01T00:00:00.000Z","label":"Dec-2011"},{"":"Jan-2012","RPI1":"3.9","RPIJ":"3.2","date":"2012-01-01T00:00:00.000Z","label":"Jan-2012"},{"":"Feb-2012","RPI1":"3.7","RPIJ":"3.1","date":"2012-02-01T00:00:00.000Z","label":"Feb-2012"},{"":"Mar-2012","RPI1":"3.6","RPIJ":"3.0","date":"2012-03-01T00:00:00.000Z","label":"Mar-2012"},{"":"Apr-2012","RPI1":"3.5","RPIJ":"2.8","date":"2012-03-31T23:00:00.000Z","label":"Apr-2012"},{"":"May-2012","RPI1":"3.1","RPIJ":"2.4","date":"2012-04-30T23:00:00.000Z","label":"May-2012"},{"":"Jun-2012","RPI1":"2.8","RPIJ":"2.2","date":"2012-05-31T23:00:00.000Z","label":"Jun-2012"},{"":"Jul-2012","RPI1":"3.2","RPIJ":"2.5","date":"2012-06-30T23:00:00.000Z","label":"Jul-2012"},{"":"Aug-2012","RPI1":"2.9","RPIJ":"2.3","date":"2012-07-31T23:00:00.000Z","label":"Aug-2012"},{"":"Sep-2012","RPI1":"2.6","RPIJ":"2.0","date":"2012-08-31T23:00:00.000Z","label":"Sep-2012"},{"":"Oct-2012","RPI1":"3.2","RPIJ":"2.6","date":"2012-09-30T23:00:00.000Z","label":"Oct-2012"},{"":"Nov-2012","RPI1":"3.0","RPIJ":"2.4","date":"2012-11-01T00:00:00.000Z","label":"Nov-2012"},{"":"Dec-2012","RPI1":"3.1","RPIJ":"2.5","date":"2012-12-01T00:00:00.000Z","label":"Dec-2012"},{"":"Jan-2013","RPI1":"3.3","RPIJ":"2.7","date":"2013-01-01T00:00:00.000Z","label":"Jan-2013"},{"":"Feb-2013","RPI1":"3.2","RPIJ":"2.6","date":"2013-02-01T00:00:00.000Z","label":"Feb-2013"},{"":"Mar-2013","RPI1":"3.3","RPIJ":"2.7","date":"2013-03-01T00:00:00.000Z","label":"Mar-2013"},{"":"Apr-2013","RPI1":"2.9","RPIJ":"2.3","date":"2013-03-31T23:00:00.000Z","label":"Apr-2013"},{"":"May-2013","RPI1":"3.1","RPIJ":"2.5","date":"2013-04-30T23:00:00.000Z","label":"May-2013"},{"":"Jun-2013","RPI1":"3.3","RPIJ":"2.7","date":"2013-05-31T23:00:00.000Z","label":"Jun-2013"},{"":"Jul-2013","RPI1":"3.1","RPIJ":"2.6","date":"2013-06-30T23:00:00.000Z","label":"Jul-2013"},{"":"Aug-2013","RPI1":"3.3","RPIJ":"2.6","date":"2013-07-31T23:00:00.000Z","label":"Aug-2013"},{"":"Sep-2013","RPI1":"3.2","RPIJ":"2.5","date":"2013-08-31T23:00:00.000Z","label":"Sep-2013"},{"":"Oct-2013","RPI1":"2.6","RPIJ":"1.9","date":"2013-09-30T23:00:00.000Z","label":"Oct-2013"},{"":"Nov-2013","RPI1":"2.6","RPIJ":"2.0","date":"2013-11-01T00:00:00.000Z","label":"Nov-2013"},{"":"Dec-2013","RPI1":"2.7","RPIJ":"2.0","date":"2013-12-01T00:00:00.000Z","label":"Dec-2013"},{"":"Jan-2014","RPI1":"2.8","RPIJ":"2.1","date":"2014-01-01T00:00:00.000Z","label":"Jan-2014"},{"":"Feb-2014","RPI1":"2.7","RPIJ":"2.0","date":"2014-02-01T00:00:00.000Z","label":"Feb-2014"},{"":"Mar-2014","RPI1":"2.5","RPIJ":"1.8","date":"2014-03-01T00:00:00.000Z","label":"Mar-2014"},{"":"Apr-2014","RPI1":"2.5","RPIJ":"1.8","date":"2014-03-31T23:00:00.000Z","label":"Apr-2014"},{"":"May-2014","RPI1":"2.4","RPIJ":"1.7","date":"2014-04-30T23:00:00.000Z","label":"May-2014"},{"":"Jun-2014","RPI1":"2.6","RPIJ":"2.0","date":"2014-05-31T23:00:00.000Z","label":"Jun-2014"},{"":"Jul-2014","RPI1":"2.5","RPIJ":"1.8","date":"2014-06-30T23:00:00.000Z","label":"Jul-2014"},{"":"Aug-2014","RPI1":"2.4","RPIJ":"1.8","date":"2014-07-31T23:00:00.000Z","label":"Aug-2014"},{"":"Sep-2014","RPI1":"2.3","RPIJ":"1.6","date":"2014-08-31T23:00:00.000Z","label":"Sep-2014"},{"":"Oct-2014","RPI1":"2.3","RPIJ":"1.7","date":"2014-09-30T23:00:00.000Z","label":"Oct-2014"},{"":"Nov-2014","RPI1":"2.0","RPIJ":"1.4","date":"2014-11-01T00:00:00.000Z","label":"Nov-2014"},{"":"Dec-2014","RPI1":"1.6","RPIJ":"1.0","date":"2014-12-01T00:00:00.000Z","label":"Dec-2014"},{"":"Jan-2015","RPI1":"1.1","RPIJ":"0.5","date":"2015-01-01T00:00:00.000Z","label":"Jan-2015"},{"":"Feb-2015","RPI1":"1.0","RPIJ":"0.4","date":"2015-02-01T00:00:00.000Z","label":"Feb-2015"},{"":"Mar-2015","RPI1":"0.9","RPIJ":"0.3","date":"2015-03-01T00:00:00.000Z","label":"Mar-2015"},{"":"Apr-2015","RPI1":"0.9","RPIJ":"0.3","date":"2015-03-31T23:00:00.000Z","label":"Apr-2015"},{"":"May-2015","RPI1":"1.0","RPIJ":"0.4","date":"2015-04-30T23:00:00.000Z","label":"May-2015"},{"":"Jun-2015","RPI1":"1.0","RPIJ":"0.4","date":"2015-05-31T23:00:00.000Z","label":"Jun-2015"}]}