{"type":"chart","title":"Figure C: Contributions to the change in the CPI 12-month rate: June 2015","filename":"4722b975","uri":"/economy/inflationandpriceindices/bulletins/consumerpriceinflation/2015-07-14/4722b975","subtitle":"United Kingdom","unit":"","source":"Office for National Statistics","legend":"false","hideLegend":true,"notes":"1. Individual contributions may not sum to the total due to rounding. \n2. More information on the contents of each group can be found in Table 3 in the accompanying consumer price inflation reference tables.","altText":"Figure C: Contributions to the change in the CPI 12-month rate: June 2015","data":[{"":"Food and non-alcoholic beverages","Percentage points ":"-0.04"},{"":"Alcohol and tobacco","Percentage points ":"0.00"},{"":"Clothing and footwear","Percentage points ":"-0.07"},{"":"Housing and household services","Percentage points ":"0.00"},{"":"Furniture and household goods","Percentage points ":"0.01"},{"":"Health","Percentage points ":"-0.02"},{"":"Transport","Percentage points ":"-0.05"},{"":"Communication","Percentage points ":"0.00"},{"":"Recreation and culture","Percentage points ":"-0.01"},{"":"Education","Percentage points ":"0.00"},{"":"Restaurants and hotels","Percentage points ":"0.01"},{"":"Miscellaneous goods and services","Percentage points ":"0.03"},{"":""}],"headers":["","Percentage points "],"series":["Percentage points "],"categories":["Food and non-alcoholic beverages","Alcohol and tobacco","Clothing and footwear","Housing and household services","Furniture and household goods","Health","Transport","Communication","Recreation and culture","Education","Restaurants and hotels","Miscellaneous goods and services",""],"aspectRatio":"0.56","chartType":"rotated","files":[{"type":"download-png","filename":"4722b975-download.png"},{"type":"png","filename":"4722b975.png"}]}