{"type":"chart","title":"Figure 1: People aged from 16 to 24 Not in Education, Employment or Training as a percentage of all people aged from 16 to 24, seasonally adjusted","filename":"656c343e","uri":"/employmentandlabourmarket/peoplenotinwork/unemployment/bulletins/youngpeoplenotineducationemploymentortrainingneet/2015-05-21/656c343e","subtitle":"","unit":"%","source":"Labour Force Survey - Office for National Statistics","legend":"false","hideLegend":true,"notes":"","altText":"","data":[{"Quarter":"2010 Q1","%":"15.5","date":"2010-02-01T00:00:00.000Z","label":"2010 Q1"},{"Quarter":"2010 Q2","%":"14.7","date":"2010-04-30T23:00:00.000Z","label":"2010 Q2"},{"Quarter":"2010 Q3","%":"15.3","date":"2010-07-31T23:00:00.000Z","label":"2010 Q3"},{"Quarter":"2010 Q4","%":"15.9","date":"2010-11-01T00:00:00.000Z","label":"2010 Q4"},{"Quarter":"2011 Q1","%":"15.3","date":"2011-02-01T00:00:00.000Z","label":"2011 Q1"},{"Quarter":"2011 Q2","%":"15.8","date":"2011-04-30T23:00:00.000Z","label":"2011 Q2"},{"Quarter":"2011 Q3","%":"16.9","date":"2011-07-31T23:00:00.000Z","label":"2011 Q3"},{"Quarter":"2011 Q4","%":"16.4","date":"2011-11-01T00:00:00.000Z","label":"2011 Q4"},{"Quarter":"2012 Q1","%":"16.3","date":"2012-02-01T00:00:00.000Z","label":"2012 Q1"},{"Quarter":"2012 Q2","%":"16.2","date":"2012-04-30T23:00:00.000Z","label":"2012 Q2"},{"Quarter":"2012 Q3","%":"15.0","date":"2012-07-31T23:00:00.000Z","label":"2012 Q3"},{"Quarter":"2012 Q4","%":"14.8","date":"2012-11-01T00:00:00.000Z","label":"2012 Q4"},{"Quarter":"2013 Q1","%":"15.1","date":"2013-02-01T00:00:00.000Z","label":"2013 Q1"},{"Quarter":"2013 Q2","%":"14.9","date":"2013-04-30T23:00:00.000Z","label":"2013 Q2"},{"Quarter":"2013 Q3","%":"14.9","date":"2013-07-31T23:00:00.000Z","label":"2013 Q3"},{"Quarter":"2013 Q4","%":"14.2","date":"2013-11-01T00:00:00.000Z","label":"2013 Q4"},{"Quarter":"2014 Q1","%":"13.5","date":"2014-02-01T00:00:00.000Z","label":"2014 Q1"},{"Quarter":"2014 Q2","%":"13.2","date":"2014-04-30T23:00:00.000Z","label":"2014 Q2"},{"Quarter":"2014 Q3","%":"13.1","date":"2014-07-31T23:00:00.000Z","label":"2014 Q3"},{"Quarter":"2014 Q4","%":"13.2","date":"2014-11-01T00:00:00.000Z","label":"2014 Q4"},{"Quarter":"2015 Q1","%":"13.0","date":"2015-02-01T00:00:00.000Z","label":"2015 Q1"}],"headers":["Quarter","%"],"series":["%"],"categories":["2010 Q1","2010 Q2","2010 Q3","2010 Q4","2011 Q1","2011 Q2","2011 Q3","2011 Q4","2012 Q1","2012 Q2","2012 Q3","2012 Q4","2013 Q1","2013 Q2","2013 Q3","2013 Q4","2014 Q1","2014 Q2","2014 Q3","2014 Q4","2015 Q1"],"aspectRatio":"0.56","chartType":"line","files":[{"type":"download-png","filename":"656c343e-download.png"},{"type":"png","filename":"656c343e.png"}],"isTimeSeries":true,"timeSeries":[{"Quarter":"2010 Q1","%":"15.5","date":"2010-02-01T00:00:00.000Z","label":"2010 Q1"},{"Quarter":"2010 Q2","%":"14.7","date":"2010-04-30T23:00:00.000Z","label":"2010 Q2"},{"Quarter":"2010 Q3","%":"15.3","date":"2010-07-31T23:00:00.000Z","label":"2010 Q3"},{"Quarter":"2010 Q4","%":"15.9","date":"2010-11-01T00:00:00.000Z","label":"2010 Q4"},{"Quarter":"2011 Q1","%":"15.3","date":"2011-02-01T00:00:00.000Z","label":"2011 Q1"},{"Quarter":"2011 Q2","%":"15.8","date":"2011-04-30T23:00:00.000Z","label":"2011 Q2"},{"Quarter":"2011 Q3","%":"16.9","date":"2011-07-31T23:00:00.000Z","label":"2011 Q3"},{"Quarter":"2011 Q4","%":"16.4","date":"2011-11-01T00:00:00.000Z","label":"2011 Q4"},{"Quarter":"2012 Q1","%":"16.3","date":"2012-02-01T00:00:00.000Z","label":"2012 Q1"},{"Quarter":"2012 Q2","%":"16.2","date":"2012-04-30T23:00:00.000Z","label":"2012 Q2"},{"Quarter":"2012 Q3","%":"15.0","date":"2012-07-31T23:00:00.000Z","label":"2012 Q3"},{"Quarter":"2012 Q4","%":"14.8","date":"2012-11-01T00:00:00.000Z","label":"2012 Q4"},{"Quarter":"2013 Q1","%":"15.1","date":"2013-02-01T00:00:00.000Z","label":"2013 Q1"},{"Quarter":"2013 Q2","%":"14.9","date":"2013-04-30T23:00:00.000Z","label":"2013 Q2"},{"Quarter":"2013 Q3","%":"14.9","date":"2013-07-31T23:00:00.000Z","label":"2013 Q3"},{"Quarter":"2013 Q4","%":"14.2","date":"2013-11-01T00:00:00.000Z","label":"2013 Q4"},{"Quarter":"2014 Q1","%":"13.5","date":"2014-02-01T00:00:00.000Z","label":"2014 Q1"},{"Quarter":"2014 Q2","%":"13.2","date":"2014-04-30T23:00:00.000Z","label":"2014 Q2"},{"Quarter":"2014 Q3","%":"13.1","date":"2014-07-31T23:00:00.000Z","label":"2014 Q3"},{"Quarter":"2014 Q4","%":"13.2","date":"2014-11-01T00:00:00.000Z","label":"2014 Q4"},{"Quarter":"2015 Q1","%":"13.0","date":"2015-02-01T00:00:00.000Z","label":"2015 Q1"}]}