{"type":"chart","title":"Figure 2: Minority religious groups, England and Wales, 2011","filename":"51a69311","uri":"/peoplepopulationandcommunity/culturalidentity/religion/articles/religioninenglandandwales2011/2012-12-11/51a69311","subtitle":"","unit":"Percentage of population","source":"Census - Office for National Statistics","legend":"false","hideLegend":true,"notes":"","altText":"Figure 2: Minority religious groups, England and Wales, 2011","data":[{"England and Wales,":"Muslim","Percentages ":"4.8"},{"England and Wales,":"Hindu","Percentages ":"1.5"},{"England and Wales,":"Sikh","Percentages ":"0.8"},{"England and Wales,":"Jewish","Percentages ":"0.5"},{"England and Wales,":"Buddhist","Percentages ":"0.4"},{"England and Wales,":"Other religion","Percentages ":"0.4"}],"headers":["England and Wales,","Percentages "],"series":["Percentages "],"categories":["Muslim","Hindu","Sikh","Jewish","Buddhist","Other religion"],"aspectRatio":"0.42","chartType":"rotated","files":[{"type":"download-png","filename":"51a69311-download.png"},{"type":"png","filename":"51a69311.png"}]}