{"type":"chart","title":"Figure 4: Religious affiliation, English regions and Wales, 2011","filename":"5ab5adf6","uri":"/peoplepopulationandcommunity/culturalidentity/religion/articles/religioninenglandandwales2011/2012-12-11/5ab5adf6","subtitle":"","unit":"Percentage of Population","source":"Census - Office for National Statistics","legend":"false","hideLegend":true,"notes":"","altText":"Figure 4: Religious affiliation, English regions and Wales, 2011","data":[{"":"North East","No religion":"23.4","Christian":"67.5","Muslim":"1.8","Other":"1.2","Not stated":"6.1"},{"":"North West","No religion":"19.8","Christian":"67.3","Muslim":"5.1","Other":"1.7","Not stated":"6.2"},{"":"Yorkshire and the Humber","No religion":"25.9","Christian":"59.5","Muslim":"6.2","Other":"1.6","Not stated":"6.8"},{"":"East Midlands","No religion":"27.5","Christian":"58.8","Muslim":"3.1","Other":"3.7","Not stated":"6.8"},{"":"West Midlands","No religion":"22.0","Christian":"60.2","Muslim":"6.7","Other":"4.5","Not stated":"6.6"},{"":"East of England","No religion":"27.9","Christian":"59.7","Muslim":"2.5","Other":"2.6","Not stated":"7.3"},{"":"London","No religion":"20.7","Christian":"48.4","Muslim":"12.4","Other":"10.0","Not stated":"8.5"},{"":"South East","No religion":"27.7","Christian":"59.8","Muslim":"2.3","Other":"2.9","Not stated":"7.4"},{"":"South West","No religion":"29.3","Christian":"60.4","Muslim":"1.0","Other":"1.5","Not stated":"7.9"},{"":"Wales","No religion":"32.1","Christian":"57.6","Muslim":"1.5","Other":"1.2","Not stated":"7.6"}],"headers":["","No religion","Christian","Muslim","Other","Not stated"],"series":["No religion","Christian","Muslim","Other","Not stated"],"categories":["North East","North West","Yorkshire and the Humber","East Midlands","West Midlands","East of England","London","South East","South West","Wales"],"aspectRatio":"0.56","chartType":"barline","files":[{"type":"download-png","filename":"5ab5adf6-download.png"},{"type":"png","filename":"5ab5adf6.png"}],"chartTypes":{"No religion":"bar","Christian":"bar","Muslim":"bar","Other":"bar","Not stated":"bar"},"groups":[["No religion","Christian","Muslim","Other","Not stated"]]}