{"type":"chart","title":"Figure 3: Change in religious affiliation, 2001-2011, England and Wales","filename":"b76b1eb9","uri":"/peoplepopulationandcommunity/culturalidentity/religion/articles/religioninenglandandwales2011/2012-12-11/b76b1eb9","subtitle":"","unit":"Percentage of population","source":"Census - Office for National Statistics","legend":"false","hideLegend":true,"notes":"","altText":"Figure 3: Change in religious affiliation, 2001-2011, England and Wales","data":[{"":"2001","No religion":"14.8","Christian ":"71.7","Muslim":"3","Other":"2.8","Not stated":"7.7","date":"2001-01-01T00:00:00.000Z","label":"2001"},{"":"2011","No religion":"25.1","Christian ":"59.3","Muslim":"4.8","Other":"3.6","Not stated":"7.2","date":"2011-01-01T00:00:00.000Z","label":"2011"}],"headers":["","No religion","Christian ","Muslim","Other","Not stated"],"series":["No religion","Christian ","Muslim","Other","Not stated"],"categories":["2001","2011"],"aspectRatio":"0.56","chartType":"barline","files":[{"type":"download-png","filename":"b76b1eb9-download.png"},{"type":"png","filename":"b76b1eb9.png"}],"isTimeSeries":true,"timeSeries":[{"":"2001","No religion":"14.8","Christian ":"71.7","Muslim":"3","Other":"2.8","Not stated":"7.7","date":"2001-01-01T00:00:00.000Z","label":"2001"},{"":"2011","No religion":"25.1","Christian ":"59.3","Muslim":"4.8","Other":"3.6","Not stated":"7.2","date":"2011-01-01T00:00:00.000Z","label":"2011"}],"chartTypes":{"No religion":"bar","Christian ":"bar","Muslim":"bar","Other":"bar","Not stated":"bar"},"groups":[["No religion","Christian ","Muslim","Other","Not stated"]]}