{"items":[{"uri":"/employmentandlabourmarket/publicsectorpersonnel/timeseries/g7au"},{"uri":"/employmentandlabourmarket/publicsectorpersonnel/timeseries/g7g3"},{"uri":"/employmentandlabourmarket/publicsectorpersonnel/timeseries/g6nq"},{"uri":"/employmentandlabourmarket/publicsectorpersonnel/timeseries/g7fp"},{"uri":"/employmentandlabourmarket/publicsectorpersonnel/timeseries/g6nt"},{"uri":"/employmentandlabourmarket/publicsectorpersonnel/timeseries/g7fs"}],"datasets":[{"uri":"/employmentandlabourmarket/publicsectorpersonnel/datasets/publicsectoremployment"}],"statsBulletins":[{"uri":"/employmentandlabourmarket/publicsectorpersonnel/bulletins/publicsectoremployment/2015-06-17"},{"uri":"/employmentandlabourmarket/publicsectorpersonnel/bulletins/civilservicestatistics/2014-10-09"}],"index":2,"type":"product_page","uri":"/employmentandlabourmarket/publicsectorpersonnel","breadcrumb":[{"uri":"/"},{"uri":"/employmentandlabourmarket"}],"description":{"title":"Public sector personnel","summary":"We look at the number of people employed in central government, local government and public corporations. These employees can be permanent, on a fixed-term contract, employed on a casual basis or working in a second job in the public sector. These statistics do not cover self-employed people, contract workers or agency workers."},"relatedArticles":[]}