{
  "years": [
    {
      "date": "1999",
      "value": "2001",
      "year": "1999",
      "month": "",
      "quarter": "",
      "sourceDataset": "",
      "updateDate": "2015-07-09T00:48:25.444Z"
    },
    {
      "date": "2000",
      "value": "2015",
      "year": "2000",
      "month": "",
      "quarter": "",
      "sourceDataset": "",
      "updateDate": "2015-07-09T00:48:25.444Z"
    },
    {
      "date": "2001",
      "value": "2009",
      "year": "2001",
      "month": "",
      "quarter": "",
      "sourceDataset": "",
      "updateDate": "2015-07-09T00:48:25.444Z"
    },
    {
      "date": "2002",
      "value": "2028",
      "year": "2002",
      "month": "",
      "quarter": "",
      "sourceDataset": "",
      "updateDate": "2015-07-09T00:48:25.444Z"
    },
    {
      "date": "2003",
      "value": "2065",
      "year": "2003",
      "month": "",
      "quarter": "",
      "sourceDataset": "",
      "updateDate": "2015-07-09T00:48:25.444Z"
    },
    {
      "date": "2004",
      "value": "2108",
      "year": "2004",
      "month": "",
      "quarter": "",
      "sourceDataset": "",
      "updateDate": "2015-07-09T00:48:25.444Z"
    },
    {
      "date": "2005",
      "value": "2139",
      "year": "2005",
      "month": "",
      "quarter": "",
      "sourceDataset": "",
      "updateDate": "2015-07-09T00:48:25.444Z"
    },
    {
      "date": "2006",
      "value": "2169",
      "year": "2006",
      "month": "",
      "quarter": "",
      "sourceDataset": "",
      "updateDate": "2015-07-09T00:48:25.444Z"
    },
    {
      "date": "2007",
      "value": "2179",
      "year": "2007",
      "month": "",
      "quarter": "",
      "sourceDataset": "",
      "updateDate": "2015-07-09T00:48:25.444Z"
    },
    {
      "date": "2008",
      "value": "2165",
      "year": "2008",
      "month": "",
      "quarter": "",
      "sourceDataset": "",
      "updateDate": "2015-07-09T00:48:25.444Z"
    },
    {
      "date": "2009",
      "value": "2168",
      "year": "2009",
      "month": "",
      "quarter": "",
      "sourceDataset": "",
      "updateDate": "2015-07-09T00:48:25.444Z"
    },
    {
      "date": "2010",
      "value": "2173",
      "year": "2010",
      "month": "",
      "quarter": "",
      "sourceDataset": "",
      "updateDate": "2015-07-09T00:48:25.444Z"
    },
    {
      "date": "2011",
      "value": "2063",
      "year": "2011",
      "month": "",
      "quarter": "",
      "sourceDataset": "",
      "updateDate": "2015-07-09T00:48:25.444Z"
    },
    {
      "date": "2012",
      "value": "1921",
      "year": "2012",
      "month": "",
      "quarter": "",
      "sourceDataset": "",
      "updateDate": "2015-07-09T00:48:25.444Z"
    },
    {
      "date": "2013",
      "value": "1824",
      "year": "2013",
      "month": "",
      "quarter": "",
      "sourceDataset": "",
      "updateDate": "2015-07-09T00:48:25.444Z"
    },
    {
      "date": "2014",
      "value": "1773",
      "year": "2014",
      "month": "",
      "quarter": "",
      "sourceDataset": "",
      "updateDate": "2015-07-09T00:48:25.444Z"
    }
  ],
  "quarters": [
    {
      "date": "1999 Q1",
      "value": "2002",
      "year": "1999",
      "month": "",
      "quarter": "Q1",
      "sourceDataset": "",
      "updateDate": "2015-07-09T00:48:25.444Z"
    },
    {
      "date": "1999 Q2",
      "value": "2001",
      "year": "1999",
      "month": "",
      "quarter": "Q2",
      "sourceDataset": "",
      "updateDate": "2015-07-09T00:48:25.444Z"
    },
    {
      "date": "1999 Q3",
      "value": "1989",
      "year": "1999",
      "month": "",
      "quarter": "Q3",
      "sourceDataset": "",
      "updateDate": "2015-07-09T00:48:25.444Z"
    },
    {
      "date": "1999 Q4",
      "value": "2011",
      "year": "1999",
      "month": "",
      "quarter": "Q4",
      "sourceDataset": "",
      "updateDate": "2015-07-09T00:48:25.444Z"
    },
    {
      "date": "2000 Q1",
      "value": "2017",
      "year": "2000",
      "month": "",
      "quarter": "Q1",
      "sourceDataset": "",
      "updateDate": "2015-07-09T00:48:25.444Z"
    },
    {
      "date": "2000 Q2",
      "value": "2015",
      "year": "2000",
      "month": "",
      "quarter": "Q2",
      "sourceDataset": "",
      "updateDate": "2015-07-09T00:48:25.444Z"
    },
    {
      "date": "2000 Q3",
      "value": "2005",
      "year": "2000",
      "month": "",
      "quarter": "Q3",
      "sourceDataset": "",
      "updateDate": "2015-07-09T00:48:25.444Z"
    },
    {
      "date": "2000 Q4",
      "value": "2019",
      "year": "2000",
      "month": "",
      "quarter": "Q4",
      "sourceDataset": "",
      "updateDate": "2015-07-09T00:48:25.444Z"
    },
    {
      "date": "2001 Q1",
      "value": "2010",
      "year": "2001",
      "month": "",
      "quarter": "Q1",
      "sourceDataset": "",
      "updateDate": "2015-07-09T00:48:25.444Z"
    },
    {
      "date": "2001 Q2",
      "value": "2009",
      "year": "2001",
      "month": "",
      "quarter": "Q2",
      "sourceDataset": "",
      "updateDate": "2015-07-09T00:48:25.444Z"
    },
    {
      "date": "2001 Q3",
      "value": "2002",
      "year": "2001",
      "month": "",
      "quarter": "Q3",
      "sourceDataset": "",
      "updateDate": "2015-07-09T00:48:25.444Z"
    },
    {
      "date": "2001 Q4",
      "value": "2019",
      "year": "2001",
      "month": "",
      "quarter": "Q4",
      "sourceDataset": "",
      "updateDate": "2015-07-09T00:48:25.444Z"
    },
    {
      "date": "2002 Q1",
      "value": "2029",
      "year": "2002",
      "month": "",
      "quarter": "Q1",
      "sourceDataset": "",
      "updateDate": "2015-07-09T00:48:25.444Z"
    },
    {
      "date": "2002 Q2",
      "value": "2028",
      "year": "2002",
      "month": "",
      "quarter": "Q2",
      "sourceDataset": "",
      "updateDate": "2015-07-09T00:48:25.444Z"
    },
    {
      "date": "2002 Q3",
      "value": "2016",
      "year": "2002",
      "month": "",
      "quarter": "Q3",
      "sourceDataset": "",
      "updateDate": "2015-07-09T00:48:25.444Z"
    },
    {
      "date": "2002 Q4",
      "value": "2045",
      "year": "2002",
      "month": "",
      "quarter": "Q4",
      "sourceDataset": "",
      "updateDate": "2015-07-09T00:48:25.444Z"
    },
    {
      "date": "2003 Q1",
      "value": "2054",
      "year": "2003",
      "month": "",
      "quarter": "Q1",
      "sourceDataset": "",
      "updateDate": "2015-07-09T00:48:25.444Z"
    },
    {
      "date": "2003 Q2",
      "value": "2065",
      "year": "2003",
      "month": "",
      "quarter": "Q2",
      "sourceDataset": "",
      "updateDate": "2015-07-09T00:48:25.444Z"
    },
    {
      "date": "2003 Q3",
      "value": "2060",
      "year": "2003",
      "month": "",
      "quarter": "Q3",
      "sourceDataset": "",
      "updateDate": "2015-07-09T00:48:25.444Z"
    },
    {
      "date": "2003 Q4",
      "value": "2093",
      "year": "2003",
      "month": "",
      "quarter": "Q4",
      "sourceDataset": "",
      "updateDate": "2015-07-09T00:48:25.444Z"
    },
    {
      "date": "2004 Q1",
      "value": "2103",
      "year": "2004",
      "month": "",
      "quarter": "Q1",
      "sourceDataset": "",
      "updateDate": "2015-07-09T00:48:25.444Z"
    },
    {
      "date": "2004 Q2",
      "value": "2108",
      "year": "2004",
      "month": "",
      "quarter": "Q2",
      "sourceDataset": "",
      "updateDate": "2015-07-09T00:48:25.444Z"
    },
    {
      "date": "2004 Q3",
      "value": "2106",
      "year": "2004",
      "month": "",
      "quarter": "Q3",
      "sourceDataset": "",
      "updateDate": "2015-07-09T00:48:25.444Z"
    },
    {
      "date": "2004 Q4",
      "value": "2125",
      "year": "2004",
      "month": "",
      "quarter": "Q4",
      "sourceDataset": "",
      "updateDate": "2015-07-09T00:48:25.444Z"
    },
    {
      "date": "2005 Q1",
      "value": "2142",
      "year": "2005",
      "month": "",
      "quarter": "Q1",
      "sourceDataset": "",
      "updateDate": "2015-07-09T00:48:25.444Z"
    },
    {
      "date": "2005 Q2",
      "value": "2139",
      "year": "2005",
      "month": "",
      "quarter": "Q2",
      "sourceDataset": "",
      "updateDate": "2015-07-09T00:48:25.444Z"
    },
    {
      "date": "2005 Q3",
      "value": "2146",
      "year": "2005",
      "month": "",
      "quarter": "Q3",
      "sourceDataset": "",
      "updateDate": "2015-07-09T00:48:25.444Z"
    },
    {
      "date": "2005 Q4",
      "value": "2158",
      "year": "2005",
      "month": "",
      "quarter": "Q4",
      "sourceDataset": "",
      "updateDate": "2015-07-09T00:48:25.444Z"
    },
    {
      "date": "2006 Q1",
      "value": "2169",
      "year": "2006",
      "month": "",
      "quarter": "Q1",
      "sourceDataset": "",
      "updateDate": "2015-07-09T00:48:25.444Z"
    },
    {
      "date": "2006 Q2",
      "value": "2169",
      "year": "2006",
      "month": "",
      "quarter": "Q2",
      "sourceDataset": "",
      "updateDate": "2015-07-09T00:48:25.444Z"
    },
    {
      "date": "2006 Q3",
      "value": "2163",
      "year": "2006",
      "month": "",
      "quarter": "Q3",
      "sourceDataset": "",
      "updateDate": "2015-07-09T00:48:25.444Z"
    },
    {
      "date": "2006 Q4",
      "value": "2182",
      "year": "2006",
      "month": "",
      "quarter": "Q4",
      "sourceDataset": "",
      "updateDate": "2015-07-09T00:48:25.444Z"
    },
    {
      "date": "2007 Q1",
      "value": "2186",
      "year": "2007",
      "month": "",
      "quarter": "Q1",
      "sourceDataset": "",
      "updateDate": "2015-07-09T00:48:25.444Z"
    },
    {
      "date": "2007 Q2",
      "value": "2179",
      "year": "2007",
      "month": "",
      "quarter": "Q2",
      "sourceDataset": "",
      "updateDate": "2015-07-09T00:48:25.444Z"
    },
    {
      "date": "2007 Q3",
      "value": "2171",
      "year": "2007",
      "month": "",
      "quarter": "Q3",
      "sourceDataset": "",
      "updateDate": "2015-07-09T00:48:25.444Z"
    },
    {
      "date": "2007 Q4",
      "value": "2171",
      "year": "2007",
      "month": "",
      "quarter": "Q4",
      "sourceDataset": "",
      "updateDate": "2015-07-09T00:48:25.444Z"
    },
    {
      "date": "2008 Q1",
      "value": "2174",
      "year": "2008",
      "month": "",
      "quarter": "Q1",
      "sourceDataset": "",
      "updateDate": "2015-07-09T00:48:25.444Z"
    },
    {
      "date": "2008 Q2",
      "value": "2165",
      "year": "2008",
      "month": "",
      "quarter": "Q2",
      "sourceDataset": "",
      "updateDate": "2015-07-09T00:48:25.444Z"
    },
    {
      "date": "2008 Q3",
      "value": "2166",
      "year": "2008",
      "month": "",
      "quarter": "Q3",
      "sourceDataset": "",
      "updateDate": "2015-07-09T00:48:25.444Z"
    },
    {
      "date": "2008 Q4",
      "value": "2173",
      "year": "2008",
      "month": "",
      "quarter": "Q4",
      "sourceDataset": "",
      "updateDate": "2015-07-09T00:48:25.444Z"
    },
    {
      "date": "2009 Q1",
      "value": "2186",
      "year": "2009",
      "month": "",
      "quarter": "Q1",
      "sourceDataset": "",
      "updateDate": "2015-07-09T00:48:25.444Z"
    },
    {
      "date": "2009 Q2",
      "value": "2168",
      "year": "2009",
      "month": "",
      "quarter": "Q2",
      "sourceDataset": "",
      "updateDate": "2015-07-09T00:48:25.444Z"
    },
    {
      "date": "2009 Q3",
      "value": "2160",
      "year": "2009",
      "month": "",
      "quarter": "Q3",
      "sourceDataset": "",
      "updateDate": "2015-07-09T00:48:25.444Z"
    },
    {
      "date": "2009 Q4",
      "value": "2175",
      "year": "2009",
      "month": "",
      "quarter": "Q4",
      "sourceDataset": "",
      "updateDate": "2015-07-09T00:48:25.444Z"
    },
    {
      "date": "2010 Q1",
      "value": "2167",
      "year": "2010",
      "month": "",
      "quarter": "Q1",
      "sourceDataset": "",
      "updateDate": "2015-07-09T00:48:25.444Z"
    },
    {
      "date": "2010 Q2",
      "value": "2173",
      "year": "2010",
      "month": "",
      "quarter": "Q2",
      "sourceDataset": "",
      "updateDate": "2015-07-09T00:48:25.444Z"
    },
    {
      "date": "2010 Q3",
      "value": "2148",
      "year": "2010",
      "month": "",
      "quarter": "Q3",
      "sourceDataset": "",
      "updateDate": "2015-07-09T00:48:25.444Z"
    },
    {
      "date": "2010 Q4",
      "value": "2134",
      "year": "2010",
      "month": "",
      "quarter": "Q4",
      "sourceDataset": "",
      "updateDate": "2015-07-09T00:48:25.444Z"
    },
    {
      "date": "2011 Q1",
      "value": "2119",
      "year": "2011",
      "month": "",
      "quarter": "Q1",
      "sourceDataset": "",
      "updateDate": "2015-07-09T00:48:25.444Z"
    },
    {
      "date": "2011 Q2",
      "value": "2063",
      "year": "2011",
      "month": "",
      "quarter": "Q2",
      "sourceDataset": "",
      "updateDate": "2015-07-09T00:48:25.444Z"
    },
    {
      "date": "2011 Q3",
      "value": "2008",
      "year": "2011",
      "month": "",
      "quarter": "Q3",
      "sourceDataset": "",
      "updateDate": "2015-07-09T00:48:25.444Z"
    },
    {
      "date": "2011 Q4",
      "value": "1994",
      "year": "2011",
      "month": "",
      "quarter": "Q4",
      "sourceDataset": "",
      "updateDate": "2015-07-09T00:48:25.444Z"
    },
    {
      "date": "2012 Q1",
      "value": "1974",
      "year": "2012",
      "month": "",
      "quarter": "Q1",
      "sourceDataset": "",
      "updateDate": "2015-07-09T00:48:25.444Z"
    },
    {
      "date": "2012 Q2",
      "value": "1921",
      "year": "2012",
      "month": "",
      "quarter": "Q2",
      "sourceDataset": "",
      "updateDate": "2015-07-09T00:48:25.444Z"
    },
    {
      "date": "2012 Q3",
      "value": "1889",
      "year": "2012",
      "month": "",
      "quarter": "Q3",
      "sourceDataset": "",
      "updateDate": "2015-07-09T00:48:25.444Z"
    },
    {
      "date": "2012 Q4",
      "value": "1882",
      "year": "2012",
      "month": "",
      "quarter": "Q4",
      "sourceDataset": "",
      "updateDate": "2015-07-09T00:48:25.444Z"
    },
    {
      "date": "2013 Q1",
      "value": "1869",
      "year": "2013",
      "month": "",
      "quarter": "Q1",
      "sourceDataset": "",
      "updateDate": "2015-07-09T00:48:25.444Z"
    },
    {
      "date": "2013 Q2",
      "value": "1824",
      "year": "2013",
      "month": "",
      "quarter": "Q2",
      "sourceDataset": "",
      "updateDate": "2015-07-09T00:48:25.444Z"
    },
    {
      "date": "2013 Q3",
      "value": "1817",
      "year": "2013",
      "month": "",
      "quarter": "Q3",
      "sourceDataset": "",
      "updateDate": "2015-07-09T00:48:25.444Z"
    },
    {
      "date": "2013 Q4",
      "value": "1807",
      "year": "2013",
      "month": "",
      "quarter": "Q4",
      "sourceDataset": "",
      "updateDate": "2015-07-09T00:48:25.444Z"
    },
    {
      "date": "2014 Q1",
      "value": "1793",
      "year": "2014",
      "month": "",
      "quarter": "Q1",
      "sourceDataset": "",
      "updateDate": "2015-07-09T00:48:25.444Z"
    },
    {
      "date": "2014 Q2",
      "value": "1773",
      "year": "2014",
      "month": "",
      "quarter": "Q2",
      "sourceDataset": "",
      "updateDate": "2015-07-09T00:48:25.444Z"
    },
    {
      "date": "2014 Q3",
      "value": "1749",
      "year": "2014",
      "month": "",
      "quarter": "Q3",
      "sourceDataset": "",
      "updateDate": "2015-07-09T00:48:25.444Z"
    },
    {
      "date": "2014 Q4",
      "value": "1747",
      "year": "2014",
      "month": "",
      "quarter": "Q4",
      "sourceDataset": "",
      "updateDate": "2015-07-09T00:48:25.444Z"
    },
    {
      "date": "2015 Q1",
      "value": "1733",
      "year": "2015",
      "month": "",
      "quarter": "Q1",
      "sourceDataset": "",
      "updateDate": "2015-07-09T00:48:25.444Z"
    }
  ],
  "months": [],
  "sourceDatasets": [
    ""
  ],
  "type": "timeseries",
  "uri": "/employmentandlabourmarket/publicsectorpersonnel/timeseries/c9km",
  "breadcrumb": [
    {
      "uri": "/"
    },
    {
      "uri": "/employmentandlabourmarket"
    },
    {
      "uri": "/employmentandlabourmarket/publicsectorpersonnel"
    }
  ],
  "description": {
    "title": "Public Sector Employment by Sector; Local Gov; UK; FTE; NSA; Thousands  ",
    "nationalStatistic": false,
    "latestRelease": false,
    "releaseDate": "2015-06-16T23:00:00.000Z",
    "nextRelease": "16 Sept 2015",
    "cdid": "C9KM",
    "unit": "",
    "preUnit": "",
    "source": "Office for National Statistics",
    "seasonalAdjustment": "NSA",
    "number": "1733",
    "sampleSize": 0
  }
}