{
  "years": [
    {
      "date": "1996",
      "value": "378.1",
      "year": "1996",
      "month": "",
      "quarter": "",
      "sourceDataset": "UNEM",
      "updateDate": "2015-07-09T00:48:23.653Z"
    },
    {
      "date": "1997",
      "value": "284.6",
      "year": "1997",
      "month": "",
      "quarter": "",
      "sourceDataset": "UNEM",
      "updateDate": "2015-07-09T00:48:23.653Z"
    },
    {
      "date": "1998",
      "value": "237.5",
      "year": "1998",
      "month": "",
      "quarter": "",
      "sourceDataset": "UNEM",
      "updateDate": "2015-07-09T00:48:23.653Z"
    },
    {
      "date": "1999",
      "value": "205.2",
      "year": "1999",
      "month": "",
      "quarter": "",
      "sourceDataset": "UNEM",
      "updateDate": "2015-07-09T00:48:23.653Z"
    },
    {
      "date": "2000",
      "value": "182.2",
      "year": "2000",
      "month": "",
      "quarter": "",
      "sourceDataset": "UNEM",
      "updateDate": "2015-07-09T00:48:23.653Z"
    },
    {
      "date": "2001",
      "value": "167.9",
      "year": "2001",
      "month": "",
      "quarter": "",
      "sourceDataset": "UNEM",
      "updateDate": "2015-07-09T00:48:23.653Z"
    },
    {
      "date": "2002",
      "value": "168.0",
      "year": "2002",
      "month": "",
      "quarter": "",
      "sourceDataset": "UNEM",
      "updateDate": "2015-07-09T00:48:23.653Z"
    },
    {
      "date": "2003",
      "value": "171.9",
      "year": "2003",
      "month": "",
      "quarter": "",
      "sourceDataset": "UNEM",
      "updateDate": "2015-07-09T00:48:23.653Z"
    },
    {
      "date": "2004",
      "value": "161.9",
      "year": "2004",
      "month": "",
      "quarter": "",
      "sourceDataset": "UNEM",
      "updateDate": "2015-07-09T00:48:23.653Z"
    },
    {
      "date": "2005",
      "value": "174.5",
      "year": "2005",
      "month": "",
      "quarter": "",
      "sourceDataset": "UNEM",
      "updateDate": "2015-07-09T00:48:23.653Z"
    },
    {
      "date": "2006",
      "value": "195.5",
      "year": "2006",
      "month": "",
      "quarter": "",
      "sourceDataset": "UNEM",
      "updateDate": "2015-07-09T00:48:23.653Z"
    },
    {
      "date": "2007",
      "value": "176.8",
      "year": "2007",
      "month": "",
      "quarter": "",
      "sourceDataset": "UNEM",
      "updateDate": "2015-07-09T00:48:23.653Z"
    },
    {
      "date": "2008",
      "value": "190.3",
      "year": "2008",
      "month": "",
      "quarter": "",
      "sourceDataset": "UNEM",
      "updateDate": "2015-07-09T00:48:23.653Z"
    },
    {
      "date": "2009",
      "value": "319.3",
      "year": "2009",
      "month": "",
      "quarter": "",
      "sourceDataset": "UNEM",
      "updateDate": "2015-07-09T00:48:23.653Z"
    },
    {
      "date": "2010",
      "value": "295.8",
      "year": "2010",
      "month": "",
      "quarter": "",
      "sourceDataset": "UNEM",
      "updateDate": "2015-07-09T00:48:23.653Z"
    },
    {
      "date": "2011",
      "value": "301.0",
      "year": "2011",
      "month": "",
      "quarter": "",
      "sourceDataset": "UNEM",
      "updateDate": "2015-07-09T00:48:23.653Z"
    },
    {
      "date": "2012",
      "value": "302.5",
      "year": "2012",
      "month": "",
      "quarter": "",
      "sourceDataset": "UNEM",
      "updateDate": "2015-07-09T00:48:23.653Z"
    },
    {
      "date": "2013",
      "value": "244.8",
      "year": "2013",
      "month": "",
      "quarter": "",
      "sourceDataset": "UNEM",
      "updateDate": "2015-07-09T00:48:23.653Z"
    },
    {
      "date": "2014",
      "value": "160.6",
      "year": "2014",
      "month": "",
      "quarter": "",
      "sourceDataset": "UNEM",
      "updateDate": "2015-07-09T00:48:23.653Z"
    }
  ],
  "quarters": [
    {
      "date": "1996 Q1",
      "value": "412.6",
      "year": "1996",
      "month": "",
      "quarter": "Q1",
      "sourceDataset": "UNEM",
      "updateDate": "2015-07-09T00:48:23.653Z"
    },
    {
      "date": "1996 Q2",
      "value": "378.4",
      "year": "1996",
      "month": "",
      "quarter": "Q2",
      "sourceDataset": "UNEM",
      "updateDate": "2015-07-09T00:48:23.653Z"
    },
    {
      "date": "1996 Q3",
      "value": "389.7",
      "year": "1996",
      "month": "",
      "quarter": "Q3",
      "sourceDataset": "UNEM",
      "updateDate": "2015-07-09T00:48:23.653Z"
    },
    {
      "date": "1996 Q4",
      "value": "331.9",
      "year": "1996",
      "month": "",
      "quarter": "Q4",
      "sourceDataset": "UNEM",
      "updateDate": "2015-07-09T00:48:23.653Z"
    },
    {
      "date": "1997 Q1",
      "value": "323.5",
      "year": "1997",
      "month": "",
      "quarter": "Q1",
      "sourceDataset": "UNEM",
      "updateDate": "2015-07-09T00:48:23.653Z"
    },
    {
      "date": "1997 Q2",
      "value": "282.7",
      "year": "1997",
      "month": "",
      "quarter": "Q2",
      "sourceDataset": "UNEM",
      "updateDate": "2015-07-09T00:48:23.653Z"
    },
    {
      "date": "1997 Q3",
      "value": "284.3",
      "year": "1997",
      "month": "",
      "quarter": "Q3",
      "sourceDataset": "UNEM",
      "updateDate": "2015-07-09T00:48:23.653Z"
    },
    {
      "date": "1997 Q4",
      "value": "248.1",
      "year": "1997",
      "month": "",
      "quarter": "Q4",
      "sourceDataset": "UNEM",
      "updateDate": "2015-07-09T00:48:23.653Z"
    },
    {
      "date": "1998 Q1",
      "value": "259.4",
      "year": "1998",
      "month": "",
      "quarter": "Q1",
      "sourceDataset": "UNEM",
      "updateDate": "2015-07-09T00:48:23.653Z"
    },
    {
      "date": "1998 Q2",
      "value": "236.9",
      "year": "1998",
      "month": "",
      "quarter": "Q2",
      "sourceDataset": "UNEM",
      "updateDate": "2015-07-09T00:48:23.653Z"
    },
    {
      "date": "1998 Q3",
      "value": "242.2",
      "year": "1998",
      "month": "",
      "quarter": "Q3",
      "sourceDataset": "UNEM",
      "updateDate": "2015-07-09T00:48:23.653Z"
    },
    {
      "date": "1998 Q4",
      "value": "211.5",
      "year": "1998",
      "month": "",
      "quarter": "Q4",
      "sourceDataset": "UNEM",
      "updateDate": "2015-07-09T00:48:23.653Z"
    },
    {
      "date": "1999 Q1",
      "value": "226.3",
      "year": "1999",
      "month": "",
      "quarter": "Q1",
      "sourceDataset": "UNEM",
      "updateDate": "2015-07-09T00:48:23.653Z"
    },
    {
      "date": "1999 Q2",
      "value": "203.7",
      "year": "1999",
      "month": "",
      "quarter": "Q2",
      "sourceDataset": "UNEM",
      "updateDate": "2015-07-09T00:48:23.653Z"
    },
    {
      "date": "1999 Q3",
      "value": "207.1",
      "year": "1999",
      "month": "",
      "quarter": "Q3",
      "sourceDataset": "UNEM",
      "updateDate": "2015-07-09T00:48:23.653Z"
    },
    {
      "date": "1999 Q4",
      "value": "183.8",
      "year": "1999",
      "month": "",
      "quarter": "Q4",
      "sourceDataset": "UNEM",
      "updateDate": "2015-07-09T00:48:23.653Z"
    },
    {
      "date": "2000 Q1",
      "value": "202.3",
      "year": "2000",
      "month": "",
      "quarter": "Q1",
      "sourceDataset": "UNEM",
      "updateDate": "2015-07-09T00:48:23.653Z"
    },
    {
      "date": "2000 Q2",
      "value": "178.7",
      "year": "2000",
      "month": "",
      "quarter": "Q2",
      "sourceDataset": "UNEM",
      "updateDate": "2015-07-09T00:48:23.653Z"
    },
    {
      "date": "2000 Q3",
      "value": "181.2",
      "year": "2000",
      "month": "",
      "quarter": "Q3",
      "sourceDataset": "UNEM",
      "updateDate": "2015-07-09T00:48:23.653Z"
    },
    {
      "date": "2000 Q4",
      "value": "166.8",
      "year": "2000",
      "month": "",
      "quarter": "Q4",
      "sourceDataset": "UNEM",
      "updateDate": "2015-07-09T00:48:23.653Z"
    },
    {
      "date": "2001 Q1",
      "value": "184.6",
      "year": "2001",
      "month": "",
      "quarter": "Q1",
      "sourceDataset": "UNEM",
      "updateDate": "2015-07-09T00:48:23.653Z"
    },
    {
      "date": "2001 Q2",
      "value": "164.2",
      "year": "2001",
      "month": "",
      "quarter": "Q2",
      "sourceDataset": "UNEM",
      "updateDate": "2015-07-09T00:48:23.653Z"
    },
    {
      "date": "2001 Q3",
      "value": "164.4",
      "year": "2001",
      "month": "",
      "quarter": "Q3",
      "sourceDataset": "UNEM",
      "updateDate": "2015-07-09T00:48:23.653Z"
    },
    {
      "date": "2001 Q4",
      "value": "158.1",
      "year": "2001",
      "month": "",
      "quarter": "Q4",
      "sourceDataset": "UNEM",
      "updateDate": "2015-07-09T00:48:23.653Z"
    },
    {
      "date": "2002 Q1",
      "value": "179.9",
      "year": "2002",
      "month": "",
      "quarter": "Q1",
      "sourceDataset": "UNEM",
      "updateDate": "2015-07-09T00:48:23.653Z"
    },
    {
      "date": "2002 Q2",
      "value": "164.6",
      "year": "2002",
      "month": "",
      "quarter": "Q2",
      "sourceDataset": "UNEM",
      "updateDate": "2015-07-09T00:48:23.653Z"
    },
    {
      "date": "2002 Q3",
      "value": "168.9",
      "year": "2002",
      "month": "",
      "quarter": "Q3",
      "sourceDataset": "UNEM",
      "updateDate": "2015-07-09T00:48:23.653Z"
    },
    {
      "date": "2002 Q4",
      "value": "158.6",
      "year": "2002",
      "month": "",
      "quarter": "Q4",
      "sourceDataset": "UNEM",
      "updateDate": "2015-07-09T00:48:23.653Z"
    },
    {
      "date": "2003 Q1",
      "value": "182.1",
      "year": "2003",
      "month": "",
      "quarter": "Q1",
      "sourceDataset": "UNEM",
      "updateDate": "2015-07-09T00:48:23.653Z"
    },
    {
      "date": "2003 Q2",
      "value": "171.0",
      "year": "2003",
      "month": "",
      "quarter": "Q2",
      "sourceDataset": "UNEM",
      "updateDate": "2015-07-09T00:48:23.653Z"
    },
    {
      "date": "2003 Q3",
      "value": "173.5",
      "year": "2003",
      "month": "",
      "quarter": "Q3",
      "sourceDataset": "UNEM",
      "updateDate": "2015-07-09T00:48:23.653Z"
    },
    {
      "date": "2003 Q4",
      "value": "160.9",
      "year": "2003",
      "month": "",
      "quarter": "Q4",
      "sourceDataset": "UNEM",
      "updateDate": "2015-07-09T00:48:23.653Z"
    },
    {
      "date": "2004 Q1",
      "value": "177.6",
      "year": "2004",
      "month": "",
      "quarter": "Q1",
      "sourceDataset": "UNEM",
      "updateDate": "2015-07-09T00:48:23.653Z"
    },
    {
      "date": "2004 Q2",
      "value": "159.7",
      "year": "2004",
      "month": "",
      "quarter": "Q2",
      "sourceDataset": "UNEM",
      "updateDate": "2015-07-09T00:48:23.653Z"
    },
    {
      "date": "2004 Q3",
      "value": "157.8",
      "year": "2004",
      "month": "",
      "quarter": "Q3",
      "sourceDataset": "UNEM",
      "updateDate": "2015-07-09T00:48:23.653Z"
    },
    {
      "date": "2004 Q4",
      "value": "152.5",
      "year": "2004",
      "month": "",
      "quarter": "Q4",
      "sourceDataset": "UNEM",
      "updateDate": "2015-07-09T00:48:23.653Z"
    },
    {
      "date": "2005 Q1",
      "value": "174.0",
      "year": "2005",
      "month": "",
      "quarter": "Q1",
      "sourceDataset": "UNEM",
      "updateDate": "2015-07-09T00:48:23.653Z"
    },
    {
      "date": "2005 Q2",
      "value": "171.2",
      "year": "2005",
      "month": "",
      "quarter": "Q2",
      "sourceDataset": "UNEM",
      "updateDate": "2015-07-09T00:48:23.653Z"
    },
    {
      "date": "2005 Q3",
      "value": "176.0",
      "year": "2005",
      "month": "",
      "quarter": "Q3",
      "sourceDataset": "UNEM",
      "updateDate": "2015-07-09T00:48:23.653Z"
    },
    {
      "date": "2005 Q4",
      "value": "176.6",
      "year": "2005",
      "month": "",
      "quarter": "Q4",
      "sourceDataset": "UNEM",
      "updateDate": "2015-07-09T00:48:23.653Z"
    },
    {
      "date": "2006 Q1",
      "value": "201.9",
      "year": "2006",
      "month": "",
      "quarter": "Q1",
      "sourceDataset": "UNEM",
      "updateDate": "2015-07-09T00:48:23.653Z"
    },
    {
      "date": "2006 Q2",
      "value": "198.0",
      "year": "2006",
      "month": "",
      "quarter": "Q2",
      "sourceDataset": "UNEM",
      "updateDate": "2015-07-09T00:48:23.653Z"
    },
    {
      "date": "2006 Q3",
      "value": "195.8",
      "year": "2006",
      "month": "",
      "quarter": "Q3",
      "sourceDataset": "UNEM",
      "updateDate": "2015-07-09T00:48:23.653Z"
    },
    {
      "date": "2006 Q4",
      "value": "186.3",
      "year": "2006",
      "month": "",
      "quarter": "Q4",
      "sourceDataset": "UNEM",
      "updateDate": "2015-07-09T00:48:23.653Z"
    },
    {
      "date": "2007 Q1",
      "value": "198.3",
      "year": "2007",
      "month": "",
      "quarter": "Q1",
      "sourceDataset": "UNEM",
      "updateDate": "2015-07-09T00:48:23.653Z"
    },
    {
      "date": "2007 Q2",
      "value": "178.4",
      "year": "2007",
      "month": "",
      "quarter": "Q2",
      "sourceDataset": "UNEM",
      "updateDate": "2015-07-09T00:48:23.653Z"
    },
    {
      "date": "2007 Q3",
      "value": "171.4",
      "year": "2007",
      "month": "",
      "quarter": "Q3",
      "sourceDataset": "UNEM",
      "updateDate": "2015-07-09T00:48:23.653Z"
    },
    {
      "date": "2007 Q4",
      "value": "158.9",
      "year": "2007",
      "month": "",
      "quarter": "Q4",
      "sourceDataset": "UNEM",
      "updateDate": "2015-07-09T00:48:23.653Z"
    },
    {
      "date": "2008 Q1",
      "value": "174.6",
      "year": "2008",
      "month": "",
      "quarter": "Q1",
      "sourceDataset": "UNEM",
      "updateDate": "2015-07-09T00:48:23.653Z"
    },
    {
      "date": "2008 Q2",
      "value": "171.4",
      "year": "2008",
      "month": "",
      "quarter": "Q2",
      "sourceDataset": "UNEM",
      "updateDate": "2015-07-09T00:48:23.653Z"
    },
    {
      "date": "2008 Q3",
      "value": "190.1",
      "year": "2008",
      "month": "",
      "quarter": "Q3",
      "sourceDataset": "UNEM",
      "updateDate": "2015-07-09T00:48:23.653Z"
    },
    {
      "date": "2008 Q4",
      "value": "225.0",
      "year": "2008",
      "month": "",
      "quarter": "Q4",
      "sourceDataset": "UNEM",
      "updateDate": "2015-07-09T00:48:23.653Z"
    },
    {
      "date": "2009 Q1",
      "value": "302.0",
      "year": "2009",
      "month": "",
      "quarter": "Q1",
      "sourceDataset": "UNEM",
      "updateDate": "2015-07-09T00:48:23.653Z"
    },
    {
      "date": "2009 Q2",
      "value": "321.0",
      "year": "2009",
      "month": "",
      "quarter": "Q2",
      "sourceDataset": "UNEM",
      "updateDate": "2015-07-09T00:48:23.653Z"
    },
    {
      "date": "2009 Q3",
      "value": "329.4",
      "year": "2009",
      "month": "",
      "quarter": "Q3",
      "sourceDataset": "UNEM",
      "updateDate": "2015-07-09T00:48:23.653Z"
    },
    {
      "date": "2009 Q4",
      "value": "325.0",
      "year": "2009",
      "month": "",
      "quarter": "Q4",
      "sourceDataset": "UNEM",
      "updateDate": "2015-07-09T00:48:23.653Z"
    },
    {
      "date": "2010 Q1",
      "value": "337.9",
      "year": "2010",
      "month": "",
      "quarter": "Q1",
      "sourceDataset": "UNEM",
      "updateDate": "2015-07-09T00:48:23.653Z"
    },
    {
      "date": "2010 Q2",
      "value": "291.6",
      "year": "2010",
      "month": "",
      "quarter": "Q2",
      "sourceDataset": "UNEM",
      "updateDate": "2015-07-09T00:48:23.653Z"
    },
    {
      "date": "2010 Q3",
      "value": "279.5",
      "year": "2010",
      "month": "",
      "quarter": "Q3",
      "sourceDataset": "UNEM",
      "updateDate": "2015-07-09T00:48:23.653Z"
    },
    {
      "date": "2010 Q4",
      "value": "274.4",
      "year": "2010",
      "month": "",
      "quarter": "Q4",
      "sourceDataset": "UNEM",
      "updateDate": "2015-07-09T00:48:23.653Z"
    },
    {
      "date": "2011 Q1",
      "value": "294.9",
      "year": "2011",
      "month": "",
      "quarter": "Q1",
      "sourceDataset": "UNEM",
      "updateDate": "2015-07-09T00:48:23.653Z"
    },
    {
      "date": "2011 Q2",
      "value": "284.8",
      "year": "2011",
      "month": "",
      "quarter": "Q2",
      "sourceDataset": "UNEM",
      "updateDate": "2015-07-09T00:48:23.653Z"
    },
    {
      "date": "2011 Q3",
      "value": "310.1",
      "year": "2011",
      "month": "",
      "quarter": "Q3",
      "sourceDataset": "UNEM",
      "updateDate": "2015-07-09T00:48:23.653Z"
    },
    {
      "date": "2011 Q4",
      "value": "314.2",
      "year": "2011",
      "month": "",
      "quarter": "Q4",
      "sourceDataset": "UNEM",
      "updateDate": "2015-07-09T00:48:23.653Z"
    },
    {
      "date": "2012 Q1",
      "value": "334.2",
      "year": "2012",
      "month": "",
      "quarter": "Q1",
      "sourceDataset": "UNEM",
      "updateDate": "2015-07-09T00:48:23.653Z"
    },
    {
      "date": "2012 Q2",
      "value": "305.4",
      "year": "2012",
      "month": "",
      "quarter": "Q2",
      "sourceDataset": "UNEM",
      "updateDate": "2015-07-09T00:48:23.653Z"
    },
    {
      "date": "2012 Q3",
      "value": "293.2",
      "year": "2012",
      "month": "",
      "quarter": "Q3",
      "sourceDataset": "UNEM",
      "updateDate": "2015-07-09T00:48:23.653Z"
    },
    {
      "date": "2012 Q4",
      "value": "277.1",
      "year": "2012",
      "month": "",
      "quarter": "Q4",
      "sourceDataset": "UNEM",
      "updateDate": "2015-07-09T00:48:23.653Z"
    },
    {
      "date": "2013 Q1",
      "value": "284.8",
      "year": "2013",
      "month": "",
      "quarter": "Q1",
      "sourceDataset": "UNEM",
      "updateDate": "2015-07-09T00:48:23.653Z"
    },
    {
      "date": "2013 Q2",
      "value": "256.9",
      "year": "2013",
      "month": "",
      "quarter": "Q2",
      "sourceDataset": "UNEM",
      "updateDate": "2015-07-09T00:48:23.653Z"
    },
    {
      "date": "2013 Q3",
      "value": "234.5",
      "year": "2013",
      "month": "",
      "quarter": "Q3",
      "sourceDataset": "UNEM",
      "updateDate": "2015-07-09T00:48:23.653Z"
    },
    {
      "date": "2013 Q4",
      "value": "202.8",
      "year": "2013",
      "month": "",
      "quarter": "Q4",
      "sourceDataset": "UNEM",
      "updateDate": "2015-07-09T00:48:23.653Z"
    },
    {
      "date": "2014 Q1",
      "value": "201.6",
      "year": "2014",
      "month": "",
      "quarter": "Q1",
      "sourceDataset": "UNEM",
      "updateDate": "2015-07-09T00:48:23.653Z"
    },
    {
      "date": "2014 Q2",
      "value": "168.5",
      "year": "2014",
      "month": "",
      "quarter": "Q2",
      "sourceDataset": "UNEM",
      "updateDate": "2015-07-09T00:48:23.653Z"
    },
    {
      "date": "2014 Q3",
      "value": "146.6",
      "year": "2014",
      "month": "",
      "quarter": "Q3",
      "sourceDataset": "UNEM",
      "updateDate": "2015-07-09T00:48:23.653Z"
    },
    {
      "date": "2014 Q4",
      "value": "125.7",
      "year": "2014",
      "month": "",
      "quarter": "Q4",
      "sourceDataset": "UNEM",
      "updateDate": "2015-07-09T00:48:23.653Z"
    },
    {
      "date": "2015 Q1",
      "value": "123.8",
      "year": "2015",
      "month": "",
      "quarter": "Q1",
      "sourceDataset": "UNEM",
      "updateDate": "2015-07-09T00:48:23.653Z"
    }
  ],
  "months": [
    {
      "date": "1996 JAN",
      "value": "419.3",
      "year": "1996",
      "month": "January",
      "quarter": "",
      "sourceDataset": "UNEM",
      "updateDate": "2015-07-09T00:48:23.653Z"
    },
    {
      "date": "1996 FEB",
      "value": "418.6",
      "year": "1996",
      "month": "February",
      "quarter": "",
      "sourceDataset": "UNEM",
      "updateDate": "2015-07-09T00:48:23.653Z"
    },
    {
      "date": "1996 MAR",
      "value": "400.0",
      "year": "1996",
      "month": "March",
      "quarter": "",
      "sourceDataset": "UNEM",
      "updateDate": "2015-07-09T00:48:23.653Z"
    },
    {
      "date": "1996 APR",
      "value": "390.7",
      "year": "1996",
      "month": "April",
      "quarter": "",
      "sourceDataset": "UNEM",
      "updateDate": "2015-07-09T00:48:23.653Z"
    },
    {
      "date": "1996 MAY",
      "value": "377.2",
      "year": "1996",
      "month": "May",
      "quarter": "",
      "sourceDataset": "UNEM",
      "updateDate": "2015-07-09T00:48:23.653Z"
    },
    {
      "date": "1996 JUN",
      "value": "367.2",
      "year": "1996",
      "month": "June",
      "quarter": "",
      "sourceDataset": "UNEM",
      "updateDate": "2015-07-09T00:48:23.653Z"
    },
    {
      "date": "1996 JUL",
      "value": "391.1",
      "year": "1996",
      "month": "July",
      "quarter": "",
      "sourceDataset": "UNEM",
      "updateDate": "2015-07-09T00:48:23.653Z"
    },
    {
      "date": "1996 AUG",
      "value": "395.1",
      "year": "1996",
      "month": "August",
      "quarter": "",
      "sourceDataset": "UNEM",
      "updateDate": "2015-07-09T00:48:23.653Z"
    },
    {
      "date": "1996 SEP",
      "value": "382.8",
      "year": "1996",
      "month": "September",
      "quarter": "",
      "sourceDataset": "UNEM",
      "updateDate": "2015-07-09T00:48:23.653Z"
    },
    {
      "date": "1996 OCT",
      "value": "347.3",
      "year": "1996",
      "month": "October",
      "quarter": "",
      "sourceDataset": "UNEM",
      "updateDate": "2015-07-09T00:48:23.653Z"
    },
    {
      "date": "1996 NOV",
      "value": "323.6",
      "year": "1996",
      "month": "November",
      "quarter": "",
      "sourceDataset": "UNEM",
      "updateDate": "2015-07-09T00:48:23.653Z"
    },
    {
      "date": "1996 DEC",
      "value": "324.9",
      "year": "1996",
      "month": "December",
      "quarter": "",
      "sourceDataset": "UNEM",
      "updateDate": "2015-07-09T00:48:23.653Z"
    },
    {
      "date": "1997 JAN",
      "value": "335.4",
      "year": "1997",
      "month": "January",
      "quarter": "",
      "sourceDataset": "UNEM",
      "updateDate": "2015-07-09T00:48:23.653Z"
    },
    {
      "date": "1997 FEB",
      "value": "325.3",
      "year": "1997",
      "month": "February",
      "quarter": "",
      "sourceDataset": "UNEM",
      "updateDate": "2015-07-09T00:48:23.653Z"
    },
    {
      "date": "1997 MAR",
      "value": "309.8",
      "year": "1997",
      "month": "March",
      "quarter": "",
      "sourceDataset": "UNEM",
      "updateDate": "2015-07-09T00:48:23.653Z"
    },
    {
      "date": "1997 APR",
      "value": "295.9",
      "year": "1997",
      "month": "April",
      "quarter": "",
      "sourceDataset": "UNEM",
      "updateDate": "2015-07-09T00:48:23.653Z"
    },
    {
      "date": "1997 MAY",
      "value": "282.5",
      "year": "1997",
      "month": "May",
      "quarter": "",
      "sourceDataset": "UNEM",
      "updateDate": "2015-07-09T00:48:23.653Z"
    },
    {
      "date": "1997 JUN",
      "value": "269.8",
      "year": "1997",
      "month": "June",
      "quarter": "",
      "sourceDataset": "UNEM",
      "updateDate": "2015-07-09T00:48:23.653Z"
    },
    {
      "date": "1997 JUL",
      "value": "287.5",
      "year": "1997",
      "month": "July",
      "quarter": "",
      "sourceDataset": "UNEM",
      "updateDate": "2015-07-09T00:48:23.653Z"
    },
    {
      "date": "1997 AUG",
      "value": "288.8",
      "year": "1997",
      "month": "August",
      "quarter": "",
      "sourceDataset": "UNEM",
      "updateDate": "2015-07-09T00:48:23.653Z"
    },
    {
      "date": "1997 SEP",
      "value": "276.6",
      "year": "1997",
      "month": "September",
      "quarter": "",
      "sourceDataset": "UNEM",
      "updateDate": "2015-07-09T00:48:23.653Z"
    },
    {
      "date": "1997 OCT",
      "value": "254.6",
      "year": "1997",
      "month": "October",
      "quarter": "",
      "sourceDataset": "UNEM",
      "updateDate": "2015-07-09T00:48:23.653Z"
    },
    {
      "date": "1997 NOV",
      "value": "243.7",
      "year": "1997",
      "month": "November",
      "quarter": "",
      "sourceDataset": "UNEM",
      "updateDate": "2015-07-09T00:48:23.653Z"
    },
    {
      "date": "1997 DEC",
      "value": "245.9",
      "year": "1997",
      "month": "December",
      "quarter": "",
      "sourceDataset": "UNEM",
      "updateDate": "2015-07-09T00:48:23.653Z"
    },
    {
      "date": "1998 JAN",
      "value": "263.9",
      "year": "1998",
      "month": "January",
      "quarter": "",
      "sourceDataset": "UNEM",
      "updateDate": "2015-07-09T00:48:23.653Z"
    },
    {
      "date": "1998 FEB",
      "value": "262.3",
      "year": "1998",
      "month": "February",
      "quarter": "",
      "sourceDataset": "UNEM",
      "updateDate": "2015-07-09T00:48:23.653Z"
    },
    {
      "date": "1998 MAR",
      "value": "252.1",
      "year": "1998",
      "month": "March",
      "quarter": "",
      "sourceDataset": "UNEM",
      "updateDate": "2015-07-09T00:48:23.653Z"
    },
    {
      "date": "1998 APR",
      "value": "243.5",
      "year": "1998",
      "month": "April",
      "quarter": "",
      "sourceDataset": "UNEM",
      "updateDate": "2015-07-09T00:48:23.653Z"
    },
    {
      "date": "1998 MAY",
      "value": "236.4",
      "year": "1998",
      "month": "May",
      "quarter": "",
      "sourceDataset": "UNEM",
      "updateDate": "2015-07-09T00:48:23.653Z"
    },
    {
      "date": "1998 JUN",
      "value": "230.7",
      "year": "1998",
      "month": "June",
      "quarter": "",
      "sourceDataset": "UNEM",
      "updateDate": "2015-07-09T00:48:23.653Z"
    },
    {
      "date": "1998 JUL",
      "value": "245.2",
      "year": "1998",
      "month": "July",
      "quarter": "",
      "sourceDataset": "UNEM",
      "updateDate": "2015-07-09T00:48:23.653Z"
    },
    {
      "date": "1998 AUG",
      "value": "247.3",
      "year": "1998",
      "month": "August",
      "quarter": "",
      "sourceDataset": "UNEM",
      "updateDate": "2015-07-09T00:48:23.653Z"
    },
    {
      "date": "1998 SEP",
      "value": "234.0",
      "year": "1998",
      "month": "September",
      "quarter": "",
      "sourceDataset": "UNEM",
      "updateDate": "2015-07-09T00:48:23.653Z"
    },
    {
      "date": "1998 OCT",
      "value": "214.2",
      "year": "1998",
      "month": "October",
      "quarter": "",
      "sourceDataset": "UNEM",
      "updateDate": "2015-07-09T00:48:23.653Z"
    },
    {
      "date": "1998 NOV",
      "value": "209.7",
      "year": "1998",
      "month": "November",
      "quarter": "",
      "sourceDataset": "UNEM",
      "updateDate": "2015-07-09T00:48:23.653Z"
    },
    {
      "date": "1998 DEC",
      "value": "210.6",
      "year": "1998",
      "month": "December",
      "quarter": "",
      "sourceDataset": "UNEM",
      "updateDate": "2015-07-09T00:48:23.653Z"
    },
    {
      "date": "1999 JAN",
      "value": "229.4",
      "year": "1999",
      "month": "January",
      "quarter": "",
      "sourceDataset": "UNEM",
      "updateDate": "2015-07-09T00:48:23.653Z"
    },
    {
      "date": "1999 FEB",
      "value": "228.1",
      "year": "1999",
      "month": "February",
      "quarter": "",
      "sourceDataset": "UNEM",
      "updateDate": "2015-07-09T00:48:23.654Z"
    },
    {
      "date": "1999 MAR",
      "value": "221.3",
      "year": "1999",
      "month": "March",
      "quarter": "",
      "sourceDataset": "UNEM",
      "updateDate": "2015-07-09T00:48:23.654Z"
    },
    {
      "date": "1999 APR",
      "value": "210.5",
      "year": "1999",
      "month": "April",
      "quarter": "",
      "sourceDataset": "UNEM",
      "updateDate": "2015-07-09T00:48:23.654Z"
    },
    {
      "date": "1999 MAY",
      "value": "203.5",
      "year": "1999",
      "month": "May",
      "quarter": "",
      "sourceDataset": "UNEM",
      "updateDate": "2015-07-09T00:48:23.654Z"
    },
    {
      "date": "1999 JUN",
      "value": "197.0",
      "year": "1999",
      "month": "June",
      "quarter": "",
      "sourceDataset": "UNEM",
      "updateDate": "2015-07-09T00:48:23.654Z"
    },
    {
      "date": "1999 JUL",
      "value": "207.5",
      "year": "1999",
      "month": "July",
      "quarter": "",
      "sourceDataset": "UNEM",
      "updateDate": "2015-07-09T00:48:23.654Z"
    },
    {
      "date": "1999 AUG",
      "value": "211.0",
      "year": "1999",
      "month": "August",
      "quarter": "",
      "sourceDataset": "UNEM",
      "updateDate": "2015-07-09T00:48:23.654Z"
    },
    {
      "date": "1999 SEP",
      "value": "202.8",
      "year": "1999",
      "month": "September",
      "quarter": "",
      "sourceDataset": "UNEM",
      "updateDate": "2015-07-09T00:48:23.654Z"
    },
    {
      "date": "1999 OCT",
      "value": "187.2",
      "year": "1999",
      "month": "October",
      "quarter": "",
      "sourceDataset": "UNEM",
      "updateDate": "2015-07-09T00:48:23.654Z"
    },
    {
      "date": "1999 NOV",
      "value": "182.6",
      "year": "1999",
      "month": "November",
      "quarter": "",
      "sourceDataset": "UNEM",
      "updateDate": "2015-07-09T00:48:23.654Z"
    },
    {
      "date": "1999 DEC",
      "value": "181.7",
      "year": "1999",
      "month": "December",
      "quarter": "",
      "sourceDataset": "UNEM",
      "updateDate": "2015-07-09T00:48:23.654Z"
    },
    {
      "date": "2000 JAN",
      "value": "203.4",
      "year": "2000",
      "month": "January",
      "quarter": "",
      "sourceDataset": "UNEM",
      "updateDate": "2015-07-09T00:48:23.654Z"
    },
    {
      "date": "2000 FEB",
      "value": "204.9",
      "year": "2000",
      "month": "February",
      "quarter": "",
      "sourceDataset": "UNEM",
      "updateDate": "2015-07-09T00:48:23.654Z"
    },
    {
      "date": "2000 MAR",
      "value": "198.7",
      "year": "2000",
      "month": "March",
      "quarter": "",
      "sourceDataset": "UNEM",
      "updateDate": "2015-07-09T00:48:23.654Z"
    },
    {
      "date": "2000 APR",
      "value": "185.3",
      "year": "2000",
      "month": "April",
      "quarter": "",
      "sourceDataset": "UNEM",
      "updateDate": "2015-07-09T00:48:23.654Z"
    },
    {
      "date": "2000 MAY",
      "value": "178.0",
      "year": "2000",
      "month": "May",
      "quarter": "",
      "sourceDataset": "UNEM",
      "updateDate": "2015-07-09T00:48:23.654Z"
    },
    {
      "date": "2000 JUN",
      "value": "172.7",
      "year": "2000",
      "month": "June",
      "quarter": "",
      "sourceDataset": "UNEM",
      "updateDate": "2015-07-09T00:48:23.654Z"
    },
    {
      "date": "2000 JUL",
      "value": "182.3",
      "year": "2000",
      "month": "July",
      "quarter": "",
      "sourceDataset": "UNEM",
      "updateDate": "2015-07-09T00:48:23.654Z"
    },
    {
      "date": "2000 AUG",
      "value": "184.9",
      "year": "2000",
      "month": "August",
      "quarter": "",
      "sourceDataset": "UNEM",
      "updateDate": "2015-07-09T00:48:23.654Z"
    },
    {
      "date": "2000 SEP",
      "value": "176.3",
      "year": "2000",
      "month": "September",
      "quarter": "",
      "sourceDataset": "UNEM",
      "updateDate": "2015-07-09T00:48:23.654Z"
    },
    {
      "date": "2000 OCT",
      "value": "166.7",
      "year": "2000",
      "month": "October",
      "quarter": "",
      "sourceDataset": "UNEM",
      "updateDate": "2015-07-09T00:48:23.654Z"
    },
    {
      "date": "2000 NOV",
      "value": "164.2",
      "year": "2000",
      "month": "November",
      "quarter": "",
      "sourceDataset": "UNEM",
      "updateDate": "2015-07-09T00:48:23.654Z"
    },
    {
      "date": "2000 DEC",
      "value": "169.6",
      "year": "2000",
      "month": "December",
      "quarter": "",
      "sourceDataset": "UNEM",
      "updateDate": "2015-07-09T00:48:23.654Z"
    },
    {
      "date": "2001 JAN",
      "value": "184.6",
      "year": "2001",
      "month": "January",
      "quarter": "",
      "sourceDataset": "UNEM",
      "updateDate": "2015-07-09T00:48:23.654Z"
    },
    {
      "date": "2001 FEB",
      "value": "187.6",
      "year": "2001",
      "month": "February",
      "quarter": "",
      "sourceDataset": "UNEM",
      "updateDate": "2015-07-09T00:48:23.654Z"
    },
    {
      "date": "2001 MAR",
      "value": "181.7",
      "year": "2001",
      "month": "March",
      "quarter": "",
      "sourceDataset": "UNEM",
      "updateDate": "2015-07-09T00:48:23.654Z"
    },
    {
      "date": "2001 APR",
      "value": "170.6",
      "year": "2001",
      "month": "April",
      "quarter": "",
      "sourceDataset": "UNEM",
      "updateDate": "2015-07-09T00:48:23.654Z"
    },
    {
      "date": "2001 MAY",
      "value": "165.0",
      "year": "2001",
      "month": "May",
      "quarter": "",
      "sourceDataset": "UNEM",
      "updateDate": "2015-07-09T00:48:23.654Z"
    },
    {
      "date": "2001 JUN",
      "value": "157.1",
      "year": "2001",
      "month": "June",
      "quarter": "",
      "sourceDataset": "UNEM",
      "updateDate": "2015-07-09T00:48:23.654Z"
    },
    {
      "date": "2001 JUL",
      "value": "164.1",
      "year": "2001",
      "month": "July",
      "quarter": "",
      "sourceDataset": "UNEM",
      "updateDate": "2015-07-09T00:48:23.654Z"
    },
    {
      "date": "2001 AUG",
      "value": "167.6",
      "year": "2001",
      "month": "August",
      "quarter": "",
      "sourceDataset": "UNEM",
      "updateDate": "2015-07-09T00:48:23.654Z"
    },
    {
      "date": "2001 SEP",
      "value": "161.6",
      "year": "2001",
      "month": "September",
      "quarter": "",
      "sourceDataset": "UNEM",
      "updateDate": "2015-07-09T00:48:23.654Z"
    },
    {
      "date": "2001 OCT",
      "value": "154.8",
      "year": "2001",
      "month": "October",
      "quarter": "",
      "sourceDataset": "UNEM",
      "updateDate": "2015-07-09T00:48:23.654Z"
    },
    {
      "date": "2001 NOV",
      "value": "156.0",
      "year": "2001",
      "month": "November",
      "quarter": "",
      "sourceDataset": "UNEM",
      "updateDate": "2015-07-09T00:48:23.654Z"
    },
    {
      "date": "2001 DEC",
      "value": "163.6",
      "year": "2001",
      "month": "December",
      "quarter": "",
      "sourceDataset": "UNEM",
      "updateDate": "2015-07-09T00:48:23.654Z"
    },
    {
      "date": "2002 JAN",
      "value": "178.6",
      "year": "2002",
      "month": "January",
      "quarter": "",
      "sourceDataset": "UNEM",
      "updateDate": "2015-07-09T00:48:23.654Z"
    },
    {
      "date": "2002 FEB",
      "value": "183.1",
      "year": "2002",
      "month": "February",
      "quarter": "",
      "sourceDataset": "UNEM",
      "updateDate": "2015-07-09T00:48:23.654Z"
    },
    {
      "date": "2002 MAR",
      "value": "178.1",
      "year": "2002",
      "month": "March",
      "quarter": "",
      "sourceDataset": "UNEM",
      "updateDate": "2015-07-09T00:48:23.654Z"
    },
    {
      "date": "2002 APR",
      "value": "170.9",
      "year": "2002",
      "month": "April",
      "quarter": "",
      "sourceDataset": "UNEM",
      "updateDate": "2015-07-09T00:48:23.654Z"
    },
    {
      "date": "2002 MAY",
      "value": "163.3",
      "year": "2002",
      "month": "May",
      "quarter": "",
      "sourceDataset": "UNEM",
      "updateDate": "2015-07-09T00:48:23.654Z"
    },
    {
      "date": "2002 JUN",
      "value": "159.6",
      "year": "2002",
      "month": "June",
      "quarter": "",
      "sourceDataset": "UNEM",
      "updateDate": "2015-07-09T00:48:23.654Z"
    },
    {
      "date": "2002 JUL",
      "value": "168.3",
      "year": "2002",
      "month": "July",
      "quarter": "",
      "sourceDataset": "UNEM",
      "updateDate": "2015-07-09T00:48:23.654Z"
    },
    {
      "date": "2002 AUG",
      "value": "171.8",
      "year": "2002",
      "month": "August",
      "quarter": "",
      "sourceDataset": "UNEM",
      "updateDate": "2015-07-09T00:48:23.654Z"
    },
    {
      "date": "2002 SEP",
      "value": "166.7",
      "year": "2002",
      "month": "September",
      "quarter": "",
      "sourceDataset": "UNEM",
      "updateDate": "2015-07-09T00:48:23.654Z"
    },
    {
      "date": "2002 OCT",
      "value": "157.8",
      "year": "2002",
      "month": "October",
      "quarter": "",
      "sourceDataset": "UNEM",
      "updateDate": "2015-07-09T00:48:23.654Z"
    },
    {
      "date": "2002 NOV",
      "value": "156.9",
      "year": "2002",
      "month": "November",
      "quarter": "",
      "sourceDataset": "UNEM",
      "updateDate": "2015-07-09T00:48:23.654Z"
    },
    {
      "date": "2002 DEC",
      "value": "161.0",
      "year": "2002",
      "month": "December",
      "quarter": "",
      "sourceDataset": "UNEM",
      "updateDate": "2015-07-09T00:48:23.654Z"
    },
    {
      "date": "2003 JAN",
      "value": "177.6",
      "year": "2003",
      "month": "January",
      "quarter": "",
      "sourceDataset": "UNEM",
      "updateDate": "2015-07-09T00:48:23.654Z"
    },
    {
      "date": "2003 FEB",
      "value": "186.3",
      "year": "2003",
      "month": "February",
      "quarter": "",
      "sourceDataset": "UNEM",
      "updateDate": "2015-07-09T00:48:23.654Z"
    },
    {
      "date": "2003 MAR",
      "value": "182.3",
      "year": "2003",
      "month": "March",
      "quarter": "",
      "sourceDataset": "UNEM",
      "updateDate": "2015-07-09T00:48:23.654Z"
    },
    {
      "date": "2003 APR",
      "value": "173.8",
      "year": "2003",
      "month": "April",
      "quarter": "",
      "sourceDataset": "UNEM",
      "updateDate": "2015-07-09T00:48:23.654Z"
    },
    {
      "date": "2003 MAY",
      "value": "171.1",
      "year": "2003",
      "month": "May",
      "quarter": "",
      "sourceDataset": "UNEM",
      "updateDate": "2015-07-09T00:48:23.654Z"
    },
    {
      "date": "2003 JUN",
      "value": "168.0",
      "year": "2003",
      "month": "June",
      "quarter": "",
      "sourceDataset": "UNEM",
      "updateDate": "2015-07-09T00:48:23.654Z"
    },
    {
      "date": "2003 JUL",
      "value": "172.8",
      "year": "2003",
      "month": "July",
      "quarter": "",
      "sourceDataset": "UNEM",
      "updateDate": "2015-07-09T00:48:23.654Z"
    },
    {
      "date": "2003 AUG",
      "value": "176.6",
      "year": "2003",
      "month": "August",
      "quarter": "",
      "sourceDataset": "UNEM",
      "updateDate": "2015-07-09T00:48:23.654Z"
    },
    {
      "date": "2003 SEP",
      "value": "171.2",
      "year": "2003",
      "month": "September",
      "quarter": "",
      "sourceDataset": "UNEM",
      "updateDate": "2015-07-09T00:48:23.654Z"
    },
    {
      "date": "2003 OCT",
      "value": "162.4",
      "year": "2003",
      "month": "October",
      "quarter": "",
      "sourceDataset": "UNEM",
      "updateDate": "2015-07-09T00:48:23.654Z"
    },
    {
      "date": "2003 NOV",
      "value": "159.0",
      "year": "2003",
      "month": "November",
      "quarter": "",
      "sourceDataset": "UNEM",
      "updateDate": "2015-07-09T00:48:23.654Z"
    },
    {
      "date": "2003 DEC",
      "value": "161.4",
      "year": "2003",
      "month": "December",
      "quarter": "",
      "sourceDataset": "UNEM",
      "updateDate": "2015-07-09T00:48:23.654Z"
    },
    {
      "date": "2004 JAN",
      "value": "175.1",
      "year": "2004",
      "month": "January",
      "quarter": "",
      "sourceDataset": "UNEM",
      "updateDate": "2015-07-09T00:48:23.654Z"
    },
    {
      "date": "2004 FEB",
      "value": "181.5",
      "year": "2004",
      "month": "February",
      "quarter": "",
      "sourceDataset": "UNEM",
      "updateDate": "2015-07-09T00:48:23.654Z"
    },
    {
      "date": "2004 MAR",
      "value": "176.2",
      "year": "2004",
      "month": "March",
      "quarter": "",
      "sourceDataset": "UNEM",
      "updateDate": "2015-07-09T00:48:23.654Z"
    },
    {
      "date": "2004 APR",
      "value": "168.1",
      "year": "2004",
      "month": "April",
      "quarter": "",
      "sourceDataset": "UNEM",
      "updateDate": "2015-07-09T00:48:23.654Z"
    },
    {
      "date": "2004 MAY",
      "value": "159.3",
      "year": "2004",
      "month": "May",
      "quarter": "",
      "sourceDataset": "UNEM",
      "updateDate": "2015-07-09T00:48:23.654Z"
    },
    {
      "date": "2004 JUN",
      "value": "151.8",
      "year": "2004",
      "month": "June",
      "quarter": "",
      "sourceDataset": "UNEM",
      "updateDate": "2015-07-09T00:48:23.654Z"
    },
    {
      "date": "2004 JUL",
      "value": "155.8",
      "year": "2004",
      "month": "July",
      "quarter": "",
      "sourceDataset": "UNEM",
      "updateDate": "2015-07-09T00:48:23.654Z"
    },
    {
      "date": "2004 AUG",
      "value": "160.7",
      "year": "2004",
      "month": "August",
      "quarter": "",
      "sourceDataset": "UNEM",
      "updateDate": "2015-07-09T00:48:23.654Z"
    },
    {
      "date": "2004 SEP",
      "value": "156.9",
      "year": "2004",
      "month": "September",
      "quarter": "",
      "sourceDataset": "UNEM",
      "updateDate": "2015-07-09T00:48:23.654Z"
    },
    {
      "date": "2004 OCT",
      "value": "151.5",
      "year": "2004",
      "month": "October",
      "quarter": "",
      "sourceDataset": "UNEM",
      "updateDate": "2015-07-09T00:48:23.654Z"
    },
    {
      "date": "2004 NOV",
      "value": "150.7",
      "year": "2004",
      "month": "November",
      "quarter": "",
      "sourceDataset": "UNEM",
      "updateDate": "2015-07-09T00:48:23.654Z"
    },
    {
      "date": "2004 DEC",
      "value": "155.2",
      "year": "2004",
      "month": "December",
      "quarter": "",
      "sourceDataset": "UNEM",
      "updateDate": "2015-07-09T00:48:23.654Z"
    },
    {
      "date": "2005 JAN",
      "value": "169.0",
      "year": "2005",
      "month": "January",
      "quarter": "",
      "sourceDataset": "UNEM",
      "updateDate": "2015-07-09T00:48:23.654Z"
    },
    {
      "date": "2005 FEB",
      "value": "176.0",
      "year": "2005",
      "month": "February",
      "quarter": "",
      "sourceDataset": "UNEM",
      "updateDate": "2015-07-09T00:48:23.654Z"
    },
    {
      "date": "2005 MAR",
      "value": "177.1",
      "year": "2005",
      "month": "March",
      "quarter": "",
      "sourceDataset": "UNEM",
      "updateDate": "2015-07-09T00:48:23.654Z"
    },
    {
      "date": "2005 APR",
      "value": "173.8",
      "year": "2005",
      "month": "April",
      "quarter": "",
      "sourceDataset": "UNEM",
      "updateDate": "2015-07-09T00:48:23.654Z"
    },
    {
      "date": "2005 MAY",
      "value": "171.1",
      "year": "2005",
      "month": "May",
      "quarter": "",
      "sourceDataset": "UNEM",
      "updateDate": "2015-07-09T00:48:23.654Z"
    },
    {
      "date": "2005 JUN",
      "value": "168.8",
      "year": "2005",
      "month": "June",
      "quarter": "",
      "sourceDataset": "UNEM",
      "updateDate": "2015-07-09T00:48:23.654Z"
    },
    {
      "date": "2005 JUL",
      "value": "174.4",
      "year": "2005",
      "month": "July",
      "quarter": "",
      "sourceDataset": "UNEM",
      "updateDate": "2015-07-09T00:48:23.654Z"
    },
    {
      "date": "2005 AUG",
      "value": "177.8",
      "year": "2005",
      "month": "August",
      "quarter": "",
      "sourceDataset": "UNEM",
      "updateDate": "2015-07-09T00:48:23.654Z"
    },
    {
      "date": "2005 SEP",
      "value": "175.8",
      "year": "2005",
      "month": "September",
      "quarter": "",
      "sourceDataset": "UNEM",
      "updateDate": "2015-07-09T00:48:23.654Z"
    },
    {
      "date": "2005 OCT",
      "value": "173.6",
      "year": "2005",
      "month": "October",
      "quarter": "",
      "sourceDataset": "UNEM",
      "updateDate": "2015-07-09T00:48:23.654Z"
    },
    {
      "date": "2005 NOV",
      "value": "175.3",
      "year": "2005",
      "month": "November",
      "quarter": "",
      "sourceDataset": "UNEM",
      "updateDate": "2015-07-09T00:48:23.654Z"
    },
    {
      "date": "2005 DEC",
      "value": "180.9",
      "year": "2005",
      "month": "December",
      "quarter": "",
      "sourceDataset": "UNEM",
      "updateDate": "2015-07-09T00:48:23.654Z"
    },
    {
      "date": "2006 JAN",
      "value": "194.5",
      "year": "2006",
      "month": "January",
      "quarter": "",
      "sourceDataset": "UNEM",
      "updateDate": "2015-07-09T00:48:23.654Z"
    },
    {
      "date": "2006 FEB",
      "value": "204.3",
      "year": "2006",
      "month": "February",
      "quarter": "",
      "sourceDataset": "UNEM",
      "updateDate": "2015-07-09T00:48:23.654Z"
    },
    {
      "date": "2006 MAR",
      "value": "206.8",
      "year": "2006",
      "month": "March",
      "quarter": "",
      "sourceDataset": "UNEM",
      "updateDate": "2015-07-09T00:48:23.654Z"
    },
    {
      "date": "2006 APR",
      "value": "203.7",
      "year": "2006",
      "month": "April",
      "quarter": "",
      "sourceDataset": "UNEM",
      "updateDate": "2015-07-09T00:48:23.654Z"
    },
    {
      "date": "2006 MAY",
      "value": "197.5",
      "year": "2006",
      "month": "May",
      "quarter": "",
      "sourceDataset": "UNEM",
      "updateDate": "2015-07-09T00:48:23.654Z"
    },
    {
      "date": "2006 JUN",
      "value": "192.8",
      "year": "2006",
      "month": "June",
      "quarter": "",
      "sourceDataset": "UNEM",
      "updateDate": "2015-07-09T00:48:23.654Z"
    },
    {
      "date": "2006 JUL",
      "value": "196.2",
      "year": "2006",
      "month": "July",
      "quarter": "",
      "sourceDataset": "UNEM",
      "updateDate": "2015-07-09T00:48:23.654Z"
    },
    {
      "date": "2006 AUG",
      "value": "196.4",
      "year": "2006",
      "month": "August",
      "quarter": "",
      "sourceDataset": "UNEM",
      "updateDate": "2015-07-09T00:48:23.654Z"
    },
    {
      "date": "2006 SEP",
      "value": "194.8",
      "year": "2006",
      "month": "September",
      "quarter": "",
      "sourceDataset": "UNEM",
      "updateDate": "2015-07-09T00:48:23.654Z"
    },
    {
      "date": "2006 OCT",
      "value": "187.9",
      "year": "2006",
      "month": "October",
      "quarter": "",
      "sourceDataset": "UNEM",
      "updateDate": "2015-07-09T00:48:23.654Z"
    },
    {
      "date": "2006 NOV",
      "value": "184.4",
      "year": "2006",
      "month": "November",
      "quarter": "",
      "sourceDataset": "UNEM",
      "updateDate": "2015-07-09T00:48:23.654Z"
    },
    {
      "date": "2006 DEC",
      "value": "186.7",
      "year": "2006",
      "month": "December",
      "quarter": "",
      "sourceDataset": "UNEM",
      "updateDate": "2015-07-09T00:48:23.654Z"
    },
    {
      "date": "2007 JAN",
      "value": "195.4",
      "year": "2007",
      "month": "January",
      "quarter": "",
      "sourceDataset": "UNEM",
      "updateDate": "2015-07-09T00:48:23.654Z"
    },
    {
      "date": "2007 FEB",
      "value": "201.6",
      "year": "2007",
      "month": "February",
      "quarter": "",
      "sourceDataset": "UNEM",
      "updateDate": "2015-07-09T00:48:23.654Z"
    },
    {
      "date": "2007 MAR",
      "value": "197.9",
      "year": "2007",
      "month": "March",
      "quarter": "",
      "sourceDataset": "UNEM",
      "updateDate": "2015-07-09T00:48:23.654Z"
    },
    {
      "date": "2007 APR",
      "value": "186.1",
      "year": "2007",
      "month": "April",
      "quarter": "",
      "sourceDataset": "UNEM",
      "updateDate": "2015-07-09T00:48:23.654Z"
    },
    {
      "date": "2007 MAY",
      "value": "179.0",
      "year": "2007",
      "month": "May",
      "quarter": "",
      "sourceDataset": "UNEM",
      "updateDate": "2015-07-09T00:48:23.654Z"
    },
    {
      "date": "2007 JUN",
      "value": "170.1",
      "year": "2007",
      "month": "June",
      "quarter": "",
      "sourceDataset": "UNEM",
      "updateDate": "2015-07-09T00:48:23.654Z"
    },
    {
      "date": "2007 JUL",
      "value": "172.1",
      "year": "2007",
      "month": "July",
      "quarter": "",
      "sourceDataset": "UNEM",
      "updateDate": "2015-07-09T00:48:23.654Z"
    },
    {
      "date": "2007 AUG",
      "value": "173.7",
      "year": "2007",
      "month": "August",
      "quarter": "",
      "sourceDataset": "UNEM",
      "updateDate": "2015-07-09T00:48:23.654Z"
    },
    {
      "date": "2007 SEP",
      "value": "168.5",
      "year": "2007",
      "month": "September",
      "quarter": "",
      "sourceDataset": "UNEM",
      "updateDate": "2015-07-09T00:48:23.654Z"
    },
    {
      "date": "2007 OCT",
      "value": "160.4",
      "year": "2007",
      "month": "October",
      "quarter": "",
      "sourceDataset": "UNEM",
      "updateDate": "2015-07-09T00:48:23.654Z"
    },
    {
      "date": "2007 NOV",
      "value": "155.9",
      "year": "2007",
      "month": "November",
      "quarter": "",
      "sourceDataset": "UNEM",
      "updateDate": "2015-07-09T00:48:23.654Z"
    },
    {
      "date": "2007 DEC",
      "value": "160.5",
      "year": "2007",
      "month": "December",
      "quarter": "",
      "sourceDataset": "UNEM",
      "updateDate": "2015-07-09T00:48:23.654Z"
    },
    {
      "date": "2008 JAN",
      "value": "168.4",
      "year": "2008",
      "month": "January",
      "quarter": "",
      "sourceDataset": "UNEM",
      "updateDate": "2015-07-09T00:48:23.654Z"
    },
    {
      "date": "2008 FEB",
      "value": "177.8",
      "year": "2008",
      "month": "February",
      "quarter": "",
      "sourceDataset": "UNEM",
      "updateDate": "2015-07-09T00:48:23.654Z"
    },
    {
      "date": "2008 MAR",
      "value": "177.6",
      "year": "2008",
      "month": "March",
      "quarter": "",
      "sourceDataset": "UNEM",
      "updateDate": "2015-07-09T00:48:23.654Z"
    },
    {
      "date": "2008 APR",
      "value": "173.1",
      "year": "2008",
      "month": "April",
      "quarter": "",
      "sourceDataset": "UNEM",
      "updateDate": "2015-07-09T00:48:23.654Z"
    },
    {
      "date": "2008 MAY",
      "value": "170.9",
      "year": "2008",
      "month": "May",
      "quarter": "",
      "sourceDataset": "UNEM",
      "updateDate": "2015-07-09T00:48:23.654Z"
    },
    {
      "date": "2008 JUN",
      "value": "170.1",
      "year": "2008",
      "month": "June",
      "quarter": "",
      "sourceDataset": "UNEM",
      "updateDate": "2015-07-09T00:48:23.654Z"
    },
    {
      "date": "2008 JUL",
      "value": "173.7",
      "year": "2008",
      "month": "July",
      "quarter": "",
      "sourceDataset": "UNEM",
      "updateDate": "2015-07-09T00:48:23.654Z"
    },
    {
      "date": "2008 AUG",
      "value": "195.2",
      "year": "2008",
      "month": "August",
      "quarter": "",
      "sourceDataset": "UNEM",
      "updateDate": "2015-07-09T00:48:23.654Z"
    },
    {
      "date": "2008 SEP",
      "value": "201.4",
      "year": "2008",
      "month": "September",
      "quarter": "",
      "sourceDataset": "UNEM",
      "updateDate": "2015-07-09T00:48:23.654Z"
    },
    {
      "date": "2008 OCT",
      "value": "204.8",
      "year": "2008",
      "month": "October",
      "quarter": "",
      "sourceDataset": "UNEM",
      "updateDate": "2015-07-09T00:48:23.654Z"
    },
    {
      "date": "2008 NOV",
      "value": "224.0",
      "year": "2008",
      "month": "November",
      "quarter": "",
      "sourceDataset": "UNEM",
      "updateDate": "2015-07-09T00:48:23.654Z"
    },
    {
      "date": "2008 DEC",
      "value": "246.2",
      "year": "2008",
      "month": "December",
      "quarter": "",
      "sourceDataset": "UNEM",
      "updateDate": "2015-07-09T00:48:23.654Z"
    },
    {
      "date": "2009 JAN",
      "value": "268.2",
      "year": "2009",
      "month": "January",
      "quarter": "",
      "sourceDataset": "UNEM",
      "updateDate": "2015-07-09T00:48:23.654Z"
    },
    {
      "date": "2009 FEB",
      "value": "312.4",
      "year": "2009",
      "month": "February",
      "quarter": "",
      "sourceDataset": "UNEM",
      "updateDate": "2015-07-09T00:48:23.654Z"
    },
    {
      "date": "2009 MAR",
      "value": "325.5",
      "year": "2009",
      "month": "March",
      "quarter": "",
      "sourceDataset": "UNEM",
      "updateDate": "2015-07-09T00:48:23.654Z"
    },
    {
      "date": "2009 APR",
      "value": "325.9",
      "year": "2009",
      "month": "April",
      "quarter": "",
      "sourceDataset": "UNEM",
      "updateDate": "2015-07-09T00:48:23.654Z"
    },
    {
      "date": "2009 MAY",
      "value": "321.3",
      "year": "2009",
      "month": "May",
      "quarter": "",
      "sourceDataset": "UNEM",
      "updateDate": "2015-07-09T00:48:23.654Z"
    },
    {
      "date": "2009 JUN",
      "value": "315.7",
      "year": "2009",
      "month": "June",
      "quarter": "",
      "sourceDataset": "UNEM",
      "updateDate": "2015-07-09T00:48:23.654Z"
    },
    {
      "date": "2009 JUL",
      "value": "323.1",
      "year": "2009",
      "month": "July",
      "quarter": "",
      "sourceDataset": "UNEM",
      "updateDate": "2015-07-09T00:48:23.654Z"
    },
    {
      "date": "2009 AUG",
      "value": "333.1",
      "year": "2009",
      "month": "August",
      "quarter": "",
      "sourceDataset": "UNEM",
      "updateDate": "2015-07-09T00:48:23.654Z"
    },
    {
      "date": "2009 SEP",
      "value": "331.9",
      "year": "2009",
      "month": "September",
      "quarter": "",
      "sourceDataset": "UNEM",
      "updateDate": "2015-07-09T00:48:23.654Z"
    },
    {
      "date": "2009 OCT",
      "value": "328.6",
      "year": "2009",
      "month": "October",
      "quarter": "",
      "sourceDataset": "UNEM",
      "updateDate": "2015-07-09T00:48:23.654Z"
    },
    {
      "date": "2009 NOV",
      "value": "323.6",
      "year": "2009",
      "month": "November",
      "quarter": "",
      "sourceDataset": "UNEM",
      "updateDate": "2015-07-09T00:48:23.654Z"
    },
    {
      "date": "2009 DEC",
      "value": "322.7",
      "year": "2009",
      "month": "December",
      "quarter": "",
      "sourceDataset": "UNEM",
      "updateDate": "2015-07-09T00:48:23.654Z"
    },
    {
      "date": "2010 JAN",
      "value": "339.3",
      "year": "2010",
      "month": "January",
      "quarter": "",
      "sourceDataset": "UNEM",
      "updateDate": "2015-07-09T00:48:23.654Z"
    },
    {
      "date": "2010 FEB",
      "value": "343.8",
      "year": "2010",
      "month": "February",
      "quarter": "",
      "sourceDataset": "UNEM",
      "updateDate": "2015-07-09T00:48:23.654Z"
    },
    {
      "date": "2010 MAR",
      "value": "330.5",
      "year": "2010",
      "month": "March",
      "quarter": "",
      "sourceDataset": "UNEM",
      "updateDate": "2015-07-09T00:48:23.654Z"
    },
    {
      "date": "2010 APR",
      "value": "310.6",
      "year": "2010",
      "month": "April",
      "quarter": "",
      "sourceDataset": "UNEM",
      "updateDate": "2015-07-09T00:48:23.654Z"
    },
    {
      "date": "2010 MAY",
      "value": "290.3",
      "year": "2010",
      "month": "May",
      "quarter": "",
      "sourceDataset": "UNEM",
      "updateDate": "2015-07-09T00:48:23.654Z"
    },
    {
      "date": "2010 JUN",
      "value": "273.8",
      "year": "2010",
      "month": "June",
      "quarter": "",
      "sourceDataset": "UNEM",
      "updateDate": "2015-07-09T00:48:23.654Z"
    },
    {
      "date": "2010 JUL",
      "value": "274.9",
      "year": "2010",
      "month": "July",
      "quarter": "",
      "sourceDataset": "UNEM",
      "updateDate": "2015-07-09T00:48:23.654Z"
    },
    {
      "date": "2010 AUG",
      "value": "281.8",
      "year": "2010",
      "month": "August",
      "quarter": "",
      "sourceDataset": "UNEM",
      "updateDate": "2015-07-09T00:48:23.654Z"
    },
    {
      "date": "2010 SEP",
      "value": "281.7",
      "year": "2010",
      "month": "September",
      "quarter": "",
      "sourceDataset": "UNEM",
      "updateDate": "2015-07-09T00:48:23.654Z"
    },
    {
      "date": "2010 OCT",
      "value": "276.7",
      "year": "2010",
      "month": "October",
      "quarter": "",
      "sourceDataset": "UNEM",
      "updateDate": "2015-07-09T00:48:23.654Z"
    },
    {
      "date": "2010 NOV",
      "value": "273.0",
      "year": "2010",
      "month": "November",
      "quarter": "",
      "sourceDataset": "UNEM",
      "updateDate": "2015-07-09T00:48:23.654Z"
    },
    {
      "date": "2010 DEC",
      "value": "273.6",
      "year": "2010",
      "month": "December",
      "quarter": "",
      "sourceDataset": "UNEM",
      "updateDate": "2015-07-09T00:48:23.654Z"
    },
    {
      "date": "2011 JAN",
      "value": "287.7",
      "year": "2011",
      "month": "January",
      "quarter": "",
      "sourceDataset": "UNEM",
      "updateDate": "2015-07-09T00:48:23.654Z"
    },
    {
      "date": "2011 FEB",
      "value": "300.4",
      "year": "2011",
      "month": "February",
      "quarter": "",
      "sourceDataset": "UNEM",
      "updateDate": "2015-07-09T00:48:23.654Z"
    },
    {
      "date": "2011 MAR",
      "value": "296.7",
      "year": "2011",
      "month": "March",
      "quarter": "",
      "sourceDataset": "UNEM",
      "updateDate": "2015-07-09T00:48:23.654Z"
    },
    {
      "date": "2011 APR",
      "value": "291.3",
      "year": "2011",
      "month": "April",
      "quarter": "",
      "sourceDataset": "UNEM",
      "updateDate": "2015-07-09T00:48:23.654Z"
    },
    {
      "date": "2011 MAY",
      "value": "283.4",
      "year": "2011",
      "month": "May",
      "quarter": "",
      "sourceDataset": "UNEM",
      "updateDate": "2015-07-09T00:48:23.654Z"
    },
    {
      "date": "2011 JUN",
      "value": "279.6",
      "year": "2011",
      "month": "June",
      "quarter": "",
      "sourceDataset": "UNEM",
      "updateDate": "2015-07-09T00:48:23.654Z"
    },
    {
      "date": "2011 JUL",
      "value": "299.6",
      "year": "2011",
      "month": "July",
      "quarter": "",
      "sourceDataset": "UNEM",
      "updateDate": "2015-07-09T00:48:23.654Z"
    },
    {
      "date": "2011 AUG",
      "value": "312.5",
      "year": "2011",
      "month": "August",
      "quarter": "",
      "sourceDataset": "UNEM",
      "updateDate": "2015-07-09T00:48:23.654Z"
    },
    {
      "date": "2011 SEP",
      "value": "318.2",
      "year": "2011",
      "month": "September",
      "quarter": "",
      "sourceDataset": "UNEM",
      "updateDate": "2015-07-09T00:48:23.654Z"
    },
    {
      "date": "2011 OCT",
      "value": "315.4",
      "year": "2011",
      "month": "October",
      "quarter": "",
      "sourceDataset": "UNEM",
      "updateDate": "2015-07-09T00:48:23.654Z"
    },
    {
      "date": "2011 NOV",
      "value": "313.3",
      "year": "2011",
      "month": "November",
      "quarter": "",
      "sourceDataset": "UNEM",
      "updateDate": "2015-07-09T00:48:23.654Z"
    },
    {
      "date": "2011 DEC",
      "value": "313.9",
      "year": "2011",
      "month": "December",
      "quarter": "",
      "sourceDataset": "UNEM",
      "updateDate": "2015-07-09T00:48:23.654Z"
    },
    {
      "date": "2012 JAN",
      "value": "327.6",
      "year": "2012",
      "month": "January",
      "quarter": "",
      "sourceDataset": "UNEM",
      "updateDate": "2015-07-09T00:48:23.654Z"
    },
    {
      "date": "2012 FEB",
      "value": "339.6",
      "year": "2012",
      "month": "February",
      "quarter": "",
      "sourceDataset": "UNEM",
      "updateDate": "2015-07-09T00:48:23.654Z"
    },
    {
      "date": "2012 MAR",
      "value": "335.4",
      "year": "2012",
      "month": "March",
      "quarter": "",
      "sourceDataset": "UNEM",
      "updateDate": "2015-07-09T00:48:23.654Z"
    },
    {
      "date": "2012 APR",
      "value": "316.0",
      "year": "2012",
      "month": "April",
      "quarter": "",
      "sourceDataset": "UNEM",
      "updateDate": "2015-07-09T00:48:23.654Z"
    },
    {
      "date": "2012 MAY",
      "value": "306.1",
      "year": "2012",
      "month": "May",
      "quarter": "",
      "sourceDataset": "UNEM",
      "updateDate": "2015-07-09T00:48:23.654Z"
    },
    {
      "date": "2012 JUN",
      "value": "294.1",
      "year": "2012",
      "month": "June",
      "quarter": "",
      "sourceDataset": "UNEM",
      "updateDate": "2015-07-09T00:48:23.654Z"
    },
    {
      "date": "2012 JUL",
      "value": "296.6",
      "year": "2012",
      "month": "July",
      "quarter": "",
      "sourceDataset": "UNEM",
      "updateDate": "2015-07-09T00:48:23.654Z"
    },
    {
      "date": "2012 AUG",
      "value": "293.3",
      "year": "2012",
      "month": "August",
      "quarter": "",
      "sourceDataset": "UNEM",
      "updateDate": "2015-07-09T00:48:23.654Z"
    },
    {
      "date": "2012 SEP",
      "value": "289.7",
      "year": "2012",
      "month": "September",
      "quarter": "",
      "sourceDataset": "UNEM",
      "updateDate": "2015-07-09T00:48:23.654Z"
    },
    {
      "date": "2012 OCT",
      "value": "284.4",
      "year": "2012",
      "month": "October",
      "quarter": "",
      "sourceDataset": "UNEM",
      "updateDate": "2015-07-09T00:48:23.654Z"
    },
    {
      "date": "2012 NOV",
      "value": "276.9",
      "year": "2012",
      "month": "November",
      "quarter": "",
      "sourceDataset": "UNEM",
      "updateDate": "2015-07-09T00:48:23.654Z"
    },
    {
      "date": "2012 DEC",
      "value": "270.0",
      "year": "2012",
      "month": "December",
      "quarter": "",
      "sourceDataset": "UNEM",
      "updateDate": "2015-07-09T00:48:23.654Z"
    },
    {
      "date": "2013 JAN",
      "value": "279.9",
      "year": "2013",
      "month": "January",
      "quarter": "",
      "sourceDataset": "UNEM",
      "updateDate": "2015-07-09T00:48:23.654Z"
    },
    {
      "date": "2013 FEB",
      "value": "290.4",
      "year": "2013",
      "month": "February",
      "quarter": "",
      "sourceDataset": "UNEM",
      "updateDate": "2015-07-09T00:48:23.654Z"
    },
    {
      "date": "2013 MAR",
      "value": "284.2",
      "year": "2013",
      "month": "March",
      "quarter": "",
      "sourceDataset": "UNEM",
      "updateDate": "2015-07-09T00:48:23.654Z"
    },
    {
      "date": "2013 APR",
      "value": "268.5",
      "year": "2013",
      "month": "April",
      "quarter": "",
      "sourceDataset": "UNEM",
      "updateDate": "2015-07-09T00:48:23.654Z"
    }
  ],
  "sourceDatasets": [
    "UNEM"
  ],
  "type": "timeseries",
  "uri": "/employmentandlabourmarket/peoplenotinwork/unemployment/timeseries/gezl",
  "breadcrumb": [
    {
      "uri": "/"
    },
    {
      "uri": "/employmentandlabourmarket"
    },
    {
      "uri": "/employmentandlabourmarket/peoplenotinwork"
    },
    {
      "uri": "/employmentandlabourmarket/peoplenotinwork/unemployment"
    }
  ],
  "description": {
    "title": "UK computerised claimant count, 18-24 yr old men - NSA - thousands      ",
    "nationalStatistic": false,
    "latestRelease": false,
    "releaseDate": "2015-07-14T23:00:00.000Z",
    "nextRelease": "12 August 2015",
    "cdid": "GEZL",
    "unit": "",
    "preUnit": "",
    "source": "Office for National Statistics",
    "seasonalAdjustment": "NSA",
    "number": "123.8",
    "sampleSize": 0
  }
}