{"years":[],"quarters":[{"date":"1955 Q1","value":"1.1","year":"1955","month":"","quarter":"Q1","sourceDataset":"","updateDate":"2015-07-09T00:00:36.114Z"},{"date":"1955 Q2","value":"0.1","year":"1955","month":"","quarter":"Q2","sourceDataset":"","updateDate":"2015-07-09T00:00:36.114Z"},{"date":"1955 Q3","value":"2.1","year":"1955","month":"","quarter":"Q3","sourceDataset":"","updateDate":"2015-07-09T00:00:36.114Z"},{"date":"1955 Q4","value":"-0.5","year":"1955","month":"","quarter":"Q4","sourceDataset":"","updateDate":"2015-07-09T00:00:36.114Z"},{"date":"1956 Q1","value":"2.0","year":"1956","month":"","quarter":"Q1","sourceDataset":"","updateDate":"2015-07-09T00:00:36.114Z"},{"date":"1956 Q2","value":"-0.2","year":"1956","month":"","quarter":"Q2","sourceDataset":"","updateDate":"2015-07-09T00:00:36.114Z"},{"date":"1956 Q3","value":"-0.1","year":"1956","month":"","quarter":"Q3","sourceDataset":"","updateDate":"2015-07-09T00:00:36.114Z"},{"date":"1956 Q4","value":"0.4","year":"1956","month":"","quarter":"Q4","sourceDataset":"","updateDate":"2015-07-09T00:00:36.114Z"},{"date":"1957 Q1","value":"2.1","year":"1957","month":"","quarter":"Q1","sourceDataset":"","updateDate":"2015-07-09T00:00:36.114Z"},{"date":"1957 Q2","value":"0.0","year":"1957","month":"","quarter":"Q2","sourceDataset":"","updateDate":"2015-07-09T00:00:36.114Z"},{"date":"1957 Q3","value":"-0.6","year":"1957","month":"","quarter":"Q3","sourceDataset":"","updateDate":"2015-07-09T00:00:36.114Z"},{"date":"1957 Q4","value":"0.2","year":"1957","month":"","quarter":"Q4","sourceDataset":"","updateDate":"2015-07-09T00:00:36.114Z"},{"date":"1958 Q1","value":"0.5","year":"1958","month":"","quarter":"Q1","sourceDataset":"","updateDate":"2015-07-09T00:00:36.114Z"},{"date":"1958 Q2","value":"-2.3","year":"1958","month":"","quarter":"Q2","sourceDataset":"","updateDate":"2015-07-09T00:00:36.114Z"},{"date":"1958 Q3","value":"2.2","year":"1958","month":"","quarter":"Q3","sourceDataset":"","updateDate":"2015-07-09T00:00:36.114Z"},{"date":"1958 Q4","value":"0.1","year":"1958","month":"","quarter":"Q4","sourceDataset":"","updateDate":"2015-07-09T00:00:36.114Z"},{"date":"1959 Q1","value":"2.5","year":"1959","month":"","quarter":"Q1","sourceDataset":"","updateDate":"2015-07-09T00:00:36.114Z"},{"date":"1959 Q2","value":"1.6","year":"1959","month":"","quarter":"Q2","sourceDataset":"","updateDate":"2015-07-09T00:00:36.114Z"},{"date":"1959 Q3","value":"2.1","year":"1959","month":"","quarter":"Q3","sourceDataset":"","updateDate":"2015-07-09T00:00:36.114Z"},{"date":"1959 Q4","value":"2.6","year":"1959","month":"","quarter":"Q4","sourceDataset":"","updateDate":"2015-07-09T00:00:36.114Z"},{"date":"1960 Q1","value":"1.6","year":"1960","month":"","quarter":"Q1","sourceDataset":"","updateDate":"2015-07-09T00:00:36.114Z"},{"date":"1960 Q2","value":"-0.8","year":"1960","month":"","quarter":"Q2","sourceDataset":"","updateDate":"2015-07-09T00:00:36.114Z"},{"date":"1960 Q3","value":"1.6","year":"1960","month":"","quarter":"Q3","sourceDataset":"","updateDate":"2015-07-09T00:00:36.114Z"},{"date":"1960 Q4","value":"0.6","year":"1960","month":"","quarter":"Q4","sourceDataset":"","updateDate":"2015-07-09T00:00:36.114Z"},{"date":"1961 Q1","value":"0.5","year":"1961","month":"","quarter":"Q1","sourceDataset":"","updateDate":"2015-07-09T00:00:36.114Z"},{"date":"1961 Q2","value":"0.4","year":"1961","month":"","quarter":"Q2","sourceDataset":"","updateDate":"2015-07-09T00:00:36.114Z"},{"date":"1961 Q3","value":"-0.5","year":"1961","month":"","quarter":"Q3","sourceDataset":"","updateDate":"2015-07-09T00:00:36.114Z"},{"date":"1961 Q4","value":"-0.2","year":"1961","month":"","quarter":"Q4","sourceDataset":"","updateDate":"2015-07-09T00:00:36.114Z"},{"date":"1962 Q1","value":"0.5","year":"1962","month":"","quarter":"Q1","sourceDataset":"","updateDate":"2015-07-09T00:00:36.114Z"},{"date":"1962 Q2","value":"0.9","year":"1962","month":"","quarter":"Q2","sourceDataset":"","updateDate":"2015-07-09T00:00:36.114Z"},{"date":"1962 Q3","value":"0.6","year":"1962","month":"","quarter":"Q3","sourceDataset":"","updateDate":"2015-07-09T00:00:36.114Z"},{"date":"1962 Q4","value":"-0.4","year":"1962","month":"","quarter":"Q4","sourceDataset":"","updateDate":"2015-07-09T00:00:36.114Z"},{"date":"1963 Q1","value":"0.6","year":"1963","month":"","quarter":"Q1","sourceDataset":"","updateDate":"2015-07-09T00:00:36.114Z"},{"date":"1963 Q2","value":"4.3","year":"1963","month":"","quarter":"Q2","sourceDataset":"","updateDate":"2015-07-09T00:00:36.114Z"},{"date":"1963 Q3","value":"0.5","year":"1963","month":"","quarter":"Q3","sourceDataset":"","updateDate":"2015-07-09T00:00:36.114Z"},{"date":"1963 Q4","value":"2.3","year":"1963","month":"","quarter":"Q4","sourceDataset":"","updateDate":"2015-07-09T00:00:36.114Z"},{"date":"1964 Q1","value":"-0.3","year":"1964","month":"","quarter":"Q1","sourceDataset":"","updateDate":"2015-07-09T00:00:36.114Z"},{"date":"1964 Q2","value":"1.8","year":"1964","month":"","quarter":"Q2","sourceDataset":"","updateDate":"2015-07-09T00:00:36.114Z"},{"date":"1964 Q3","value":"0.4","year":"1964","month":"","quarter":"Q3","sourceDataset":"","updateDate":"2015-07-09T00:00:36.114Z"},{"date":"1964 Q4","value":"1.5","year":"1964","month":"","quarter":"Q4","sourceDataset":"","updateDate":"2015-07-09T00:00:36.114Z"},{"date":"1965 Q1","value":"0.1","year":"1965","month":"","quarter":"Q1","sourceDataset":"","updateDate":"2015-07-09T00:00:36.114Z"},{"date":"1965 Q2","value":"0.1","year":"1965","month":"","quarter":"Q2","sourceDataset":"","updateDate":"2015-07-09T00:00:36.114Z"},{"date":"1965 Q3","value":"0.8","year":"1965","month":"","quarter":"Q3","sourceDataset":"","updateDate":"2015-07-09T00:00:36.114Z"},{"date":"1965 Q4","value":"0.6","year":"1965","month":"","quarter":"Q4","sourceDataset":"","updateDate":"2015-07-09T00:00:36.114Z"},{"date":"1966 Q1","value":"1.4","year":"1966","month":"","quarter":"Q1","sourceDataset":"","updateDate":"2015-07-09T00:00:36.114Z"},{"date":"1966 Q2","value":"0.6","year":"1966","month":"","quarter":"Q2","sourceDataset":"","updateDate":"2015-07-09T00:00:36.114Z"},{"date":"1966 Q3","value":"0.4","year":"1966","month":"","quarter":"Q3","sourceDataset":"","updateDate":"2015-07-09T00:00:36.114Z"},{"date":"1966 Q4","value":"-0.4","year":"1966","month":"","quarter":"Q4","sourceDataset":"","updateDate":"2015-07-09T00:00:36.114Z"},{"date":"1967 Q1","value":"3.6","year":"1967","month":"","quarter":"Q1","sourceDataset":"","updateDate":"2015-07-09T00:00:36.114Z"},{"date":"1967 Q2","value":"1.4","year":"1967","month":"","quarter":"Q2","sourceDataset":"","updateDate":"2015-07-09T00:00:36.114Z"},{"date":"1967 Q3","value":"0.5","year":"1967","month":"","quarter":"Q3","sourceDataset":"","updateDate":"2015-07-09T00:00:36.114Z"},{"date":"1967 Q4","value":"0.5","year":"1967","month":"","quarter":"Q4","sourceDataset":"","updateDate":"2015-07-09T00:00:36.114Z"},{"date":"1968 Q1","value":"-0.2","year":"1968","month":"","quarter":"Q1","sourceDataset":"","updateDate":"2015-07-09T00:00:36.114Z"},{"date":"1968 Q2","value":"-0.4","year":"1968","month":"","quarter":"Q2","sourceDataset":"","updateDate":"2015-07-09T00:00:36.114Z"},{"date":"1968 Q3","value":"2.0","year":"1968","month":"","quarter":"Q3","sourceDataset":"","updateDate":"2015-07-09T00:00:36.114Z"},{"date":"1968 Q4","value":"0.4","year":"1968","month":"","quarter":"Q4","sourceDataset":"","updateDate":"2015-07-09T00:00:36.114Z"},{"date":"1969 Q1","value":"-0.7","year":"1969","month":"","quarter":"Q1","sourceDataset":"","updateDate":"2015-07-09T00:00:36.114Z"},{"date":"1969 Q2","value":"0.7","year":"1969","month":"","quarter":"Q2","sourceDataset":"","updateDate":"2015-07-09T00:00:36.114Z"},{"date":"1969 Q3","value":"0.6","year":"1969","month":"","quarter":"Q3","sourceDataset":"","updateDate":"2015-07-09T00:00:36.114Z"},{"date":"1969 Q4","value":"0.5","year":"1969","month":"","quarter":"Q4","sourceDataset":"","updateDate":"2015-07-09T00:00:36.114Z"},{"date":"1970 Q1","value":"-0.6","year":"1970","month":"","quarter":"Q1","sourceDataset":"","updateDate":"2015-07-09T00:00:36.114Z"},{"date":"1970 Q2","value":"2.4","year":"1970","month":"","quarter":"Q2","sourceDataset":"","updateDate":"2015-07-09T00:00:36.114Z"},{"date":"1970 Q3","value":"1.0","year":"1970","month":"","quarter":"Q3","sourceDataset":"","updateDate":"2015-07-09T00:00:36.114Z"},{"date":"1970 Q4","value":"0.9","year":"1970","month":"","quarter":"Q4","sourceDataset":"","updateDate":"2015-07-09T00:00:36.114Z"},{"date":"1971 Q1","value":"0.1","year":"1971","month":"","quarter":"Q1","sourceDataset":"","updateDate":"2015-07-09T00:00:36.114Z"},{"date":"1971 Q2","value":"1.8","year":"1971","month":"","quarter":"Q2","sourceDataset":"","updateDate":"2015-07-09T00:00:36.114Z"},{"date":"1971 Q3","value":"1.8","year":"1971","month":"","quarter":"Q3","sourceDataset":"","updateDate":"2015-07-09T00:00:36.114Z"},{"date":"1971 Q4","value":"0.4","year":"1971","month":"","quarter":"Q4","sourceDataset":"","updateDate":"2015-07-09T00:00:36.114Z"},{"date":"1972 Q1","value":"5.0","year":"1972","month":"","quarter":"Q1","sourceDataset":"","updateDate":"2015-07-09T00:00:36.114Z"},{"date":"1972 Q2","value":"2.7","year":"1972","month":"","quarter":"Q2","sourceDataset":"","updateDate":"2015-07-09T00:00:36.114Z"},{"date":"1972 Q3","value":"0.2","year":"1972","month":"","quarter":"Q3","sourceDataset":"","updateDate":"2015-07-09T00:00:36.114Z"},{"date":"1972 Q4","value":"1.6","year":"1972","month":"","quarter":"Q4","sourceDataset":"","updateDate":"2015-07-09T00:00:36.114Z"},{"date":"1973 Q1","value":"-2.7","year":"1973","month":"","quarter":"Q1","sourceDataset":"","updateDate":"2015-07-09T00:00:36.114Z"},{"date":"1973 Q2","value":"0.1","year":"1973","month":"","quarter":"Q2","sourceDataset":"","updateDate":"2015-07-09T00:00:36.114Z"},{"date":"1973 Q3","value":"-1.0","year":"1973","month":"","quarter":"Q3","sourceDataset":"","updateDate":"2015-07-09T00:00:36.114Z"},{"date":"1973 Q4","value":"-0.4","year":"1973","month":"","quarter":"Q4","sourceDataset":"","updateDate":"2015-07-09T00:00:36.114Z"},{"date":"1974 Q1","value":"0.1","year":"1974","month":"","quarter":"Q1","sourceDataset":"","updateDate":"2015-07-09T00:00:36.114Z"},{"date":"1974 Q2","value":"1.4","year":"1974","month":"","quarter":"Q2","sourceDataset":"","updateDate":"2015-07-09T00:00:36.114Z"},{"date":"1974 Q3","value":"0.6","year":"1974","month":"","quarter":"Q3","sourceDataset":"","updateDate":"2015-07-09T00:00:36.114Z"},{"date":"1974 Q4","value":"-1.5","year":"1974","month":"","quarter":"Q4","sourceDataset":"","updateDate":"2015-07-09T00:00:36.114Z"},{"date":"1975 Q1","value":"1.7","year":"1975","month":"","quarter":"Q1","sourceDataset":"","updateDate":"2015-07-09T00:00:36.114Z"},{"date":"1975 Q2","value":"-1.7","year":"1975","month":"","quarter":"Q2","sourceDataset":"","updateDate":"2015-07-09T00:00:36.114Z"},{"date":"1975 Q3","value":"-0.3","year":"1975","month":"","quarter":"Q3","sourceDataset":"","updateDate":"2015-07-09T00:00:36.114Z"},{"date":"1975 Q4","value":"1.2","year":"1975","month":"","quarter":"Q4","sourceDataset":"","updateDate":"2015-07-09T00:00:36.114Z"},{"date":"1976 Q1","value":"0.1","year":"1976","month":"","quarter":"Q1","sourceDataset":"","updateDate":"2015-07-09T00:00:36.114Z"},{"date":"1976 Q2","value":"-0.2","year":"1976","month":"","quarter":"Q2","sourceDataset":"","updateDate":"2015-07-09T00:00:36.114Z"},{"date":"1976 Q3","value":"1.3","year":"1976","month":"","quarter":"Q3","sourceDataset":"","updateDate":"2015-07-09T00:00:36.114Z"},{"date":"1976 Q4","value":"2.2","year":"1976","month":"","quarter":"Q4","sourceDataset":"","updateDate":"2015-07-09T00:00:36.114Z"},{"date":"1977 Q1","value":"0.8","year":"1977","month":"","quarter":"Q1","sourceDataset":"","updateDate":"2015-07-09T00:00:36.114Z"},{"date":"1977 Q2","value":"-0.6","year":"1977","month":"","quarter":"Q2","sourceDataset":"","updateDate":"2015-07-09T00:00:36.114Z"},{"date":"1977 Q3","value":"0.7","year":"1977","month":"","quarter":"Q3","sourceDataset":"","updateDate":"2015-07-09T00:00:36.114Z"},{"date":"1977 Q4","value":"1.7","year":"1977","month":"","quarter":"Q4","sourceDataset":"","updateDate":"2015-07-09T00:00:36.114Z"},{"date":"1978 Q1","value":"-0.5","year":"1978","month":"","quarter":"Q1","sourceDataset":"","updateDate":"2015-07-09T00:00:36.114Z"},{"date":"1978 Q2","value":"1.2","year":"1978","month":"","quarter":"Q2","sourceDataset":"","updateDate":"2015-07-09T00:00:36.114Z"},{"date":"1978 Q3","value":"1.3","year":"1978","month":"","quarter":"Q3","sourceDataset":"","updateDate":"2015-07-09T00:00:36.114Z"},{"date":"1978 Q4","value":"1.0","year":"1978","month":"","quarter":"Q4","sourceDataset":"","updateDate":"2015-07-09T00:00:36.114Z"},{"date":"1979 Q1","value":"-1.1","year":"1979","month":"","quarter":"Q1","sourceDataset":"","updateDate":"2015-07-09T00:00:36.114Z"},{"date":"1979 Q2","value":"4.4","year":"1979","month":"","quarter":"Q2","sourceDataset":"","updateDate":"2015-07-09T00:00:36.114Z"},{"date":"1979 Q3","value":"-2.1","year":"1979","month":"","quarter":"Q3","sourceDataset":"","updateDate":"2015-07-09T00:00:36.114Z"},{"date":"1979 Q4","value":"1.0","year":"1979","month":"","quarter":"Q4","sourceDataset":"","updateDate":"2015-07-09T00:00:36.114Z"},{"date":"1980 Q1","value":"-0.3","year":"1980","month":"","quarter":"Q1","sourceDataset":"","updateDate":"2015-07-09T00:00:36.114Z"},{"date":"1980 Q2","value":"-2.0","year":"1980","month":"","quarter":"Q2","sourceDataset":"","updateDate":"2015-07-09T00:00:36.114Z"},{"date":"1980 Q3","value":"-0.2","year":"1980","month":"","quarter":"Q3","sourceDataset":"","updateDate":"2015-07-09T00:00:36.114Z"},{"date":"1980 Q4","value":"-1.0","year":"1980","month":"","quarter":"Q4","sourceDataset":"","updateDate":"2015-07-09T00:00:36.114Z"},{"date":"1981 Q1","value":"0.1","year":"1981","month":"","quarter":"Q1","sourceDataset":"","updateDate":"2015-07-09T00:00:36.114Z"},{"date":"1981 Q2","value":"0.3","year":"1981","month":"","quarter":"Q2","sourceDataset":"","updateDate":"2015-07-09T00:00:36.114Z"},{"date":"1981 Q3","value":"1.2","year":"1981","month":"","quarter":"Q3","sourceDataset":"","updateDate":"2015-07-09T00:00:36.114Z"},{"date":"1981 Q4","value":"0.1","year":"1981","month":"","quarter":"Q4","sourceDataset":"","updateDate":"2015-07-09T00:00:36.114Z"},{"date":"1982 Q1","value":"1.7","year":"1982","month":"","quarter":"Q1","sourceDataset":"","updateDate":"2015-07-09T00:00:36.114Z"},{"date":"1982 Q2","value":"1.2","year":"1982","month":"","quarter":"Q2","sourceDataset":"","updateDate":"2015-07-09T00:00:36.114Z"},{"date":"1982 Q3","value":"0.2","year":"1982","month":"","quarter":"Q3","sourceDataset":"","updateDate":"2015-07-09T00:00:36.114Z"},{"date":"1982 Q4","value":"0.7","year":"1982","month":"","quarter":"Q4","sourceDataset":"","updateDate":"2015-07-09T00:00:36.114Z"},{"date":"1983 Q1","value":"0.8","year":"1983","month":"","quarter":"Q1","sourceDataset":"","updateDate":"2015-07-09T00:00:36.114Z"},{"date":"1983 Q2","value":"0.9","year":"1983","month":"","quarter":"Q2","sourceDataset":"","updateDate":"2015-07-09T00:00:36.114Z"},{"date":"1983 Q3","value":"1.2","year":"1983","month":"","quarter":"Q3","sourceDataset":"","updateDate":"2015-07-09T00:00:36.114Z"},{"date":"1983 Q4","value":"1.0","year":"1983","month":"","quarter":"Q4","sourceDataset":"","updateDate":"2015-07-09T00:00:36.114Z"},{"date":"1984 Q1","value":"1.2","year":"1984","month":"","quarter":"Q1","sourceDataset":"","updateDate":"2015-07-09T00:00:36.114Z"},{"date":"1984 Q2","value":"-0.9","year":"1984","month":"","quarter":"Q2","sourceDataset":"","updateDate":"2015-07-09T00:00:36.114Z"},{"date":"1984 Q3","value":"0.4","year":"1984","month":"","quarter":"Q3","sourceDataset":"","updateDate":"2015-07-09T00:00:36.114Z"},{"date":"1984 Q4","value":"1.5","year":"1984","month":"","quarter":"Q4","sourceDataset":"","updateDate":"2015-07-09T00:00:36.114Z"},{"date":"1985 Q1","value":"0.7","year":"1985","month":"","quarter":"Q1","sourceDataset":"","updateDate":"2015-07-09T00:00:36.114Z"},{"date":"1985 Q2","value":"1.6","year":"1985","month":"","quarter":"Q2","sourceDataset":"","updateDate":"2015-07-09T00:00:36.114Z"},{"date":"1985 Q3","value":"-0.1","year":"1985","month":"","quarter":"Q3","sourceDataset":"","updateDate":"2015-07-09T00:00:36.114Z"},{"date":"1985 Q4","value":"0.5","year":"1985","month":"","quarter":"Q4","sourceDataset":"","updateDate":"2015-07-09T00:00:36.114Z"},{"date":"1986 Q1","value":"0.8","year":"1986","month":"","quarter":"Q1","sourceDataset":"","updateDate":"2015-07-09T00:00:36.114Z"},{"date":"1986 Q2","value":"1.1","year":"1986","month":"","quarter":"Q2","sourceDataset":"","updateDate":"2015-07-09T00:00:36.114Z"},{"date":"1986 Q3","value":"0.7","year":"1986","month":"","quarter":"Q3","sourceDataset":"","updateDate":"2015-07-09T00:00:36.114Z"},{"date":"1986 Q4","value":"1.9","year":"1986","month":"","quarter":"Q4","sourceDataset":"","updateDate":"2015-07-09T00:00:36.114Z"},{"date":"1987 Q1","value":"1.9","year":"1987","month":"","quarter":"Q1","sourceDataset":"","updateDate":"2015-07-09T00:00:36.114Z"},{"date":"1987 Q2","value":"1.4","year":"1987","month":"","quarter":"Q2","sourceDataset":"","updateDate":"2015-07-09T00:00:36.114Z"},{"date":"1987 Q3","value":"2.4","year":"1987","month":"","quarter":"Q3","sourceDataset":"","updateDate":"2015-07-09T00:00:36.114Z"},{"date":"1987 Q4","value":"1.2","year":"1987","month":"","quarter":"Q4","sourceDataset":"","updateDate":"2015-07-09T00:00:36.114Z"},{"date":"1988 Q1","value":"0.4","year":"1988","month":"","quarter":"Q1","sourceDataset":"","updateDate":"2015-07-09T00:00:36.114Z"},{"date":"1988 Q2","value":"0.7","year":"1988","month":"","quarter":"Q2","sourceDataset":"","updateDate":"2015-07-09T00:00:36.114Z"},{"date":"1988 Q3","value":"1.6","year":"1988","month":"","quarter":"Q3","sourceDataset":"","updateDate":"2015-07-09T00:00:36.114Z"},{"date":"1988 Q4","value":"0.9","year":"1988","month":"","quarter":"Q4","sourceDataset":"","updateDate":"2015-07-09T00:00:36.114Z"},{"date":"1989 Q1","value":"0.6","year":"1989","month":"","quarter":"Q1","sourceDataset":"","updateDate":"2015-07-09T00:00:36.114Z"},{"date":"1989 Q2","value":"0.6","year":"1989","month":"","quarter":"Q2","sourceDataset":"","updateDate":"2015-07-09T00:00:36.114Z"},{"date":"1989 Q3","value":"0.1","year":"1989","month":"","quarter":"Q3","sourceDataset":"","updateDate":"2015-07-09T00:00:36.114Z"},{"date":"1989 Q4","value":"0.0","year":"1989","month":"","quarter":"Q4","sourceDataset":"","updateDate":"2015-07-09T00:00:36.115Z"},{"date":"1990 Q1","value":"-0.3","year":"1990","month":"","quarter":"Q1","sourceDataset":"","updateDate":"2015-07-09T00:00:36.115Z"},{"date":"1990 Q2","value":"0.5","year":"1990","month":"","quarter":"Q2","sourceDataset":"","updateDate":"2015-07-09T00:00:36.115Z"},{"date":"1990 Q3","value":"-1.1","year":"1990","month":"","quarter":"Q3","sourceDataset":"","updateDate":"2015-07-09T00:00:36.115Z"},{"date":"1990 Q4","value":"-0.4","year":"1990","month":"","quarter":"Q4","sourceDataset":"","updateDate":"2015-07-09T00:00:36.115Z"},{"date":"1991 Q1","value":"0.0","year":"1991","month":"","quarter":"Q1","sourceDataset":"","updateDate":"2015-07-09T00:00:36.115Z"},{"date":"1991 Q2","value":"-0.2","year":"1991","month":"","quarter":"Q2","sourceDataset":"","updateDate":"2015-07-09T00:00:36.115Z"},{"date":"1991 Q3","value":"-0.3","year":"1991","month":"","quarter":"Q3","sourceDataset":"","updateDate":"2015-07-09T00:00:36.115Z"},{"date":"1991 Q4","value":"0.2","year":"1991","month":"","quarter":"Q4","sourceDataset":"","updateDate":"2015-07-09T00:00:36.115Z"},{"date":"1992 Q1","value":"0.8","year":"1992","month":"","quarter":"Q1","sourceDataset":"","updateDate":"2015-07-09T00:00:36.115Z"},{"date":"1992 Q2","value":"-0.1","year":"1992","month":"","quarter":"Q2","sourceDataset":"","updateDate":"2015-07-09T00:00:36.115Z"},{"date":"1992 Q3","value":"0.7","year":"1992","month":"","quarter":"Q3","sourceDataset":"","updateDate":"2015-07-09T00:00:36.115Z"},{"date":"1992 Q4","value":"0.7","year":"1992","month":"","quarter":"Q4","sourceDataset":"","updateDate":"2015-07-09T00:00:36.115Z"},{"date":"1993 Q1","value":"1.3","year":"1993","month":"","quarter":"Q1","sourceDataset":"","updateDate":"2015-07-09T00:00:36.115Z"},{"date":"1993 Q2","value":"0.5","year":"1993","month":"","quarter":"Q2","sourceDataset":"","updateDate":"2015-07-09T00:00:36.115Z"},{"date":"1993 Q3","value":"0.8","year":"1993","month":"","quarter":"Q3","sourceDataset":"","updateDate":"2015-07-09T00:00:36.115Z"},{"date":"1993 Q4","value":"0.7","year":"1993","month":"","quarter":"Q4","sourceDataset":"","updateDate":"2015-07-09T00:00:36.115Z"},{"date":"1994 Q1","value":"0.3","year":"1994","month":"","quarter":"Q1","sourceDataset":"","updateDate":"2015-07-09T00:00:36.115Z"},{"date":"1994 Q2","value":"1.2","year":"1994","month":"","quarter":"Q2","sourceDataset":"","updateDate":"2015-07-09T00:00:36.115Z"},{"date":"1994 Q3","value":"1.2","year":"1994","month":"","quarter":"Q3","sourceDataset":"","updateDate":"2015-07-09T00:00:36.115Z"},{"date":"1994 Q4","value":"0.5","year":"1994","month":"","quarter":"Q4","sourceDataset":"","updateDate":"2015-07-09T00:00:36.115Z"},{"date":"1995 Q1","value":"1.2","year":"1995","month":"","quarter":"Q1","sourceDataset":"","updateDate":"2015-07-09T00:00:36.115Z"},{"date":"1995 Q2","value":"0.4","year":"1995","month":"","quarter":"Q2","sourceDataset":"","updateDate":"2015-07-09T00:00:36.115Z"},{"date":"1995 Q3","value":"1.1","year":"1995","month":"","quarter":"Q3","sourceDataset":"","updateDate":"2015-07-09T00:00:36.115Z"},{"date":"1995 Q4","value":"0.5","year":"1995","month":"","quarter":"Q4","sourceDataset":"","updateDate":"2015-07-09T00:00:36.115Z"},{"date":"1996 Q1","value":"0.5","year":"1996","month":"","quarter":"Q1","sourceDataset":"","updateDate":"2015-07-09T00:00:36.115Z"},{"date":"1996 Q2","value":"0.3","year":"1996","month":"","quarter":"Q2","sourceDataset":"","updateDate":"2015-07-09T00:00:36.115Z"},{"date":"1996 Q3","value":"0.4","year":"1996","month":"","quarter":"Q3","sourceDataset":"","updateDate":"2015-07-09T00:00:36.115Z"},{"date":"1996 Q4","value":"0.3","year":"1996","month":"","quarter":"Q4","sourceDataset":"","updateDate":"2015-07-09T00:00:36.115Z"},{"date":"1997 Q1","value":"0.6","year":"1997","month":"","quarter":"Q1","sourceDataset":"","updateDate":"2015-07-09T00:00:36.115Z"},{"date":"1997 Q2","value":"1.1","year":"1997","month":"","quarter":"Q2","sourceDataset":"","updateDate":"2015-07-09T00:00:36.115Z"},{"date":"1997 Q3","value":"0.7","year":"1997","month":"","quarter":"Q3","sourceDataset":"","updateDate":"2015-07-09T00:00:36.115Z"},{"date":"1997 Q4","value":"1.3","year":"1997","month":"","quarter":"Q4","sourceDataset":"","updateDate":"2015-07-09T00:00:36.115Z"},{"date":"1998 Q1","value":"0.5","year":"1998","month":"","quarter":"Q1","sourceDataset":"","updateDate":"2015-07-09T00:00:36.115Z"},{"date":"1998 Q2","value":"0.8","year":"1998","month":"","quarter":"Q2","sourceDataset":"","updateDate":"2015-07-09T00:00:36.115Z"},{"date":"1998 Q3","value":"0.7","year":"1998","month":"","quarter":"Q3","sourceDataset":"","updateDate":"2015-07-09T00:00:36.115Z"},{"date":"1998 Q4","value":"1.0","year":"1998","month":"","quarter":"Q4","sourceDataset":"","updateDate":"2015-07-09T00:00:36.115Z"},{"date":"1999 Q1","value":"1.0","year":"1999","month":"","quarter":"Q1","sourceDataset":"","updateDate":"2015-07-09T00:00:36.115Z"},{"date":"1999 Q2","value":"0.2","year":"1999","month":"","quarter":"Q2","sourceDataset":"","updateDate":"2015-07-09T00:00:36.115Z"},{"date":"1999 Q3","value":"1.6","year":"1999","month":"","quarter":"Q3","sourceDataset":"","updateDate":"2015-07-09T00:00:36.115Z"},{"date":"1999 Q4","value":"1.3","year":"1999","month":"","quarter":"Q4","sourceDataset":"","updateDate":"2015-07-09T00:00:36.115Z"},{"date":"2000 Q1","value":"1.1","year":"2000","month":"","quarter":"Q1","sourceDataset":"","updateDate":"2015-07-09T00:00:36.115Z"},{"date":"2000 Q2","value":"0.7","year":"2000","month":"","quarter":"Q2","sourceDataset":"","updateDate":"2015-07-09T00:00:36.115Z"},{"date":"2000 Q3","value":"0.4","year":"2000","month":"","quarter":"Q3","sourceDataset":"","updateDate":"2015-07-09T00:00:36.115Z"},{"date":"2000 Q4","value":"0.3","year":"2000","month":"","quarter":"Q4","sourceDataset":"","updateDate":"2015-07-09T00:00:36.115Z"},{"date":"2001 Q1","value":"0.5","year":"2001","month":"","quarter":"Q1","sourceDataset":"","updateDate":"2015-07-09T00:00:36.115Z"},{"date":"2001 Q2","value":"0.8","year":"2001","month":"","quarter":"Q2","sourceDataset":"","updateDate":"2015-07-09T00:00:36.115Z"},{"date":"2001 Q3","value":"0.5","year":"2001","month":"","quarter":"Q3","sourceDataset":"","updateDate":"2015-07-09T00:00:36.115Z"},{"date":"2001 Q4","value":"0.3","year":"2001","month":"","quarter":"Q4","sourceDataset":"","updateDate":"2015-07-09T00:00:36.115Z"},{"date":"2002 Q1","value":"1.0","year":"2002","month":"","quarter":"Q1","sourceDataset":"","updateDate":"2015-07-09T00:00:36.115Z"},{"date":"2002 Q2","value":"0.8","year":"2002","month":"","quarter":"Q2","sourceDataset":"","updateDate":"2015-07-09T00:00:36.115Z"},{"date":"2002 Q3","value":"0.9","year":"2002","month":"","quarter":"Q3","sourceDataset":"","updateDate":"2015-07-09T00:00:36.115Z"},{"date":"2002 Q4","value":"0.9","year":"2002","month":"","quarter":"Q4","sourceDataset":"","updateDate":"2015-07-09T00:00:36.115Z"},{"date":"2003 Q1","value":"0.3","year":"2003","month":"","quarter":"Q1","sourceDataset":"","updateDate":"2015-07-09T00:00:36.115Z"},{"date":"2003 Q2","value":"1.4","year":"2003","month":"","quarter":"Q2","sourceDataset":"","updateDate":"2015-07-09T00:00:36.115Z"},{"date":"2003 Q3","value":"1.3","year":"2003","month":"","quarter":"Q3","sourceDataset":"","updateDate":"2015-07-09T00:00:36.115Z"},{"date":"2003 Q4","value":"1.0","year":"2003","month":"","quarter":"Q4","sourceDataset":"","updateDate":"2015-07-09T00:00:36.115Z"},{"date":"2004 Q1","value":"0.7","year":"2004","month":"","quarter":"Q1","sourceDataset":"","updateDate":"2015-07-09T00:00:36.115Z"},{"date":"2004 Q2","value":"0.3","year":"2004","month":"","quarter":"Q2","sourceDataset":"","updateDate":"2015-07-09T00:00:36.115Z"},{"date":"2004 Q3","value":"0.1","year":"2004","month":"","quarter":"Q3","sourceDataset":"","updateDate":"2015-07-09T00:00:36.115Z"},{"date":"2004 Q4","value":"0.4","year":"2004","month":"","quarter":"Q4","sourceDataset":"","updateDate":"2015-07-09T00:00:36.115Z"},{"date":"2005 Q1","value":"0.6","year":"2005","month":"","quarter":"Q1","sourceDataset":"","updateDate":"2015-07-09T00:00:36.115Z"},{"date":"2005 Q2","value":"1.0","year":"2005","month":"","quarter":"Q2","sourceDataset":"","updateDate":"2015-07-09T00:00:36.115Z"},{"date":"2005 Q3","value":"1.0","year":"2005","month":"","quarter":"Q3","sourceDataset":"","updateDate":"2015-07-09T00:00:36.115Z"},{"date":"2005 Q4","value":"1.3","year":"2005","month":"","quarter":"Q4","sourceDataset":"","updateDate":"2015-07-09T00:00:36.115Z"},{"date":"2006 Q1","value":"0.8","year":"2006","month":"","quarter":"Q1","sourceDataset":"","updateDate":"2015-07-09T00:00:36.115Z"},{"date":"2006 Q2","value":"0.5","year":"2006","month":"","quarter":"Q2","sourceDataset":"","updateDate":"2015-07-09T00:00:36.115Z"},{"date":"2006 Q3","value":"0.2","year":"2006","month":"","quarter":"Q3","sourceDataset":"","updateDate":"2015-07-09T00:00:36.115Z"},{"date":"2006 Q4","value":"0.8","year":"2006","month":"","quarter":"Q4","sourceDataset":"","updateDate":"2015-07-09T00:00:36.115Z"},{"date":"2007 Q1","value":"0.3","year":"2007","month":"","quarter":"Q1","sourceDataset":"","updateDate":"2015-07-09T00:00:36.115Z"},{"date":"2007 Q2","value":"0.6","year":"2007","month":"","quarter":"Q2","sourceDataset":"","updateDate":"2015-07-09T00:00:36.115Z"},{"date":"2007 Q3","value":"0.8","year":"2007","month":"","quarter":"Q3","sourceDataset":"","updateDate":"2015-07-09T00:00:36.115Z"},{"date":"2007 Q4","value":"0.5","year":"2007","month":"","quarter":"Q4","sourceDataset":"","updateDate":"2015-07-09T00:00:36.115Z"},{"date":"2008 Q1","value":"-1.8","year":"2008","month":"","quarter":"Q1","sourceDataset":"","updateDate":"2015-07-09T00:00:36.115Z"},{"date":"2008 Q2","value":"-0.2","year":"2008","month":"","quarter":"Q2","sourceDataset":"","updateDate":"2015-07-09T00:00:36.115Z"},{"date":"2008 Q3","value":"-1.7","year":"2008","month":"","quarter":"Q3","sourceDataset":"","updateDate":"2015-07-09T00:00:36.115Z"},{"date":"2008 Q4","value":"-2.2","year":"2008","month":"","quarter":"Q4","sourceDataset":"","updateDate":"2015-07-09T00:00:36.115Z"},{"date":"2009 Q1","value":"0.5","year":"2009","month":"","quarter":"Q1","sourceDataset":"","updateDate":"2015-07-09T00:00:36.115Z"},{"date":"2009 Q2","value":"-0.3","year":"2009","month":"","quarter":"Q2","sourceDataset":"","updateDate":"2015-07-09T00:00:36.115Z"},{"date":"2009 Q3","value":"0.2","year":"2009","month":"","quarter":"Q3","sourceDataset":"","updateDate":"2015-07-09T00:00:36.115Z"},{"date":"2009 Q4","value":"0.4","year":"2009","month":"","quarter":"Q4","sourceDataset":"","updateDate":"2015-07-09T00:00:36.115Z"},{"date":"2010 Q1","value":"0.5","year":"2010","month":"","quarter":"Q1","sourceDataset":"","updateDate":"2015-07-09T00:00:36.115Z"},{"date":"2010 Q2","value":"1.0","year":"2010","month":"","quarter":"Q2","sourceDataset":"","updateDate":"2015-07-09T00:00:36.115Z"},{"date":"2010 Q3","value":"0.6","year":"2010","month":"","quarter":"Q3","sourceDataset":"","updateDate":"2015-07-09T00:00:36.115Z"},{"date":"2010 Q4","value":"0.0","year":"2010","month":"","quarter":"Q4","sourceDataset":"","updateDate":"2015-07-09T00:00:36.115Z"},{"date":"2011 Q1","value":"0.1","year":"2011","month":"","quarter":"Q1","sourceDataset":"","updateDate":"2015-07-09T00:00:36.115Z"},{"date":"2011 Q2","value":"0.2","year":"2011","month":"","quarter":"Q2","sourceDataset":"","updateDate":"2015-07-09T00:00:36.115Z"},{"date":"2011 Q3","value":"0.7","year":"2011","month":"","quarter":"Q3","sourceDataset":"","updateDate":"2015-07-09T00:00:36.115Z"},{"date":"2011 Q4","value":"0.0","year":"2011","month":"","quarter":"Q4","sourceDataset":"","updateDate":"2015-07-09T00:00:36.115Z"},{"date":"2012 Q1","value":"0.6","year":"2012","month":"","quarter":"Q1","sourceDataset":"","updateDate":"2015-07-09T00:00:36.115Z"},{"date":"2012 Q2","value":"-0.2","year":"2012","month":"","quarter":"Q2","sourceDataset":"","updateDate":"2015-07-09T00:00:36.115Z"},{"date":"2012 Q3","value":"0.8","year":"2012","month":"","quarter":"Q3","sourceDataset":"","updateDate":"2015-07-09T00:00:36.115Z"},{"date":"2012 Q4","value":"-0.3","year":"2012","month":"","quarter":"Q4","sourceDataset":"","updateDate":"2015-07-09T00:00:36.115Z"},{"date":"2013 Q1","value":"0.9","year":"2013","month":"","quarter":"Q1","sourceDataset":"","updateDate":"2015-07-09T00:00:36.115Z"},{"date":"2013 Q2","value":"0.6","year":"2013","month":"","quarter":"Q2","sourceDataset":"","updateDate":"2015-07-09T00:00:36.115Z"},{"date":"2013 Q3","value":"0.7","year":"2013","month":"","quarter":"Q3","sourceDataset":"","updateDate":"2015-07-09T00:00:36.115Z"},{"date":"2013 Q4","value":"0.4","year":"2013","month":"","quarter":"Q4","sourceDataset":"","updateDate":"2015-07-09T00:00:36.115Z"},{"date":"2014 Q1","value":"0.4","year":"2014","month":"","quarter":"Q1","sourceDataset":"pgdp","updateDate":"2015-07-28T14:38:21.419Z"},{"date":"2014 Q2","value":"0.9","year":"2014","month":"","quarter":"Q2","sourceDataset":"pgdp","updateDate":"2015-07-28T14:38:21.419Z"},{"date":"2014 Q3","value":"0.7","year":"2014","month":"","quarter":"Q3","sourceDataset":"pgdp","updateDate":"2015-07-28T14:38:21.419Z"},{"date":"2014 Q4","value":"0.8","year":"2014","month":"","quarter":"Q4","sourceDataset":"pgdp","updateDate":"2015-07-28T14:38:21.419Z"},{"date":"2015 Q2","value":"0.7","year":"2015","month":"","quarter":"Q2","sourceDataset":"pgdp","updateDate":"2015-07-28T14:38:21.419Z"}],"months":[],"sourceDatasets":["pgdp","PN2","","QNA"],"relatedDatasets":[{"uri":"/economy/grossdomesticproductgdp/datasets/preliminaryestimateofgdp"},{"uri":"/economy/grossdomesticproductgdp/datasets/secondestimateofgdp"},{"uri":"/economy/grossdomesticproductgdp/datasets/quarterlynationalaccounts"},{"uri":"/economy/grossdomesticproductgdp/datasets/bluebook"}],"section":{},"notes":[""],"relatedDocuments":[],"relatedMethodology":[],"relatedData":[{"uri":"/economy/grossdomesticproductgdp/timeseries/abmi"},{"uri":"/economy/grossdomesticproductgdp/timeseries/ihyr"}],"type":"timeseries","uri":"/economy/grossdomesticproductgdp/timeseries/ihyq","breadcrumb":[{"uri":"/"},{"uri":"/economy"},{"uri":"/economy/grossdomesticproductgdp"}],"description":{"title":"GDP quarter on quarter growth - CVM","nationalStatistic":true,"latestRelease":false,"contact":{"email":"ios.enquiries@ons.gsi.gov.uk","name":"Robert Doody","telephone":"+44 (0)1633 455803"},"releaseDate":"2015-07-27T23:00:00.000Z","nextRelease":"27 October 2015","cdid":"IHYQ","unit":"%","preUnit":"","source":"Office for National Statistics","seasonalAdjustment":"SA","date":"2015 Q2","number":"0.7","keyNote":"Gross Domestic Product: Quarter on Quarter growth: CVM SA %             ","sampleSize":0}}