{"items":[{"uri":"/economy/grossdomesticproductgdp/timeseries/qwnd"}],"datasets":[],"statsBulletins":[{"uri":"/economy/regionalaccounts/grossdisposablehouseholdincome/bulletins/regionalgrossdisposablehouseholdincomegdhi/2015-05-27"}],"index":0,"type":"product_page","uri":"/economy/regionalaccounts/grossdisposablehouseholdincome","breadcrumb":[{"uri":"/"},{"uri":"/economy"},{"uri":"/economy/regionalaccounts"}],"description":{"title":"Gross disposable household income","summary":"Gross disposable household income (GDHI) is the amount of money that individuals have available for spending or saving after income distribution measures (for example, taxes, social contributions and benefits) have taken effect."},"relatedArticles":[]}