{
  "years": [
    {
      "date": "1999",
      "value": "5446",
      "year": "1999",
      "month": "",
      "quarter": "",
      "sourceDataset": "",
      "updateDate": "2015-07-09T00:48:25.440Z"
    },
    {
      "date": "2000",
      "value": "5527",
      "year": "2000",
      "month": "",
      "quarter": "",
      "sourceDataset": "",
      "updateDate": "2015-07-09T00:48:25.440Z"
    },
    {
      "date": "2001",
      "value": "5620",
      "year": "2001",
      "month": "",
      "quarter": "",
      "sourceDataset": "",
      "updateDate": "2015-07-09T00:48:25.440Z"
    },
    {
      "date": "2002",
      "value": "5727",
      "year": "2002",
      "month": "",
      "quarter": "",
      "sourceDataset": "",
      "updateDate": "2015-07-09T00:48:25.440Z"
    },
    {
      "date": "2003",
      "value": "5890",
      "year": "2003",
      "month": "",
      "quarter": "",
      "sourceDataset": "",
      "updateDate": "2015-07-09T00:48:25.440Z"
    },
    {
      "date": "2004",
      "value": "6021",
      "year": "2004",
      "month": "",
      "quarter": "",
      "sourceDataset": "",
      "updateDate": "2015-07-09T00:48:25.440Z"
    },
    {
      "date": "2005",
      "value": "6115",
      "year": "2005",
      "month": "",
      "quarter": "",
      "sourceDataset": "",
      "updateDate": "2015-07-09T00:48:25.440Z"
    },
    {
      "date": "2006",
      "value": "6082",
      "year": "2006",
      "month": "",
      "quarter": "",
      "sourceDataset": "",
      "updateDate": "2015-07-09T00:48:25.440Z"
    },
    {
      "date": "2007",
      "value": "6044",
      "year": "2007",
      "month": "",
      "quarter": "",
      "sourceDataset": "",
      "updateDate": "2015-07-09T00:48:25.440Z"
    },
    {
      "date": "2008",
      "value": "6035",
      "year": "2008",
      "month": "",
      "quarter": "",
      "sourceDataset": "",
      "updateDate": "2015-07-09T00:48:25.440Z"
    },
    {
      "date": "2009",
      "value": "6330",
      "year": "2009",
      "month": "",
      "quarter": "",
      "sourceDataset": "",
      "updateDate": "2015-07-09T00:48:25.440Z"
    },
    {
      "date": "2010",
      "value": "6317",
      "year": "2010",
      "month": "",
      "quarter": "",
      "sourceDataset": "",
      "updateDate": "2015-07-09T00:48:25.440Z"
    },
    {
      "date": "2011",
      "value": "6107",
      "year": "2011",
      "month": "",
      "quarter": "",
      "sourceDataset": "",
      "updateDate": "2015-07-09T00:48:25.440Z"
    },
    {
      "date": "2012",
      "value": "5767",
      "year": "2012",
      "month": "",
      "quarter": "",
      "sourceDataset": "",
      "updateDate": "2015-07-09T00:48:25.440Z"
    },
    {
      "date": "2013",
      "value": "5701",
      "year": "2013",
      "month": "",
      "quarter": "",
      "sourceDataset": "",
      "updateDate": "2015-07-09T00:48:25.440Z"
    },
    {
      "date": "2014",
      "value": "5419",
      "year": "2014",
      "month": "",
      "quarter": "",
      "sourceDataset": "",
      "updateDate": "2015-07-09T00:48:25.440Z"
    }
  ],
  "quarters": [
    {
      "date": "1999 Q1",
      "value": "5433",
      "year": "1999",
      "month": "",
      "quarter": "Q1",
      "sourceDataset": "",
      "updateDate": "2015-07-09T00:48:25.440Z"
    },
    {
      "date": "1999 Q2",
      "value": "5446",
      "year": "1999",
      "month": "",
      "quarter": "Q2",
      "sourceDataset": "",
      "updateDate": "2015-07-09T00:48:25.440Z"
    },
    {
      "date": "1999 Q3",
      "value": "5469",
      "year": "1999",
      "month": "",
      "quarter": "Q3",
      "sourceDataset": "",
      "updateDate": "2015-07-09T00:48:25.440Z"
    },
    {
      "date": "1999 Q4",
      "value": "5495",
      "year": "1999",
      "month": "",
      "quarter": "Q4",
      "sourceDataset": "",
      "updateDate": "2015-07-09T00:48:25.440Z"
    },
    {
      "date": "2000 Q1",
      "value": "5508",
      "year": "2000",
      "month": "",
      "quarter": "Q1",
      "sourceDataset": "",
      "updateDate": "2015-07-09T00:48:25.440Z"
    },
    {
      "date": "2000 Q2",
      "value": "5527",
      "year": "2000",
      "month": "",
      "quarter": "Q2",
      "sourceDataset": "",
      "updateDate": "2015-07-09T00:48:25.440Z"
    },
    {
      "date": "2000 Q3",
      "value": "5550",
      "year": "2000",
      "month": "",
      "quarter": "Q3",
      "sourceDataset": "",
      "updateDate": "2015-07-09T00:48:25.440Z"
    },
    {
      "date": "2000 Q4",
      "value": "5563",
      "year": "2000",
      "month": "",
      "quarter": "Q4",
      "sourceDataset": "",
      "updateDate": "2015-07-09T00:48:25.440Z"
    },
    {
      "date": "2001 Q1",
      "value": "5592",
      "year": "2001",
      "month": "",
      "quarter": "Q1",
      "sourceDataset": "",
      "updateDate": "2015-07-09T00:48:25.440Z"
    },
    {
      "date": "2001 Q2",
      "value": "5620",
      "year": "2001",
      "month": "",
      "quarter": "Q2",
      "sourceDataset": "",
      "updateDate": "2015-07-09T00:48:25.440Z"
    },
    {
      "date": "2001 Q3",
      "value": "5636",
      "year": "2001",
      "month": "",
      "quarter": "Q3",
      "sourceDataset": "",
      "updateDate": "2015-07-09T00:48:25.440Z"
    },
    {
      "date": "2001 Q4",
      "value": "5659",
      "year": "2001",
      "month": "",
      "quarter": "Q4",
      "sourceDataset": "",
      "updateDate": "2015-07-09T00:48:25.440Z"
    },
    {
      "date": "2002 Q1",
      "value": "5703",
      "year": "2002",
      "month": "",
      "quarter": "Q1",
      "sourceDataset": "",
      "updateDate": "2015-07-09T00:48:25.440Z"
    },
    {
      "date": "2002 Q2",
      "value": "5727",
      "year": "2002",
      "month": "",
      "quarter": "Q2",
      "sourceDataset": "",
      "updateDate": "2015-07-09T00:48:25.440Z"
    },
    {
      "date": "2002 Q3",
      "value": "5757",
      "year": "2002",
      "month": "",
      "quarter": "Q3",
      "sourceDataset": "",
      "updateDate": "2015-07-09T00:48:25.440Z"
    },
    {
      "date": "2002 Q4",
      "value": "5807",
      "year": "2002",
      "month": "",
      "quarter": "Q4",
      "sourceDataset": "",
      "updateDate": "2015-07-09T00:48:25.440Z"
    },
    {
      "date": "2003 Q1",
      "value": "5859",
      "year": "2003",
      "month": "",
      "quarter": "Q1",
      "sourceDataset": "",
      "updateDate": "2015-07-09T00:48:25.440Z"
    },
    {
      "date": "2003 Q2",
      "value": "5890",
      "year": "2003",
      "month": "",
      "quarter": "Q2",
      "sourceDataset": "",
      "updateDate": "2015-07-09T00:48:25.440Z"
    },
    {
      "date": "2003 Q3",
      "value": "5923",
      "year": "2003",
      "month": "",
      "quarter": "Q3",
      "sourceDataset": "",
      "updateDate": "2015-07-09T00:48:25.440Z"
    },
    {
      "date": "2003 Q4",
      "value": "5965",
      "year": "2003",
      "month": "",
      "quarter": "Q4",
      "sourceDataset": "",
      "updateDate": "2015-07-09T00:48:25.440Z"
    },
    {
      "date": "2004 Q1",
      "value": "5999",
      "year": "2004",
      "month": "",
      "quarter": "Q1",
      "sourceDataset": "",
      "updateDate": "2015-07-09T00:48:25.440Z"
    },
    {
      "date": "2004 Q2",
      "value": "6021",
      "year": "2004",
      "month": "",
      "quarter": "Q2",
      "sourceDataset": "",
      "updateDate": "2015-07-09T00:48:25.440Z"
    },
    {
      "date": "2004 Q3",
      "value": "6052",
      "year": "2004",
      "month": "",
      "quarter": "Q3",
      "sourceDataset": "",
      "updateDate": "2015-07-09T00:48:25.440Z"
    },
    {
      "date": "2004 Q4",
      "value": "6068",
      "year": "2004",
      "month": "",
      "quarter": "Q4",
      "sourceDataset": "",
      "updateDate": "2015-07-09T00:48:25.440Z"
    },
    {
      "date": "2005 Q1",
      "value": "6087",
      "year": "2005",
      "month": "",
      "quarter": "Q1",
      "sourceDataset": "",
      "updateDate": "2015-07-09T00:48:25.440Z"
    },
    {
      "date": "2005 Q2",
      "value": "6115",
      "year": "2005",
      "month": "",
      "quarter": "Q2",
      "sourceDataset": "",
      "updateDate": "2015-07-09T00:48:25.440Z"
    },
    {
      "date": "2005 Q3",
      "value": "6119",
      "year": "2005",
      "month": "",
      "quarter": "Q3",
      "sourceDataset": "",
      "updateDate": "2015-07-09T00:48:25.440Z"
    },
    {
      "date": "2005 Q4",
      "value": "6115",
      "year": "2005",
      "month": "",
      "quarter": "Q4",
      "sourceDataset": "",
      "updateDate": "2015-07-09T00:48:25.440Z"
    },
    {
      "date": "2006 Q1",
      "value": "6096",
      "year": "2006",
      "month": "",
      "quarter": "Q1",
      "sourceDataset": "",
      "updateDate": "2015-07-09T00:48:25.440Z"
    },
    {
      "date": "2006 Q2",
      "value": "6082",
      "year": "2006",
      "month": "",
      "quarter": "Q2",
      "sourceDataset": "",
      "updateDate": "2015-07-09T00:48:25.440Z"
    },
    {
      "date": "2006 Q3",
      "value": "6068",
      "year": "2006",
      "month": "",
      "quarter": "Q3",
      "sourceDataset": "",
      "updateDate": "2015-07-09T00:48:25.440Z"
    },
    {
      "date": "2006 Q4",
      "value": "6059",
      "year": "2006",
      "month": "",
      "quarter": "Q4",
      "sourceDataset": "",
      "updateDate": "2015-07-09T00:48:25.440Z"
    },
    {
      "date": "2007 Q1",
      "value": "6052",
      "year": "2007",
      "month": "",
      "quarter": "Q1",
      "sourceDataset": "",
      "updateDate": "2015-07-09T00:48:25.440Z"
    },
    {
      "date": "2007 Q2",
      "value": "6044",
      "year": "2007",
      "month": "",
      "quarter": "Q2",
      "sourceDataset": "",
      "updateDate": "2015-07-09T00:48:25.440Z"
    },
    {
      "date": "2007 Q3",
      "value": "6039",
      "year": "2007",
      "month": "",
      "quarter": "Q3",
      "sourceDataset": "",
      "updateDate": "2015-07-09T00:48:25.440Z"
    },
    {
      "date": "2007 Q4",
      "value": "6046",
      "year": "2007",
      "month": "",
      "quarter": "Q4",
      "sourceDataset": "",
      "updateDate": "2015-07-09T00:48:25.440Z"
    },
    {
      "date": "2008 Q1",
      "value": "6019",
      "year": "2008",
      "month": "",
      "quarter": "Q1",
      "sourceDataset": "",
      "updateDate": "2015-07-09T00:48:25.440Z"
    },
    {
      "date": "2008 Q2",
      "value": "6035",
      "year": "2008",
      "month": "",
      "quarter": "Q2",
      "sourceDataset": "",
      "updateDate": "2015-07-09T00:48:25.440Z"
    },
    {
      "date": "2008 Q3",
      "value": "6072",
      "year": "2008",
      "month": "",
      "quarter": "Q3",
      "sourceDataset": "",
      "updateDate": "2015-07-09T00:48:25.440Z"
    },
    {
      "date": "2008 Q4",
      "value": "6334",
      "year": "2008",
      "month": "",
      "quarter": "Q4",
      "sourceDataset": "",
      "updateDate": "2015-07-09T00:48:25.440Z"
    },
    {
      "date": "2009 Q1",
      "value": "6330",
      "year": "2009",
      "month": "",
      "quarter": "Q1",
      "sourceDataset": "",
      "updateDate": "2015-07-09T00:48:25.440Z"
    },
    {
      "date": "2009 Q2",
      "value": "6330",
      "year": "2009",
      "month": "",
      "quarter": "Q2",
      "sourceDataset": "",
      "updateDate": "2015-07-09T00:48:25.440Z"
    },
    {
      "date": "2009 Q3",
      "value": "6370",
      "year": "2009",
      "month": "",
      "quarter": "Q3",
      "sourceDataset": "",
      "updateDate": "2015-07-09T00:48:25.440Z"
    },
    {
      "date": "2009 Q4",
      "value": "6370",
      "year": "2009",
      "month": "",
      "quarter": "Q4",
      "sourceDataset": "",
      "updateDate": "2015-07-09T00:48:25.440Z"
    },
    {
      "date": "2010 Q1",
      "value": "6337",
      "year": "2010",
      "month": "",
      "quarter": "Q1",
      "sourceDataset": "",
      "updateDate": "2015-07-09T00:48:25.440Z"
    },
    {
      "date": "2010 Q2",
      "value": "6317",
      "year": "2010",
      "month": "",
      "quarter": "Q2",
      "sourceDataset": "",
      "updateDate": "2015-07-09T00:48:25.440Z"
    },
    {
      "date": "2010 Q3",
      "value": "6270",
      "year": "2010",
      "month": "",
      "quarter": "Q3",
      "sourceDataset": "",
      "updateDate": "2015-07-09T00:48:25.440Z"
    },
    {
      "date": "2010 Q4",
      "value": "6231",
      "year": "2010",
      "month": "",
      "quarter": "Q4",
      "sourceDataset": "",
      "updateDate": "2015-07-09T00:48:25.440Z"
    },
    {
      "date": "2011 Q1",
      "value": "6203",
      "year": "2011",
      "month": "",
      "quarter": "Q1",
      "sourceDataset": "",
      "updateDate": "2015-07-09T00:48:25.440Z"
    },
    {
      "date": "2011 Q2",
      "value": "6107",
      "year": "2011",
      "month": "",
      "quarter": "Q2",
      "sourceDataset": "",
      "updateDate": "2015-07-09T00:48:25.440Z"
    },
    {
      "date": "2011 Q3",
      "value": "6076",
      "year": "2011",
      "month": "",
      "quarter": "Q3",
      "sourceDataset": "",
      "updateDate": "2015-07-09T00:48:25.440Z"
    },
    {
      "date": "2011 Q4",
      "value": "6041",
      "year": "2011",
      "month": "",
      "quarter": "Q4",
      "sourceDataset": "",
      "updateDate": "2015-07-09T00:48:25.440Z"
    },
    {
      "date": "2012 Q1",
      "value": "6000",
      "year": "2012",
      "month": "",
      "quarter": "Q1",
      "sourceDataset": "",
      "updateDate": "2015-07-09T00:48:25.440Z"
    },
    {
      "date": "2012 Q2",
      "value": "5767",
      "year": "2012",
      "month": "",
      "quarter": "Q2",
      "sourceDataset": "",
      "updateDate": "2015-07-09T00:48:25.440Z"
    },
    {
      "date": "2012 Q3",
      "value": "5746",
      "year": "2012",
      "month": "",
      "quarter": "Q3",
      "sourceDataset": "",
      "updateDate": "2015-07-09T00:48:25.440Z"
    },
    {
      "date": "2012 Q4",
      "value": "5733",
      "year": "2012",
      "month": "",
      "quarter": "Q4",
      "sourceDataset": "",
      "updateDate": "2015-07-09T00:48:25.440Z"
    },
    {
      "date": "2013 Q1",
      "value": "5715",
      "year": "2013",
      "month": "",
      "quarter": "Q1",
      "sourceDataset": "",
      "updateDate": "2015-07-09T00:48:25.440Z"
    },
    {
      "date": "2013 Q2",
      "value": "5701",
      "year": "2013",
      "month": "",
      "quarter": "Q2",
      "sourceDataset": "",
      "updateDate": "2015-07-09T00:48:25.440Z"
    },
    {
      "date": "2013 Q3",
      "value": "5714",
      "year": "2013",
      "month": "",
      "quarter": "Q3",
      "sourceDataset": "",
      "updateDate": "2015-07-09T00:48:25.440Z"
    },
    {
      "date": "2013 Q4",
      "value": "5537",
      "year": "2013",
      "month": "",
      "quarter": "Q4",
      "sourceDataset": "",
      "updateDate": "2015-07-09T00:48:25.440Z"
    },
    {
      "date": "2014 Q1",
      "value": "5431",
      "year": "2014",
      "month": "",
      "quarter": "Q1",
      "sourceDataset": "",
      "updateDate": "2015-07-09T00:48:25.440Z"
    },
    {
      "date": "2014 Q2",
      "value": "5419",
      "year": "2014",
      "month": "",
      "quarter": "Q2",
      "sourceDataset": "",
      "updateDate": "2015-07-09T00:48:25.440Z"
    },
    {
      "date": "2014 Q3",
      "value": "5403",
      "year": "2014",
      "month": "",
      "quarter": "Q3",
      "sourceDataset": "",
      "updateDate": "2015-07-09T00:48:25.440Z"
    },
    {
      "date": "2014 Q4",
      "value": "5394",
      "year": "2014",
      "month": "",
      "quarter": "Q4",
      "sourceDataset": "",
      "updateDate": "2015-07-09T00:48:25.440Z"
    },
    {
      "date": "2015 Q1",
      "value": "5372",
      "year": "2015",
      "month": "",
      "quarter": "Q1",
      "sourceDataset": "",
      "updateDate": "2015-07-09T00:48:25.440Z"
    }
  ],
  "months": [],
  "sourceDatasets": [
    ""
  ],
  "type": "timeseries",
  "uri": "/employmentandlabourmarket/publicsectorpersonnel/timeseries/g7au",
  "breadcrumb": [
    {
      "uri": "/"
    },
    {
      "uri": "/employmentandlabourmarket"
    },
    {
      "uri": "/employmentandlabourmarket/publicsectorpersonnel"
    }
  ],
  "description": {
    "title": "Public Sector Employment by Sector; Total Public Sector; UK; HC; SA; Thousands",
    "nationalStatistic": false,
    "latestRelease": false,
    "releaseDate": "2015-06-16T23:00:00.000Z",
    "nextRelease": "16 Sept 2015",
    "cdid": "G7AU",
    "unit": "m",
    "preUnit": "",
    "source": "Office for National Statistics",
    "seasonalAdjustment": "NSA",
    "number": "5372",
    "sampleSize": 0
  }
}