{
  "years": [
    {
      "date": "1996",
      "value": "45.2",
      "year": "1996",
      "month": "",
      "quarter": "",
      "sourceDataset": "UNEM",
      "updateDate": "2015-07-09T00:48:24.174Z"
    },
    {
      "date": "1997",
      "value": "44.4",
      "year": "1997",
      "month": "",
      "quarter": "",
      "sourceDataset": "UNEM",
      "updateDate": "2015-07-09T00:48:24.174Z"
    },
    {
      "date": "1998",
      "value": "39.2",
      "year": "1998",
      "month": "",
      "quarter": "",
      "sourceDataset": "UNEM",
      "updateDate": "2015-07-09T00:48:24.174Z"
    },
    {
      "date": "1999",
      "value": "37.5",
      "year": "1999",
      "month": "",
      "quarter": "",
      "sourceDataset": "UNEM",
      "updateDate": "2015-07-09T00:48:24.174Z"
    },
    {
      "date": "2000",
      "value": "34.9",
      "year": "2000",
      "month": "",
      "quarter": "",
      "sourceDataset": "UNEM",
      "updateDate": "2015-07-09T00:48:24.174Z"
    },
    {
      "date": "2001",
      "value": "32.1",
      "year": "2001",
      "month": "",
      "quarter": "",
      "sourceDataset": "UNEM",
      "updateDate": "2015-07-09T00:48:24.174Z"
    },
    {
      "date": "2002",
      "value": "29.6",
      "year": "2002",
      "month": "",
      "quarter": "",
      "sourceDataset": "UNEM",
      "updateDate": "2015-07-09T00:48:24.174Z"
    },
    {
      "date": "2003",
      "value": "30.0",
      "year": "2003",
      "month": "",
      "quarter": "",
      "sourceDataset": "UNEM",
      "updateDate": "2015-07-09T00:48:24.174Z"
    },
    {
      "date": "2004",
      "value": "31.4",
      "year": "2004",
      "month": "",
      "quarter": "",
      "sourceDataset": "UNEM",
      "updateDate": "2015-07-09T00:48:24.174Z"
    },
    {
      "date": "2005",
      "value": "29.0",
      "year": "2005",
      "month": "",
      "quarter": "",
      "sourceDataset": "UNEM",
      "updateDate": "2015-07-09T00:48:24.174Z"
    },
    {
      "date": "2006",
      "value": "30.3",
      "year": "2006",
      "month": "",
      "quarter": "",
      "sourceDataset": "UNEM",
      "updateDate": "2015-07-09T00:48:24.174Z"
    },
    {
      "date": "2007",
      "value": "32.6",
      "year": "2007",
      "month": "",
      "quarter": "",
      "sourceDataset": "UNEM",
      "updateDate": "2015-07-09T00:48:24.174Z"
    },
    {
      "date": "2008",
      "value": "20.1",
      "year": "2008",
      "month": "",
      "quarter": "",
      "sourceDataset": "UNEM",
      "updateDate": "2015-07-09T00:48:24.174Z"
    },
    {
      "date": "2009",
      "value": "15.0",
      "year": "2009",
      "month": "",
      "quarter": "",
      "sourceDataset": "UNEM",
      "updateDate": "2015-07-09T00:48:24.174Z"
    },
    {
      "date": "2010",
      "value": "24.6",
      "year": "2010",
      "month": "",
      "quarter": "",
      "sourceDataset": "UNEM",
      "updateDate": "2015-07-09T00:48:24.174Z"
    },
    {
      "date": "2011",
      "value": "23.3",
      "year": "2011",
      "month": "",
      "quarter": "",
      "sourceDataset": "UNEM",
      "updateDate": "2015-07-09T00:48:24.174Z"
    },
    {
      "date": "2012",
      "value": "33.5",
      "year": "2012",
      "month": "",
      "quarter": "",
      "sourceDataset": "UNEM",
      "updateDate": "2015-07-09T00:48:24.174Z"
    },
    {
      "date": "2013",
      "value": "38.8",
      "year": "2013",
      "month": "",
      "quarter": "",
      "sourceDataset": "UNEM",
      "updateDate": "2015-07-09T00:48:24.174Z"
    },
    {
      "date": "2014",
      "value": "40.4",
      "year": "2014",
      "month": "",
      "quarter": "",
      "sourceDataset": "UNEM",
      "updateDate": "2015-07-09T00:48:24.174Z"
    }
  ],
  "quarters": [
    {
      "date": "1996 Q1",
      "value": "44.6",
      "year": "1996",
      "month": "",
      "quarter": "Q1",
      "sourceDataset": "UNEM",
      "updateDate": "2015-07-09T00:48:24.174Z"
    },
    {
      "date": "1996 Q2",
      "value": "45.1",
      "year": "1996",
      "month": "",
      "quarter": "Q2",
      "sourceDataset": "UNEM",
      "updateDate": "2015-07-09T00:48:24.174Z"
    },
    {
      "date": "1996 Q3",
      "value": "45.0",
      "year": "1996",
      "month": "",
      "quarter": "Q3",
      "sourceDataset": "UNEM",
      "updateDate": "2015-07-09T00:48:24.174Z"
    },
    {
      "date": "1996 Q4",
      "value": "46.0",
      "year": "1996",
      "month": "",
      "quarter": "Q4",
      "sourceDataset": "UNEM",
      "updateDate": "2015-07-09T00:48:24.174Z"
    },
    {
      "date": "1997 Q1",
      "value": "46.0",
      "year": "1997",
      "month": "",
      "quarter": "Q1",
      "sourceDataset": "UNEM",
      "updateDate": "2015-07-09T00:48:24.174Z"
    },
    {
      "date": "1997 Q2",
      "value": "46.6",
      "year": "1997",
      "month": "",
      "quarter": "Q2",
      "sourceDataset": "UNEM",
      "updateDate": "2015-07-09T00:48:24.174Z"
    },
    {
      "date": "1997 Q3",
      "value": "43.8",
      "year": "1997",
      "month": "",
      "quarter": "Q3",
      "sourceDataset": "UNEM",
      "updateDate": "2015-07-09T00:48:24.174Z"
    },
    {
      "date": "1997 Q4",
      "value": "41.4",
      "year": "1997",
      "month": "",
      "quarter": "Q4",
      "sourceDataset": "UNEM",
      "updateDate": "2015-07-09T00:48:24.174Z"
    },
    {
      "date": "1998 Q1",
      "value": "38.4",
      "year": "1998",
      "month": "",
      "quarter": "Q1",
      "sourceDataset": "UNEM",
      "updateDate": "2015-07-09T00:48:24.174Z"
    },
    {
      "date": "1998 Q2",
      "value": "39.2",
      "year": "1998",
      "month": "",
      "quarter": "Q2",
      "sourceDataset": "UNEM",
      "updateDate": "2015-07-09T00:48:24.174Z"
    },
    {
      "date": "1998 Q3",
      "value": "39.6",
      "year": "1998",
      "month": "",
      "quarter": "Q3",
      "sourceDataset": "UNEM",
      "updateDate": "2015-07-09T00:48:24.174Z"
    },
    {
      "date": "1998 Q4",
      "value": "39.4",
      "year": "1998",
      "month": "",
      "quarter": "Q4",
      "sourceDataset": "UNEM",
      "updateDate": "2015-07-09T00:48:24.174Z"
    },
    {
      "date": "1999 Q1",
      "value": "37.2",
      "year": "1999",
      "month": "",
      "quarter": "Q1",
      "sourceDataset": "UNEM",
      "updateDate": "2015-07-09T00:48:24.174Z"
    },
    {
      "date": "1999 Q2",
      "value": "37.8",
      "year": "1999",
      "month": "",
      "quarter": "Q2",
      "sourceDataset": "UNEM",
      "updateDate": "2015-07-09T00:48:24.174Z"
    },
    {
      "date": "1999 Q3",
      "value": "37.8",
      "year": "1999",
      "month": "",
      "quarter": "Q3",
      "sourceDataset": "UNEM",
      "updateDate": "2015-07-09T00:48:24.174Z"
    },
    {
      "date": "1999 Q4",
      "value": "37.3",
      "year": "1999",
      "month": "",
      "quarter": "Q4",
      "sourceDataset": "UNEM",
      "updateDate": "2015-07-09T00:48:24.174Z"
    },
    {
      "date": "2000 Q1",
      "value": "34.7",
      "year": "2000",
      "month": "",
      "quarter": "Q1",
      "sourceDataset": "UNEM",
      "updateDate": "2015-07-09T00:48:24.174Z"
    },
    {
      "date": "2000 Q2",
      "value": "35.3",
      "year": "2000",
      "month": "",
      "quarter": "Q2",
      "sourceDataset": "UNEM",
      "updateDate": "2015-07-09T00:48:24.174Z"
    },
    {
      "date": "2000 Q3",
      "value": "35.3",
      "year": "2000",
      "month": "",
      "quarter": "Q3",
      "sourceDataset": "UNEM",
      "updateDate": "2015-07-09T00:48:24.174Z"
    },
    {
      "date": "2000 Q4",
      "value": "34.3",
      "year": "2000",
      "month": "",
      "quarter": "Q4",
      "sourceDataset": "UNEM",
      "updateDate": "2015-07-09T00:48:24.174Z"
    },
    {
      "date": "2001 Q1",
      "value": "31.8",
      "year": "2001",
      "month": "",
      "quarter": "Q1",
      "sourceDataset": "UNEM",
      "updateDate": "2015-07-09T00:48:24.174Z"
    },
    {
      "date": "2001 Q2",
      "value": "32.7",
      "year": "2001",
      "month": "",
      "quarter": "Q2",
      "sourceDataset": "UNEM",
      "updateDate": "2015-07-09T00:48:24.174Z"
    },
    {
      "date": "2001 Q3",
      "value": "32.7",
      "year": "2001",
      "month": "",
      "quarter": "Q3",
      "sourceDataset": "UNEM",
      "updateDate": "2015-07-09T00:48:24.174Z"
    },
    {
      "date": "2001 Q4",
      "value": "31.2",
      "year": "2001",
      "month": "",
      "quarter": "Q4",
      "sourceDataset": "UNEM",
      "updateDate": "2015-07-09T00:48:24.174Z"
    },
    {
      "date": "2002 Q1",
      "value": "28.5",
      "year": "2002",
      "month": "",
      "quarter": "Q1",
      "sourceDataset": "UNEM",
      "updateDate": "2015-07-09T00:48:24.174Z"
    },
    {
      "date": "2002 Q2",
      "value": "29.6",
      "year": "2002",
      "month": "",
      "quarter": "Q2",
      "sourceDataset": "UNEM",
      "updateDate": "2015-07-09T00:48:24.174Z"
    },
    {
      "date": "2002 Q3",
      "value": "30.2",
      "year": "2002",
      "month": "",
      "quarter": "Q3",
      "sourceDataset": "UNEM",
      "updateDate": "2015-07-09T00:48:24.174Z"
    },
    {
      "date": "2002 Q4",
      "value": "30.4",
      "year": "2002",
      "month": "",
      "quarter": "Q4",
      "sourceDataset": "UNEM",
      "updateDate": "2015-07-09T00:48:24.174Z"
    },
    {
      "date": "2003 Q1",
      "value": "28.4",
      "year": "2003",
      "month": "",
      "quarter": "Q1",
      "sourceDataset": "UNEM",
      "updateDate": "2015-07-09T00:48:24.174Z"
    },
    {
      "date": "2003 Q2",
      "value": "29.6",
      "year": "2003",
      "month": "",
      "quarter": "Q2",
      "sourceDataset": "UNEM",
      "updateDate": "2015-07-09T00:48:24.174Z"
    },
    {
      "date": "2003 Q3",
      "value": "30.7",
      "year": "2003",
      "month": "",
      "quarter": "Q3",
      "sourceDataset": "UNEM",
      "updateDate": "2015-07-09T00:48:24.174Z"
    },
    {
      "date": "2003 Q4",
      "value": "31.3",
      "year": "2003",
      "month": "",
      "quarter": "Q4",
      "sourceDataset": "UNEM",
      "updateDate": "2015-07-09T00:48:24.174Z"
    },
    {
      "date": "2004 Q1",
      "value": "30.0",
      "year": "2004",
      "month": "",
      "quarter": "Q1",
      "sourceDataset": "UNEM",
      "updateDate": "2015-07-09T00:48:24.174Z"
    },
    {
      "date": "2004 Q2",
      "value": "31.7",
      "year": "2004",
      "month": "",
      "quarter": "Q2",
      "sourceDataset": "UNEM",
      "updateDate": "2015-07-09T00:48:24.174Z"
    },
    {
      "date": "2004 Q3",
      "value": "32.3",
      "year": "2004",
      "month": "",
      "quarter": "Q3",
      "sourceDataset": "UNEM",
      "updateDate": "2015-07-09T00:48:24.174Z"
    },
    {
      "date": "2004 Q4",
      "value": "31.7",
      "year": "2004",
      "month": "",
      "quarter": "Q4",
      "sourceDataset": "UNEM",
      "updateDate": "2015-07-09T00:48:24.174Z"
    },
    {
      "date": "2005 Q1",
      "value": "29.2",
      "year": "2005",
      "month": "",
      "quarter": "Q1",
      "sourceDataset": "UNEM",
      "updateDate": "2015-07-09T00:48:24.174Z"
    },
    {
      "date": "2005 Q2",
      "value": "29.0",
      "year": "2005",
      "month": "",
      "quarter": "Q2",
      "sourceDataset": "UNEM",
      "updateDate": "2015-07-09T00:48:24.174Z"
    },
    {
      "date": "2005 Q3",
      "value": "29.0",
      "year": "2005",
      "month": "",
      "quarter": "Q3",
      "sourceDataset": "UNEM",
      "updateDate": "2015-07-09T00:48:24.174Z"
    },
    {
      "date": "2005 Q4",
      "value": "28.9",
      "year": "2005",
      "month": "",
      "quarter": "Q4",
      "sourceDataset": "UNEM",
      "updateDate": "2015-07-09T00:48:24.174Z"
    },
    {
      "date": "2006 Q1",
      "value": "27.7",
      "year": "2006",
      "month": "",
      "quarter": "Q1",
      "sourceDataset": "UNEM",
      "updateDate": "2015-07-09T00:48:24.174Z"
    },
    {
      "date": "2006 Q2",
      "value": "29.5",
      "year": "2006",
      "month": "",
      "quarter": "Q2",
      "sourceDataset": "UNEM",
      "updateDate": "2015-07-09T00:48:24.174Z"
    },
    {
      "date": "2006 Q3",
      "value": "31.5",
      "year": "2006",
      "month": "",
      "quarter": "Q3",
      "sourceDataset": "UNEM",
      "updateDate": "2015-07-09T00:48:24.174Z"
    },
    {
      "date": "2006 Q4",
      "value": "32.6",
      "year": "2006",
      "month": "",
      "quarter": "Q4",
      "sourceDataset": "UNEM",
      "updateDate": "2015-07-09T00:48:24.174Z"
    },
    {
      "date": "2007 Q1",
      "value": "31.8",
      "year": "2007",
      "month": "",
      "quarter": "Q1",
      "sourceDataset": "UNEM",
      "updateDate": "2015-07-09T00:48:24.174Z"
    },
    {
      "date": "2007 Q2",
      "value": "33.5",
      "year": "2007",
      "month": "",
      "quarter": "Q2",
      "sourceDataset": "UNEM",
      "updateDate": "2015-07-09T00:48:24.174Z"
    },
    {
      "date": "2007 Q3",
      "value": "33.8",
      "year": "2007",
      "month": "",
      "quarter": "Q3",
      "sourceDataset": "UNEM",
      "updateDate": "2015-07-09T00:48:24.174Z"
    },
    {
      "date": "2007 Q4",
      "value": "31.1",
      "year": "2007",
      "month": "",
      "quarter": "Q4",
      "sourceDataset": "UNEM",
      "updateDate": "2015-07-09T00:48:24.174Z"
    },
    {
      "date": "2008 Q1",
      "value": "25.3",
      "year": "2008",
      "month": "",
      "quarter": "Q1",
      "sourceDataset": "UNEM",
      "updateDate": "2015-07-09T00:48:24.174Z"
    },
    {
      "date": "2008 Q2",
      "value": "21.7",
      "year": "2008",
      "month": "",
      "quarter": "Q2",
      "sourceDataset": "UNEM",
      "updateDate": "2015-07-09T00:48:24.174Z"
    },
    {
      "date": "2008 Q3",
      "value": "18.3",
      "year": "2008",
      "month": "",
      "quarter": "Q3",
      "sourceDataset": "UNEM",
      "updateDate": "2015-07-09T00:48:24.174Z"
    },
    {
      "date": "2008 Q4",
      "value": "15.1",
      "year": "2008",
      "month": "",
      "quarter": "Q4",
      "sourceDataset": "UNEM",
      "updateDate": "2015-07-09T00:48:24.174Z"
    },
    {
      "date": "2009 Q1",
      "value": "12.3",
      "year": "2009",
      "month": "",
      "quarter": "Q1",
      "sourceDataset": "UNEM",
      "updateDate": "2015-07-09T00:48:24.174Z"
    },
    {
      "date": "2009 Q2",
      "value": "12.8",
      "year": "2009",
      "month": "",
      "quarter": "Q2",
      "sourceDataset": "UNEM",
      "updateDate": "2015-07-09T00:48:24.174Z"
    },
    {
      "date": "2009 Q3",
      "value": "15.7",
      "year": "2009",
      "month": "",
      "quarter": "Q3",
      "sourceDataset": "UNEM",
      "updateDate": "2015-07-09T00:48:24.174Z"
    },
    {
      "date": "2009 Q4",
      "value": "19.3",
      "year": "2009",
      "month": "",
      "quarter": "Q4",
      "sourceDataset": "UNEM",
      "updateDate": "2015-07-09T00:48:24.174Z"
    },
    {
      "date": "2010 Q1",
      "value": "21.9",
      "year": "2010",
      "month": "",
      "quarter": "Q1",
      "sourceDataset": "UNEM",
      "updateDate": "2015-07-09T00:48:24.174Z"
    },
    {
      "date": "2010 Q2",
      "value": "25.1",
      "year": "2010",
      "month": "",
      "quarter": "Q2",
      "sourceDataset": "UNEM",
      "updateDate": "2015-07-09T00:48:24.174Z"
    },
    {
      "date": "2010 Q3",
      "value": "26.4",
      "year": "2010",
      "month": "",
      "quarter": "Q3",
      "sourceDataset": "UNEM",
      "updateDate": "2015-07-09T00:48:24.174Z"
    },
    {
      "date": "2010 Q4",
      "value": "25.2",
      "year": "2010",
      "month": "",
      "quarter": "Q4",
      "sourceDataset": "UNEM",
      "updateDate": "2015-07-09T00:48:24.174Z"
    },
    {
      "date": "2011 Q1",
      "value": "22.4",
      "year": "2011",
      "month": "",
      "quarter": "Q1",
      "sourceDataset": "UNEM",
      "updateDate": "2015-07-09T00:48:24.174Z"
    },
    {
      "date": "2011 Q2",
      "value": "21.6",
      "year": "2011",
      "month": "",
      "quarter": "Q2",
      "sourceDataset": "UNEM",
      "updateDate": "2015-07-09T00:48:24.174Z"
    },
    {
      "date": "2011 Q3",
      "value": "23.1",
      "year": "2011",
      "month": "",
      "quarter": "Q3",
      "sourceDataset": "UNEM",
      "updateDate": "2015-07-09T00:48:24.174Z"
    },
    {
      "date": "2011 Q4",
      "value": "26.1",
      "year": "2011",
      "month": "",
      "quarter": "Q4",
      "sourceDataset": "UNEM",
      "updateDate": "2015-07-09T00:48:24.174Z"
    },
    {
      "date": "2012 Q1",
      "value": "28.1",
      "year": "2012",
      "month": "",
      "quarter": "Q1",
      "sourceDataset": "UNEM",
      "updateDate": "2015-07-09T00:48:24.174Z"
    },
    {
      "date": "2012 Q2",
      "value": "32.8",
      "year": "2012",
      "month": "",
      "quarter": "Q2",
      "sourceDataset": "UNEM",
      "updateDate": "2015-07-09T00:48:24.174Z"
    },
    {
      "date": "2012 Q3",
      "value": "36.1",
      "year": "2012",
      "month": "",
      "quarter": "Q3",
      "sourceDataset": "UNEM",
      "updateDate": "2015-07-09T00:48:24.174Z"
    },
    {
      "date": "2012 Q4",
      "value": "36.9",
      "year": "2012",
      "month": "",
      "quarter": "Q4",
      "sourceDataset": "UNEM",
      "updateDate": "2015-07-09T00:48:24.174Z"
    },
    {
      "date": "2013 Q1",
      "value": "36.1",
      "year": "2013",
      "month": "",
      "quarter": "Q1",
      "sourceDataset": "UNEM",
      "updateDate": "2015-07-09T00:48:24.174Z"
    },
    {
      "date": "2013 Q2",
      "value": "38.1",
      "year": "2013",
      "month": "",
      "quarter": "Q2",
      "sourceDataset": "UNEM",
      "updateDate": "2015-07-09T00:48:24.174Z"
    },
    {
      "date": "2013 Q3",
      "value": "40.2",
      "year": "2013",
      "month": "",
      "quarter": "Q3",
      "sourceDataset": "UNEM",
      "updateDate": "2015-07-09T00:48:24.174Z"
    },
    {
      "date": "2013 Q4",
      "value": "40.8",
      "year": "2013",
      "month": "",
      "quarter": "Q4",
      "sourceDataset": "UNEM",
      "updateDate": "2015-07-09T00:48:24.174Z"
    },
    {
      "date": "2014 Q1",
      "value": "38.9",
      "year": "2014",
      "month": "",
      "quarter": "Q1",
      "sourceDataset": "UNEM",
      "updateDate": "2015-07-09T00:48:24.174Z"
    },
    {
      "date": "2014 Q2",
      "value": "40.2",
      "year": "2014",
      "month": "",
      "quarter": "Q2",
      "sourceDataset": "UNEM",
      "updateDate": "2015-07-09T00:48:24.174Z"
    },
    {
      "date": "2014 Q3",
      "value": "41.5",
      "year": "2014",
      "month": "",
      "quarter": "Q3",
      "sourceDataset": "UNEM",
      "updateDate": "2015-07-09T00:48:24.174Z"
    },
    {
      "date": "2014 Q4",
      "value": "40.9",
      "year": "2014",
      "month": "",
      "quarter": "Q4",
      "sourceDataset": "UNEM",
      "updateDate": "2015-07-09T00:48:24.174Z"
    },
    {
      "date": "2015 Q1",
      "value": "38.3",
      "year": "2015",
      "month": "",
      "quarter": "Q1",
      "sourceDataset": "UNEM",
      "updateDate": "2015-07-09T00:48:24.174Z"
    }
  ],
  "months": [
    {
      "date": "1996 JAN",
      "value": "44.4",
      "year": "1996",
      "month": "January",
      "quarter": "",
      "sourceDataset": "UNEM",
      "updateDate": "2015-07-09T00:48:24.174Z"
    },
    {
      "date": "1996 FEB",
      "value": "44.3",
      "year": "1996",
      "month": "February",
      "quarter": "",
      "sourceDataset": "UNEM",
      "updateDate": "2015-07-09T00:48:24.174Z"
    },
    {
      "date": "1996 MAR",
      "value": "45.0",
      "year": "1996",
      "month": "March",
      "quarter": "",
      "sourceDataset": "UNEM",
      "updateDate": "2015-07-09T00:48:24.174Z"
    },
    {
      "date": "1996 APR",
      "value": "44.6",
      "year": "1996",
      "month": "April",
      "quarter": "",
      "sourceDataset": "UNEM",
      "updateDate": "2015-07-09T00:48:24.174Z"
    },
    {
      "date": "1996 MAY",
      "value": "45.1",
      "year": "1996",
      "month": "May",
      "quarter": "",
      "sourceDataset": "UNEM",
      "updateDate": "2015-07-09T00:48:24.174Z"
    },
    {
      "date": "1996 JUN",
      "value": "45.5",
      "year": "1996",
      "month": "June",
      "quarter": "",
      "sourceDataset": "UNEM",
      "updateDate": "2015-07-09T00:48:24.174Z"
    },
    {
      "date": "1996 JUL",
      "value": "45.1",
      "year": "1996",
      "month": "July",
      "quarter": "",
      "sourceDataset": "UNEM",
      "updateDate": "2015-07-09T00:48:24.174Z"
    },
    {
      "date": "1996 AUG",
      "value": "44.6",
      "year": "1996",
      "month": "August",
      "quarter": "",
      "sourceDataset": "UNEM",
      "updateDate": "2015-07-09T00:48:24.174Z"
    },
    {
      "date": "1996 SEP",
      "value": "45.3",
      "year": "1996",
      "month": "September",
      "quarter": "",
      "sourceDataset": "UNEM",
      "updateDate": "2015-07-09T00:48:24.174Z"
    },
    {
      "date": "1996 OCT",
      "value": "46.1",
      "year": "1996",
      "month": "October",
      "quarter": "",
      "sourceDataset": "UNEM",
      "updateDate": "2015-07-09T00:48:24.174Z"
    },
    {
      "date": "1996 NOV",
      "value": "46.2",
      "year": "1996",
      "month": "November",
      "quarter": "",
      "sourceDataset": "UNEM",
      "updateDate": "2015-07-09T00:48:24.174Z"
    },
    {
      "date": "1996 DEC",
      "value": "45.8",
      "year": "1996",
      "month": "December",
      "quarter": "",
      "sourceDataset": "UNEM",
      "updateDate": "2015-07-09T00:48:24.174Z"
    },
    {
      "date": "1997 JAN",
      "value": "45.2",
      "year": "1997",
      "month": "January",
      "quarter": "",
      "sourceDataset": "UNEM",
      "updateDate": "2015-07-09T00:48:24.174Z"
    },
    {
      "date": "1997 FEB",
      "value": "46.0",
      "year": "1997",
      "month": "February",
      "quarter": "",
      "sourceDataset": "UNEM",
      "updateDate": "2015-07-09T00:48:24.174Z"
    },
    {
      "date": "1997 MAR",
      "value": "46.7",
      "year": "1997",
      "month": "March",
      "quarter": "",
      "sourceDataset": "UNEM",
      "updateDate": "2015-07-09T00:48:24.174Z"
    },
    {
      "date": "1997 APR",
      "value": "47.0",
      "year": "1997",
      "month": "April",
      "quarter": "",
      "sourceDataset": "UNEM",
      "updateDate": "2015-07-09T00:48:24.174Z"
    },
    {
      "date": "1997 MAY",
      "value": "46.7",
      "year": "1997",
      "month": "May",
      "quarter": "",
      "sourceDataset": "UNEM",
      "updateDate": "2015-07-09T00:48:24.174Z"
    },
    {
      "date": "1997 JUN",
      "value": "46.1",
      "year": "1997",
      "month": "June",
      "quarter": "",
      "sourceDataset": "UNEM",
      "updateDate": "2015-07-09T00:48:24.174Z"
    },
    {
      "date": "1997 JUL",
      "value": "44.9",
      "year": "1997",
      "month": "July",
      "quarter": "",
      "sourceDataset": "UNEM",
      "updateDate": "2015-07-09T00:48:24.174Z"
    },
    {
      "date": "1997 AUG",
      "value": "43.5",
      "year": "1997",
      "month": "August",
      "quarter": "",
      "sourceDataset": "UNEM",
      "updateDate": "2015-07-09T00:48:24.174Z"
    },
    {
      "date": "1997 SEP",
      "value": "43.1",
      "year": "1997",
      "month": "September",
      "quarter": "",
      "sourceDataset": "UNEM",
      "updateDate": "2015-07-09T00:48:24.174Z"
    },
    {
      "date": "1997 OCT",
      "value": "42.5",
      "year": "1997",
      "month": "October",
      "quarter": "",
      "sourceDataset": "UNEM",
      "updateDate": "2015-07-09T00:48:24.175Z"
    },
    {
      "date": "1997 NOV",
      "value": "41.3",
      "year": "1997",
      "month": "November",
      "quarter": "",
      "sourceDataset": "UNEM",
      "updateDate": "2015-07-09T00:48:24.175Z"
    },
    {
      "date": "1997 DEC",
      "value": "40.3",
      "year": "1997",
      "month": "December",
      "quarter": "",
      "sourceDataset": "UNEM",
      "updateDate": "2015-07-09T00:48:24.175Z"
    },
    {
      "date": "1998 JAN",
      "value": "38.3",
      "year": "1998",
      "month": "January",
      "quarter": "",
      "sourceDataset": "UNEM",
      "updateDate": "2015-07-09T00:48:24.175Z"
    },
    {
      "date": "1998 FEB",
      "value": "38.3",
      "year": "1998",
      "month": "February",
      "quarter": "",
      "sourceDataset": "UNEM",
      "updateDate": "2015-07-09T00:48:24.175Z"
    },
    {
      "date": "1998 MAR",
      "value": "38.7",
      "year": "1998",
      "month": "March",
      "quarter": "",
      "sourceDataset": "UNEM",
      "updateDate": "2015-07-09T00:48:24.175Z"
    },
    {
      "date": "1998 APR",
      "value": "38.3",
      "year": "1998",
      "month": "April",
      "quarter": "",
      "sourceDataset": "UNEM",
      "updateDate": "2015-07-09T00:48:24.175Z"
    },
    {
      "date": "1998 MAY",
      "value": "39.3",
      "year": "1998",
      "month": "May",
      "quarter": "",
      "sourceDataset": "UNEM",
      "updateDate": "2015-07-09T00:48:24.175Z"
    },
    {
      "date": "1998 JUN",
      "value": "39.9",
      "year": "1998",
      "month": "June",
      "quarter": "",
      "sourceDataset": "UNEM",
      "updateDate": "2015-07-09T00:48:24.175Z"
    },
    {
      "date": "1998 JUL",
      "value": "39.6",
      "year": "1998",
      "month": "July",
      "quarter": "",
      "sourceDataset": "UNEM",
      "updateDate": "2015-07-09T00:48:24.175Z"
    },
    {
      "date": "1998 AUG",
      "value": "39.2",
      "year": "1998",
      "month": "August",
      "quarter": "",
      "sourceDataset": "UNEM",
      "updateDate": "2015-07-09T00:48:24.175Z"
    },
    {
      "date": "1998 SEP",
      "value": "40.1",
      "year": "1998",
      "month": "September",
      "quarter": "",
      "sourceDataset": "UNEM",
      "updateDate": "2015-07-09T00:48:24.175Z"
    },
    {
      "date": "1998 OCT",
      "value": "40.2",
      "year": "1998",
      "month": "October",
      "quarter": "",
      "sourceDataset": "UNEM",
      "updateDate": "2015-07-09T00:48:24.175Z"
    },
    {
      "date": "1998 NOV",
      "value": "39.3",
      "year": "1998",
      "month": "November",
      "quarter": "",
      "sourceDataset": "UNEM",
      "updateDate": "2015-07-09T00:48:24.175Z"
    },
    {
      "date": "1998 DEC",
      "value": "38.8",
      "year": "1998",
      "month": "December",
      "quarter": "",
      "sourceDataset": "UNEM",
      "updateDate": "2015-07-09T00:48:24.175Z"
    },
    {
      "date": "1999 JAN",
      "value": "37.1",
      "year": "1999",
      "month": "January",
      "quarter": "",
      "sourceDataset": "UNEM",
      "updateDate": "2015-07-09T00:48:24.175Z"
    },
    {
      "date": "1999 FEB",
      "value": "37.1",
      "year": "1999",
      "month": "February",
      "quarter": "",
      "sourceDataset": "UNEM",
      "updateDate": "2015-07-09T00:48:24.175Z"
    },
    {
      "date": "1999 MAR",
      "value": "37.4",
      "year": "1999",
      "month": "March",
      "quarter": "",
      "sourceDataset": "UNEM",
      "updateDate": "2015-07-09T00:48:24.175Z"
    },
    {
      "date": "1999 APR",
      "value": "37.3",
      "year": "1999",
      "month": "April",
      "quarter": "",
      "sourceDataset": "UNEM",
      "updateDate": "2015-07-09T00:48:24.175Z"
    },
    {
      "date": "1999 MAY",
      "value": "37.9",
      "year": "1999",
      "month": "May",
      "quarter": "",
      "sourceDataset": "UNEM",
      "updateDate": "2015-07-09T00:48:24.175Z"
    },
    {
      "date": "1999 JUN",
      "value": "38.2",
      "year": "1999",
      "month": "June",
      "quarter": "",
      "sourceDataset": "UNEM",
      "updateDate": "2015-07-09T00:48:24.175Z"
    },
    {
      "date": "1999 JUL",
      "value": "37.9",
      "year": "1999",
      "month": "July",
      "quarter": "",
      "sourceDataset": "UNEM",
      "updateDate": "2015-07-09T00:48:24.175Z"
    },
    {
      "date": "1999 AUG",
      "value": "37.6",
      "year": "1999",
      "month": "August",
      "quarter": "",
      "sourceDataset": "UNEM",
      "updateDate": "2015-07-09T00:48:24.175Z"
    },
    {
      "date": "1999 SEP",
      "value": "37.9",
      "year": "1999",
      "month": "September",
      "quarter": "",
      "sourceDataset": "UNEM",
      "updateDate": "2015-07-09T00:48:24.175Z"
    },
    {
      "date": "1999 OCT",
      "value": "37.9",
      "year": "1999",
      "month": "October",
      "quarter": "",
      "sourceDataset": "UNEM",
      "updateDate": "2015-07-09T00:48:24.175Z"
    },
    {
      "date": "1999 NOV",
      "value": "37.2",
      "year": "1999",
      "month": "November",
      "quarter": "",
      "sourceDataset": "UNEM",
      "updateDate": "2015-07-09T00:48:24.175Z"
    },
    {
      "date": "1999 DEC",
      "value": "36.7",
      "year": "1999",
      "month": "December",
      "quarter": "",
      "sourceDataset": "UNEM",
      "updateDate": "2015-07-09T00:48:24.175Z"
    },
    {
      "date": "2000 JAN",
      "value": "34.7",
      "year": "2000",
      "month": "January",
      "quarter": "",
      "sourceDataset": "UNEM",
      "updateDate": "2015-07-09T00:48:24.175Z"
    },
    {
      "date": "2000 FEB",
      "value": "34.5",
      "year": "2000",
      "month": "February",
      "quarter": "",
      "sourceDataset": "UNEM",
      "updateDate": "2015-07-09T00:48:24.175Z"
    },
    {
      "date": "2000 MAR",
      "value": "34.8",
      "year": "2000",
      "month": "March",
      "quarter": "",
      "sourceDataset": "UNEM",
      "updateDate": "2015-07-09T00:48:24.175Z"
    },
    {
      "date": "2000 APR",
      "value": "35.0",
      "year": "2000",
      "month": "April",
      "quarter": "",
      "sourceDataset": "UNEM",
      "updateDate": "2015-07-09T00:48:24.175Z"
    },
    {
      "date": "2000 MAY",
      "value": "35.3",
      "year": "2000",
      "month": "May",
      "quarter": "",
      "sourceDataset": "UNEM",
      "updateDate": "2015-07-09T00:48:24.175Z"
    },
    {
      "date": "2000 JUN",
      "value": "35.7",
      "year": "2000",
      "month": "June",
      "quarter": "",
      "sourceDataset": "UNEM",
      "updateDate": "2015-07-09T00:48:24.175Z"
    },
    {
      "date": "2000 JUL",
      "value": "35.4",
      "year": "2000",
      "month": "July",
      "quarter": "",
      "sourceDataset": "UNEM",
      "updateDate": "2015-07-09T00:48:24.175Z"
    },
    {
      "date": "2000 AUG",
      "value": "35.0",
      "year": "2000",
      "month": "August",
      "quarter": "",
      "sourceDataset": "UNEM",
      "updateDate": "2015-07-09T00:48:24.175Z"
    },
    {
      "date": "2000 SEP",
      "value": "35.6",
      "year": "2000",
      "month": "September",
      "quarter": "",
      "sourceDataset": "UNEM",
      "updateDate": "2015-07-09T00:48:24.175Z"
    },
    {
      "date": "2000 OCT",
      "value": "35.1",
      "year": "2000",
      "month": "October",
      "quarter": "",
      "sourceDataset": "UNEM",
      "updateDate": "2015-07-09T00:48:24.175Z"
    },
    {
      "date": "2000 NOV",
      "value": "34.2",
      "year": "2000",
      "month": "November",
      "quarter": "",
      "sourceDataset": "UNEM",
      "updateDate": "2015-07-09T00:48:24.175Z"
    },
    {
      "date": "2000 DEC",
      "value": "33.5",
      "year": "2000",
      "month": "December",
      "quarter": "",
      "sourceDataset": "UNEM",
      "updateDate": "2015-07-09T00:48:24.175Z"
    },
    {
      "date": "2001 JAN",
      "value": "31.6",
      "year": "2001",
      "month": "January",
      "quarter": "",
      "sourceDataset": "UNEM",
      "updateDate": "2015-07-09T00:48:24.175Z"
    },
    {
      "date": "2001 FEB",
      "value": "31.8",
      "year": "2001",
      "month": "February",
      "quarter": "",
      "sourceDataset": "UNEM",
      "updateDate": "2015-07-09T00:48:24.175Z"
    },
    {
      "date": "2001 MAR",
      "value": "32.0",
      "year": "2001",
      "month": "March",
      "quarter": "",
      "sourceDataset": "UNEM",
      "updateDate": "2015-07-09T00:48:24.175Z"
    },
    {
      "date": "2001 APR",
      "value": "32.1",
      "year": "2001",
      "month": "April",
      "quarter": "",
      "sourceDataset": "UNEM",
      "updateDate": "2015-07-09T00:48:24.175Z"
    },
    {
      "date": "2001 MAY",
      "value": "32.6",
      "year": "2001",
      "month": "May",
      "quarter": "",
      "sourceDataset": "UNEM",
      "updateDate": "2015-07-09T00:48:24.175Z"
    },
    {
      "date": "2001 JUN",
      "value": "33.3",
      "year": "2001",
      "month": "June",
      "quarter": "",
      "sourceDataset": "UNEM",
      "updateDate": "2015-07-09T00:48:24.175Z"
    },
    {
      "date": "2001 JUL",
      "value": "33.0",
      "year": "2001",
      "month": "July",
      "quarter": "",
      "sourceDataset": "UNEM",
      "updateDate": "2015-07-09T00:48:24.175Z"
    },
    {
      "date": "2001 AUG",
      "value": "32.4",
      "year": "2001",
      "month": "August",
      "quarter": "",
      "sourceDataset": "UNEM",
      "updateDate": "2015-07-09T00:48:24.175Z"
    },
    {
      "date": "2001 SEP",
      "value": "32.8",
      "year": "2001",
      "month": "September",
      "quarter": "",
      "sourceDataset": "UNEM",
      "updateDate": "2015-07-09T00:48:24.175Z"
    },
    {
      "date": "2001 OCT",
      "value": "32.3",
      "year": "2001",
      "month": "October",
      "quarter": "",
      "sourceDataset": "UNEM",
      "updateDate": "2015-07-09T00:48:24.175Z"
    },
    {
      "date": "2001 NOV",
      "value": "31.2",
      "year": "2001",
      "month": "November",
      "quarter": "",
      "sourceDataset": "UNEM",
      "updateDate": "2015-07-09T00:48:24.175Z"
    },
    {
      "date": "2001 DEC",
      "value": "30.2",
      "year": "2001",
      "month": "December",
      "quarter": "",
      "sourceDataset": "UNEM",
      "updateDate": "2015-07-09T00:48:24.175Z"
    },
    {
      "date": "2002 JAN",
      "value": "28.4",
      "year": "2002",
      "month": "January",
      "quarter": "",
      "sourceDataset": "UNEM",
      "updateDate": "2015-07-09T00:48:24.175Z"
    },
    {
      "date": "2002 FEB",
      "value": "28.4",
      "year": "2002",
      "month": "February",
      "quarter": "",
      "sourceDataset": "UNEM",
      "updateDate": "2015-07-09T00:48:24.175Z"
    },
    {
      "date": "2002 MAR",
      "value": "28.6",
      "year": "2002",
      "month": "March",
      "quarter": "",
      "sourceDataset": "UNEM",
      "updateDate": "2015-07-09T00:48:24.175Z"
    },
    {
      "date": "2002 APR",
      "value": "29.2",
      "year": "2002",
      "month": "April",
      "quarter": "",
      "sourceDataset": "UNEM",
      "updateDate": "2015-07-09T00:48:24.175Z"
    },
    {
      "date": "2002 MAY",
      "value": "29.5",
      "year": "2002",
      "month": "May",
      "quarter": "",
      "sourceDataset": "UNEM",
      "updateDate": "2015-07-09T00:48:24.175Z"
    },
    {
      "date": "2002 JUN",
      "value": "30.0",
      "year": "2002",
      "month": "June",
      "quarter": "",
      "sourceDataset": "UNEM",
      "updateDate": "2015-07-09T00:48:24.175Z"
    },
    {
      "date": "2002 JUL",
      "value": "30.0",
      "year": "2002",
      "month": "July",
      "quarter": "",
      "sourceDataset": "UNEM",
      "updateDate": "2015-07-09T00:48:24.175Z"
    },
    {
      "date": "2002 AUG",
      "value": "29.9",
      "year": "2002",
      "month": "August",
      "quarter": "",
      "sourceDataset": "UNEM",
      "updateDate": "2015-07-09T00:48:24.175Z"
    },
    {
      "date": "2002 SEP",
      "value": "30.6",
      "year": "2002",
      "month": "September",
      "quarter": "",
      "sourceDataset": "UNEM",
      "updateDate": "2015-07-09T00:48:24.175Z"
    },
    {
      "date": "2002 OCT",
      "value": "30.8",
      "year": "2002",
      "month": "October",
      "quarter": "",
      "sourceDataset": "UNEM",
      "updateDate": "2015-07-09T00:48:24.175Z"
    },
    {
      "date": "2002 NOV",
      "value": "30.4",
      "year": "2002",
      "month": "November",
      "quarter": "",
      "sourceDataset": "UNEM",
      "updateDate": "2015-07-09T00:48:24.175Z"
    },
    {
      "date": "2002 DEC",
      "value": "29.9",
      "year": "2002",
      "month": "December",
      "quarter": "",
      "sourceDataset": "UNEM",
      "updateDate": "2015-07-09T00:48:24.175Z"
    },
    {
      "date": "2003 JAN",
      "value": "28.2",
      "year": "2003",
      "month": "January",
      "quarter": "",
      "sourceDataset": "UNEM",
      "updateDate": "2015-07-09T00:48:24.175Z"
    },
    {
      "date": "2003 FEB",
      "value": "28.3",
      "year": "2003",
      "month": "February",
      "quarter": "",
      "sourceDataset": "UNEM",
      "updateDate": "2015-07-09T00:48:24.175Z"
    },
    {
      "date": "2003 MAR",
      "value": "28.8",
      "year": "2003",
      "month": "March",
      "quarter": "",
      "sourceDataset": "UNEM",
      "updateDate": "2015-07-09T00:48:24.175Z"
    },
    {
      "date": "2003 APR",
      "value": "29.1",
      "year": "2003",
      "month": "April",
      "quarter": "",
      "sourceDataset": "UNEM",
      "updateDate": "2015-07-09T00:48:24.175Z"
    },
    {
      "date": "2003 MAY",
      "value": "29.5",
      "year": "2003",
      "month": "May",
      "quarter": "",
      "sourceDataset": "UNEM",
      "updateDate": "2015-07-09T00:48:24.175Z"
    },
    {
      "date": "2003 JUN",
      "value": "30.2",
      "year": "2003",
      "month": "June",
      "quarter": "",
      "sourceDataset": "UNEM",
      "updateDate": "2015-07-09T00:48:24.175Z"
    },
    {
      "date": "2003 JUL",
      "value": "30.4",
      "year": "2003",
      "month": "July",
      "quarter": "",
      "sourceDataset": "UNEM",
      "updateDate": "2015-07-09T00:48:24.175Z"
    },
    {
      "date": "2003 AUG",
      "value": "30.6",
      "year": "2003",
      "month": "August",
      "quarter": "",
      "sourceDataset": "UNEM",
      "updateDate": "2015-07-09T00:48:24.175Z"
    },
    {
      "date": "2003 SEP",
      "value": "31.2",
      "year": "2003",
      "month": "September",
      "quarter": "",
      "sourceDataset": "UNEM",
      "updateDate": "2015-07-09T00:48:24.175Z"
    },
    {
      "date": "2003 OCT",
      "value": "31.5",
      "year": "2003",
      "month": "October",
      "quarter": "",
      "sourceDataset": "UNEM",
      "updateDate": "2015-07-09T00:48:24.175Z"
    },
    {
      "date": "2003 NOV",
      "value": "31.2",
      "year": "2003",
      "month": "November",
      "quarter": "",
      "sourceDataset": "UNEM",
      "updateDate": "2015-07-09T00:48:24.175Z"
    },
    {
      "date": "2003 DEC",
      "value": "31.1",
      "year": "2003",
      "month": "December",
      "quarter": "",
      "sourceDataset": "UNEM",
      "updateDate": "2015-07-09T00:48:24.175Z"
    },
    {
      "date": "2004 JAN",
      "value": "29.6",
      "year": "2004",
      "month": "January",
      "quarter": "",
      "sourceDataset": "UNEM",
      "updateDate": "2015-07-09T00:48:24.175Z"
    },
    {
      "date": "2004 FEB",
      "value": "30.0",
      "year": "2004",
      "month": "February",
      "quarter": "",
      "sourceDataset": "UNEM",
      "updateDate": "2015-07-09T00:48:24.175Z"
    },
    {
      "date": "2004 MAR",
      "value": "30.5",
      "year": "2004",
      "month": "March",
      "quarter": "",
      "sourceDataset": "UNEM",
      "updateDate": "2015-07-09T00:48:24.175Z"
    },
    {
      "date": "2004 APR",
      "value": "31.0",
      "year": "2004",
      "month": "April",
      "quarter": "",
      "sourceDataset": "UNEM",
      "updateDate": "2015-07-09T00:48:24.175Z"
    },
    {
      "date": "2004 MAY",
      "value": "31.8",
      "year": "2004",
      "month": "May",
      "quarter": "",
      "sourceDataset": "UNEM",
      "updateDate": "2015-07-09T00:48:24.175Z"
    },
    {
      "date": "2004 JUN",
      "value": "32.4",
      "year": "2004",
      "month": "June",
      "quarter": "",
      "sourceDataset": "UNEM",
      "updateDate": "2015-07-09T00:48:24.175Z"
    },
    {
      "date": "2004 JUL",
      "value": "32.4",
      "year": "2004",
      "month": "July",
      "quarter": "",
      "sourceDataset": "UNEM",
      "updateDate": "2015-07-09T00:48:24.175Z"
    },
    {
      "date": "2004 AUG",
      "value": "32.2",
      "year": "2004",
      "month": "August",
      "quarter": "",
      "sourceDataset": "UNEM",
      "updateDate": "2015-07-09T00:48:24.175Z"
    },
    {
      "date": "2004 SEP",
      "value": "32.4",
      "year": "2004",
      "month": "September",
      "quarter": "",
      "sourceDataset": "UNEM",
      "updateDate": "2015-07-09T00:48:24.175Z"
    },
    {
      "date": "2004 OCT",
      "value": "32.3",
      "year": "2004",
      "month": "October",
      "quarter": "",
      "sourceDataset": "UNEM",
      "updateDate": "2015-07-09T00:48:24.175Z"
    },
    {
      "date": "2004 NOV",
      "value": "31.6",
      "year": "2004",
      "month": "November",
      "quarter": "",
      "sourceDataset": "UNEM",
      "updateDate": "2015-07-09T00:48:24.175Z"
    },
    {
      "date": "2004 DEC",
      "value": "31.1",
      "year": "2004",
      "month": "December",
      "quarter": "",
      "sourceDataset": "UNEM",
      "updateDate": "2015-07-09T00:48:24.175Z"
    },
    {
      "date": "2005 JAN",
      "value": "29.3",
      "year": "2005",
      "month": "January",
      "quarter": "",
      "sourceDataset": "UNEM",
      "updateDate": "2015-07-09T00:48:24.175Z"
    },
    {
      "date": "2005 FEB",
      "value": "29.2",
      "year": "2005",
      "month": "February",
      "quarter": "",
      "sourceDataset": "UNEM",
      "updateDate": "2015-07-09T00:48:24.175Z"
    },
    {
      "date": "2005 MAR",
      "value": "29.1",
      "year": "2005",
      "month": "March",
      "quarter": "",
      "sourceDataset": "UNEM",
      "updateDate": "2015-07-09T00:48:24.175Z"
    },
    {
      "date": "2005 APR",
      "value": "29.1",
      "year": "2005",
      "month": "April",
      "quarter": "",
      "sourceDataset": "UNEM",
      "updateDate": "2015-07-09T00:48:24.175Z"
    },
    {
      "date": "2005 MAY",
      "value": "28.9",
      "year": "2005",
      "month": "May",
      "quarter": "",
      "sourceDataset": "UNEM",
      "updateDate": "2015-07-09T00:48:24.175Z"
    },
    {
      "date": "2005 JUN",
      "value": "29.0",
      "year": "2005",
      "month": "June",
      "quarter": "",
      "sourceDataset": "UNEM",
      "updateDate": "2015-07-09T00:48:24.175Z"
    },
    {
      "date": "2005 JUL",
      "value": "29.0",
      "year": "2005",
      "month": "July",
      "quarter": "",
      "sourceDataset": "UNEM",
      "updateDate": "2015-07-09T00:48:24.175Z"
    },
    {
      "date": "2005 AUG",
      "value": "28.8",
      "year": "2005",
      "month": "August",
      "quarter": "",
      "sourceDataset": "UNEM",
      "updateDate": "2015-07-09T00:48:24.175Z"
    },
    {
      "date": "2005 SEP",
      "value": "29.2",
      "year": "2005",
      "month": "September",
      "quarter": "",
      "sourceDataset": "UNEM",
      "updateDate": "2015-07-09T00:48:24.175Z"
    },
    {
      "date": "2005 OCT",
      "value": "29.3",
      "year": "2005",
      "month": "October",
      "quarter": "",
      "sourceDataset": "UNEM",
      "updateDate": "2015-07-09T00:48:24.175Z"
    },
    {
      "date": "2005 NOV",
      "value": "28.8",
      "year": "2005",
      "month": "November",
      "quarter": "",
      "sourceDataset": "UNEM",
      "updateDate": "2015-07-09T00:48:24.175Z"
    },
    {
      "date": "2005 DEC",
      "value": "28.7",
      "year": "2005",
      "month": "December",
      "quarter": "",
      "sourceDataset": "UNEM",
      "updateDate": "2015-07-09T00:48:24.175Z"
    },
    {
      "date": "2006 JAN",
      "value": "27.6",
      "year": "2006",
      "month": "January",
      "quarter": "",
      "sourceDataset": "UNEM",
      "updateDate": "2015-07-09T00:48:24.175Z"
    },
    {
      "date": "2006 FEB",
      "value": "27.5",
      "year": "2006",
      "month": "February",
      "quarter": "",
      "sourceDataset": "UNEM",
      "updateDate": "2015-07-09T00:48:24.175Z"
    },
    {
      "date": "2006 MAR",
      "value": "27.9",
      "year": "2006",
      "month": "March",
      "quarter": "",
      "sourceDataset": "UNEM",
      "updateDate": "2015-07-09T00:48:24.175Z"
    },
    {
      "date": "2006 APR",
      "value": "28.6",
      "year": "2006",
      "month": "April",
      "quarter": "",
      "sourceDataset": "UNEM",
      "updateDate": "2015-07-09T00:48:24.175Z"
    },
    {
      "date": "2006 MAY",
      "value": "29.5",
      "year": "2006",
      "month": "May",
      "quarter": "",
      "sourceDataset": "UNEM",
      "updateDate": "2015-07-09T00:48:24.175Z"
    },
    {
      "date": "2006 JUN",
      "value": "30.3",
      "year": "2006",
      "month": "June",
      "quarter": "",
      "sourceDataset": "UNEM",
      "updateDate": "2015-07-09T00:48:24.175Z"
    },
    {
      "date": "2006 JUL",
      "value": "30.9",
      "year": "2006",
      "month": "July",
      "quarter": "",
      "sourceDataset": "UNEM",
      "updateDate": "2015-07-09T00:48:24.175Z"
    },
    {
      "date": "2006 AUG",
      "value": "31.4",
      "year": "2006",
      "month": "August",
      "quarter": "",
      "sourceDataset": "UNEM",
      "updateDate": "2015-07-09T00:48:24.175Z"
    },
    {
      "date": "2006 SEP",
      "value": "32.2",
      "year": "2006",
      "month": "September",
      "quarter": "",
      "sourceDataset": "UNEM",
      "updateDate": "2015-07-09T00:48:24.175Z"
    },
    {
      "date": "2006 OCT",
      "value": "32.6",
      "year": "2006",
      "month": "October",
      "quarter": "",
      "sourceDataset": "UNEM",
      "updateDate": "2015-07-09T00:48:24.175Z"
    },
    {
      "date": "2006 NOV",
      "value": "32.5",
      "year": "2006",
      "month": "November",
      "quarter": "",
      "sourceDataset": "UNEM",
      "updateDate": "2015-07-09T00:48:24.175Z"
    },
    {
      "date": "2006 DEC",
      "value": "32.7",
      "year": "2006",
      "month": "December",
      "quarter": "",
      "sourceDataset": "UNEM",
      "updateDate": "2015-07-09T00:48:24.175Z"
    },
    {
      "date": "2007 JAN",
      "value": "31.5",
      "year": "2007",
      "month": "January",
      "quarter": "",
      "sourceDataset": "UNEM",
      "updateDate": "2015-07-09T00:48:24.175Z"
    },
    {
      "date": "2007 FEB",
      "value": "31.7",
      "year": "2007",
      "month": "February",
      "quarter": "",
      "sourceDataset": "UNEM",
      "updateDate": "2015-07-09T00:48:24.175Z"
    },
    {
      "date": "2007 MAR",
      "value": "32.2",
      "year": "2007",
      "month": "March",
      "quarter": "",
      "sourceDataset": "UNEM",
      "updateDate": "2015-07-09T00:48:24.175Z"
    },
    {
      "date": "2007 APR",
      "value": "33.0",
      "year": "2007",
      "month": "April",
      "quarter": "",
      "sourceDataset": "UNEM",
      "updateDate": "2015-07-09T00:48:24.175Z"
    },
    {
      "date": "2007 MAY",
      "value": "33.4",
      "year": "2007",
      "month": "May",
      "quarter": "",
      "sourceDataset": "UNEM",
      "updateDate": "2015-07-09T00:48:24.175Z"
    },
    {
      "date": "2007 JUN",
      "value": "34.1",
      "year": "2007",
      "month": "June",
      "quarter": "",
      "sourceDataset": "UNEM",
      "updateDate": "2015-07-09T00:48:24.175Z"
    },
    {
      "date": "2007 JUL",
      "value": "34.1",
      "year": "2007",
      "month": "July",
      "quarter": "",
      "sourceDataset": "UNEM",
      "updateDate": "2015-07-09T00:48:24.175Z"
    },
    {
      "date": "2007 AUG",
      "value": "33.6",
      "year": "2007",
      "month": "August",
      "quarter": "",
      "sourceDataset": "UNEM",
      "updateDate": "2015-07-09T00:48:24.175Z"
    },
    {
      "date": "2007 SEP",
      "value": "33.8",
      "year": "2007",
      "month": "September",
      "quarter": "",
      "sourceDataset": "UNEM",
      "updateDate": "2015-07-09T00:48:24.175Z"
    },
    {
      "date": "2007 OCT",
      "value": "32.8",
      "year": "2007",
      "month": "October",
      "quarter": "",
      "sourceDataset": "UNEM",
      "updateDate": "2015-07-09T00:48:24.175Z"
    },
    {
      "date": "2007 NOV",
      "value": "31.3",
      "year": "2007",
      "month": "November",
      "quarter": "",
      "sourceDataset": "UNEM",
      "updateDate": "2015-07-09T00:48:24.175Z"
    },
    {
      "date": "2007 DEC",
      "value": "29.3",
      "year": "2007",
      "month": "December",
      "quarter": "",
      "sourceDataset": "UNEM",
      "updateDate": "2015-07-09T00:48:24.175Z"
    },
    {
      "date": "2008 JAN",
      "value": "27.1",
      "year": "2008",
      "month": "January",
      "quarter": "",
      "sourceDataset": "UNEM",
      "updateDate": "2015-07-09T00:48:24.175Z"
    },
    {
      "date": "2008 FEB",
      "value": "25.0",
      "year": "2008",
      "month": "February",
      "quarter": "",
      "sourceDataset": "UNEM",
      "updateDate": "2015-07-09T00:48:24.175Z"
    },
    {
      "date": "2008 MAR",
      "value": "23.9",
      "year": "2008",
      "month": "March",
      "quarter": "",
      "sourceDataset": "UNEM",
      "updateDate": "2015-07-09T00:48:24.175Z"
    },
    {
      "date": "2008 APR",
      "value": "22.7",
      "year": "2008",
      "month": "April",
      "quarter": "",
      "sourceDataset": "UNEM",
      "updateDate": "2015-07-09T00:48:24.175Z"
    },
    {
      "date": "2008 MAY",
      "value": "21.8",
      "year": "2008",
      "month": "May",
      "quarter": "",
      "sourceDataset": "UNEM",
      "updateDate": "2015-07-09T00:48:24.175Z"
    },
    {
      "date": "2008 JUN",
      "value": "20.7",
      "year": "2008",
      "month": "June",
      "quarter": "",
      "sourceDataset": "UNEM",
      "updateDate": "2015-07-09T00:48:24.175Z"
    },
    {
      "date": "2008 JUL",
      "value": "19.4",
      "year": "2008",
      "month": "July",
      "quarter": "",
      "sourceDataset": "UNEM",
      "updateDate": "2015-07-09T00:48:24.175Z"
    },
    {
      "date": "2008 AUG",
      "value": "18.0",
      "year": "2008",
      "month": "August",
      "quarter": "",
      "sourceDataset": "UNEM",
      "updateDate": "2015-07-09T00:48:24.175Z"
    },
    {
      "date": "2008 SEP",
      "value": "17.4",
      "year": "2008",
      "month": "September",
      "quarter": "",
      "sourceDataset": "UNEM",
      "updateDate": "2015-07-09T00:48:24.175Z"
    },
    {
      "date": "2008 OCT",
      "value": "16.6",
      "year": "2008",
      "month": "October",
      "quarter": "",
      "sourceDataset": "UNEM",
      "updateDate": "2015-07-09T00:48:24.175Z"
    },
    {
      "date": "2008 NOV",
      "value": "15.0",
      "year": "2008",
      "month": "November",
      "quarter": "",
      "sourceDataset": "UNEM",
      "updateDate": "2015-07-09T00:48:24.175Z"
    },
    {
      "date": "2008 DEC",
      "value": "13.8",
      "year": "2008",
      "month": "December",
      "quarter": "",
      "sourceDataset": "UNEM",
      "updateDate": "2015-07-09T00:48:24.175Z"
    },
    {
      "date": "2009 JAN",
      "value": "12.8",
      "year": "2009",
      "month": "January",
      "quarter": "",
      "sourceDataset": "UNEM",
      "updateDate": "2015-07-09T00:48:24.175Z"
    },
    {
      "date": "2009 FEB",
      "value": "12.0",
      "year": "2009",
      "month": "February",
      "quarter": "",
      "sourceDataset": "UNEM",
      "updateDate": "2015-07-09T00:48:24.175Z"
    },
    {
      "date": "2009 MAR",
      "value": "12.0",
      "year": "2009",
      "month": "March",
      "quarter": "",
      "sourceDataset": "UNEM",
      "updateDate": "2015-07-09T00:48:24.175Z"
    },
    {
      "date": "2009 APR",
      "value": "12.0",
      "year": "2009",
      "month": "April",
      "quarter": "",
      "sourceDataset": "UNEM",
      "updateDate": "2015-07-09T00:48:24.175Z"
    },
    {
      "date": "2009 MAY",
      "value": "12.8",
      "year": "2009",
      "month": "May",
      "quarter": "",
      "sourceDataset": "UNEM",
      "updateDate": "2015-07-09T00:48:24.175Z"
    },
    {
      "date": "2009 JUN",
      "value": "13.7",
      "year": "2009",
      "month": "June",
      "quarter": "",
      "sourceDataset": "UNEM",
      "updateDate": "2015-07-09T00:48:24.175Z"
    },
    {
      "date": "2009 JUL",
      "value": "14.5",
      "year": "2009",
      "month": "July",
      "quarter": "",
      "sourceDataset": "UNEM",
      "updateDate": "2015-07-09T00:48:24.175Z"
    },
    {
      "date": "2009 AUG",
      "value": "15.7",
      "year": "2009",
      "month": "August",
      "quarter": "",
      "sourceDataset": "UNEM",
      "updateDate": "2015-07-09T00:48:24.175Z"
    },
    {
      "date": "2009 SEP",
      "value": "17.0",
      "year": "2009",
      "month": "September",
      "quarter": "",
      "sourceDataset": "UNEM",
      "updateDate": "2015-07-09T00:48:24.175Z"
    },
    {
      "date": "2009 OCT",
      "value": "18.1",
      "year": "2009",
      "month": "October",
      "quarter": "",
      "sourceDataset": "UNEM",
      "updateDate": "2015-07-09T00:48:24.175Z"
    },
    {
      "date": "2009 NOV",
      "value": "19.4",
      "year": "2009",
      "month": "November",
      "quarter": "",
      "sourceDataset": "UNEM",
      "updateDate": "2015-07-09T00:48:24.175Z"
    },
    {
      "date": "2009 DEC",
      "value": "20.5",
      "year": "2009",
      "month": "December",
      "quarter": "",
      "sourceDataset": "UNEM",
      "updateDate": "2015-07-09T00:48:24.175Z"
    },
    {
      "date": "2010 JAN",
      "value": "20.9",
      "year": "2010",
      "month": "January",
      "quarter": "",
      "sourceDataset": "UNEM",
      "updateDate": "2015-07-09T00:48:24.175Z"
    },
    {
      "date": "2010 FEB",
      "value": "21.9",
      "year": "2010",
      "month": "February",
      "quarter": "",
      "sourceDataset": "UNEM",
      "updateDate": "2015-07-09T00:48:24.175Z"
    },
    {
      "date": "2010 MAR",
      "value": "23.0",
      "year": "2010",
      "month": "March",
      "quarter": "",
      "sourceDataset": "UNEM",
      "updateDate": "2015-07-09T00:48:24.175Z"
    },
    {
      "date": "2010 APR",
      "value": "24.0",
      "year": "2010",
      "month": "April",
      "quarter": "",
      "sourceDataset": "UNEM",
      "updateDate": "2015-07-09T00:48:24.175Z"
    },
    {
      "date": "2010 MAY",
      "value": "25.2",
      "year": "2010",
      "month": "May",
      "quarter": "",
      "sourceDataset": "UNEM",
      "updateDate": "2015-07-09T00:48:24.175Z"
    },
    {
      "date": "2010 JUN",
      "value": "26.0",
      "year": "2010",
      "month": "June",
      "quarter": "",
      "sourceDataset": "UNEM",
      "updateDate": "2015-07-09T00:48:24.175Z"
    },
    {
      "date": "2010 JUL",
      "value": "26.3",
      "year": "2010",
      "month": "July",
      "quarter": "",
      "sourceDataset": "UNEM",
      "updateDate": "2015-07-09T00:48:24.175Z"
    },
    {
      "date": "2010 AUG",
      "value": "26.4",
      "year": "2010",
      "month": "August",
      "quarter": "",
      "sourceDataset": "UNEM",
      "updateDate": "2015-07-09T00:48:24.175Z"
    },
    {
      "date": "2010 SEP",
      "value": "26.6",
      "year": "2010",
      "month": "September",
      "quarter": "",
      "sourceDataset": "UNEM",
      "updateDate": "2015-07-09T00:48:24.175Z"
    },
    {
      "date": "2010 OCT",
      "value": "26.2",
      "year": "2010",
      "month": "October",
      "quarter": "",
      "sourceDataset": "UNEM",
      "updateDate": "2015-07-09T00:48:24.175Z"
    },
    {
      "date": "2010 NOV",
      "value": "25.1",
      "year": "2010",
      "month": "November",
      "quarter": "",
      "sourceDataset": "UNEM",
      "updateDate": "2015-07-09T00:48:24.175Z"
    },
    {
      "date": "2010 DEC",
      "value": "24.2",
      "year": "2010",
      "month": "December",
      "quarter": "",
      "sourceDataset": "UNEM",
      "updateDate": "2015-07-09T00:48:24.175Z"
    },
    {
      "date": "2011 JAN",
      "value": "22.8",
      "year": "2011",
      "month": "January",
      "quarter": "",
      "sourceDataset": "UNEM",
      "updateDate": "2015-07-09T00:48:24.175Z"
    },
    {
      "date": "2011 FEB",
      "value": "22.3",
      "year": "2011",
      "month": "February",
      "quarter": "",
      "sourceDataset": "UNEM",
      "updateDate": "2015-07-09T00:48:24.175Z"
    },
    {
      "date": "2011 MAR",
      "value": "22.0",
      "year": "2011",
      "month": "March",
      "quarter": "",
      "sourceDataset": "UNEM",
      "updateDate": "2015-07-09T00:48:24.175Z"
    },
    {
      "date": "2011 APR",
      "value": "21.5",
      "year": "2011",
      "month": "April",
      "quarter": "",
      "sourceDataset": "UNEM",
      "updateDate": "2015-07-09T00:48:24.175Z"
    },
    {
      "date": "2011 MAY",
      "value": "21.6",
      "year": "2011",
      "month": "May",
      "quarter": "",
      "sourceDataset": "UNEM",
      "updateDate": "2015-07-09T00:48:24.175Z"
    },
    {
      "date": "2011 JUN",
      "value": "21.7",
      "year": "2011",
      "month": "June",
      "quarter": "",
      "sourceDataset": "UNEM",
      "updateDate": "2015-07-09T00:48:24.175Z"
    },
    {
      "date": "2011 JUL",
      "value": "22.4",
      "year": "2011",
      "month": "July",
      "quarter": "",
      "sourceDataset": "UNEM",
      "updateDate": "2015-07-09T00:48:24.175Z"
    },
    {
      "date": "2011 AUG",
      "value": "23.0",
      "year": "2011",
      "month": "August",
      "quarter": "",
      "sourceDataset": "UNEM",
      "updateDate": "2015-07-09T00:48:24.175Z"
    },
    {
      "date": "2011 SEP",
      "value": "24.0",
      "year": "2011",
      "month": "September",
      "quarter": "",
      "sourceDataset": "UNEM",
      "updateDate": "2015-07-09T00:48:24.175Z"
    },
    {
      "date": "2011 OCT",
      "value": "25.2",
      "year": "2011",
      "month": "October",
      "quarter": "",
      "sourceDataset": "UNEM",
      "updateDate": "2015-07-09T00:48:24.175Z"
    },
    {
      "date": "2011 NOV",
      "value": "26.1",
      "year": "2011",
      "month": "November",
      "quarter": "",
      "sourceDataset": "UNEM",
      "updateDate": "2015-07-09T00:48:24.175Z"
    },
    {
      "date": "2011 DEC",
      "value": "26.9",
      "year": "2011",
      "month": "December",
      "quarter": "",
      "sourceDataset": "UNEM",
      "updateDate": "2015-07-09T00:48:24.175Z"
    },
    {
      "date": "2012 JAN",
      "value": "27.0",
      "year": "2012",
      "month": "January",
      "quarter": "",
      "sourceDataset": "UNEM",
      "updateDate": "2015-07-09T00:48:24.175Z"
    },
    {
      "date": "2012 FEB",
      "value": "27.8",
      "year": "2012",
      "month": "February",
      "quarter": "",
      "sourceDataset": "UNEM",
      "updateDate": "2015-07-09T00:48:24.175Z"
    },
    {
      "date": "2012 MAR",
      "value": "29.4",
      "year": "2012",
      "month": "March",
      "quarter": "",
      "sourceDataset": "UNEM",
      "updateDate": "2015-07-09T00:48:24.175Z"
    },
    {
      "date": "2012 APR",
      "value": "31.5",
      "year": "2012",
      "month": "April",
      "quarter": "",
      "sourceDataset": "UNEM",
      "updateDate": "2015-07-09T00:48:24.175Z"
    },
    {
      "date": "2012 MAY",
      "value": "32.5",
      "year": "2012",
      "month": "May",
      "quarter": "",
      "sourceDataset": "UNEM",
      "updateDate": "2015-07-09T00:48:24.175Z"
    },
    {
      "date": "2012 JUN",
      "value": "34.3",
      "year": "2012",
      "month": "June",
      "quarter": "",
      "sourceDataset": "UNEM",
      "updateDate": "2015-07-09T00:48:24.175Z"
    },
    {
      "date": "2012 JUL",
      "value": "35.2",
      "year": "2012",
      "month": "July",
      "quarter": "",
      "sourceDataset": "UNEM",
      "updateDate": "2015-07-09T00:48:24.175Z"
    },
    {
      "date": "2012 AUG",
      "value": "36.0",
      "year": "2012",
      "month": "August",
      "quarter": "",
      "sourceDataset": "UNEM",
      "updateDate": "2015-07-09T00:48:24.175Z"
    },
    {
      "date": "2012 SEP",
      "value": "37.1",
      "year": "2012",
      "month": "September",
      "quarter": "",
      "sourceDataset": "UNEM",
      "updateDate": "2015-07-09T00:48:24.175Z"
    },
    {
      "date": "2012 OCT",
      "value": "36.9",
      "year": "2012",
      "month": "October",
      "quarter": "",
      "sourceDataset": "UNEM",
      "updateDate": "2015-07-09T00:48:24.175Z"
    },
    {
      "date": "2012 NOV",
      "value": "36.8",
      "year": "2012",
      "month": "November",
      "quarter": "",
      "sourceDataset": "UNEM",
      "updateDate": "2015-07-09T00:48:24.175Z"
    },
    {
      "date": "2012 DEC",
      "value": "36.9",
      "year": "2012",
      "month": "December",
      "quarter": "",
      "sourceDataset": "UNEM",
      "updateDate": "2015-07-09T00:48:24.175Z"
    },
    {
      "date": "2013 JAN",
      "value": "36.0",
      "year": "2013",
      "month": "January",
      "quarter": "",
      "sourceDataset": "UNEM",
      "updateDate": "2015-07-09T00:48:24.175Z"
    },
    {
      "date": "2013 FEB",
      "value": "35.8",
      "year": "2013",
      "month": "February",
      "quarter": "",
      "sourceDataset": "UNEM",
      "updateDate": "2015-07-09T00:48:24.175Z"
    },
    {
      "date": "2013 MAR",
      "value": "36.5",
      "year": "2013",
      "month": "March",
      "quarter": "",
      "sourceDataset": "UNEM",
      "updateDate": "2015-07-09T00:48:24.175Z"
    },
    {
      "date": "2013 APR",
      "value": "37.1",
      "year": "2013",
      "month": "April",
      "quarter": "",
      "sourceDataset": "UNEM",
      "updateDate": "2015-07-09T00:48:24.175Z"
    }
  ],
  "sourceDatasets": [
    "UNEM"
  ],
  "type": "timeseries",
  "uri": "/employmentandlabourmarket/peoplenotinwork/unemployment/timeseries/zwkd",
  "breadcrumb": [
    {
      "uri": "/"
    },
    {
      "uri": "/employmentandlabourmarket"
    },
    {
      "uri": "/employmentandlabourmarket/peoplenotinwork"
    },
    {
      "uri": "/employmentandlabourmarket/peoplenotinwork/unemployment"
    }
  ],
  "description": {
    "title": "UK computerised claims, 50+ yr olds % claiming over 12 mths - NSA       ",
    "nationalStatistic": false,
    "latestRelease": false,
    "releaseDate": "2015-07-14T23:00:00.000Z",
    "nextRelease": "12 August 2015",
    "cdid": "ZWKD",
    "unit": "",
    "preUnit": "",
    "source": "Office for National Statistics",
    "seasonalAdjustment": "NSA",
    "number": "38.3",
    "sampleSize": 0
  }
}