{"description":{"releaseDate":"2015-07-14T23:00:00.000Z","nextRelease":"12 August 2015","contact":{"name":"Richard Clegg\n","email":"richard.clegg@ons.gsi.gov.uk\n","telephone":"+44 (0)1633 455400 \n"},"summary":"Redundancies levels and rates (seasonally adjusted).\n","datasetId":"","keywords":[],"metaDescription":"Redundancies levels and rates (seasonally adjusted).\n","nationalStatistic":true,"migrated":false,"title":"Redundancies levels and rates (seasonally adjusted): RED01 SA"},"downloads":[{"title":"Latest","file":"/employmentandlabourmarket/peoplenotinwork/unemployment/datasets/redundancieslevelsandratesseasonallyadjustedred01sa/red01sajul2015_tcm77-408197.xls"}],"section":{"markdown":""},"correction":[],"relatedDatasets":[{"uri":"/employmentandlabourmarket/peoplenotinwork/unemployment/datasets/redundancieslevelsandratesnotseasonallyadjustedred01nsa"}],"relatedDocuments":[{"uri":"/employmentandlabourmarket/peopleinwork/employmentandemployeetypes/bulletins/uklabourmarket/2015-07-15"}],"relatedMethodology":[],"type":"dataset","uri":"/employmentandlabourmarket/peoplenotinwork/unemployment/datasets/redundancieslevelsandratesseasonallyadjustedred01sa","breadcrumb":[{"uri":"/"},{"uri":"/employmentandlabourmarket"},{"uri":"/employmentandlabourmarket/peoplenotinwork"},{"uri":"/employmentandlabourmarket/peoplenotinwork/unemployment"}]}