{"type":"chart","title":"Figure 12: Self-reported health as ‘good or very good’, by accommodation, England and Wales, 2011","filename":"3274d39d","uri":"/peoplepopulationandcommunity/culturalidentity/ethnicity/articles/whatdoesthe2011censustellusaboutthecharacteristicsofgypsyoririshtravellersinenglandandwales/2014-01-21/3274d39d","subtitle":"","unit":"Percentage","source":"Census - Office for National Statistics","legend":"bottom-right","hideLegend":false,"notes":"","altText":"Figure 12: Self-reported health as ‘good or very good’, by accommodation, England and Wales, 2011","data":[{"":"All categories","England and Wales":"82","Gypsy or Irish Traveller":"70"},{"":"Whole house or bungalow","England and Wales":"82","Gypsy or Irish Traveller":"72"},{"":"Flat or other","England and Wales":"77","Gypsy or Irish Traveller":"65"},{"":"Caravan or other ","England and Wales":"63","Gypsy or Irish Traveller":"70"}],"headers":["","England and Wales","Gypsy or Irish Traveller"],"series":["England and Wales","Gypsy or Irish Traveller"],"categories":["All categories","Whole house or bungalow","Flat or other","Caravan or other "],"aspectRatio":"0.56","chartType":"bar","files":[{"type":"download-png","filename":"3274d39d-download.png"},{"type":"png","filename":"3274d39d.png"}]}