{"type":"chart","title":"Figure 6: Occupation for all usual residents aged 16 and over, England and Wales, 2011","filename":"50195d39","uri":"/peoplepopulationandcommunity/culturalidentity/ethnicity/articles/whatdoesthe2011censustellusaboutthecharacteristicsofgypsyoririshtravellersinenglandandwales/2014-01-21/50195d39","subtitle":"","unit":"Percentage","source":"Census - Office for National Statistics","decimalPlaces":"","labelInterval":"","notes":"","altText":"Figure 6: Occupation for all usual residents aged 16 and over, England and Wales, 2011","data":[{"":"1. Managers directors and senior officials","England and Wales":"11","Gypsy or Irish Traveller":"9"},{"":"2. Professional ","England and Wales":"17","Gypsy or Irish Traveller":"7"},{"":"3. Associate professional and technical ","England and Wales":"13","Gypsy or Irish Traveller":"9"},{"":"4. Administrative and secretarial ","England and Wales":"11","Gypsy or Irish Traveller":"6"},{"":"5. Skilled trades ","England and Wales":"12","Gypsy or Irish Traveller":"19"},{"":"6. Caring leisure and other service","England and Wales":"9","Gypsy or Irish Traveller":"9"},{"":"7. Sales and customer service ","England and Wales":"8","Gypsy or Irish Traveller":"8"},{"":"8. Process plant and machine operatives","England and Wales":"7","Gypsy or Irish Traveller":"10"},{"":"9. Elementary","England and Wales":"11","Gypsy or Irish Traveller":"22"}],"headers":["","England and Wales","Gypsy or Irish Traveller"],"series":["England and Wales","Gypsy or Irish Traveller"],"categories":["1. Managers, directors and senior officials","2. Professional ","3. Associate professional and technical ","4. Administrative and secretarial ","5. Skilled trades ","6. Caring, leisure and other service","7. Sales and customer service ","8. Process, plant and machine operatives","9. Elementary"],"aspectRatio":"0.56","chartType":"bar","files":[{"type":"download-png","filename":"50195d39-download.png"},{"type":"png","filename":"50195d39.png"}]}