{"type":"chart","title":"Figure 11: Percentage of unpaid care provision of people in ‘good’ or ‘very good’ health: for Gypsy or Irish Travellers, England and Wales, 2011","filename":"c6979797","uri":"/peoplepopulationandcommunity/culturalidentity/ethnicity/articles/whatdoesthe2011censustellusaboutthecharacteristicsofgypsyoririshtravellersinenglandandwales/2014-01-21/c6979797","subtitle":"","unit":"Percentage","source":"Census - Office for National Statistics","legend":"false","hideLegend":true,"notes":"","altText":"Figure 11: Percentage of unpaid care provision of people in ‘good’ or ‘very good’ health: for Gypsy or Irish Travellers, England and Wales, 2011","data":[{"":"No unpaid care","Percentage":"72"},{"":"1 to 19 hours unpaid care","Percentage":"61"},{"":"20 to 49 hours unpaid care","Percentage":"56"},{"":"50 or more hours unpaid care","Percentage":"46"}],"headers":["","Percentage"],"series":["Percentage"],"categories":["No unpaid care","1 to 19 hours unpaid care","20 to 49 hours unpaid care","50 or more hours unpaid care"],"aspectRatio":"0.56","chartType":"bar","files":[{"type":"download-png","filename":"c6979797-download.png"},{"type":"png","filename":"c6979797.png"}]}