{"type":"chart","title":"Figure 4: National identity, England and Wales, 2011","filename":"99fac457","uri":"/peoplepopulationandcommunity/culturalidentity/ethnicity/articles/ethnicityandnationalidentityinenglandandwales/2012-12-11/99fac457","subtitle":"","unit":"Percentages","source":"Census - Office for National Statistics","legend":"false","hideLegend":true,"notes":"1. Percentages will not round to 100 per cent as respondents could tick more than one national identity","altText":"Figure 4: National identity, England and Wales, 2011","data":[{"":"England and Wales","English":"67.1","Welsh":"4.3","British":"29.1","All other":"9.8"},{"":"England","English":"70.1","Welsh":"0.8","British":"29.3","All other":"10.2"},{"":"Wales","English":"13.8","Welsh":"65.9","British":"26.3","All other":"4.3"},{"":"North East","English":"80.5","Welsh":"0.3","British":"25.7","All other":"3.5"},{"":"North West","English":"76.2","Welsh":"0.7","British":"27.5","All other":"5.9"},{"":"Yorkshire and the Humber","English":"76.3","Welsh":"0.4","British":"27.8","All other":"5.9"},{"":"East Midlands","English":"75.4","Welsh":"0.6","British":"26.9","All other":"6.8"},{"":"West Midlands","English":"72.5","Welsh":"1.1","British":"28.7","All other":"7.5"},{"":"East of England","English":"74.8","Welsh":"0.6","British":"26.5","All other":"8.4"},{"":"London","English":"43.7","Welsh":"0.6","British":"38.3","All other":"26.4"},{"":"South East","English":"72.5","Welsh":"0.9","British":"29.0","All other":"8.7"},{"":"South West","English":"75.7","Welsh":"1.6","British":"27.3","All other":"8.3"}],"headers":["","English","Welsh","British","All other"],"series":["English","Welsh","British","All other"],"categories":["England and Wales","England","Wales","North East","North West","Yorkshire and the Humber","East Midlands","West Midlands","East of England","London","South East","South West"],"aspectRatio":"0.56","chartType":"bar","files":[{"type":"download-png","filename":"99fac457-download.png"},{"type":"png","filename":"99fac457.png"}]}