{
  "sections": [
    {
      "uri": "/peoplepopulationandcommunity/elections/electoralregistration",
      "index": 0
    },
    {
      "uri": "/peoplepopulationandcommunity/elections/generalelections",
      "index": 1
    },
    {
      "uri": "/peoplepopulationandcommunity/elections/localgovernmentelections",
      "index": 2
    }
  ],
  "index": 5,
  "type": "taxonomy_landing_page",
  "uri": "/peoplepopulationandcommunity/elections",
  "breadcrumb": [
    {
      "uri": "/"
    },
    {
      "uri": "/peoplepopulationandcommunity"
    }
  ],
  "description": {
    "title": "Elections",
    "summary": "Analysis of the number of people registered to vote, including comparisons over time and between the UK constituent countries."
  }
}