{"type":"chart","title":"Figure 3: Countries of the UK gross disposable household income per head index comparison with UK average, 1997 to 2013","filename":"4ebf3673","uri":"/economy/regionalaccounts/grossdisposablehouseholdincome/bulletins/regionalgrossdisposablehouseholdincomegdhi/2015-05-27/4ebf3673","subtitle":"","unit":"Per head index","source":"Office for National Statistics","legend":"top-right","hideLegend":false,"notes":"","altText":"Figure 3: Countries of the UK gross disposable household income per head index comparison with UK average, 1997 to 2013","data":[{"":"1997","United Kingdom":"100.0","England":"102.1","Wales":"86.1","Scotland":"94.1","Northern Ireland":"81.3","date":"1997-01-01T00:00:00.000Z","label":"1997"},{"":"1998","United Kingdom":"100.0","England":"102.3","Wales":"84.5","Scotland":"93.2","Northern Ireland":"81.1","date":"1998-01-01T00:00:00.000Z","label":"1998"},{"":"1999","United Kingdom":"100.0","England":"102.4","Wales":"84.7","Scotland":"92.1","Northern Ireland":"79.1","date":"1999-01-01T00:00:00.000Z","label":"1999"},{"":"2000","United Kingdom":"100.0","England":"102.4","Wales":"84.5","Scotland":"91.8","Northern Ireland":"79.9","date":"2000-01-01T00:00:00.000Z","label":"2000"},{"":"2001","United Kingdom":"100.0","England":"102.4","Wales":"84.8","Scotland":"92.4","Northern Ireland":"78.7","date":"2001-01-01T00:00:00.000Z","label":"2001"},{"":"2002","United Kingdom":"100.0","England":"102.2","Wales":"85.4","Scotland":"93.5","Northern Ireland":"79.8","date":"2002-01-01T00:00:00.000Z","label":"2002"},{"":"2003","United Kingdom":"100.0","England":"102.1","Wales":"86.8","Scotland":"93.1","Northern Ireland":"82.2","date":"2003-01-01T00:00:00.000Z","label":"2003"},{"":"2004","United Kingdom":"100.0","England":"101.9","Wales":"87.6","Scotland":"94.3","Northern Ireland":"82.7","date":"2004-01-01T00:00:00.000Z","label":"2004"},{"":"2005","United Kingdom":"100.0","England":"101.8","Wales":"87.8","Scotland":"94.3","Northern Ireland":"84.7","date":"2005-01-01T00:00:00.000Z","label":"2005"},{"":"2006","United Kingdom":"100.0","England":"101.9","Wales":"86.4","Scotland":"93.8","Northern Ireland":"86.2","date":"2006-01-01T00:00:00.000Z","label":"2006"},{"":"2007","United Kingdom":"100.0","England":"101.7","Wales":"85.6","Scotland":"95.1","Northern Ireland":"88.3","date":"2007-01-01T00:00:00.000Z","label":"2007"},{"":"2008","United Kingdom":"100.0","England":"101.5","Wales":"87.3","Scotland":"97.0","Northern Ireland":"86.7","date":"2008-01-01T00:00:00.000Z","label":"2008"},{"":"2009","United Kingdom":"100.0","England":"101.8","Wales":"85.9","Scotland":"95.7","Northern Ireland":"84.7","date":"2009-01-01T00:00:00.000Z","label":"2009"},{"":"2010","United Kingdom":"100.0","England":"101.8","Wales":"85.8","Scotland":"95.9","Northern Ireland":"83.7","date":"2010-01-01T00:00:00.000Z","label":"2010"},{"":"2011","United Kingdom":"100.0","England":"101.7","Wales":"86.3","Scotland":"96.4","Northern Ireland":"83.7","date":"2011-01-01T00:00:00.000Z","label":"2011"},{"":"2012","United Kingdom":"100.0","England":"101.7","Wales":"86.7","Scotland":"96.1","Northern Ireland":"82.4","date":"2012-01-01T00:00:00.000Z","label":"2012"},{"":"2013","United Kingdom":"100.0","England":"101.6","Wales":"87.8","Scotland":"97.0","Northern Ireland":"81.7","date":"2013-01-01T00:00:00.000Z","label":"2013"}],"headers":["","United Kingdom","England","Wales","Scotland","Northern Ireland"],"series":["United Kingdom","England","Wales","Scotland","Northern Ireland"],"categories":["1997","1998","1999","2000","2001","2002","2003","2004","2005","2006","2007","2008","2009","2010","2011","2012","2013"],"aspectRatio":"0.56","chartType":"line","files":[{"type":"download-png","filename":"4ebf3673-download.png"},{"type":"png","filename":"4ebf3673.png"}],"isTimeSeries":true,"timeSeries":[{"":"1997","United Kingdom":"100.0","England":"102.1","Wales":"86.1","Scotland":"94.1","Northern Ireland":"81.3","date":"1997-01-01T00:00:00.000Z","label":"1997"},{"":"1998","United Kingdom":"100.0","England":"102.3","Wales":"84.5","Scotland":"93.2","Northern Ireland":"81.1","date":"1998-01-01T00:00:00.000Z","label":"1998"},{"":"1999","United Kingdom":"100.0","England":"102.4","Wales":"84.7","Scotland":"92.1","Northern Ireland":"79.1","date":"1999-01-01T00:00:00.000Z","label":"1999"},{"":"2000","United Kingdom":"100.0","England":"102.4","Wales":"84.5","Scotland":"91.8","Northern Ireland":"79.9","date":"2000-01-01T00:00:00.000Z","label":"2000"},{"":"2001","United Kingdom":"100.0","England":"102.4","Wales":"84.8","Scotland":"92.4","Northern Ireland":"78.7","date":"2001-01-01T00:00:00.000Z","label":"2001"},{"":"2002","United Kingdom":"100.0","England":"102.2","Wales":"85.4","Scotland":"93.5","Northern Ireland":"79.8","date":"2002-01-01T00:00:00.000Z","label":"2002"},{"":"2003","United Kingdom":"100.0","England":"102.1","Wales":"86.8","Scotland":"93.1","Northern Ireland":"82.2","date":"2003-01-01T00:00:00.000Z","label":"2003"},{"":"2004","United Kingdom":"100.0","England":"101.9","Wales":"87.6","Scotland":"94.3","Northern Ireland":"82.7","date":"2004-01-01T00:00:00.000Z","label":"2004"},{"":"2005","United Kingdom":"100.0","England":"101.8","Wales":"87.8","Scotland":"94.3","Northern Ireland":"84.7","date":"2005-01-01T00:00:00.000Z","label":"2005"},{"":"2006","United Kingdom":"100.0","England":"101.9","Wales":"86.4","Scotland":"93.8","Northern Ireland":"86.2","date":"2006-01-01T00:00:00.000Z","label":"2006"},{"":"2007","United Kingdom":"100.0","England":"101.7","Wales":"85.6","Scotland":"95.1","Northern Ireland":"88.3","date":"2007-01-01T00:00:00.000Z","label":"2007"},{"":"2008","United Kingdom":"100.0","England":"101.5","Wales":"87.3","Scotland":"97.0","Northern Ireland":"86.7","date":"2008-01-01T00:00:00.000Z","label":"2008"},{"":"2009","United Kingdom":"100.0","England":"101.8","Wales":"85.9","Scotland":"95.7","Northern Ireland":"84.7","date":"2009-01-01T00:00:00.000Z","label":"2009"},{"":"2010","United Kingdom":"100.0","England":"101.8","Wales":"85.8","Scotland":"95.9","Northern Ireland":"83.7","date":"2010-01-01T00:00:00.000Z","label":"2010"},{"":"2011","United Kingdom":"100.0","England":"101.7","Wales":"86.3","Scotland":"96.4","Northern Ireland":"83.7","date":"2011-01-01T00:00:00.000Z","label":"2011"},{"":"2012","United Kingdom":"100.0","England":"101.7","Wales":"86.7","Scotland":"96.1","Northern Ireland":"82.4","date":"2012-01-01T00:00:00.000Z","label":"2012"},{"":"2013","United Kingdom":"100.0","England":"101.6","Wales":"87.8","Scotland":"97.0","Northern Ireland":"81.7","date":"2013-01-01T00:00:00.000Z","label":"2013"}]}