{"type":"chart","title":"Figure 12: UK NUTS1 social benefits as a percentage of total resources, 1997 to 2013","filename":"519fad5d","uri":"/economy/regionalaccounts/grossdisposablehouseholdincome/bulletins/regionalgrossdisposablehouseholdincomegdhi/2015-05-27/519fad5d","subtitle":"","unit":"Per cent","source":"Office for National Statistics","legend":"top-right","hideLegend":false,"notes":"","altText":"Figure 12: UK NUTS1 social benefits as a percentage of total resources, 1997 to 2013","data":[{"1997":"17.1","2007":"16.2","2012":"19.7","2013":"19.8","":"UK"},{"1997":"20.8","2007":"20.0","2012":"24.2","2013":"24.1","":"North East"},{"1997":"19.3","2007":"18.8","2012":"23.0","2013":"23.3","":"North West"},{"1997":"18.2","2007":"17.7","2012":"22.0","2013":"22.0","":"Yorkshire and The Humber"},{"1997":"16.9","2007":"16.7","2012":"20.8","2013":"20.9","":"East Midlands"},{"1997":"17.5","2007":"17.7","2012":"21.9","2013":"21.8","":"West Midlands"},{"1997":"15.3","2007":"15.2","2012":"18.7","2013":"18.7","":"East of England"},{"1997":"14.3","2007":"11.4","2012":"13.4","2013":"13.3","":"London"},{"1997":"15.5","2007":"14.7","2012":"18.3","2013":"18.5","":"South East"},{"1997":"18.3","2007":"17.6","2012":"21.6","2013":"21.8","":"South West"},{"1997":"20.8","2007":"20.6","2012":"24.7","2013":"24.3","":"Wales"},{"1997":"18.3","2007":"17.4","2012":"20.9","2013":"21.0","":"Scotland"},{"1997":"17.5","2007":"17.4","2012":"21.6","2013":"21.4","":"Northern Ireland"}],"headers":["","1997","2007","2012","2013"],"series":["1997","2007","2012","2013"],"categories":["UK","North East","North West","Yorkshire and The Humber","East Midlands","West Midlands","East of England","London","South East","South West","Wales","Scotland","Northern Ireland"],"aspectRatio":"0.56","chartType":"rotated","files":[{"type":"download-png","filename":"519fad5d-download.png"},{"type":"png","filename":"519fad5d.png"}]}