{"type":"chart","title":"Figure 2: UK NUTS1 gross disposable household income per head growth on previous year, 2011, 2012 and 2013","filename":"54c28b81","uri":"/economy/regionalaccounts/grossdisposablehouseholdincome/bulletins/regionalgrossdisposablehouseholdincomegdhi/2015-05-27/54c28b81","subtitle":"","unit":"Per cent","source":"Office for National Statistics","legend":"top-right","hideLegend":false,"notes":"","altText":"Figure 2: UK NUTS1 gross disposable household income per head growth on previous year, 2011, 2012 and 2013","data":[{"2011":"0.4","2012":"4.3","2013":"0.8","":"North East"},{"2011":"0.3","2012":"3.3","2013":"0.0","":"North West"},{"2011":"0.6","2012":"2.8","2013":"1.4","":"Yorks & The Humber"},{"2011":"1.3","2012":"3.5","2013":"0.5","":"East Midlands"},{"2011":"0.8","2012":"2.3","2013":"2.3","":"West Midlands"},{"2011":"0.6","2012":"2.9","2013":"1.3","":"East of England"},{"2011":"-0.4","2012":"3.6","2013":"0.6","":"London"},{"2011":"0.5","2012":"2.6","2013":"0.6","":"South East"},{"2011":"1.0","2012":"2.0","2013":"1.0","":"South West"},{"2011":"1.2","2012":"3.5","2013":"2.2","":"Wales"},{"2011":"1.2","2012":"2.7","2013":"2.0","":"Scotland"},{"2011":"0.6","2012":"1.5","2013":"0.2","":"Northern Ireland"}],"headers":["","2011","2012","2013"],"series":["2011","2012","2013"],"categories":["North East","North West","Yorks & The Humber","East Midlands","West Midlands","East of England","London","South East","South West","Wales","Scotland","Northern Ireland"],"aspectRatio":"0.56","chartType":"bar","files":[{"type":"download-png","filename":"54c28b81-download.png"},{"type":"png","filename":"54c28b81.png"}]}