{"type":"chart","title":"Bottom 10 GDHI per head","filename":"e9f59e8e","uri":"/economy/regionalaccounts/grossdisposablehouseholdincome/bulletins/regionalgrossdisposablehouseholdincomegdhi/2015-05-27/e9f59e8e","subtitle":"","unit":"Per cent","source":"Office for National Statistics","legend":"top-right","hideLegend":false,"notes":"1. *Kensington & Chelsea and Hammersmith & Fulham","altText":"","data":[{"2011":"0.6","2012":"3.0","2013":"1.0","":"United Kingdom"},{"2011":"1.1","2012":"1.0","2013":"1.1","":"West and South of Northern Ireland"},{"2011":"1.0","2012":"3.8","2013":"-3.6","":"Luton"},{"2011":"0.7","2012":"2.5","2013":"1.3","":"Wolverhampton"},{"2011":"1.9","2012":"3.4","2013":"3.8","":"Kingston upon Hull City of"},{"2011":"2.1","2012":"0.2","2013":"-2.0","":"North of Northern Ireland"},{"2011":"0.3","2012":"1.9","2013":"-1.7","":"Walsall"},{"2011":"-1.1","2012":"2.1","2013":"3.6","":"Blackburn with Darwen"},{"2011":"0.9","2012":"2.7","2013":"-1.7","":"Sandwell"},{"2011":"-0.1","2012":"2.8","2013":"-0.9","":"Nottingham"},{"2011":"-0.4","2012":"2.9","2013":"-1.3","":"Leicester"}],"headers":["","2011","2012","2013"],"series":["2011","2012","2013"],"categories":["United Kingdom","West and South of Northern Ireland","Luton","Wolverhampton","Kingston upon Hull, City of","North of Northern Ireland","Walsall","Blackburn with Darwen","Sandwell","Nottingham","Leicester"],"aspectRatio":"0.56","chartType":"rotated","files":[{"type":"download-png","filename":"e9f59e8e-download.png"},{"type":"png","filename":"e9f59e8e.png"}]}