{"type":"chart","title":"Figure 4: NUTS1 English regions gross disposable household income per head index comparison with UK average, 1997 to 2013","filename":"ed146592","uri":"/economy/regionalaccounts/grossdisposablehouseholdincome/bulletins/regionalgrossdisposablehouseholdincomegdhi/2015-05-27/ed146592","subtitle":"","unit":"Per head index","source":"Office for National Statistics","legend":"top-right","hideLegend":false,"notes":"","altText":"Figure 4: NUTS1 English regions gross disposable household income per head index comparison with UK average, 1997 to 2013","data":[{"":"1997","UK":"100.0","North East":"86.8","North West":"91.2","Yorks & The Humber":"90.1","East Midlands":"92.5","West Midlands":"90.9","East of England":"106.1","London":"121.9","South East":"116.4","South West":"101.7","date":"1997-01-01T00:00:00.000Z","label":"1997"},{"":"1998","UK":"100.0","North East":"85.3","North West":"90.3","Yorks & The Humber":"90.4","East Midlands":"91.4","West Midlands":"91.7","East of England":"105.7","London":"124.0","South East":"117.2","South West":"101.4","date":"1998-01-01T00:00:00.000Z","label":"1998"},{"":"1999","UK":"100.0","North East":"84.1","North West":"90.9","Yorks & The Humber":"90.5","East Midlands":"91.5","West Midlands":"91.7","East of England":"105.6","London":"125.1","South East":"116.7","South West":"101.2","date":"1999-01-01T00:00:00.000Z","label":"1999"},{"":"2000","UK":"100.0","North East":"83.5","North West":"90.1","Yorks & The Humber":"89.4","East Midlands":"90.3","West Midlands":"90.6","East of England":"106.1","London":"127.7","South East":"117.0","South West":"100.7","date":"2000-01-01T00:00:00.000Z","label":"2000"},{"":"2001","UK":"100.0","North East":"84.3","North West":"89.2","Yorks & The Humber":"88.4","East Midlands":"90.4","West Midlands":"90.8","East of England":"107.5","London":"126.7","South East":"117.3","South West":"100.7","date":"2001-01-01T00:00:00.000Z","label":"2001"},{"":"2002","UK":"100.0","North East":"83.9","North West":"89.5","Yorks & The Humber":"88.9","East Midlands":"90.8","West Midlands":"91.0","East of England":"108.1","London":"124.2","South East":"117.3","South West":"100.4","date":"2002-01-01T00:00:00.000Z","label":"2002"},{"":"2003","UK":"100.0","North East":"84.1","North West":"89.7","Yorks & The Humber":"89.4","East Midlands":"92.7","West Midlands":"91.1","East of England":"107.4","London":"124.1","South East":"115.2","South West":"100.8","date":"2003-01-01T00:00:00.000Z","label":"2003"},{"":"2004","UK":"100.0","North East":"85.6","North West":"90.2","Yorks & The Humber":"89.6","East Midlands":"92.6","West Midlands":"91.0","East of England":"106.0","London":"124.3","South East":"114.1","South West":"100.6","date":"2004-01-01T00:00:00.000Z","label":"2004"},{"":"2005","UK":"100.0","North East":"84.3","North West":"90.1","Yorks & The Humber":"88.9","East Midlands":"92.8","West Midlands":"89.6","East of England":"106.2","London":"125.1","South East":"114.0","South West":"101.0","date":"2005-01-01T00:00:00.000Z","label":"2005"},{"":"2006","UK":"100.0","North East":"84.3","North West":"89.3","Yorks & The Humber":"88.7","East Midlands":"91.2","West Midlands":"89.1","East of England":"105.5","London":"126.7","South East":"114.7","South West":"101.9","date":"2006-01-01T00:00:00.000Z","label":"2006"},{"":"2007","UK":"100.0","North East":"82.6","North West":"88.7","Yorks & The Humber":"87.4","East Midlands":"92.1","West Midlands":"87.3","East of England":"104.8","London":"127.9","South East":"115.8","South West":"101.3","date":"2007-01-01T00:00:00.000Z","label":"2007"},{"":"2008","UK":"100.0","North East":"82.4","North West":"88.2","Yorks & The Humber":"87.0","East Midlands":"91.0","West Midlands":"87.2","East of England":"105.3","London":"129.7","South East":"113.8","South West":"100.9","date":"2008-01-01T00:00:00.000Z","label":"2008"},{"":"2009","UK":"100.0","North East":"84.3","North West":"89.0","Yorks & The Humber":"87.2","East Midlands":"90.6","West Midlands":"87.6","East of England":"105.4","London":"129.8","South East":"114.1","South West":"100.0","date":"2009-01-01T00:00:00.000Z","label":"2009"},{"":"2010","UK":"100.0","North East":"84.3","North West":"88.7","Yorks & The Humber":"86.8","East Midlands":"89.9","West Midlands":"87.9","East of England":"105.2","London":"129.3","South East":"114.4","South West":"101.4","date":"2010-01-01T00:00:00.000Z","label":"2010"},{"":"2011","UK":"100.0","North East":"84.1","North West":"88.4","Yorks & The Humber":"86.8","East Midlands":"90.5","West Midlands":"88.0","East of England":"105.2","London":"128.0","South East":"114.3","South West":"101.8","date":"2011-01-01T00:00:00.000Z","label":"2011"},{"":"2012","UK":"100.0","North East":"85.2","North West":"88.7","Yorks & The Humber":"86.6","East Midlands":"91.0","West Midlands":"87.4","East of England":"105.2","London":"128.8","South East":"113.9","South West":"100.8","date":"2012-01-01T00:00:00.000Z","label":"2012"},{"":"2013","UK":"100.0","North East":"85.0","North West":"87.8","Yorks & The Humber":"86.9","East Midlands":"90.5","West Midlands":"88.6","East of England":"105.5","London":"128.2","South East":"113.3","South West":"100.8","date":"2013-01-01T00:00:00.000Z","label":"2013"}],"headers":["","UK","North East","North West","Yorks & The Humber","East Midlands","West Midlands","East of England","London","South East","South West"],"series":["UK","North East","North West","Yorks & The Humber","East Midlands","West Midlands","East of England","London","South East","South West"],"categories":["1997","1998","1999","2000","2001","2002","2003","2004","2005","2006","2007","2008","2009","2010","2011","2012","2013"],"aspectRatio":"0.56","chartType":"line","files":[{"type":"download-png","filename":"ed146592-download.png"},{"type":"png","filename":"ed146592.png"}],"isTimeSeries":true,"timeSeries":[{"":"1997","UK":"100.0","North East":"86.8","North West":"91.2","Yorks & The Humber":"90.1","East Midlands":"92.5","West Midlands":"90.9","East of England":"106.1","London":"121.9","South East":"116.4","South West":"101.7","date":"1997-01-01T00:00:00.000Z","label":"1997"},{"":"1998","UK":"100.0","North East":"85.3","North West":"90.3","Yorks & The Humber":"90.4","East Midlands":"91.4","West Midlands":"91.7","East of England":"105.7","London":"124.0","South East":"117.2","South West":"101.4","date":"1998-01-01T00:00:00.000Z","label":"1998"},{"":"1999","UK":"100.0","North East":"84.1","North West":"90.9","Yorks & The Humber":"90.5","East Midlands":"91.5","West Midlands":"91.7","East of England":"105.6","London":"125.1","South East":"116.7","South West":"101.2","date":"1999-01-01T00:00:00.000Z","label":"1999"},{"":"2000","UK":"100.0","North East":"83.5","North West":"90.1","Yorks & The Humber":"89.4","East Midlands":"90.3","West Midlands":"90.6","East of England":"106.1","London":"127.7","South East":"117.0","South West":"100.7","date":"2000-01-01T00:00:00.000Z","label":"2000"},{"":"2001","UK":"100.0","North East":"84.3","North West":"89.2","Yorks & The Humber":"88.4","East Midlands":"90.4","West Midlands":"90.8","East of England":"107.5","London":"126.7","South East":"117.3","South West":"100.7","date":"2001-01-01T00:00:00.000Z","label":"2001"},{"":"2002","UK":"100.0","North East":"83.9","North West":"89.5","Yorks & The Humber":"88.9","East Midlands":"90.8","West Midlands":"91.0","East of England":"108.1","London":"124.2","South East":"117.3","South West":"100.4","date":"2002-01-01T00:00:00.000Z","label":"2002"},{"":"2003","UK":"100.0","North East":"84.1","North West":"89.7","Yorks & The Humber":"89.4","East Midlands":"92.7","West Midlands":"91.1","East of England":"107.4","London":"124.1","South East":"115.2","South West":"100.8","date":"2003-01-01T00:00:00.000Z","label":"2003"},{"":"2004","UK":"100.0","North East":"85.6","North West":"90.2","Yorks & The Humber":"89.6","East Midlands":"92.6","West Midlands":"91.0","East of England":"106.0","London":"124.3","South East":"114.1","South West":"100.6","date":"2004-01-01T00:00:00.000Z","label":"2004"},{"":"2005","UK":"100.0","North East":"84.3","North West":"90.1","Yorks & The Humber":"88.9","East Midlands":"92.8","West Midlands":"89.6","East of England":"106.2","London":"125.1","South East":"114.0","South West":"101.0","date":"2005-01-01T00:00:00.000Z","label":"2005"},{"":"2006","UK":"100.0","North East":"84.3","North West":"89.3","Yorks & The Humber":"88.7","East Midlands":"91.2","West Midlands":"89.1","East of England":"105.5","London":"126.7","South East":"114.7","South West":"101.9","date":"2006-01-01T00:00:00.000Z","label":"2006"},{"":"2007","UK":"100.0","North East":"82.6","North West":"88.7","Yorks & The Humber":"87.4","East Midlands":"92.1","West Midlands":"87.3","East of England":"104.8","London":"127.9","South East":"115.8","South West":"101.3","date":"2007-01-01T00:00:00.000Z","label":"2007"},{"":"2008","UK":"100.0","North East":"82.4","North West":"88.2","Yorks & The Humber":"87.0","East Midlands":"91.0","West Midlands":"87.2","East of England":"105.3","London":"129.7","South East":"113.8","South West":"100.9","date":"2008-01-01T00:00:00.000Z","label":"2008"},{"":"2009","UK":"100.0","North East":"84.3","North West":"89.0","Yorks & The Humber":"87.2","East Midlands":"90.6","West Midlands":"87.6","East of England":"105.4","London":"129.8","South East":"114.1","South West":"100.0","date":"2009-01-01T00:00:00.000Z","label":"2009"},{"":"2010","UK":"100.0","North East":"84.3","North West":"88.7","Yorks & The Humber":"86.8","East Midlands":"89.9","West Midlands":"87.9","East of England":"105.2","London":"129.3","South East":"114.4","South West":"101.4","date":"2010-01-01T00:00:00.000Z","label":"2010"},{"":"2011","UK":"100.0","North East":"84.1","North West":"88.4","Yorks & The Humber":"86.8","East Midlands":"90.5","West Midlands":"88.0","East of England":"105.2","London":"128.0","South East":"114.3","South West":"101.8","date":"2011-01-01T00:00:00.000Z","label":"2011"},{"":"2012","UK":"100.0","North East":"85.2","North West":"88.7","Yorks & The Humber":"86.6","East Midlands":"91.0","West Midlands":"87.4","East of England":"105.2","London":"128.8","South East":"113.9","South West":"100.8","date":"2012-01-01T00:00:00.000Z","label":"2012"},{"":"2013","UK":"100.0","North East":"85.0","North West":"87.8","Yorks & The Humber":"86.9","East Midlands":"90.5","West Midlands":"88.6","East of England":"105.5","London":"128.2","South East":"113.3","South West":"100.8","date":"2013-01-01T00:00:00.000Z","label":"2013"}]}