{"type":"chart","title":"Top 10 GDHI per head","filename":"f2725be7","uri":"/economy/regionalaccounts/grossdisposablehouseholdincome/bulletins/regionalgrossdisposablehouseholdincomegdhi/2015-05-27/f2725be7","subtitle":"","unit":"Per cent","source":"Office for National Statistics","legend":"top-right","hideLegend":false,"notes":"1. *Kensington & Chelsea and Hammersmith & Fulham","altText":"Figure 8: UK NUTS3 gross disposable household income per head growth on previous year, 2011, 2012 and 2013","data":[{"2011":"0.6","2012":"3.0","2013":"1.0","":"United Kingdom"},{"2011":"-0.5","2012":"6.7","2013":"3.2","":"Westminster"},{"2011":"-1.9","2012":"6.8","2013":"3.7","":"Kensington & Hammersmith*"},{"2011":"-6.4","2012":"3.7","2013":"2.8","":"Camden and City of London"},{"2011":"-4.8","2012":"3.6","2013":"1.4","":"Wandsworth"},{"2011":"1.0","2012":"3.0","2013":"0.3","":"West Surrey"},{"2011":"-0.4","2012":"2.7","2013":"0.4","":"East Surrey"},{"2011":"-0.2","2012":"2.6","2013":"-0.4","":"Buckinghamshire CC"},{"2011":"3.0","2012":"3.4","2013":"1.3","":"Bromley"},{"2011":"1.0","2012":"3.1","2013":"0.8","":"Barnet"},{"2011":"-0.5","2012":"3.0","2013":"1.3","":"Hounslow and Richmond upon Thames"}],"headers":["","2011","2012","2013"],"series":["2011","2012","2013"],"categories":["United Kingdom","Westminster","Kensington & Hammersmith*","Camden and City of London","Wandsworth","West Surrey","East Surrey","Buckinghamshire CC","Bromley","Barnet","Hounslow and Richmond upon Thames"],"aspectRatio":"0.56","chartType":"rotated","files":[{"type":"download-png","filename":"f2725be7-download.png"},{"type":"png","filename":"f2725be7.png"}]}