{
  "years": [
    {
      "date": "1998",
      "value": "242.2",
      "year": "1998",
      "month": "",
      "quarter": "",
      "sourceDataset": "UNEM",
      "updateDate": "2015-07-09T00:48:22.830Z"
    },
    {
      "date": "1999",
      "value": "214.0",
      "year": "1999",
      "month": "",
      "quarter": "",
      "sourceDataset": "UNEM",
      "updateDate": "2015-07-09T00:48:22.830Z"
    },
    {
      "date": "2000",
      "value": "183.6",
      "year": "2000",
      "month": "",
      "quarter": "",
      "sourceDataset": "UNEM",
      "updateDate": "2015-07-09T00:48:22.830Z"
    },
    {
      "date": "2001",
      "value": "160.5",
      "year": "2001",
      "month": "",
      "quarter": "",
      "sourceDataset": "UNEM",
      "updateDate": "2015-07-09T00:48:22.830Z"
    },
    {
      "date": "2002",
      "value": "159.7",
      "year": "2002",
      "month": "",
      "quarter": "",
      "sourceDataset": "UNEM",
      "updateDate": "2015-07-09T00:48:22.830Z"
    },
    {
      "date": "2003",
      "value": "164.4",
      "year": "2003",
      "month": "",
      "quarter": "",
      "sourceDataset": "UNEM",
      "updateDate": "2015-07-09T00:48:22.830Z"
    },
    {
      "date": "2004",
      "value": "148.6",
      "year": "2004",
      "month": "",
      "quarter": "",
      "sourceDataset": "UNEM",
      "updateDate": "2015-07-09T00:48:22.830Z"
    },
    {
      "date": "2005",
      "value": "148.9",
      "year": "2005",
      "month": "",
      "quarter": "",
      "sourceDataset": "UNEM",
      "updateDate": "2015-07-09T00:48:22.830Z"
    },
    {
      "date": "2006",
      "value": "180.2",
      "year": "2006",
      "month": "",
      "quarter": "",
      "sourceDataset": "UNEM",
      "updateDate": "2015-07-09T00:48:22.830Z"
    },
    {
      "date": "2007",
      "value": "148.8",
      "year": "2007",
      "month": "",
      "quarter": "",
      "sourceDataset": "UNEM",
      "updateDate": "2015-07-09T00:48:22.830Z"
    },
    {
      "date": "2008",
      "value": "139.9",
      "year": "2008",
      "month": "",
      "quarter": "",
      "sourceDataset": "UNEM",
      "updateDate": "2015-07-09T00:48:22.830Z"
    },
    {
      "date": "2009",
      "value": "293.2",
      "year": "2009",
      "month": "",
      "quarter": "",
      "sourceDataset": "UNEM",
      "updateDate": "2015-07-09T00:48:22.830Z"
    },
    {
      "date": "2010",
      "value": "292.7",
      "year": "2010",
      "month": "",
      "quarter": "",
      "sourceDataset": "UNEM",
      "updateDate": "2015-07-09T00:48:22.830Z"
    },
    {
      "date": "2011",
      "value": "313.3",
      "year": "2011",
      "month": "",
      "quarter": "",
      "sourceDataset": "UNEM",
      "updateDate": "2015-07-09T00:48:22.830Z"
    },
    {
      "date": "2012",
      "value": "312.3",
      "year": "2012",
      "month": "",
      "quarter": "",
      "sourceDataset": "UNEM",
      "updateDate": "2015-07-09T00:48:22.830Z"
    },
    {
      "date": "2013",
      "value": "251.8",
      "year": "2013",
      "month": "",
      "quarter": "",
      "sourceDataset": "UNEM",
      "updateDate": "2015-07-09T00:48:22.830Z"
    },
    {
      "date": "2014",
      "value": "163.0",
      "year": "2014",
      "month": "",
      "quarter": "",
      "sourceDataset": "UNEM",
      "updateDate": "2015-07-09T00:48:22.830Z"
    }
  ],
  "quarters": [
    {
      "date": "1997 Q1",
      "value": "243.5",
      "year": "1997",
      "month": "",
      "quarter": "Q1",
      "sourceDataset": "UNEM",
      "updateDate": "2015-07-09T00:48:22.830Z"
    },
    {
      "date": "1997 Q2",
      "value": "261.8",
      "year": "1997",
      "month": "",
      "quarter": "Q2",
      "sourceDataset": "UNEM",
      "updateDate": "2015-07-09T00:48:22.830Z"
    },
    {
      "date": "1997 Q3",
      "value": "236.4",
      "year": "1997",
      "month": "",
      "quarter": "Q3",
      "sourceDataset": "UNEM",
      "updateDate": "2015-07-09T00:48:22.830Z"
    },
    {
      "date": "1997 Q4",
      "value": "237.8",
      "year": "1997",
      "month": "",
      "quarter": "Q4",
      "sourceDataset": "UNEM",
      "updateDate": "2015-07-09T00:48:22.830Z"
    },
    {
      "date": "1998 Q1",
      "value": "224.7",
      "year": "1998",
      "month": "",
      "quarter": "Q1",
      "sourceDataset": "UNEM",
      "updateDate": "2015-07-09T00:48:22.830Z"
    },
    {
      "date": "1998 Q2",
      "value": "244.8",
      "year": "1998",
      "month": "",
      "quarter": "Q2",
      "sourceDataset": "UNEM",
      "updateDate": "2015-07-09T00:48:22.830Z"
    },
    {
      "date": "1998 Q3",
      "value": "244.4",
      "year": "1998",
      "month": "",
      "quarter": "Q3",
      "sourceDataset": "UNEM",
      "updateDate": "2015-07-09T00:48:22.830Z"
    },
    {
      "date": "1998 Q4",
      "value": "236.3",
      "year": "1998",
      "month": "",
      "quarter": "Q4",
      "sourceDataset": "UNEM",
      "updateDate": "2015-07-09T00:48:22.830Z"
    },
    {
      "date": "1999 Q1",
      "value": "198.7",
      "year": "1999",
      "month": "",
      "quarter": "Q1",
      "sourceDataset": "UNEM",
      "updateDate": "2015-07-09T00:48:22.830Z"
    },
    {
      "date": "1999 Q2",
      "value": "217.5",
      "year": "1999",
      "month": "",
      "quarter": "Q2",
      "sourceDataset": "UNEM",
      "updateDate": "2015-07-09T00:48:22.830Z"
    },
    {
      "date": "1999 Q3",
      "value": "211.6",
      "year": "1999",
      "month": "",
      "quarter": "Q3",
      "sourceDataset": "UNEM",
      "updateDate": "2015-07-09T00:48:22.830Z"
    },
    {
      "date": "1999 Q4",
      "value": "202.1",
      "year": "1999",
      "month": "",
      "quarter": "Q4",
      "sourceDataset": "UNEM",
      "updateDate": "2015-07-09T00:48:22.830Z"
    },
    {
      "date": "2000 Q1",
      "value": "165.0",
      "year": "2000",
      "month": "",
      "quarter": "Q1",
      "sourceDataset": "UNEM",
      "updateDate": "2015-07-09T00:48:22.830Z"
    },
    {
      "date": "2000 Q2",
      "value": "190.3",
      "year": "2000",
      "month": "",
      "quarter": "Q2",
      "sourceDataset": "UNEM",
      "updateDate": "2015-07-09T00:48:22.830Z"
    },
    {
      "date": "2000 Q3",
      "value": "175.7",
      "year": "2000",
      "month": "",
      "quarter": "Q3",
      "sourceDataset": "UNEM",
      "updateDate": "2015-07-09T00:48:22.830Z"
    },
    {
      "date": "2000 Q4",
      "value": "169.6",
      "year": "2000",
      "month": "",
      "quarter": "Q4",
      "sourceDataset": "UNEM",
      "updateDate": "2015-07-09T00:48:22.830Z"
    },
    {
      "date": "2001 Q1",
      "value": "158.3",
      "year": "2001",
      "month": "",
      "quarter": "Q1",
      "sourceDataset": "UNEM",
      "updateDate": "2015-07-09T00:48:22.830Z"
    },
    {
      "date": "2001 Q2",
      "value": "160.3",
      "year": "2001",
      "month": "",
      "quarter": "Q2",
      "sourceDataset": "UNEM",
      "updateDate": "2015-07-09T00:48:22.830Z"
    },
    {
      "date": "2001 Q3",
      "value": "157.8",
      "year": "2001",
      "month": "",
      "quarter": "Q3",
      "sourceDataset": "UNEM",
      "updateDate": "2015-07-09T00:48:22.830Z"
    },
    {
      "date": "2001 Q4",
      "value": "159.0",
      "year": "2001",
      "month": "",
      "quarter": "Q4",
      "sourceDataset": "UNEM",
      "updateDate": "2015-07-09T00:48:22.830Z"
    },
    {
      "date": "2002 Q1",
      "value": "161.5",
      "year": "2002",
      "month": "",
      "quarter": "Q1",
      "sourceDataset": "UNEM",
      "updateDate": "2015-07-09T00:48:22.830Z"
    },
    {
      "date": "2002 Q2",
      "value": "159.5",
      "year": "2002",
      "month": "",
      "quarter": "Q2",
      "sourceDataset": "UNEM",
      "updateDate": "2015-07-09T00:48:22.830Z"
    },
    {
      "date": "2002 Q3",
      "value": "160.5",
      "year": "2002",
      "month": "",
      "quarter": "Q3",
      "sourceDataset": "UNEM",
      "updateDate": "2015-07-09T00:48:22.830Z"
    },
    {
      "date": "2002 Q4",
      "value": "160.5",
      "year": "2002",
      "month": "",
      "quarter": "Q4",
      "sourceDataset": "UNEM",
      "updateDate": "2015-07-09T00:48:22.830Z"
    },
    {
      "date": "2003 Q1",
      "value": "160.0",
      "year": "2003",
      "month": "",
      "quarter": "Q1",
      "sourceDataset": "UNEM",
      "updateDate": "2015-07-09T00:48:22.830Z"
    },
    {
      "date": "2003 Q2",
      "value": "163.2",
      "year": "2003",
      "month": "",
      "quarter": "Q2",
      "sourceDataset": "UNEM",
      "updateDate": "2015-07-09T00:48:22.830Z"
    },
    {
      "date": "2003 Q3",
      "value": "167.2",
      "year": "2003",
      "month": "",
      "quarter": "Q3",
      "sourceDataset": "UNEM",
      "updateDate": "2015-07-09T00:48:22.830Z"
    },
    {
      "date": "2003 Q4",
      "value": "165.6",
      "year": "2003",
      "month": "",
      "quarter": "Q4",
      "sourceDataset": "UNEM",
      "updateDate": "2015-07-09T00:48:22.830Z"
    },
    {
      "date": "2004 Q1",
      "value": "137.1",
      "year": "2004",
      "month": "",
      "quarter": "Q1",
      "sourceDataset": "UNEM",
      "updateDate": "2015-07-09T00:48:22.830Z"
    },
    {
      "date": "2004 Q2",
      "value": "152.0",
      "year": "2004",
      "month": "",
      "quarter": "Q2",
      "sourceDataset": "UNEM",
      "updateDate": "2015-07-09T00:48:22.830Z"
    },
    {
      "date": "2004 Q3",
      "value": "143.5",
      "year": "2004",
      "month": "",
      "quarter": "Q3",
      "sourceDataset": "UNEM",
      "updateDate": "2015-07-09T00:48:22.830Z"
    },
    {
      "date": "2004 Q4",
      "value": "138.8",
      "year": "2004",
      "month": "",
      "quarter": "Q4",
      "sourceDataset": "UNEM",
      "updateDate": "2015-07-09T00:48:22.830Z"
    },
    {
      "date": "2005 Q1",
      "value": "174.0",
      "year": "2005",
      "month": "",
      "quarter": "Q1",
      "sourceDataset": "UNEM",
      "updateDate": "2015-07-09T00:48:22.830Z"
    },
    {
      "date": "2005 Q2",
      "value": "140.8",
      "year": "2005",
      "month": "",
      "quarter": "Q2",
      "sourceDataset": "UNEM",
      "updateDate": "2015-07-09T00:48:22.830Z"
    },
    {
      "date": "2005 Q3",
      "value": "151.6",
      "year": "2005",
      "month": "",
      "quarter": "Q3",
      "sourceDataset": "UNEM",
      "updateDate": "2015-07-09T00:48:22.830Z"
    },
    {
      "date": "2005 Q4",
      "value": "166.2",
      "year": "2005",
      "month": "",
      "quarter": "Q4",
      "sourceDataset": "UNEM",
      "updateDate": "2015-07-09T00:48:22.830Z"
    },
    {
      "date": "2006 Q1",
      "value": "166.1",
      "year": "2006",
      "month": "",
      "quarter": "Q1",
      "sourceDataset": "UNEM",
      "updateDate": "2015-07-09T00:48:22.830Z"
    },
    {
      "date": "2006 Q2",
      "value": "182.9",
      "year": "2006",
      "month": "",
      "quarter": "Q2",
      "sourceDataset": "UNEM",
      "updateDate": "2015-07-09T00:48:22.830Z"
    },
    {
      "date": "2006 Q3",
      "value": "185.2",
      "year": "2006",
      "month": "",
      "quarter": "Q3",
      "sourceDataset": "UNEM",
      "updateDate": "2015-07-09T00:48:22.830Z"
    },
    {
      "date": "2006 Q4",
      "value": "178.7",
      "year": "2006",
      "month": "",
      "quarter": "Q4",
      "sourceDataset": "UNEM",
      "updateDate": "2015-07-09T00:48:22.830Z"
    },
    {
      "date": "2007 Q1",
      "value": "129.0",
      "year": "2007",
      "month": "",
      "quarter": "Q1",
      "sourceDataset": "UNEM",
      "updateDate": "2015-07-09T00:48:22.830Z"
    },
    {
      "date": "2007 Q2",
      "value": "153.2",
      "year": "2007",
      "month": "",
      "quarter": "Q2",
      "sourceDataset": "UNEM",
      "updateDate": "2015-07-09T00:48:22.830Z"
    },
    {
      "date": "2007 Q3",
      "value": "141.6",
      "year": "2007",
      "month": "",
      "quarter": "Q3",
      "sourceDataset": "UNEM",
      "updateDate": "2015-07-09T00:48:22.830Z"
    },
    {
      "date": "2007 Q4",
      "value": "134.2",
      "year": "2007",
      "month": "",
      "quarter": "Q4",
      "sourceDataset": "UNEM",
      "updateDate": "2015-07-09T00:48:22.830Z"
    },
    {
      "date": "2008 Q1",
      "value": "208.1",
      "year": "2008",
      "month": "",
      "quarter": "Q1",
      "sourceDataset": "UNEM",
      "updateDate": "2015-07-09T00:48:22.830Z"
    },
    {
      "date": "2008 Q2",
      "value": "129.4",
      "year": "2008",
      "month": "",
      "quarter": "Q2",
      "sourceDataset": "UNEM",
      "updateDate": "2015-07-09T00:48:22.830Z"
    },
    {
      "date": "2008 Q3",
      "value": "138.4",
      "year": "2008",
      "month": "",
      "quarter": "Q3",
      "sourceDataset": "UNEM",
      "updateDate": "2015-07-09T00:48:22.830Z"
    },
    {
      "date": "2008 Q4",
      "value": "162.7",
      "year": "2008",
      "month": "",
      "quarter": "Q4",
      "sourceDataset": "UNEM",
      "updateDate": "2015-07-09T00:48:22.830Z"
    },
    {
      "date": "2009 Q1",
      "value": "346.2",
      "year": "2009",
      "month": "",
      "quarter": "Q1",
      "sourceDataset": "UNEM",
      "updateDate": "2015-07-09T00:48:22.830Z"
    },
    {
      "date": "2009 Q2",
      "value": "273.1",
      "year": "2009",
      "month": "",
      "quarter": "Q2",
      "sourceDataset": "UNEM",
      "updateDate": "2015-07-09T00:48:22.830Z"
    },
    {
      "date": "2009 Q3",
      "value": "333.1",
      "year": "2009",
      "month": "",
      "quarter": "Q3",
      "sourceDataset": "UNEM",
      "updateDate": "2015-07-09T00:48:22.830Z"
    },
    {
      "date": "2009 Q4",
      "value": "358.3",
      "year": "2009",
      "month": "",
      "quarter": "Q4",
      "sourceDataset": "UNEM",
      "updateDate": "2015-07-09T00:48:22.830Z"
    },
    {
      "date": "2010 Q1",
      "value": "261.9",
      "year": "2010",
      "month": "",
      "quarter": "Q1",
      "sourceDataset": "UNEM",
      "updateDate": "2015-07-09T00:48:22.830Z"
    },
    {
      "date": "2010 Q2",
      "value": "310.3",
      "year": "2010",
      "month": "",
      "quarter": "Q2",
      "sourceDataset": "UNEM",
      "updateDate": "2015-07-09T00:48:22.830Z"
    },
    {
      "date": "2010 Q3",
      "value": "267.2",
      "year": "2010",
      "month": "",
      "quarter": "Q3",
      "sourceDataset": "UNEM",
      "updateDate": "2015-07-09T00:48:22.830Z"
    },
    {
      "date": "2010 Q4",
      "value": "247.3",
      "year": "2010",
      "month": "",
      "quarter": "Q4",
      "sourceDataset": "UNEM",
      "updateDate": "2015-07-09T00:48:22.830Z"
    },
    {
      "date": "2011 Q1",
      "value": "367.8",
      "year": "2011",
      "month": "",
      "quarter": "Q1",
      "sourceDataset": "UNEM",
      "updateDate": "2015-07-09T00:48:22.830Z"
    },
    {
      "date": "2011 Q2",
      "value": "281.6",
      "year": "2011",
      "month": "",
      "quarter": "Q2",
      "sourceDataset": "UNEM",
      "updateDate": "2015-07-09T00:48:22.830Z"
    },
    {
      "date": "2011 Q3",
      "value": "332.5",
      "year": "2011",
      "month": "",
      "quarter": "Q3",
      "sourceDataset": "UNEM",
      "updateDate": "2015-07-09T00:48:22.830Z"
    },
    {
      "date": "2011 Q4",
      "value": "377.0",
      "year": "2011",
      "month": "",
      "quarter": "Q4",
      "sourceDataset": "UNEM",
      "updateDate": "2015-07-09T00:48:22.830Z"
    },
    {
      "date": "2012 Q1",
      "value": "269.4",
      "year": "2012",
      "month": "",
      "quarter": "Q1",
      "sourceDataset": "UNEM",
      "updateDate": "2015-07-09T00:48:22.830Z"
    },
    {
      "date": "2012 Q2",
      "value": "325.6",
      "year": "2012",
      "month": "",
      "quarter": "Q2",
      "sourceDataset": "UNEM",
      "updateDate": "2015-07-09T00:48:22.830Z"
    },
    {
      "date": "2012 Q3",
      "value": "288.8",
      "year": "2012",
      "month": "",
      "quarter": "Q3",
      "sourceDataset": "UNEM",
      "updateDate": "2015-07-09T00:48:22.830Z"
    },
    {
      "date": "2012 Q4",
      "value": "267.2",
      "year": "2012",
      "month": "",
      "quarter": "Q4",
      "sourceDataset": "UNEM",
      "updateDate": "2015-07-09T00:48:22.830Z"
    },
    {
      "date": "2013 Q1",
      "value": "187.4",
      "year": "2013",
      "month": "",
      "quarter": "Q1",
      "sourceDataset": "UNEM",
      "updateDate": "2015-07-09T00:48:22.830Z"
    },
    {
      "date": "2013 Q2",
      "value": "274.0",
      "year": "2013",
      "month": "",
      "quarter": "Q2",
      "sourceDataset": "UNEM",
      "updateDate": "2015-07-09T00:48:22.830Z"
    },
    {
      "date": "2013 Q3",
      "value": "250.8",
      "year": "2013",
      "month": "",
      "quarter": "Q3",
      "sourceDataset": "UNEM",
      "updateDate": "2015-07-09T00:48:22.830Z"
    },
    {
      "date": "2013 Q4",
      "value": "212.9",
      "year": "2013",
      "month": "",
      "quarter": "Q4",
      "sourceDataset": "UNEM",
      "updateDate": "2015-07-09T00:48:22.830Z"
    },
    {
      "date": "2014 Q1",
      "value": "115.8",
      "year": "2014",
      "month": "",
      "quarter": "Q1",
      "sourceDataset": "UNEM",
      "updateDate": "2015-07-09T00:48:22.830Z"
    },
    {
      "date": "2014 Q2",
      "value": "172.2",
      "year": "2014",
      "month": "",
      "quarter": "Q2",
      "sourceDataset": "UNEM",
      "updateDate": "2015-07-09T00:48:22.830Z"
    },
    {
      "date": "2014 Q3",
      "value": "156.3",
      "year": "2014",
      "month": "",
      "quarter": "Q3",
      "sourceDataset": "UNEM",
      "updateDate": "2015-07-09T00:48:22.830Z"
    },
    {
      "date": "2014 Q4",
      "value": "136.1",
      "year": "2014",
      "month": "",
      "quarter": "Q4",
      "sourceDataset": "UNEM",
      "updateDate": "2015-07-09T00:48:22.830Z"
    }
  ],
  "months": [
    {
      "date": "1997 JAN",
      "value": "242.9",
      "year": "1997",
      "month": "January",
      "quarter": "",
      "sourceDataset": "UNEM",
      "updateDate": "2015-07-09T00:48:22.830Z"
    },
    {
      "date": "1997 FEB",
      "value": "242.5",
      "year": "1997",
      "month": "February",
      "quarter": "",
      "sourceDataset": "UNEM",
      "updateDate": "2015-07-09T00:48:22.830Z"
    },
    {
      "date": "1997 MAR",
      "value": "245.0",
      "year": "1997",
      "month": "March",
      "quarter": "",
      "sourceDataset": "UNEM",
      "updateDate": "2015-07-09T00:48:22.830Z"
    },
    {
      "date": "1997 APR",
      "value": "275.5",
      "year": "1997",
      "month": "April",
      "quarter": "",
      "sourceDataset": "UNEM",
      "updateDate": "2015-07-09T00:48:22.830Z"
    },
    {
      "date": "1997 MAY",
      "value": "261.3",
      "year": "1997",
      "month": "May",
      "quarter": "",
      "sourceDataset": "UNEM",
      "updateDate": "2015-07-09T00:48:22.830Z"
    },
    {
      "date": "1997 JUN",
      "value": "248.6",
      "year": "1997",
      "month": "June",
      "quarter": "",
      "sourceDataset": "UNEM",
      "updateDate": "2015-07-09T00:48:22.830Z"
    },
    {
      "date": "1997 JUL",
      "value": "239.7",
      "year": "1997",
      "month": "July",
      "quarter": "",
      "sourceDataset": "UNEM",
      "updateDate": "2015-07-09T00:48:22.830Z"
    },
    {
      "date": "1997 AUG",
      "value": "235.1",
      "year": "1997",
      "month": "August",
      "quarter": "",
      "sourceDataset": "UNEM",
      "updateDate": "2015-07-09T00:48:22.830Z"
    },
    {
      "date": "1997 SEP",
      "value": "234.4",
      "year": "1997",
      "month": "September",
      "quarter": "",
      "sourceDataset": "UNEM",
      "updateDate": "2015-07-09T00:48:22.830Z"
    },
    {
      "date": "1997 OCT",
      "value": "236.1",
      "year": "1997",
      "month": "October",
      "quarter": "",
      "sourceDataset": "UNEM",
      "updateDate": "2015-07-09T00:48:22.830Z"
    },
    {
      "date": "1997 NOV",
      "value": "238.2",
      "year": "1997",
      "month": "November",
      "quarter": "",
      "sourceDataset": "UNEM",
      "updateDate": "2015-07-09T00:48:22.830Z"
    },
    {
      "date": "1997 DEC",
      "value": "239.0",
      "year": "1997",
      "month": "December",
      "quarter": "",
      "sourceDataset": "UNEM",
      "updateDate": "2015-07-09T00:48:22.830Z"
    },
    {
      "date": "1998 JAN",
      "value": "228.0",
      "year": "1998",
      "month": "January",
      "quarter": "",
      "sourceDataset": "UNEM",
      "updateDate": "2015-07-09T00:48:22.830Z"
    },
    {
      "date": "1998 FEB",
      "value": "224.5",
      "year": "1998",
      "month": "February",
      "quarter": "",
      "sourceDataset": "UNEM",
      "updateDate": "2015-07-09T00:48:22.830Z"
    },
    {
      "date": "1998 MAR",
      "value": "221.6",
      "year": "1998",
      "month": "March",
      "quarter": "",
      "sourceDataset": "UNEM",
      "updateDate": "2015-07-09T00:48:22.830Z"
    },
    {
      "date": "1998 APR",
      "value": "243.8",
      "year": "1998",
      "month": "April",
      "quarter": "",
      "sourceDataset": "UNEM",
      "updateDate": "2015-07-09T00:48:22.830Z"
    },
    {
      "date": "1998 MAY",
      "value": "244.7",
      "year": "1998",
      "month": "May",
      "quarter": "",
      "sourceDataset": "UNEM",
      "updateDate": "2015-07-09T00:48:22.830Z"
    },
    {
      "date": "1998 JUN",
      "value": "246.0",
      "year": "1998",
      "month": "June",
      "quarter": "",
      "sourceDataset": "UNEM",
      "updateDate": "2015-07-09T00:48:22.830Z"
    },
    {
      "date": "1998 JUL",
      "value": "246.2",
      "year": "1998",
      "month": "July",
      "quarter": "",
      "sourceDataset": "UNEM",
      "updateDate": "2015-07-09T00:48:22.830Z"
    },
    {
      "date": "1998 AUG",
      "value": "244.8",
      "year": "1998",
      "month": "August",
      "quarter": "",
      "sourceDataset": "UNEM",
      "updateDate": "2015-07-09T00:48:22.830Z"
    },
    {
      "date": "1998 SEP",
      "value": "242.3",
      "year": "1998",
      "month": "September",
      "quarter": "",
      "sourceDataset": "UNEM",
      "updateDate": "2015-07-09T00:48:22.830Z"
    },
    {
      "date": "1998 OCT",
      "value": "239.8",
      "year": "1998",
      "month": "October",
      "quarter": "",
      "sourceDataset": "UNEM",
      "updateDate": "2015-07-09T00:48:22.830Z"
    },
    {
      "date": "1998 NOV",
      "value": "237.3",
      "year": "1998",
      "month": "November",
      "quarter": "",
      "sourceDataset": "UNEM",
      "updateDate": "2015-07-09T00:48:22.830Z"
    },
    {
      "date": "1998 DEC",
      "value": "231.7",
      "year": "1998",
      "month": "December",
      "quarter": "",
      "sourceDataset": "UNEM",
      "updateDate": "2015-07-09T00:48:22.830Z"
    },
    {
      "date": "1999 JAN",
      "value": "200.0",
      "year": "1999",
      "month": "January",
      "quarter": "",
      "sourceDataset": "UNEM",
      "updateDate": "2015-07-09T00:48:22.830Z"
    },
    {
      "date": "1999 FEB",
      "value": "198.9",
      "year": "1999",
      "month": "February",
      "quarter": "",
      "sourceDataset": "UNEM",
      "updateDate": "2015-07-09T00:48:22.830Z"
    },
    {
      "date": "1999 MAR",
      "value": "197.1",
      "year": "1999",
      "month": "March",
      "quarter": "",
      "sourceDataset": "UNEM",
      "updateDate": "2015-07-09T00:48:22.830Z"
    },
    {
      "date": "1999 APR",
      "value": "219.6",
      "year": "1999",
      "month": "April",
      "quarter": "",
      "sourceDataset": "UNEM",
      "updateDate": "2015-07-09T00:48:22.830Z"
    },
    {
      "date": "1999 MAY",
      "value": "217.2",
      "year": "1999",
      "month": "May",
      "quarter": "",
      "sourceDataset": "UNEM",
      "updateDate": "2015-07-09T00:48:22.830Z"
    },
    {
      "date": "1999 JUN",
      "value": "215.8",
      "year": "1999",
      "month": "June",
      "quarter": "",
      "sourceDataset": "UNEM",
      "updateDate": "2015-07-09T00:48:22.830Z"
    },
    {
      "date": "1999 JUL",
      "value": "212.7",
      "year": "1999",
      "month": "July",
      "quarter": "",
      "sourceDataset": "UNEM",
      "updateDate": "2015-07-09T00:48:22.830Z"
    },
    {
      "date": "1999 AUG",
      "value": "210.9",
      "year": "1999",
      "month": "August",
      "quarter": "",
      "sourceDataset": "UNEM",
      "updateDate": "2015-07-09T00:48:22.830Z"
    },
    {
      "date": "1999 SEP",
      "value": "211.1",
      "year": "1999",
      "month": "September",
      "quarter": "",
      "sourceDataset": "UNEM",
      "updateDate": "2015-07-09T00:48:22.830Z"
    },
    {
      "date": "1999 OCT",
      "value": "204.9",
      "year": "1999",
      "month": "October",
      "quarter": "",
      "sourceDataset": "UNEM",
      "updateDate": "2015-07-09T00:48:22.830Z"
    },
    {
      "date": "1999 NOV",
      "value": "203.3",
      "year": "1999",
      "month": "November",
      "quarter": "",
      "sourceDataset": "UNEM",
      "updateDate": "2015-07-09T00:48:22.830Z"
    },
    {
      "date": "1999 DEC",
      "value": "198.2",
      "year": "1999",
      "month": "December",
      "quarter": "",
      "sourceDataset": "UNEM",
      "updateDate": "2015-07-09T00:48:22.830Z"
    },
    {
      "date": "2000 JAN",
      "value": "166.5",
      "year": "2000",
      "month": "January",
      "quarter": "",
      "sourceDataset": "UNEM",
      "updateDate": "2015-07-09T00:48:22.830Z"
    },
    {
      "date": "2000 FEB",
      "value": "165.2",
      "year": "2000",
      "month": "February",
      "quarter": "",
      "sourceDataset": "UNEM",
      "updateDate": "2015-07-09T00:48:22.830Z"
    },
    {
      "date": "2000 MAR",
      "value": "163.2",
      "year": "2000",
      "month": "March",
      "quarter": "",
      "sourceDataset": "UNEM",
      "updateDate": "2015-07-09T00:48:22.830Z"
    },
    {
      "date": "2000 APR",
      "value": "193.3",
      "year": "2000",
      "month": "April",
      "quarter": "",
      "sourceDataset": "UNEM",
      "updateDate": "2015-07-09T00:48:22.830Z"
    },
    {
      "date": "2000 MAY",
      "value": "190.5",
      "year": "2000",
      "month": "May",
      "quarter": "",
      "sourceDataset": "UNEM",
      "updateDate": "2015-07-09T00:48:22.830Z"
    },
    {
      "date": "2000 JUN",
      "value": "187.2",
      "year": "2000",
      "month": "June",
      "quarter": "",
      "sourceDataset": "UNEM",
      "updateDate": "2015-07-09T00:48:22.830Z"
    },
    {
      "date": "2000 JUL",
      "value": "180.8",
      "year": "2000",
      "month": "July",
      "quarter": "",
      "sourceDataset": "UNEM",
      "updateDate": "2015-07-09T00:48:22.830Z"
    },
    {
      "date": "2000 AUG",
      "value": "176.2",
      "year": "2000",
      "month": "August",
      "quarter": "",
      "sourceDataset": "UNEM",
      "updateDate": "2015-07-09T00:48:22.830Z"
    },
    {
      "date": "2000 SEP",
      "value": "170.2",
      "year": "2000",
      "month": "September",
      "quarter": "",
      "sourceDataset": "UNEM",
      "updateDate": "2015-07-09T00:48:22.830Z"
    },
    {
      "date": "2000 OCT",
      "value": "170.1",
      "year": "2000",
      "month": "October",
      "quarter": "",
      "sourceDataset": "UNEM",
      "updateDate": "2015-07-09T00:48:22.830Z"
    },
    {
      "date": "2000 NOV",
      "value": "169.8",
      "year": "2000",
      "month": "November",
      "quarter": "",
      "sourceDataset": "UNEM",
      "updateDate": "2015-07-09T00:48:22.830Z"
    },
    {
      "date": "2000 DEC",
      "value": "169.0",
      "year": "2000",
      "month": "December",
      "quarter": "",
      "sourceDataset": "UNEM",
      "updateDate": "2015-07-09T00:48:22.830Z"
    },
    {
      "date": "2001 JAN",
      "value": "156.9",
      "year": "2001",
      "month": "January",
      "quarter": "",
      "sourceDataset": "UNEM",
      "updateDate": "2015-07-09T00:48:22.830Z"
    },
    {
      "date": "2001 FEB",
      "value": "158.9",
      "year": "2001",
      "month": "February",
      "quarter": "",
      "sourceDataset": "UNEM",
      "updateDate": "2015-07-09T00:48:22.830Z"
    },
    {
      "date": "2001 MAR",
      "value": "159.2",
      "year": "2001",
      "month": "March",
      "quarter": "",
      "sourceDataset": "UNEM",
      "updateDate": "2015-07-09T00:48:22.830Z"
    },
    {
      "date": "2001 APR",
      "value": "161.8",
      "year": "2001",
      "month": "April",
      "quarter": "",
      "sourceDataset": "UNEM",
      "updateDate": "2015-07-09T00:48:22.830Z"
    },
    {
      "date": "2001 MAY",
      "value": "161.2",
      "year": "2001",
      "month": "May",
      "quarter": "",
      "sourceDataset": "UNEM",
      "updateDate": "2015-07-09T00:48:22.830Z"
    },
    {
      "date": "2001 JUN",
      "value": "157.9",
      "year": "2001",
      "month": "June",
      "quarter": "",
      "sourceDataset": "UNEM",
      "updateDate": "2015-07-09T00:48:22.830Z"
    },
    {
      "date": "2001 JUL",
      "value": "158.9",
      "year": "2001",
      "month": "July",
      "quarter": "",
      "sourceDataset": "UNEM",
      "updateDate": "2015-07-09T00:48:22.830Z"
    },
    {
      "date": "2001 AUG",
      "value": "157.8",
      "year": "2001",
      "month": "August",
      "quarter": "",
      "sourceDataset": "UNEM",
      "updateDate": "2015-07-09T00:48:22.830Z"
    },
    {
      "date": "2001 SEP",
      "value": "156.7",
      "year": "2001",
      "month": "September",
      "quarter": "",
      "sourceDataset": "UNEM",
      "updateDate": "2015-07-09T00:48:22.830Z"
    },
    {
      "date": "2001 OCT",
      "value": "159.1",
      "year": "2001",
      "month": "October",
      "quarter": "",
      "sourceDataset": "UNEM",
      "updateDate": "2015-07-09T00:48:22.830Z"
    },
    {
      "date": "2001 NOV",
      "value": "158.7",
      "year": "2001",
      "month": "November",
      "quarter": "",
      "sourceDataset": "UNEM",
      "updateDate": "2015-07-09T00:48:22.830Z"
    },
    {
      "date": "2001 DEC",
      "value": "159.1",
      "year": "2001",
      "month": "December",
      "quarter": "",
      "sourceDataset": "UNEM",
      "updateDate": "2015-07-09T00:48:22.830Z"
    },
    {
      "date": "2002 JAN",
      "value": "160.6",
      "year": "2002",
      "month": "January",
      "quarter": "",
      "sourceDataset": "UNEM",
      "updateDate": "2015-07-09T00:48:22.830Z"
    },
    {
      "date": "2002 FEB",
      "value": "161.3",
      "year": "2002",
      "month": "February",
      "quarter": "",
      "sourceDataset": "UNEM",
      "updateDate": "2015-07-09T00:48:22.830Z"
    },
    {
      "date": "2002 MAR",
      "value": "162.6",
      "year": "2002",
      "month": "March",
      "quarter": "",
      "sourceDataset": "UNEM",
      "updateDate": "2015-07-09T00:48:22.830Z"
    },
    {
      "date": "2002 APR",
      "value": "159.9",
      "year": "2002",
      "month": "April",
      "quarter": "",
      "sourceDataset": "UNEM",
      "updateDate": "2015-07-09T00:48:22.830Z"
    },
    {
      "date": "2002 MAY",
      "value": "159.0",
      "year": "2002",
      "month": "May",
      "quarter": "",
      "sourceDataset": "UNEM",
      "updateDate": "2015-07-09T00:48:22.830Z"
    },
    {
      "date": "2002 JUN",
      "value": "159.5",
      "year": "2002",
      "month": "June",
      "quarter": "",
      "sourceDataset": "UNEM",
      "updateDate": "2015-07-09T00:48:22.830Z"
    },
    {
      "date": "2002 JUL",
      "value": "160.5",
      "year": "2002",
      "month": "July",
      "quarter": "",
      "sourceDataset": "UNEM",
      "updateDate": "2015-07-09T00:48:22.830Z"
    },
    {
      "date": "2002 AUG",
      "value": "159.7",
      "year": "2002",
      "month": "August",
      "quarter": "",
      "sourceDataset": "UNEM",
      "updateDate": "2015-07-09T00:48:22.830Z"
    },
    {
      "date": "2002 SEP",
      "value": "161.2",
      "year": "2002",
      "month": "September",
      "quarter": "",
      "sourceDataset": "UNEM",
      "updateDate": "2015-07-09T00:48:22.830Z"
    },
    {
      "date": "2002 OCT",
      "value": "160.4",
      "year": "2002",
      "month": "October",
      "quarter": "",
      "sourceDataset": "UNEM",
      "updateDate": "2015-07-09T00:48:22.830Z"
    },
    {
      "date": "2002 NOV",
      "value": "160.7",
      "year": "2002",
      "month": "November",
      "quarter": "",
      "sourceDataset": "UNEM",
      "updateDate": "2015-07-09T00:48:22.830Z"
    },
    {
      "date": "2002 DEC",
      "value": "160.5",
      "year": "2002",
      "month": "December",
      "quarter": "",
      "sourceDataset": "UNEM",
      "updateDate": "2015-07-09T00:48:22.830Z"
    },
    {
      "date": "2003 JAN",
      "value": "162.6",
      "year": "2003",
      "month": "January",
      "quarter": "",
      "sourceDataset": "UNEM",
      "updateDate": "2015-07-09T00:48:22.830Z"
    },
    {
      "date": "2003 FEB",
      "value": "159.3",
      "year": "2003",
      "month": "February",
      "quarter": "",
      "sourceDataset": "UNEM",
      "updateDate": "2015-07-09T00:48:22.830Z"
    },
    {
      "date": "2003 MAR",
      "value": "158.0",
      "year": "2003",
      "month": "March",
      "quarter": "",
      "sourceDataset": "UNEM",
      "updateDate": "2015-07-09T00:48:22.830Z"
    },
    {
      "date": "2003 APR",
      "value": "160.2",
      "year": "2003",
      "month": "April",
      "quarter": "",
      "sourceDataset": "UNEM",
      "updateDate": "2015-07-09T00:48:22.830Z"
    },
    {
      "date": "2003 MAY",
      "value": "163.7",
      "year": "2003",
      "month": "May",
      "quarter": "",
      "sourceDataset": "UNEM",
      "updateDate": "2015-07-09T00:48:22.830Z"
    },
    {
      "date": "2003 JUN",
      "value": "165.6",
      "year": "2003",
      "month": "June",
      "quarter": "",
      "sourceDataset": "UNEM",
      "updateDate": "2015-07-09T00:48:22.830Z"
    },
    {
      "date": "2003 JUL",
      "value": "166.7",
      "year": "2003",
      "month": "July",
      "quarter": "",
      "sourceDataset": "UNEM",
      "updateDate": "2015-07-09T00:48:22.830Z"
    },
    {
      "date": "2003 AUG",
      "value": "167.7",
      "year": "2003",
      "month": "August",
      "quarter": "",
      "sourceDataset": "UNEM",
      "updateDate": "2015-07-09T00:48:22.830Z"
    },
    {
      "date": "2003 SEP",
      "value": "167.2",
      "year": "2003",
      "month": "September",
      "quarter": "",
      "sourceDataset": "UNEM",
      "updateDate": "2015-07-09T00:48:22.830Z"
    },
    {
      "date": "2003 OCT",
      "value": "168.0",
      "year": "2003",
      "month": "October",
      "quarter": "",
      "sourceDataset": "UNEM",
      "updateDate": "2015-07-09T00:48:22.830Z"
    },
    {
      "date": "2003 NOV",
      "value": "165.1",
      "year": "2003",
      "month": "November",
      "quarter": "",
      "sourceDataset": "UNEM",
      "updateDate": "2015-07-09T00:48:22.830Z"
    },
    {
      "date": "2003 DEC",
      "value": "163.8",
      "year": "2003",
      "month": "December",
      "quarter": "",
      "sourceDataset": "UNEM",
      "updateDate": "2015-07-09T00:48:22.830Z"
    },
    {
      "date": "2004 JAN",
      "value": "137.1",
      "year": "2004",
      "month": "January",
      "quarter": "",
      "sourceDataset": "UNEM",
      "updateDate": "2015-07-09T00:48:22.830Z"
    },
    {
      "date": "2004 FEB",
      "value": "136.7",
      "year": "2004",
      "month": "February",
      "quarter": "",
      "sourceDataset": "UNEM",
      "updateDate": "2015-07-09T00:48:22.830Z"
    },
    {
      "date": "2004 MAR",
      "value": "137.6",
      "year": "2004",
      "month": "March",
      "quarter": "",
      "sourceDataset": "UNEM",
      "updateDate": "2015-07-09T00:48:22.830Z"
    },
    {
      "date": "2004 APR",
      "value": "154.6",
      "year": "2004",
      "month": "April",
      "quarter": "",
      "sourceDataset": "UNEM",
      "updateDate": "2015-07-09T00:48:22.830Z"
    },
    {
      "date": "2004 MAY",
      "value": "152.7",
      "year": "2004",
      "month": "May",
      "quarter": "",
      "sourceDataset": "UNEM",
      "updateDate": "2015-07-09T00:48:22.830Z"
    },
    {
      "date": "2004 JUN",
      "value": "148.7",
      "year": "2004",
      "month": "June",
      "quarter": "",
      "sourceDataset": "UNEM",
      "updateDate": "2015-07-09T00:48:22.830Z"
    },
    {
      "date": "2004 JUL",
      "value": "144.7",
      "year": "2004",
      "month": "July",
      "quarter": "",
      "sourceDataset": "UNEM",
      "updateDate": "2015-07-09T00:48:22.830Z"
    },
    {
      "date": "2004 AUG",
      "value": "143.6",
      "year": "2004",
      "month": "August",
      "quarter": "",
      "sourceDataset": "UNEM",
      "updateDate": "2015-07-09T00:48:22.830Z"
    },
    {
      "date": "2004 SEP",
      "value": "142.1",
      "year": "2004",
      "month": "September",
      "quarter": "",
      "sourceDataset": "UNEM",
      "updateDate": "2015-07-09T00:48:22.830Z"
    },
    {
      "date": "2004 OCT",
      "value": "138.4",
      "year": "2004",
      "month": "October",
      "quarter": "",
      "sourceDataset": "UNEM",
      "updateDate": "2015-07-09T00:48:22.830Z"
    },
    {
      "date": "2004 NOV",
      "value": "139.5",
      "year": "2004",
      "month": "November",
      "quarter": "",
      "sourceDataset": "UNEM",
      "updateDate": "2015-07-09T00:48:22.830Z"
    },
    {
      "date": "2004 DEC",
      "value": "138.5",
      "year": "2004",
      "month": "December",
      "quarter": "",
      "sourceDataset": "UNEM",
      "updateDate": "2015-07-09T00:48:22.830Z"
    },
    {
      "date": "2005 JAN",
      "value": "171.8",
      "year": "2005",
      "month": "January",
      "quarter": "",
      "sourceDataset": "UNEM",
      "updateDate": "2015-07-09T00:48:22.830Z"
    },
    {
      "date": "2005 FEB",
      "value": "174.8",
      "year": "2005",
      "month": "February",
      "quarter": "",
      "sourceDataset": "UNEM",
      "updateDate": "2015-07-09T00:48:22.830Z"
    },
    {
      "date": "2005 MAR",
      "value": "175.3",
      "year": "2005",
      "month": "March",
      "quarter": "",
      "sourceDataset": "UNEM",
      "updateDate": "2015-07-09T00:48:22.830Z"
    },
    {
      "date": "2005 APR",
      "value": "139.4",
      "year": "2005",
      "month": "April",
      "quarter": "",
      "sourceDataset": "UNEM",
      "updateDate": "2015-07-09T00:48:22.830Z"
    },
    {
      "date": "2005 MAY",
      "value": "140.1",
      "year": "2005",
      "month": "May",
      "quarter": "",
      "sourceDataset": "UNEM",
      "updateDate": "2015-07-09T00:48:22.830Z"
    },
    {
      "date": "2005 JUN",
      "value": "142.9",
      "year": "2005",
      "month": "June",
      "quarter": "",
      "sourceDataset": "UNEM",
      "updateDate": "2015-07-09T00:48:22.830Z"
    },
    {
      "date": "2005 JUL",
      "value": "147.3",
      "year": "2005",
      "month": "July",
      "quarter": "",
      "sourceDataset": "UNEM",
      "updateDate": "2015-07-09T00:48:22.830Z"
    },
    {
      "date": "2005 AUG",
      "value": "150.6",
      "year": "2005",
      "month": "August",
      "quarter": "",
      "sourceDataset": "UNEM",
      "updateDate": "2015-07-09T00:48:22.830Z"
    },
    {
      "date": "2005 SEP",
      "value": "156.9",
      "year": "2005",
      "month": "September",
      "quarter": "",
      "sourceDataset": "UNEM",
      "updateDate": "2015-07-09T00:48:22.830Z"
    },
    {
      "date": "2005 OCT",
      "value": "161.7",
      "year": "2005",
      "month": "October",
      "quarter": "",
      "sourceDataset": "UNEM",
      "updateDate": "2015-07-09T00:48:22.830Z"
    },
    {
      "date": "2005 NOV",
      "value": "167.5",
      "year": "2005",
      "month": "November",
      "quarter": "",
      "sourceDataset": "UNEM",
      "updateDate": "2015-07-09T00:48:22.830Z"
    },
    {
      "date": "2005 DEC",
      "value": "169.5",
      "year": "2005",
      "month": "December",
      "quarter": "",
      "sourceDataset": "UNEM",
      "updateDate": "2015-07-09T00:48:22.830Z"
    },
    {
      "date": "2006 JAN",
      "value": "170.1",
      "year": "2006",
      "month": "January",
      "quarter": "",
      "sourceDataset": "UNEM",
      "updateDate": "2015-07-09T00:48:22.830Z"
    },
    {
      "date": "2006 FEB",
      "value": "166.4",
      "year": "2006",
      "month": "February",
      "quarter": "",
      "sourceDataset": "UNEM",
      "updateDate": "2015-07-09T00:48:22.830Z"
    },
    {
      "date": "2006 MAR",
      "value": "161.7",
      "year": "2006",
      "month": "March",
      "quarter": "",
      "sourceDataset": "UNEM",
      "updateDate": "2015-07-09T00:48:22.830Z"
    },
    {
      "date": "2006 APR",
      "value": "179.7",
      "year": "2006",
      "month": "April",
      "quarter": "",
      "sourceDataset": "UNEM",
      "updateDate": "2015-07-09T00:48:22.830Z"
    },
    {
      "date": "2006 MAY",
      "value": "182.8",
      "year": "2006",
      "month": "May",
      "quarter": "",
      "sourceDataset": "UNEM",
      "updateDate": "2015-07-09T00:48:22.830Z"
    },
    {
      "date": "2006 JUN",
      "value": "186.1",
      "year": "2006",
      "month": "June",
      "quarter": "",
      "sourceDataset": "UNEM",
      "updateDate": "2015-07-09T00:48:22.830Z"
    },
    {
      "date": "2006 JUL",
      "value": "187.4",
      "year": "2006",
      "month": "July",
      "quarter": "",
      "sourceDataset": "UNEM",
      "updateDate": "2015-07-09T00:48:22.830Z"
    },
    {
      "date": "2006 AUG",
      "value": "184.5",
      "year": "2006",
      "month": "August",
      "quarter": "",
      "sourceDataset": "UNEM",
      "updateDate": "2015-07-09T00:48:22.830Z"
    },
    {
      "date": "2006 SEP",
      "value": "183.8",
      "year": "2006",
      "month": "September",
      "quarter": "",
      "sourceDataset": "UNEM",
      "updateDate": "2015-07-09T00:48:22.830Z"
    },
    {
      "date": "2006 OCT",
      "value": "184.5",
      "year": "2006",
      "month": "October",
      "quarter": "",
      "sourceDataset": "UNEM",
      "updateDate": "2015-07-09T00:48:22.830Z"
    },
    {
      "date": "2006 NOV",
      "value": "177.8",
      "year": "2006",
      "month": "November",
      "quarter": "",
      "sourceDataset": "UNEM",
      "updateDate": "2015-07-09T00:48:22.830Z"
    },
    {
      "date": "2006 DEC",
      "value": "173.7",
      "year": "2006",
      "month": "December",
      "quarter": "",
      "sourceDataset": "UNEM",
      "updateDate": "2015-07-09T00:48:22.830Z"
    },
    {
      "date": "2007 JAN",
      "value": "130.8",
      "year": "2007",
      "month": "January",
      "quarter": "",
      "sourceDataset": "UNEM",
      "updateDate": "2015-07-09T00:48:22.830Z"
    },
    {
      "date": "2007 FEB",
      "value": "128.0",
      "year": "2007",
      "month": "February",
      "quarter": "",
      "sourceDataset": "UNEM",
      "updateDate": "2015-07-09T00:48:22.830Z"
    },
    {
      "date": "2007 MAR",
      "value": "128.1",
      "year": "2007",
      "month": "March",
      "quarter": "",
      "sourceDataset": "UNEM",
      "updateDate": "2015-07-09T00:48:22.830Z"
    },
    {
      "date": "2007 APR",
      "value": "158.0",
      "year": "2007",
      "month": "April",
      "quarter": "",
      "sourceDataset": "UNEM",
      "updateDate": "2015-07-09T00:48:22.830Z"
    },
    {
      "date": "2007 MAY",
      "value": "153.2",
      "year": "2007",
      "month": "May",
      "quarter": "",
      "sourceDataset": "UNEM",
      "updateDate": "2015-07-09T00:48:22.830Z"
    },
    {
      "date": "2007 JUN",
      "value": "148.5",
      "year": "2007",
      "month": "June",
      "quarter": "",
      "sourceDataset": "UNEM",
      "updateDate": "2015-07-09T00:48:22.830Z"
    },
    {
      "date": "2007 JUL",
      "value": "145.0",
      "year": "2007",
      "month": "July",
      "quarter": "",
      "sourceDataset": "UNEM",
      "updateDate": "2015-07-09T00:48:22.830Z"
    },
    {
      "date": "2007 AUG",
      "value": "141.2",
      "year": "2007",
      "month": "August",
      "quarter": "",
      "sourceDataset": "UNEM",
      "updateDate": "2015-07-09T00:48:22.830Z"
    },
    {
      "date": "2007 SEP",
      "value": "138.6",
      "year": "2007",
      "month": "September",
      "quarter": "",
      "sourceDataset": "UNEM",
      "updateDate": "2015-07-09T00:48:22.830Z"
    },
    {
      "date": "2007 OCT",
      "value": "135.0",
      "year": "2007",
      "month": "October",
      "quarter": "",
      "sourceDataset": "UNEM",
      "updateDate": "2015-07-09T00:48:22.830Z"
    },
    {
      "date": "2007 NOV",
      "value": "134.0",
      "year": "2007",
      "month": "November",
      "quarter": "",
      "sourceDataset": "UNEM",
      "updateDate": "2015-07-09T00:48:22.830Z"
    },
    {
      "date": "2007 DEC",
      "value": "133.6",
      "year": "2007",
      "month": "December",
      "quarter": "",
      "sourceDataset": "UNEM",
      "updateDate": "2015-07-09T00:48:22.830Z"
    },
    {
      "date": "2008 JAN",
      "value": "187.0",
      "year": "2008",
      "month": "January",
      "quarter": "",
      "sourceDataset": "UNEM",
      "updateDate": "2015-07-09T00:48:22.830Z"
    },
    {
      "date": "2008 FEB",
      "value": "208.9",
      "year": "2008",
      "month": "February",
      "quarter": "",
      "sourceDataset": "UNEM",
      "updateDate": "2015-07-09T00:48:22.830Z"
    },
    {
      "date": "2008 MAR",
      "value": "228.4",
      "year": "2008",
      "month": "March",
      "quarter": "",
      "sourceDataset": "UNEM",
      "updateDate": "2015-07-09T00:48:22.830Z"
    },
    {
      "date": "2008 APR",
      "value": "128.5",
      "year": "2008",
      "month": "April",
      "quarter": "",
      "sourceDataset": "UNEM",
      "updateDate": "2015-07-09T00:48:22.830Z"
    },
    {
      "date": "2008 MAY",
      "value": "129.2",
      "year": "2008",
      "month": "May",
      "quarter": "",
      "sourceDataset": "UNEM",
      "updateDate": "2015-07-09T00:48:22.830Z"
    },
    {
      "date": "2008 JUN",
      "value": "130.5",
      "year": "2008",
      "month": "June",
      "quarter": "",
      "sourceDataset": "UNEM",
      "updateDate": "2015-07-09T00:48:22.830Z"
    },
    {
      "date": "2008 JUL",
      "value": "133.4",
      "year": "2008",
      "month": "July",
      "quarter": "",
      "sourceDataset": "UNEM",
      "updateDate": "2015-07-09T00:48:22.830Z"
    },
    {
      "date": "2008 AUG",
      "value": "137.7",
      "year": "2008",
      "month": "August",
      "quarter": "",
      "sourceDataset": "UNEM",
      "updateDate": "2015-07-09T00:48:22.830Z"
    },
    {
      "date": "2008 SEP",
      "value": "144.1",
      "year": "2008",
      "month": "September",
      "quarter": "",
      "sourceDataset": "UNEM",
      "updateDate": "2015-07-09T00:48:22.830Z"
    },
    {
      "date": "2008 OCT",
      "value": "151.3",
      "year": "2008",
      "month": "October",
      "quarter": "",
      "sourceDataset": "UNEM",
      "updateDate": "2015-07-09T00:48:22.830Z"
    },
    {
      "date": "2008 NOV",
      "value": "162.2",
      "year": "2008",
      "month": "November",
      "quarter": "",
      "sourceDataset": "UNEM",
      "updateDate": "2015-07-09T00:48:22.830Z"
    },
    {
      "date": "2008 DEC",
      "value": "174.6",
      "year": "2008",
      "month": "December",
      "quarter": "",
      "sourceDataset": "UNEM",
      "updateDate": "2015-07-09T00:48:22.830Z"
    },
    {
      "date": "2009 JAN",
      "value": "354.8",
      "year": "2009",
      "month": "January",
      "quarter": "",
      "sourceDataset": "UNEM",
      "updateDate": "2015-07-09T00:48:22.830Z"
    },
    {
      "date": "2009 FEB",
      "value": "346.0",
      "year": "2009",
      "month": "February",
      "quarter": "",
      "sourceDataset": "UNEM",
      "updateDate": "2015-07-09T00:48:22.830Z"
    },
    {
      "date": "2009 MAR",
      "value": "337.8",
      "year": "2009",
      "month": "March",
      "quarter": "",
      "sourceDataset": "UNEM",
      "updateDate": "2015-07-09T00:48:22.830Z"
    },
    {
      "date": "2009 APR",
      "value": "245.1",
      "year": "2009",
      "month": "April",
      "quarter": "",
      "sourceDataset": "UNEM",
      "updateDate": "2015-07-09T00:48:22.830Z"
    },
    {
      "date": "2009 MAY",
      "value": "275.8",
      "year": "2009",
      "month": "May",
      "quarter": "",
      "sourceDataset": "UNEM",
      "updateDate": "2015-07-09T00:48:22.830Z"
    },
    {
      "date": "2009 JUN",
      "value": "298.5",
      "year": "2009",
      "month": "June",
      "quarter": "",
      "sourceDataset": "UNEM",
      "updateDate": "2015-07-09T00:48:22.830Z"
    },
    {
      "date": "2009 JUL",
      "value": "313.8",
      "year": "2009",
      "month": "July",
      "quarter": "",
      "sourceDataset": "UNEM",
      "updateDate": "2015-07-09T00:48:22.830Z"
    },
    {
      "date": "2009 AUG",
      "value": "337.9",
      "year": "2009",
      "month": "August",
      "quarter": "",
      "sourceDataset": "UNEM",
      "updateDate": "2015-07-09T00:48:22.830Z"
    },
    {
      "date": "2009 SEP",
      "value": "347.6",
      "year": "2009",
      "month": "September",
      "quarter": "",
      "sourceDataset": "UNEM",
      "updateDate": "2015-07-09T00:48:22.830Z"
    },
    {
      "date": "2009 OCT",
      "value": "360.3",
      "year": "2009",
      "month": "October",
      "quarter": "",
      "sourceDataset": "UNEM",
      "updateDate": "2015-07-09T00:48:22.830Z"
    },
    {
      "date": "2009 NOV",
      "value": "358.8",
      "year": "2009",
      "month": "November",
      "quarter": "",
      "sourceDataset": "UNEM",
      "updateDate": "2015-07-09T00:48:22.830Z"
    },
    {
      "date": "2009 DEC",
      "value": "355.8",
      "year": "2009",
      "month": "December",
      "quarter": "",
      "sourceDataset": "UNEM",
      "updateDate": "2015-07-09T00:48:22.830Z"
    },
    {
      "date": "2010 JAN",
      "value": "258.3",
      "year": "2010",
      "month": "January",
      "quarter": "",
      "sourceDataset": "UNEM",
      "updateDate": "2015-07-09T00:48:22.830Z"
    },
    {
      "date": "2010 FEB",
      "value": "262.8",
      "year": "2010",
      "month": "February",
      "quarter": "",
      "sourceDataset": "UNEM",
      "updateDate": "2015-07-09T00:48:22.830Z"
    },
    {
      "date": "2010 MAR",
      "value": "264.7",
      "year": "2010",
      "month": "March",
      "quarter": "",
      "sourceDataset": "UNEM",
      "updateDate": "2015-07-09T00:48:22.830Z"
    },
    {
      "date": "2010 APR",
      "value": "326.6",
      "year": "2010",
      "month": "April",
      "quarter": "",
      "sourceDataset": "UNEM",
      "updateDate": "2015-07-09T00:48:22.830Z"
    },
    {
      "date": "2010 MAY",
      "value": "309.2",
      "year": "2010",
      "month": "May",
      "quarter": "",
      "sourceDataset": "UNEM",
      "updateDate": "2015-07-09T00:48:22.830Z"
    },
    {
      "date": "2010 JUN",
      "value": "295.1",
      "year": "2010",
      "month": "June",
      "quarter": "",
      "sourceDataset": "UNEM",
      "updateDate": "2015-07-09T00:48:22.831Z"
    },
    {
      "date": "2010 JUL",
      "value": "277.5",
      "year": "2010",
      "month": "July",
      "quarter": "",
      "sourceDataset": "UNEM",
      "updateDate": "2015-07-09T00:48:22.831Z"
    },
    {
      "date": "2010 AUG",
      "value": "266.0",
      "year": "2010",
      "month": "August",
      "quarter": "",
      "sourceDataset": "UNEM",
      "updateDate": "2015-07-09T00:48:22.831Z"
    },
    {
      "date": "2010 SEP",
      "value": "258.1",
      "year": "2010",
      "month": "September",
      "quarter": "",
      "sourceDataset": "UNEM",
      "updateDate": "2015-07-09T00:48:22.831Z"
    },
    {
      "date": "2010 OCT",
      "value": "249.1",
      "year": "2010",
      "month": "October",
      "quarter": "",
      "sourceDataset": "UNEM",
      "updateDate": "2015-07-09T00:48:22.831Z"
    },
    {
      "date": "2010 NOV",
      "value": "247.0",
      "year": "2010",
      "month": "November",
      "quarter": "",
      "sourceDataset": "UNEM",
      "updateDate": "2015-07-09T00:48:22.831Z"
    },
    {
      "date": "2010 DEC",
      "value": "245.7",
      "year": "2010",
      "month": "December",
      "quarter": "",
      "sourceDataset": "UNEM",
      "updateDate": "2015-07-09T00:48:22.831Z"
    },
    {
      "date": "2011 JAN",
      "value": "377.4",
      "year": "2011",
      "month": "January",
      "quarter": "",
      "sourceDataset": "UNEM",
      "updateDate": "2015-07-09T00:48:22.831Z"
    },
    {
      "date": "2011 FEB",
      "value": "370.5",
      "year": "2011",
      "month": "February",
      "quarter": "",
      "sourceDataset": "UNEM",
      "updateDate": "2015-07-09T00:48:22.831Z"
    },
    {
      "date": "2011 MAR",
      "value": "355.4",
      "year": "2011",
      "month": "March",
      "quarter": "",
      "sourceDataset": "UNEM",
      "updateDate": "2015-07-09T00:48:22.831Z"
    },
    {
      "date": "2011 APR",
      "value": "271.6",
      "year": "2011",
      "month": "April",
      "quarter": "",
      "sourceDataset": "UNEM",
      "updateDate": "2015-07-09T00:48:22.831Z"
    },
    {
      "date": "2011 MAY",
      "value": "282.1",
      "year": "2011",
      "month": "May",
      "quarter": "",
      "sourceDataset": "UNEM",
      "updateDate": "2015-07-09T00:48:22.831Z"
    },
    {
      "date": "2011 JUN",
      "value": "291.1",
      "year": "2011",
      "month": "June",
      "quarter": "",
      "sourceDataset": "UNEM",
      "updateDate": "2015-07-09T00:48:22.831Z"
    },
    {
      "date": "2011 JUL",
      "value": "314.4",
      "year": "2011",
      "month": "July",
      "quarter": "",
      "sourceDataset": "UNEM",
      "updateDate": "2015-07-09T00:48:22.831Z"
    },
    {
      "date": "2011 AUG",
      "value": "330.9",
      "year": "2011",
      "month": "August",
      "quarter": "",
      "sourceDataset": "UNEM",
      "updateDate": "2015-07-09T00:48:22.831Z"
    },
    {
      "date": "2011 SEP",
      "value": "352.2",
      "year": "2011",
      "month": "September",
      "quarter": "",
      "sourceDataset": "UNEM",
      "updateDate": "2015-07-09T00:48:22.831Z"
    },
    {
      "date": "2011 OCT",
      "value": "374.0",
      "year": "2011",
      "month": "October",
      "quarter": "",
      "sourceDataset": "UNEM",
      "updateDate": "2015-07-09T00:48:22.831Z"
    },
    {
      "date": "2011 NOV",
      "value": "376.8",
      "year": "2011",
      "month": "November",
      "quarter": "",
      "sourceDataset": "UNEM",
      "updateDate": "2015-07-09T00:48:22.831Z"
    },
    {
      "date": "2011 DEC",
      "value": "380.2",
      "year": "2011",
      "month": "December",
      "quarter": "",
      "sourceDataset": "UNEM",
      "updateDate": "2015-07-09T00:48:22.831Z"
    },
    {
      "date": "2012 JAN",
      "value": "265.9",
      "year": "2012",
      "month": "January",
      "quarter": "",
      "sourceDataset": "UNEM",
      "updateDate": "2015-07-09T00:48:22.831Z"
    },
    {
      "date": "2012 FEB",
      "value": "268.4",
      "year": "2012",
      "month": "February",
      "quarter": "",
      "sourceDataset": "UNEM",
      "updateDate": "2015-07-09T00:48:22.831Z"
    },
    {
      "date": "2012 MAR",
      "value": "273.8",
      "year": "2012",
      "month": "March",
      "quarter": "",
      "sourceDataset": "UNEM",
      "updateDate": "2015-07-09T00:48:22.831Z"
    },
    {
      "date": "2012 APR",
      "value": "337.4",
      "year": "2012",
      "month": "April",
      "quarter": "",
      "sourceDataset": "UNEM",
      "updateDate": "2015-07-09T00:48:22.831Z"
    },
    {
      "date": "2012 MAY",
      "value": "325.6",
      "year": "2012",
      "month": "May",
      "quarter": "",
      "sourceDataset": "UNEM",
      "updateDate": "2015-07-09T00:48:22.831Z"
    },
    {
      "date": "2012 JUN",
      "value": "313.7",
      "year": "2012",
      "month": "June",
      "quarter": "",
      "sourceDataset": "UNEM",
      "updateDate": "2015-07-09T00:48:22.831Z"
    },
    {
      "date": "2012 JUL",
      "value": "303.7",
      "year": "2012",
      "month": "July",
      "quarter": "",
      "sourceDataset": "UNEM",
      "updateDate": "2015-07-09T00:48:22.831Z"
    },
    {
      "date": "2012 AUG",
      "value": "288.9",
      "year": "2012",
      "month": "August",
      "quarter": "",
      "sourceDataset": "UNEM",
      "updateDate": "2015-07-09T00:48:22.831Z"
    },
    {
      "date": "2012 SEP",
      "value": "273.8",
      "year": "2012",
      "month": "September",
      "quarter": "",
      "sourceDataset": "UNEM",
      "updateDate": "2015-07-09T00:48:22.831Z"
    },
    {
      "date": "2012 OCT",
      "value": "268.2",
      "year": "2012",
      "month": "October",
      "quarter": "",
      "sourceDataset": "UNEM",
      "updateDate": "2015-07-09T00:48:22.831Z"
    },
    {
      "date": "2012 NOV",
      "value": "268.3",
      "year": "2012",
      "month": "November",
      "quarter": "",
      "sourceDataset": "UNEM",
      "updateDate": "2015-07-09T00:48:22.831Z"
    },
    {
      "date": "2012 DEC",
      "value": "265.2",
      "year": "2012",
      "month": "December",
      "quarter": "",
      "sourceDataset": "UNEM",
      "updateDate": "2015-07-09T00:48:22.831Z"
    },
    {
      "date": "2013 APR",
      "value": "276.4",
      "year": "2013",
      "month": "April",
      "quarter": "",
      "sourceDataset": "UNEM",
      "updateDate": "2015-07-09T00:48:22.831Z"
    }
  ],
  "sourceDatasets": [
    "UNEM"
  ],
  "type": "timeseries",
  "uri": "/employmentandlabourmarket/peoplenotinwork/unemployment/timeseries/agmc",
  "breadcrumb": [
    {
      "uri": "/"
    },
    {
      "uri": "/employmentandlabourmarket"
    },
    {
      "uri": "/employmentandlabourmarket/peoplenotinwork"
    },
    {
      "uri": "/employmentandlabourmarket/peoplenotinwork/unemployment"
    }
  ],
  "description": {
    "title": "UK Claimant Count: People - All ages: Over 6 and up to 12 months - SA (000s)",
    "nationalStatistic": false,
    "latestRelease": false,
    "releaseDate": "2015-07-14T23:00:00.000Z",
    "nextRelease": "12 August 2015",
    "cdid": "AGMC",
    "unit": "",
    "preUnit": "",
    "source": "Office for National Statistics",
    "seasonalAdjustment": "NSA",
    "number": "136.1",
    "sampleSize": 0
  }
}