{
  "years": [
    {
      "date": "1999",
      "value": "947",
      "year": "1999",
      "month": "",
      "quarter": "",
      "sourceDataset": "",
      "updateDate": "2015-07-09T00:48:25.502Z"
    },
    {
      "date": "2000",
      "value": "981",
      "year": "2000",
      "month": "",
      "quarter": "",
      "sourceDataset": "",
      "updateDate": "2015-07-09T00:48:25.502Z"
    },
    {
      "date": "2001",
      "value": "996",
      "year": "2001",
      "month": "",
      "quarter": "",
      "sourceDataset": "",
      "updateDate": "2015-07-09T00:48:25.502Z"
    },
    {
      "date": "2002",
      "value": "1005",
      "year": "2002",
      "month": "",
      "quarter": "",
      "sourceDataset": "",
      "updateDate": "2015-07-09T00:48:25.502Z"
    },
    {
      "date": "2003",
      "value": "1047",
      "year": "2003",
      "month": "",
      "quarter": "",
      "sourceDataset": "",
      "updateDate": "2015-07-09T00:48:25.502Z"
    },
    {
      "date": "2004",
      "value": "1073",
      "year": "2004",
      "month": "",
      "quarter": "",
      "sourceDataset": "",
      "updateDate": "2015-07-09T00:48:25.502Z"
    },
    {
      "date": "2005",
      "value": "1086",
      "year": "2005",
      "month": "",
      "quarter": "",
      "sourceDataset": "",
      "updateDate": "2015-07-09T00:48:25.502Z"
    },
    {
      "date": "2006",
      "value": "1117",
      "year": "2006",
      "month": "",
      "quarter": "",
      "sourceDataset": "",
      "updateDate": "2015-07-09T00:48:25.502Z"
    },
    {
      "date": "2007",
      "value": "1128",
      "year": "2007",
      "month": "",
      "quarter": "",
      "sourceDataset": "",
      "updateDate": "2015-07-09T00:48:25.502Z"
    },
    {
      "date": "2008",
      "value": "1139",
      "year": "2008",
      "month": "",
      "quarter": "",
      "sourceDataset": "",
      "updateDate": "2015-07-09T00:48:25.502Z"
    },
    {
      "date": "2009",
      "value": "1160",
      "year": "2009",
      "month": "",
      "quarter": "",
      "sourceDataset": "",
      "updateDate": "2015-07-09T00:48:25.502Z"
    },
    {
      "date": "2010",
      "value": "1189",
      "year": "2010",
      "month": "",
      "quarter": "",
      "sourceDataset": "",
      "updateDate": "2015-07-09T00:48:25.502Z"
    },
    {
      "date": "2011",
      "value": "1179",
      "year": "2011",
      "month": "",
      "quarter": "",
      "sourceDataset": "",
      "updateDate": "2015-07-09T00:48:25.502Z"
    },
    {
      "date": "2012",
      "value": "1064",
      "year": "2012",
      "month": "",
      "quarter": "",
      "sourceDataset": "",
      "updateDate": "2015-07-09T00:48:25.502Z"
    },
    {
      "date": "2013",
      "value": "1097",
      "year": "2013",
      "month": "",
      "quarter": "",
      "sourceDataset": "",
      "updateDate": "2015-07-09T00:48:25.502Z"
    },
    {
      "date": "2014",
      "value": "1109",
      "year": "2014",
      "month": "",
      "quarter": "",
      "sourceDataset": "",
      "updateDate": "2015-07-09T00:48:25.502Z"
    }
  ],
  "quarters": [
    {
      "date": "1999 Q1",
      "value": "946",
      "year": "1999",
      "month": "",
      "quarter": "Q1",
      "sourceDataset": "",
      "updateDate": "2015-07-09T00:48:25.502Z"
    },
    {
      "date": "1999 Q2",
      "value": "947",
      "year": "1999",
      "month": "",
      "quarter": "Q2",
      "sourceDataset": "",
      "updateDate": "2015-07-09T00:48:25.502Z"
    },
    {
      "date": "1999 Q3",
      "value": "941",
      "year": "1999",
      "month": "",
      "quarter": "Q3",
      "sourceDataset": "",
      "updateDate": "2015-07-09T00:48:25.502Z"
    },
    {
      "date": "1999 Q4",
      "value": "953",
      "year": "1999",
      "month": "",
      "quarter": "Q4",
      "sourceDataset": "",
      "updateDate": "2015-07-09T00:48:25.502Z"
    },
    {
      "date": "2000 Q1",
      "value": "958",
      "year": "2000",
      "month": "",
      "quarter": "Q1",
      "sourceDataset": "",
      "updateDate": "2015-07-09T00:48:25.502Z"
    },
    {
      "date": "2000 Q2",
      "value": "981",
      "year": "2000",
      "month": "",
      "quarter": "Q2",
      "sourceDataset": "",
      "updateDate": "2015-07-09T00:48:25.502Z"
    },
    {
      "date": "2000 Q3",
      "value": "986",
      "year": "2000",
      "month": "",
      "quarter": "Q3",
      "sourceDataset": "",
      "updateDate": "2015-07-09T00:48:25.502Z"
    },
    {
      "date": "2000 Q4",
      "value": "997",
      "year": "2000",
      "month": "",
      "quarter": "Q4",
      "sourceDataset": "",
      "updateDate": "2015-07-09T00:48:25.502Z"
    },
    {
      "date": "2001 Q1",
      "value": "998",
      "year": "2001",
      "month": "",
      "quarter": "Q1",
      "sourceDataset": "",
      "updateDate": "2015-07-09T00:48:25.502Z"
    },
    {
      "date": "2001 Q2",
      "value": "996",
      "year": "2001",
      "month": "",
      "quarter": "Q2",
      "sourceDataset": "",
      "updateDate": "2015-07-09T00:48:25.502Z"
    },
    {
      "date": "2001 Q3",
      "value": "994",
      "year": "2001",
      "month": "",
      "quarter": "Q3",
      "sourceDataset": "",
      "updateDate": "2015-07-09T00:48:25.502Z"
    },
    {
      "date": "2001 Q4",
      "value": "1004",
      "year": "2001",
      "month": "",
      "quarter": "Q4",
      "sourceDataset": "",
      "updateDate": "2015-07-09T00:48:25.502Z"
    },
    {
      "date": "2002 Q1",
      "value": "1006",
      "year": "2002",
      "month": "",
      "quarter": "Q1",
      "sourceDataset": "",
      "updateDate": "2015-07-09T00:48:25.502Z"
    },
    {
      "date": "2002 Q2",
      "value": "1005",
      "year": "2002",
      "month": "",
      "quarter": "Q2",
      "sourceDataset": "",
      "updateDate": "2015-07-09T00:48:25.502Z"
    },
    {
      "date": "2002 Q3",
      "value": "1020",
      "year": "2002",
      "month": "",
      "quarter": "Q3",
      "sourceDataset": "",
      "updateDate": "2015-07-09T00:48:25.502Z"
    },
    {
      "date": "2002 Q4",
      "value": "1036",
      "year": "2002",
      "month": "",
      "quarter": "Q4",
      "sourceDataset": "",
      "updateDate": "2015-07-09T00:48:25.502Z"
    },
    {
      "date": "2003 Q1",
      "value": "1041",
      "year": "2003",
      "month": "",
      "quarter": "Q1",
      "sourceDataset": "",
      "updateDate": "2015-07-09T00:48:25.502Z"
    },
    {
      "date": "2003 Q2",
      "value": "1047",
      "year": "2003",
      "month": "",
      "quarter": "Q2",
      "sourceDataset": "",
      "updateDate": "2015-07-09T00:48:25.502Z"
    },
    {
      "date": "2003 Q3",
      "value": "1046",
      "year": "2003",
      "month": "",
      "quarter": "Q3",
      "sourceDataset": "",
      "updateDate": "2015-07-09T00:48:25.502Z"
    },
    {
      "date": "2003 Q4",
      "value": "1068",
      "year": "2003",
      "month": "",
      "quarter": "Q4",
      "sourceDataset": "",
      "updateDate": "2015-07-09T00:48:25.502Z"
    },
    {
      "date": "2004 Q1",
      "value": "1074",
      "year": "2004",
      "month": "",
      "quarter": "Q1",
      "sourceDataset": "",
      "updateDate": "2015-07-09T00:48:25.502Z"
    },
    {
      "date": "2004 Q2",
      "value": "1073",
      "year": "2004",
      "month": "",
      "quarter": "Q2",
      "sourceDataset": "",
      "updateDate": "2015-07-09T00:48:25.502Z"
    },
    {
      "date": "2004 Q3",
      "value": "1073",
      "year": "2004",
      "month": "",
      "quarter": "Q3",
      "sourceDataset": "",
      "updateDate": "2015-07-09T00:48:25.502Z"
    },
    {
      "date": "2004 Q4",
      "value": "1080",
      "year": "2004",
      "month": "",
      "quarter": "Q4",
      "sourceDataset": "",
      "updateDate": "2015-07-09T00:48:25.502Z"
    },
    {
      "date": "2005 Q1",
      "value": "1088",
      "year": "2005",
      "month": "",
      "quarter": "Q1",
      "sourceDataset": "",
      "updateDate": "2015-07-09T00:48:25.502Z"
    },
    {
      "date": "2005 Q2",
      "value": "1086",
      "year": "2005",
      "month": "",
      "quarter": "Q2",
      "sourceDataset": "",
      "updateDate": "2015-07-09T00:48:25.502Z"
    },
    {
      "date": "2005 Q3",
      "value": "1100",
      "year": "2005",
      "month": "",
      "quarter": "Q3",
      "sourceDataset": "",
      "updateDate": "2015-07-09T00:48:25.502Z"
    },
    {
      "date": "2005 Q4",
      "value": "1111",
      "year": "2005",
      "month": "",
      "quarter": "Q4",
      "sourceDataset": "",
      "updateDate": "2015-07-09T00:48:25.502Z"
    },
    {
      "date": "2006 Q1",
      "value": "1118",
      "year": "2006",
      "month": "",
      "quarter": "Q1",
      "sourceDataset": "",
      "updateDate": "2015-07-09T00:48:25.502Z"
    },
    {
      "date": "2006 Q2",
      "value": "1117",
      "year": "2006",
      "month": "",
      "quarter": "Q2",
      "sourceDataset": "",
      "updateDate": "2015-07-09T00:48:25.502Z"
    },
    {
      "date": "2006 Q3",
      "value": "1119",
      "year": "2006",
      "month": "",
      "quarter": "Q3",
      "sourceDataset": "",
      "updateDate": "2015-07-09T00:48:25.502Z"
    },
    {
      "date": "2006 Q4",
      "value": "1131",
      "year": "2006",
      "month": "",
      "quarter": "Q4",
      "sourceDataset": "",
      "updateDate": "2015-07-09T00:48:25.502Z"
    },
    {
      "date": "2007 Q1",
      "value": "1134",
      "year": "2007",
      "month": "",
      "quarter": "Q1",
      "sourceDataset": "",
      "updateDate": "2015-07-09T00:48:25.502Z"
    },
    {
      "date": "2007 Q2",
      "value": "1128",
      "year": "2007",
      "month": "",
      "quarter": "Q2",
      "sourceDataset": "",
      "updateDate": "2015-07-09T00:48:25.502Z"
    },
    {
      "date": "2007 Q3",
      "value": "1139",
      "year": "2007",
      "month": "",
      "quarter": "Q3",
      "sourceDataset": "",
      "updateDate": "2015-07-09T00:48:25.502Z"
    },
    {
      "date": "2007 Q4",
      "value": "1144",
      "year": "2007",
      "month": "",
      "quarter": "Q4",
      "sourceDataset": "",
      "updateDate": "2015-07-09T00:48:25.502Z"
    },
    {
      "date": "2008 Q1",
      "value": "1144",
      "year": "2008",
      "month": "",
      "quarter": "Q1",
      "sourceDataset": "",
      "updateDate": "2015-07-09T00:48:25.502Z"
    },
    {
      "date": "2008 Q2",
      "value": "1139",
      "year": "2008",
      "month": "",
      "quarter": "Q2",
      "sourceDataset": "",
      "updateDate": "2015-07-09T00:48:25.502Z"
    },
    {
      "date": "2008 Q3",
      "value": "1154",
      "year": "2008",
      "month": "",
      "quarter": "Q3",
      "sourceDataset": "",
      "updateDate": "2015-07-09T00:48:25.502Z"
    },
    {
      "date": "2008 Q4",
      "value": "1163",
      "year": "2008",
      "month": "",
      "quarter": "Q4",
      "sourceDataset": "",
      "updateDate": "2015-07-09T00:48:25.502Z"
    },
    {
      "date": "2009 Q1",
      "value": "1174",
      "year": "2009",
      "month": "",
      "quarter": "Q1",
      "sourceDataset": "",
      "updateDate": "2015-07-09T00:48:25.502Z"
    },
    {
      "date": "2009 Q2",
      "value": "1160",
      "year": "2009",
      "month": "",
      "quarter": "Q2",
      "sourceDataset": "",
      "updateDate": "2015-07-09T00:48:25.502Z"
    },
    {
      "date": "2009 Q3",
      "value": "1166",
      "year": "2009",
      "month": "",
      "quarter": "Q3",
      "sourceDataset": "",
      "updateDate": "2015-07-09T00:48:25.502Z"
    },
    {
      "date": "2009 Q4",
      "value": "1186",
      "year": "2009",
      "month": "",
      "quarter": "Q4",
      "sourceDataset": "",
      "updateDate": "2015-07-09T00:48:25.502Z"
    },
    {
      "date": "2010 Q1",
      "value": "1182",
      "year": "2010",
      "month": "",
      "quarter": "Q1",
      "sourceDataset": "",
      "updateDate": "2015-07-09T00:48:25.502Z"
    },
    {
      "date": "2010 Q2",
      "value": "1189",
      "year": "2010",
      "month": "",
      "quarter": "Q2",
      "sourceDataset": "",
      "updateDate": "2015-07-09T00:48:25.502Z"
    },
    {
      "date": "2010 Q3",
      "value": "1175",
      "year": "2010",
      "month": "",
      "quarter": "Q3",
      "sourceDataset": "",
      "updateDate": "2015-07-09T00:48:25.502Z"
    },
    {
      "date": "2010 Q4",
      "value": "1176",
      "year": "2010",
      "month": "",
      "quarter": "Q4",
      "sourceDataset": "",
      "updateDate": "2015-07-09T00:48:25.502Z"
    },
    {
      "date": "2011 Q1",
      "value": "1181",
      "year": "2011",
      "month": "",
      "quarter": "Q1",
      "sourceDataset": "",
      "updateDate": "2015-07-09T00:48:25.502Z"
    },
    {
      "date": "2011 Q2",
      "value": "1179",
      "year": "2011",
      "month": "",
      "quarter": "Q2",
      "sourceDataset": "",
      "updateDate": "2015-07-09T00:48:25.502Z"
    },
    {
      "date": "2011 Q3",
      "value": "1193",
      "year": "2011",
      "month": "",
      "quarter": "Q3",
      "sourceDataset": "",
      "updateDate": "2015-07-09T00:48:25.502Z"
    },
    {
      "date": "2011 Q4",
      "value": "1196",
      "year": "2011",
      "month": "",
      "quarter": "Q4",
      "sourceDataset": "",
      "updateDate": "2015-07-09T00:48:25.502Z"
    },
    {
      "date": "2012 Q1",
      "value": "1213",
      "year": "2012",
      "month": "",
      "quarter": "Q1",
      "sourceDataset": "",
      "updateDate": "2015-07-09T00:48:25.502Z"
    },
    {
      "date": "2012 Q2",
      "value": "1064",
      "year": "2012",
      "month": "",
      "quarter": "Q2",
      "sourceDataset": "",
      "updateDate": "2015-07-09T00:48:25.502Z"
    },
    {
      "date": "2012 Q3",
      "value": "1068",
      "year": "2012",
      "month": "",
      "quarter": "Q3",
      "sourceDataset": "",
      "updateDate": "2015-07-09T00:48:25.502Z"
    },
    {
      "date": "2012 Q4",
      "value": "1077",
      "year": "2012",
      "month": "",
      "quarter": "Q4",
      "sourceDataset": "",
      "updateDate": "2015-07-09T00:48:25.502Z"
    },
    {
      "date": "2013 Q1",
      "value": "1081",
      "year": "2013",
      "month": "",
      "quarter": "Q1",
      "sourceDataset": "",
      "updateDate": "2015-07-09T00:48:25.502Z"
    },
    {
      "date": "2013 Q2",
      "value": "1097",
      "year": "2013",
      "month": "",
      "quarter": "Q2",
      "sourceDataset": "",
      "updateDate": "2015-07-09T00:48:25.502Z"
    },
    {
      "date": "2013 Q3",
      "value": "1106",
      "year": "2013",
      "month": "",
      "quarter": "Q3",
      "sourceDataset": "",
      "updateDate": "2015-07-09T00:48:25.502Z"
    },
    {
      "date": "2013 Q4",
      "value": "1115",
      "year": "2013",
      "month": "",
      "quarter": "Q4",
      "sourceDataset": "",
      "updateDate": "2015-07-09T00:48:25.502Z"
    },
    {
      "date": "2014 Q1",
      "value": "1113",
      "year": "2014",
      "month": "",
      "quarter": "Q1",
      "sourceDataset": "",
      "updateDate": "2015-07-09T00:48:25.502Z"
    },
    {
      "date": "2014 Q2",
      "value": "1109",
      "year": "2014",
      "month": "",
      "quarter": "Q2",
      "sourceDataset": "",
      "updateDate": "2015-07-09T00:48:25.502Z"
    },
    {
      "date": "2014 Q3",
      "value": "1105",
      "year": "2014",
      "month": "",
      "quarter": "Q3",
      "sourceDataset": "",
      "updateDate": "2015-07-09T00:48:25.502Z"
    },
    {
      "date": "2014 Q4",
      "value": "1116",
      "year": "2014",
      "month": "",
      "quarter": "Q4",
      "sourceDataset": "",
      "updateDate": "2015-07-09T00:48:25.502Z"
    },
    {
      "date": "2015 Q1",
      "value": "1114",
      "year": "2015",
      "month": "",
      "quarter": "Q1",
      "sourceDataset": "",
      "updateDate": "2015-07-09T00:48:25.502Z"
    }
  ],
  "months": [],
  "sourceDatasets": [
    ""
  ],
  "type": "timeseries",
  "uri": "/employmentandlabourmarket/publicsectorpersonnel/timeseries/c9lp",
  "breadcrumb": [
    {
      "uri": "/"
    },
    {
      "uri": "/employmentandlabourmarket"
    },
    {
      "uri": "/employmentandlabourmarket/publicsectorpersonnel"
    }
  ],
  "description": {
    "title": "Public Sector Employment by Industry; Education; UK; FTE; NSA; Thousands",
    "nationalStatistic": false,
    "latestRelease": false,
    "releaseDate": "2015-06-16T23:00:00.000Z",
    "nextRelease": "16 Sept 2015",
    "cdid": "C9LP",
    "unit": "",
    "preUnit": "",
    "source": "Office for National Statistics",
    "seasonalAdjustment": "NSA",
    "number": "1114",
    "sampleSize": 0
  }
}