{
  "years": [
    {
      "date": "1996",
      "value": "127.8",
      "year": "1996",
      "month": "",
      "quarter": "",
      "sourceDataset": "UNEM",
      "updateDate": "2015-07-09T00:48:24.587Z"
    },
    {
      "date": "1997",
      "value": "100.8",
      "year": "1997",
      "month": "",
      "quarter": "",
      "sourceDataset": "UNEM",
      "updateDate": "2015-07-09T00:48:24.587Z"
    },
    {
      "date": "1998",
      "value": "96.1",
      "year": "1998",
      "month": "",
      "quarter": "",
      "sourceDataset": "UNEM",
      "updateDate": "2015-07-09T00:48:24.587Z"
    },
    {
      "date": "1999",
      "value": "90.3",
      "year": "1999",
      "month": "",
      "quarter": "",
      "sourceDataset": "UNEM",
      "updateDate": "2015-07-09T00:48:24.587Z"
    },
    {
      "date": "2000",
      "value": "80.7",
      "year": "2000",
      "month": "",
      "quarter": "",
      "sourceDataset": "UNEM",
      "updateDate": "2015-07-09T00:48:24.587Z"
    },
    {
      "date": "2001",
      "value": "74.4",
      "year": "2001",
      "month": "",
      "quarter": "",
      "sourceDataset": "UNEM",
      "updateDate": "2015-07-09T00:48:24.587Z"
    },
    {
      "date": "2002",
      "value": "76.5",
      "year": "2002",
      "month": "",
      "quarter": "",
      "sourceDataset": "UNEM",
      "updateDate": "2015-07-09T00:48:24.587Z"
    },
    {
      "date": "2003",
      "value": "77.3",
      "year": "2003",
      "month": "",
      "quarter": "",
      "sourceDataset": "UNEM",
      "updateDate": "2015-07-09T00:48:24.587Z"
    },
    {
      "date": "2004",
      "value": "69.1",
      "year": "2004",
      "month": "",
      "quarter": "",
      "sourceDataset": "UNEM",
      "updateDate": "2015-07-09T00:48:24.587Z"
    },
    {
      "date": "2005",
      "value": "70.4",
      "year": "2005",
      "month": "",
      "quarter": "",
      "sourceDataset": "UNEM",
      "updateDate": "2015-07-09T00:48:24.587Z"
    },
    {
      "date": "2006",
      "value": "73.6",
      "year": "2006",
      "month": "",
      "quarter": "",
      "sourceDataset": "UNEM",
      "updateDate": "2015-07-09T00:48:24.587Z"
    },
    {
      "date": "2007",
      "value": "69.5",
      "year": "2007",
      "month": "",
      "quarter": "",
      "sourceDataset": "UNEM",
      "updateDate": "2015-07-09T00:48:24.587Z"
    },
    {
      "date": "2008",
      "value": "77.8",
      "year": "2008",
      "month": "",
      "quarter": "",
      "sourceDataset": "UNEM",
      "updateDate": "2015-07-09T00:48:24.587Z"
    },
    {
      "date": "2009",
      "value": "143.5",
      "year": "2009",
      "month": "",
      "quarter": "",
      "sourceDataset": "UNEM",
      "updateDate": "2015-07-09T00:48:24.587Z"
    },
    {
      "date": "2010",
      "value": "143.1",
      "year": "2010",
      "month": "",
      "quarter": "",
      "sourceDataset": "UNEM",
      "updateDate": "2015-07-09T00:48:24.587Z"
    },
    {
      "date": "2011",
      "value": "170.9",
      "year": "2011",
      "month": "",
      "quarter": "",
      "sourceDataset": "UNEM",
      "updateDate": "2015-07-09T00:48:24.587Z"
    },
    {
      "date": "2012",
      "value": "160.3",
      "year": "2012",
      "month": "",
      "quarter": "",
      "sourceDataset": "UNEM",
      "updateDate": "2015-07-09T00:48:24.587Z"
    },
    {
      "date": "2013",
      "value": "144.8",
      "year": "2013",
      "month": "",
      "quarter": "",
      "sourceDataset": "UNEM",
      "updateDate": "2015-07-09T00:48:24.587Z"
    },
    {
      "date": "2014",
      "value": "108.0",
      "year": "2014",
      "month": "",
      "quarter": "",
      "sourceDataset": "UNEM",
      "updateDate": "2015-07-09T00:48:24.587Z"
    }
  ],
  "quarters": [
    {
      "date": "1996 Q1",
      "value": "135.9",
      "year": "1996",
      "month": "",
      "quarter": "Q1",
      "sourceDataset": "UNEM",
      "updateDate": "2015-07-09T00:48:24.587Z"
    },
    {
      "date": "1996 Q2",
      "value": "126.1",
      "year": "1996",
      "month": "",
      "quarter": "Q2",
      "sourceDataset": "UNEM",
      "updateDate": "2015-07-09T00:48:24.587Z"
    },
    {
      "date": "1996 Q3",
      "value": "137.7",
      "year": "1996",
      "month": "",
      "quarter": "Q3",
      "sourceDataset": "UNEM",
      "updateDate": "2015-07-09T00:48:24.587Z"
    },
    {
      "date": "1996 Q4",
      "value": "111.5",
      "year": "1996",
      "month": "",
      "quarter": "Q4",
      "sourceDataset": "UNEM",
      "updateDate": "2015-07-09T00:48:24.587Z"
    },
    {
      "date": "1997 Q1",
      "value": "106.0",
      "year": "1997",
      "month": "",
      "quarter": "Q1",
      "sourceDataset": "UNEM",
      "updateDate": "2015-07-09T00:48:24.587Z"
    },
    {
      "date": "1997 Q2",
      "value": "95.4",
      "year": "1997",
      "month": "",
      "quarter": "Q2",
      "sourceDataset": "UNEM",
      "updateDate": "2015-07-09T00:48:24.587Z"
    },
    {
      "date": "1997 Q3",
      "value": "105.9",
      "year": "1997",
      "month": "",
      "quarter": "Q3",
      "sourceDataset": "UNEM",
      "updateDate": "2015-07-09T00:48:24.587Z"
    },
    {
      "date": "1997 Q4",
      "value": "95.8",
      "year": "1997",
      "month": "",
      "quarter": "Q4",
      "sourceDataset": "UNEM",
      "updateDate": "2015-07-09T00:48:24.587Z"
    },
    {
      "date": "1998 Q1",
      "value": "100.8",
      "year": "1998",
      "month": "",
      "quarter": "Q1",
      "sourceDataset": "UNEM",
      "updateDate": "2015-07-09T00:48:24.587Z"
    },
    {
      "date": "1998 Q2",
      "value": "92.4",
      "year": "1998",
      "month": "",
      "quarter": "Q2",
      "sourceDataset": "UNEM",
      "updateDate": "2015-07-09T00:48:24.587Z"
    },
    {
      "date": "1998 Q3",
      "value": "100.7",
      "year": "1998",
      "month": "",
      "quarter": "Q3",
      "sourceDataset": "UNEM",
      "updateDate": "2015-07-09T00:48:24.587Z"
    },
    {
      "date": "1998 Q4",
      "value": "90.7",
      "year": "1998",
      "month": "",
      "quarter": "Q4",
      "sourceDataset": "UNEM",
      "updateDate": "2015-07-09T00:48:24.587Z"
    },
    {
      "date": "1999 Q1",
      "value": "97.7",
      "year": "1999",
      "month": "",
      "quarter": "Q1",
      "sourceDataset": "UNEM",
      "updateDate": "2015-07-09T00:48:24.587Z"
    },
    {
      "date": "1999 Q2",
      "value": "88.6",
      "year": "1999",
      "month": "",
      "quarter": "Q2",
      "sourceDataset": "UNEM",
      "updateDate": "2015-07-09T00:48:24.587Z"
    },
    {
      "date": "1999 Q3",
      "value": "92.0",
      "year": "1999",
      "month": "",
      "quarter": "Q3",
      "sourceDataset": "UNEM",
      "updateDate": "2015-07-09T00:48:24.587Z"
    },
    {
      "date": "1999 Q4",
      "value": "83.1",
      "year": "1999",
      "month": "",
      "quarter": "Q4",
      "sourceDataset": "UNEM",
      "updateDate": "2015-07-09T00:48:24.587Z"
    },
    {
      "date": "2000 Q1",
      "value": "88.4",
      "year": "2000",
      "month": "",
      "quarter": "Q1",
      "sourceDataset": "UNEM",
      "updateDate": "2015-07-09T00:48:24.587Z"
    },
    {
      "date": "2000 Q2",
      "value": "78.1",
      "year": "2000",
      "month": "",
      "quarter": "Q2",
      "sourceDataset": "UNEM",
      "updateDate": "2015-07-09T00:48:24.587Z"
    },
    {
      "date": "2000 Q3",
      "value": "81.7",
      "year": "2000",
      "month": "",
      "quarter": "Q3",
      "sourceDataset": "UNEM",
      "updateDate": "2015-07-09T00:48:24.587Z"
    },
    {
      "date": "2000 Q4",
      "value": "74.7",
      "year": "2000",
      "month": "",
      "quarter": "Q4",
      "sourceDataset": "UNEM",
      "updateDate": "2015-07-09T00:48:24.587Z"
    },
    {
      "date": "2001 Q1",
      "value": "79.2",
      "year": "2001",
      "month": "",
      "quarter": "Q1",
      "sourceDataset": "UNEM",
      "updateDate": "2015-07-09T00:48:24.587Z"
    },
    {
      "date": "2001 Q2",
      "value": "71.4",
      "year": "2001",
      "month": "",
      "quarter": "Q2",
      "sourceDataset": "UNEM",
      "updateDate": "2015-07-09T00:48:24.587Z"
    },
    {
      "date": "2001 Q3",
      "value": "74.5",
      "year": "2001",
      "month": "",
      "quarter": "Q3",
      "sourceDataset": "UNEM",
      "updateDate": "2015-07-09T00:48:24.587Z"
    },
    {
      "date": "2001 Q4",
      "value": "72.7",
      "year": "2001",
      "month": "",
      "quarter": "Q4",
      "sourceDataset": "UNEM",
      "updateDate": "2015-07-09T00:48:24.587Z"
    },
    {
      "date": "2002 Q1",
      "value": "79.6",
      "year": "2002",
      "month": "",
      "quarter": "Q1",
      "sourceDataset": "UNEM",
      "updateDate": "2015-07-09T00:48:24.587Z"
    },
    {
      "date": "2002 Q2",
      "value": "74.5",
      "year": "2002",
      "month": "",
      "quarter": "Q2",
      "sourceDataset": "UNEM",
      "updateDate": "2015-07-09T00:48:24.587Z"
    },
    {
      "date": "2002 Q3",
      "value": "78.1",
      "year": "2002",
      "month": "",
      "quarter": "Q3",
      "sourceDataset": "UNEM",
      "updateDate": "2015-07-09T00:48:24.587Z"
    },
    {
      "date": "2002 Q4",
      "value": "73.9",
      "year": "2002",
      "month": "",
      "quarter": "Q4",
      "sourceDataset": "UNEM",
      "updateDate": "2015-07-09T00:48:24.587Z"
    },
    {
      "date": "2003 Q1",
      "value": "82.1",
      "year": "2003",
      "month": "",
      "quarter": "Q1",
      "sourceDataset": "UNEM",
      "updateDate": "2015-07-09T00:48:24.587Z"
    },
    {
      "date": "2003 Q2",
      "value": "77.8",
      "year": "2003",
      "month": "",
      "quarter": "Q2",
      "sourceDataset": "UNEM",
      "updateDate": "2015-07-09T00:48:24.587Z"
    },
    {
      "date": "2003 Q3",
      "value": "78.2",
      "year": "2003",
      "month": "",
      "quarter": "Q3",
      "sourceDataset": "UNEM",
      "updateDate": "2015-07-09T00:48:24.587Z"
    },
    {
      "date": "2003 Q4",
      "value": "71.1",
      "year": "2003",
      "month": "",
      "quarter": "Q4",
      "sourceDataset": "UNEM",
      "updateDate": "2015-07-09T00:48:24.587Z"
    },
    {
      "date": "2004 Q1",
      "value": "74.4",
      "year": "2004",
      "month": "",
      "quarter": "Q1",
      "sourceDataset": "UNEM",
      "updateDate": "2015-07-09T00:48:24.587Z"
    },
    {
      "date": "2004 Q2",
      "value": "68.3",
      "year": "2004",
      "month": "",
      "quarter": "Q2",
      "sourceDataset": "UNEM",
      "updateDate": "2015-07-09T00:48:24.587Z"
    },
    {
      "date": "2004 Q3",
      "value": "68.9",
      "year": "2004",
      "month": "",
      "quarter": "Q3",
      "sourceDataset": "UNEM",
      "updateDate": "2015-07-09T00:48:24.587Z"
    },
    {
      "date": "2004 Q4",
      "value": "64.9",
      "year": "2004",
      "month": "",
      "quarter": "Q4",
      "sourceDataset": "UNEM",
      "updateDate": "2015-07-09T00:48:24.587Z"
    },
    {
      "date": "2005 Q1",
      "value": "70.6",
      "year": "2005",
      "month": "",
      "quarter": "Q1",
      "sourceDataset": "UNEM",
      "updateDate": "2015-07-09T00:48:24.587Z"
    },
    {
      "date": "2005 Q2",
      "value": "69.0",
      "year": "2005",
      "month": "",
      "quarter": "Q2",
      "sourceDataset": "UNEM",
      "updateDate": "2015-07-09T00:48:24.587Z"
    },
    {
      "date": "2005 Q3",
      "value": "72.1",
      "year": "2005",
      "month": "",
      "quarter": "Q3",
      "sourceDataset": "UNEM",
      "updateDate": "2015-07-09T00:48:24.587Z"
    },
    {
      "date": "2005 Q4",
      "value": "69.9",
      "year": "2005",
      "month": "",
      "quarter": "Q4",
      "sourceDataset": "UNEM",
      "updateDate": "2015-07-09T00:48:24.587Z"
    },
    {
      "date": "2006 Q1",
      "value": "75.8",
      "year": "2006",
      "month": "",
      "quarter": "Q1",
      "sourceDataset": "UNEM",
      "updateDate": "2015-07-09T00:48:24.587Z"
    },
    {
      "date": "2006 Q2",
      "value": "72.8",
      "year": "2006",
      "month": "",
      "quarter": "Q2",
      "sourceDataset": "UNEM",
      "updateDate": "2015-07-09T00:48:24.587Z"
    },
    {
      "date": "2006 Q3",
      "value": "74.5",
      "year": "2006",
      "month": "",
      "quarter": "Q3",
      "sourceDataset": "UNEM",
      "updateDate": "2015-07-09T00:48:24.587Z"
    },
    {
      "date": "2006 Q4",
      "value": "71.4",
      "year": "2006",
      "month": "",
      "quarter": "Q4",
      "sourceDataset": "UNEM",
      "updateDate": "2015-07-09T00:48:24.587Z"
    },
    {
      "date": "2007 Q1",
      "value": "74.5",
      "year": "2007",
      "month": "",
      "quarter": "Q1",
      "sourceDataset": "UNEM",
      "updateDate": "2015-07-09T00:48:24.587Z"
    },
    {
      "date": "2007 Q2",
      "value": "68.8",
      "year": "2007",
      "month": "",
      "quarter": "Q2",
      "sourceDataset": "UNEM",
      "updateDate": "2015-07-09T00:48:24.587Z"
    },
    {
      "date": "2007 Q3",
      "value": "69.5",
      "year": "2007",
      "month": "",
      "quarter": "Q3",
      "sourceDataset": "UNEM",
      "updateDate": "2015-07-09T00:48:24.587Z"
    },
    {
      "date": "2007 Q4",
      "value": "65.2",
      "year": "2007",
      "month": "",
      "quarter": "Q4",
      "sourceDataset": "UNEM",
      "updateDate": "2015-07-09T00:48:24.587Z"
    },
    {
      "date": "2008 Q1",
      "value": "68.6",
      "year": "2008",
      "month": "",
      "quarter": "Q1",
      "sourceDataset": "UNEM",
      "updateDate": "2015-07-09T00:48:24.587Z"
    },
    {
      "date": "2008 Q2",
      "value": "69.7",
      "year": "2008",
      "month": "",
      "quarter": "Q2",
      "sourceDataset": "UNEM",
      "updateDate": "2015-07-09T00:48:24.587Z"
    },
    {
      "date": "2008 Q3",
      "value": "80.5",
      "year": "2008",
      "month": "",
      "quarter": "Q3",
      "sourceDataset": "UNEM",
      "updateDate": "2015-07-09T00:48:24.587Z"
    },
    {
      "date": "2008 Q4",
      "value": "92.5",
      "year": "2008",
      "month": "",
      "quarter": "Q4",
      "sourceDataset": "UNEM",
      "updateDate": "2015-07-09T00:48:24.587Z"
    },
    {
      "date": "2009 Q1",
      "value": "131.2",
      "year": "2009",
      "month": "",
      "quarter": "Q1",
      "sourceDataset": "UNEM",
      "updateDate": "2015-07-09T00:48:24.587Z"
    },
    {
      "date": "2009 Q2",
      "value": "148.6",
      "year": "2009",
      "month": "",
      "quarter": "Q2",
      "sourceDataset": "UNEM",
      "updateDate": "2015-07-09T00:48:24.587Z"
    },
    {
      "date": "2009 Q3",
      "value": "150.4",
      "year": "2009",
      "month": "",
      "quarter": "Q3",
      "sourceDataset": "UNEM",
      "updateDate": "2015-07-09T00:48:24.587Z"
    },
    {
      "date": "2009 Q4",
      "value": "144.0",
      "year": "2009",
      "month": "",
      "quarter": "Q4",
      "sourceDataset": "UNEM",
      "updateDate": "2015-07-09T00:48:24.587Z"
    },
    {
      "date": "2010 Q1",
      "value": "145.4",
      "year": "2010",
      "month": "",
      "quarter": "Q1",
      "sourceDataset": "UNEM",
      "updateDate": "2015-07-09T00:48:24.587Z"
    },
    {
      "date": "2010 Q2",
      "value": "137.3",
      "year": "2010",
      "month": "",
      "quarter": "Q2",
      "sourceDataset": "UNEM",
      "updateDate": "2015-07-09T00:48:24.587Z"
    },
    {
      "date": "2010 Q3",
      "value": "143.6",
      "year": "2010",
      "month": "",
      "quarter": "Q3",
      "sourceDataset": "UNEM",
      "updateDate": "2015-07-09T00:48:24.587Z"
    },
    {
      "date": "2010 Q4",
      "value": "146.0",
      "year": "2010",
      "month": "",
      "quarter": "Q4",
      "sourceDataset": "UNEM",
      "updateDate": "2015-07-09T00:48:24.587Z"
    },
    {
      "date": "2011 Q1",
      "value": "172.0",
      "year": "2011",
      "month": "",
      "quarter": "Q1",
      "sourceDataset": "UNEM",
      "updateDate": "2015-07-09T00:48:24.587Z"
    },
    {
      "date": "2011 Q2",
      "value": "179.9",
      "year": "2011",
      "month": "",
      "quarter": "Q2",
      "sourceDataset": "UNEM",
      "updateDate": "2015-07-09T00:48:24.587Z"
    },
    {
      "date": "2011 Q3",
      "value": "174.5",
      "year": "2011",
      "month": "",
      "quarter": "Q3",
      "sourceDataset": "UNEM",
      "updateDate": "2015-07-09T00:48:24.587Z"
    },
    {
      "date": "2011 Q4",
      "value": "157.3",
      "year": "2011",
      "month": "",
      "quarter": "Q4",
      "sourceDataset": "UNEM",
      "updateDate": "2015-07-09T00:48:24.587Z"
    },
    {
      "date": "2012 Q1",
      "value": "157.7",
      "year": "2012",
      "month": "",
      "quarter": "Q1",
      "sourceDataset": "UNEM",
      "updateDate": "2015-07-09T00:48:24.587Z"
    },
    {
      "date": "2012 Q2",
      "value": "145.2",
      "year": "2012",
      "month": "",
      "quarter": "Q2",
      "sourceDataset": "UNEM",
      "updateDate": "2015-07-09T00:48:24.587Z"
    },
    {
      "date": "2012 Q3",
      "value": "163.1",
      "year": "2012",
      "month": "",
      "quarter": "Q3",
      "sourceDataset": "UNEM",
      "updateDate": "2015-07-09T00:48:24.587Z"
    },
    {
      "date": "2012 Q4",
      "value": "175.3",
      "year": "2012",
      "month": "",
      "quarter": "Q4",
      "sourceDataset": "UNEM",
      "updateDate": "2015-07-09T00:48:24.587Z"
    },
    {
      "date": "2013 Q1",
      "value": "170.7",
      "year": "2013",
      "month": "",
      "quarter": "Q1",
      "sourceDataset": "UNEM",
      "updateDate": "2015-07-09T00:48:24.587Z"
    },
    {
      "date": "2013 Q2",
      "value": "146.0",
      "year": "2013",
      "month": "",
      "quarter": "Q2",
      "sourceDataset": "UNEM",
      "updateDate": "2015-07-09T00:48:24.587Z"
    },
    {
      "date": "2013 Q3",
      "value": "137.4",
      "year": "2013",
      "month": "",
      "quarter": "Q3",
      "sourceDataset": "UNEM",
      "updateDate": "2015-07-09T00:48:24.587Z"
    },
    {
      "date": "2013 Q4",
      "value": "125.0",
      "year": "2013",
      "month": "",
      "quarter": "Q4",
      "sourceDataset": "UNEM",
      "updateDate": "2015-07-09T00:48:24.587Z"
    },
    {
      "date": "2014 Q1",
      "value": "125.1",
      "year": "2014",
      "month": "",
      "quarter": "Q1",
      "sourceDataset": "UNEM",
      "updateDate": "2015-07-09T00:48:24.587Z"
    },
    {
      "date": "2014 Q2",
      "value": "110.2",
      "year": "2014",
      "month": "",
      "quarter": "Q2",
      "sourceDataset": "UNEM",
      "updateDate": "2015-07-09T00:48:24.587Z"
    },
    {
      "date": "2014 Q3",
      "value": "102.5",
      "year": "2014",
      "month": "",
      "quarter": "Q3",
      "sourceDataset": "UNEM",
      "updateDate": "2015-07-09T00:48:24.587Z"
    },
    {
      "date": "2014 Q4",
      "value": "94.2",
      "year": "2014",
      "month": "",
      "quarter": "Q4",
      "sourceDataset": "UNEM",
      "updateDate": "2015-07-09T00:48:24.587Z"
    },
    {
      "date": "2015 Q1",
      "value": "94.6",
      "year": "2015",
      "month": "",
      "quarter": "Q1",
      "sourceDataset": "UNEM",
      "updateDate": "2015-07-09T00:48:24.587Z"
    }
  ],
  "months": [
    {
      "date": "1996 JAN",
      "value": "139.6",
      "year": "1996",
      "month": "January",
      "quarter": "",
      "sourceDataset": "UNEM",
      "updateDate": "2015-07-09T00:48:24.587Z"
    },
    {
      "date": "1996 FEB",
      "value": "138.2",
      "year": "1996",
      "month": "February",
      "quarter": "",
      "sourceDataset": "UNEM",
      "updateDate": "2015-07-09T00:48:24.587Z"
    },
    {
      "date": "1996 MAR",
      "value": "129.8",
      "year": "1996",
      "month": "March",
      "quarter": "",
      "sourceDataset": "UNEM",
      "updateDate": "2015-07-09T00:48:24.587Z"
    },
    {
      "date": "1996 APR",
      "value": "134.4",
      "year": "1996",
      "month": "April",
      "quarter": "",
      "sourceDataset": "UNEM",
      "updateDate": "2015-07-09T00:48:24.587Z"
    },
    {
      "date": "1996 MAY",
      "value": "123.2",
      "year": "1996",
      "month": "May",
      "quarter": "",
      "sourceDataset": "UNEM",
      "updateDate": "2015-07-09T00:48:24.587Z"
    },
    {
      "date": "1996 JUN",
      "value": "120.8",
      "year": "1996",
      "month": "June",
      "quarter": "",
      "sourceDataset": "UNEM",
      "updateDate": "2015-07-09T00:48:24.587Z"
    },
    {
      "date": "1996 JUL",
      "value": "135.2",
      "year": "1996",
      "month": "July",
      "quarter": "",
      "sourceDataset": "UNEM",
      "updateDate": "2015-07-09T00:48:24.587Z"
    },
    {
      "date": "1996 AUG",
      "value": "146.7",
      "year": "1996",
      "month": "August",
      "quarter": "",
      "sourceDataset": "UNEM",
      "updateDate": "2015-07-09T00:48:24.587Z"
    },
    {
      "date": "1996 SEP",
      "value": "131.3",
      "year": "1996",
      "month": "September",
      "quarter": "",
      "sourceDataset": "UNEM",
      "updateDate": "2015-07-09T00:48:24.587Z"
    },
    {
      "date": "1996 OCT",
      "value": "117.0",
      "year": "1996",
      "month": "October",
      "quarter": "",
      "sourceDataset": "UNEM",
      "updateDate": "2015-07-09T00:48:24.587Z"
    },
    {
      "date": "1996 NOV",
      "value": "108.9",
      "year": "1996",
      "month": "November",
      "quarter": "",
      "sourceDataset": "UNEM",
      "updateDate": "2015-07-09T00:48:24.587Z"
    },
    {
      "date": "1996 DEC",
      "value": "108.7",
      "year": "1996",
      "month": "December",
      "quarter": "",
      "sourceDataset": "UNEM",
      "updateDate": "2015-07-09T00:48:24.587Z"
    },
    {
      "date": "1997 JAN",
      "value": "112.0",
      "year": "1997",
      "month": "January",
      "quarter": "",
      "sourceDataset": "UNEM",
      "updateDate": "2015-07-09T00:48:24.587Z"
    },
    {
      "date": "1997 FEB",
      "value": "106.0",
      "year": "1997",
      "month": "February",
      "quarter": "",
      "sourceDataset": "UNEM",
      "updateDate": "2015-07-09T00:48:24.587Z"
    },
    {
      "date": "1997 MAR",
      "value": "99.9",
      "year": "1997",
      "month": "March",
      "quarter": "",
      "sourceDataset": "UNEM",
      "updateDate": "2015-07-09T00:48:24.587Z"
    },
    {
      "date": "1997 APR",
      "value": "98.8",
      "year": "1997",
      "month": "April",
      "quarter": "",
      "sourceDataset": "UNEM",
      "updateDate": "2015-07-09T00:48:24.587Z"
    },
    {
      "date": "1997 MAY",
      "value": "94.7",
      "year": "1997",
      "month": "May",
      "quarter": "",
      "sourceDataset": "UNEM",
      "updateDate": "2015-07-09T00:48:24.587Z"
    },
    {
      "date": "1997 JUN",
      "value": "92.8",
      "year": "1997",
      "month": "June",
      "quarter": "",
      "sourceDataset": "UNEM",
      "updateDate": "2015-07-09T00:48:24.587Z"
    },
    {
      "date": "1997 JUL",
      "value": "103.8",
      "year": "1997",
      "month": "July",
      "quarter": "",
      "sourceDataset": "UNEM",
      "updateDate": "2015-07-09T00:48:24.587Z"
    },
    {
      "date": "1997 AUG",
      "value": "110.5",
      "year": "1997",
      "month": "August",
      "quarter": "",
      "sourceDataset": "UNEM",
      "updateDate": "2015-07-09T00:48:24.587Z"
    },
    {
      "date": "1997 SEP",
      "value": "103.4",
      "year": "1997",
      "month": "September",
      "quarter": "",
      "sourceDataset": "UNEM",
      "updateDate": "2015-07-09T00:48:24.587Z"
    },
    {
      "date": "1997 OCT",
      "value": "97.5",
      "year": "1997",
      "month": "October",
      "quarter": "",
      "sourceDataset": "UNEM",
      "updateDate": "2015-07-09T00:48:24.587Z"
    },
    {
      "date": "1997 NOV",
      "value": "95.3",
      "year": "1997",
      "month": "November",
      "quarter": "",
      "sourceDataset": "UNEM",
      "updateDate": "2015-07-09T00:48:24.587Z"
    },
    {
      "date": "1997 DEC",
      "value": "94.7",
      "year": "1997",
      "month": "December",
      "quarter": "",
      "sourceDataset": "UNEM",
      "updateDate": "2015-07-09T00:48:24.587Z"
    },
    {
      "date": "1998 JAN",
      "value": "102.7",
      "year": "1998",
      "month": "January",
      "quarter": "",
      "sourceDataset": "UNEM",
      "updateDate": "2015-07-09T00:48:24.587Z"
    },
    {
      "date": "1998 FEB",
      "value": "102.3",
      "year": "1998",
      "month": "February",
      "quarter": "",
      "sourceDataset": "UNEM",
      "updateDate": "2015-07-09T00:48:24.587Z"
    },
    {
      "date": "1998 MAR",
      "value": "97.3",
      "year": "1998",
      "month": "March",
      "quarter": "",
      "sourceDataset": "UNEM",
      "updateDate": "2015-07-09T00:48:24.587Z"
    },
    {
      "date": "1998 APR",
      "value": "98.5",
      "year": "1998",
      "month": "April",
      "quarter": "",
      "sourceDataset": "UNEM",
      "updateDate": "2015-07-09T00:48:24.587Z"
    },
    {
      "date": "1998 MAY",
      "value": "90.3",
      "year": "1998",
      "month": "May",
      "quarter": "",
      "sourceDataset": "UNEM",
      "updateDate": "2015-07-09T00:48:24.587Z"
    },
    {
      "date": "1998 JUN",
      "value": "88.4",
      "year": "1998",
      "month": "June",
      "quarter": "",
      "sourceDataset": "UNEM",
      "updateDate": "2015-07-09T00:48:24.587Z"
    },
    {
      "date": "1998 JUL",
      "value": "99.2",
      "year": "1998",
      "month": "July",
      "quarter": "",
      "sourceDataset": "UNEM",
      "updateDate": "2015-07-09T00:48:24.587Z"
    },
    {
      "date": "1998 AUG",
      "value": "107.1",
      "year": "1998",
      "month": "August",
      "quarter": "",
      "sourceDataset": "UNEM",
      "updateDate": "2015-07-09T00:48:24.587Z"
    },
    {
      "date": "1998 SEP",
      "value": "95.7",
      "year": "1998",
      "month": "September",
      "quarter": "",
      "sourceDataset": "UNEM",
      "updateDate": "2015-07-09T00:48:24.587Z"
    },
    {
      "date": "1998 OCT",
      "value": "90.2",
      "year": "1998",
      "month": "October",
      "quarter": "",
      "sourceDataset": "UNEM",
      "updateDate": "2015-07-09T00:48:24.587Z"
    },
    {
      "date": "1998 NOV",
      "value": "91.2",
      "year": "1998",
      "month": "November",
      "quarter": "",
      "sourceDataset": "UNEM",
      "updateDate": "2015-07-09T00:48:24.587Z"
    },
    {
      "date": "1998 DEC",
      "value": "90.8",
      "year": "1998",
      "month": "December",
      "quarter": "",
      "sourceDataset": "UNEM",
      "updateDate": "2015-07-09T00:48:24.587Z"
    },
    {
      "date": "1999 JAN",
      "value": "99.9",
      "year": "1999",
      "month": "January",
      "quarter": "",
      "sourceDataset": "UNEM",
      "updateDate": "2015-07-09T00:48:24.587Z"
    },
    {
      "date": "1999 FEB",
      "value": "99.1",
      "year": "1999",
      "month": "February",
      "quarter": "",
      "sourceDataset": "UNEM",
      "updateDate": "2015-07-09T00:48:24.587Z"
    },
    {
      "date": "1999 MAR",
      "value": "94.1",
      "year": "1999",
      "month": "March",
      "quarter": "",
      "sourceDataset": "UNEM",
      "updateDate": "2015-07-09T00:48:24.587Z"
    },
    {
      "date": "1999 APR",
      "value": "94.7",
      "year": "1999",
      "month": "April",
      "quarter": "",
      "sourceDataset": "UNEM",
      "updateDate": "2015-07-09T00:48:24.587Z"
    },
    {
      "date": "1999 MAY",
      "value": "86.6",
      "year": "1999",
      "month": "May",
      "quarter": "",
      "sourceDataset": "UNEM",
      "updateDate": "2015-07-09T00:48:24.587Z"
    },
    {
      "date": "1999 JUN",
      "value": "84.4",
      "year": "1999",
      "month": "June",
      "quarter": "",
      "sourceDataset": "UNEM",
      "updateDate": "2015-07-09T00:48:24.587Z"
    },
    {
      "date": "1999 JUL",
      "value": "90.7",
      "year": "1999",
      "month": "July",
      "quarter": "",
      "sourceDataset": "UNEM",
      "updateDate": "2015-07-09T00:48:24.587Z"
    },
    {
      "date": "1999 AUG",
      "value": "95.2",
      "year": "1999",
      "month": "August",
      "quarter": "",
      "sourceDataset": "UNEM",
      "updateDate": "2015-07-09T00:48:24.587Z"
    },
    {
      "date": "1999 SEP",
      "value": "90.2",
      "year": "1999",
      "month": "September",
      "quarter": "",
      "sourceDataset": "UNEM",
      "updateDate": "2015-07-09T00:48:24.587Z"
    },
    {
      "date": "1999 OCT",
      "value": "84.4",
      "year": "1999",
      "month": "October",
      "quarter": "",
      "sourceDataset": "UNEM",
      "updateDate": "2015-07-09T00:48:24.587Z"
    },
    {
      "date": "1999 NOV",
      "value": "83.3",
      "year": "1999",
      "month": "November",
      "quarter": "",
      "sourceDataset": "UNEM",
      "updateDate": "2015-07-09T00:48:24.587Z"
    },
    {
      "date": "1999 DEC",
      "value": "81.6",
      "year": "1999",
      "month": "December",
      "quarter": "",
      "sourceDataset": "UNEM",
      "updateDate": "2015-07-09T00:48:24.587Z"
    },
    {
      "date": "2000 JAN",
      "value": "90.2",
      "year": "2000",
      "month": "January",
      "quarter": "",
      "sourceDataset": "UNEM",
      "updateDate": "2015-07-09T00:48:24.587Z"
    },
    {
      "date": "2000 FEB",
      "value": "89.5",
      "year": "2000",
      "month": "February",
      "quarter": "",
      "sourceDataset": "UNEM",
      "updateDate": "2015-07-09T00:48:24.587Z"
    },
    {
      "date": "2000 MAR",
      "value": "85.4",
      "year": "2000",
      "month": "March",
      "quarter": "",
      "sourceDataset": "UNEM",
      "updateDate": "2015-07-09T00:48:24.587Z"
    },
    {
      "date": "2000 APR",
      "value": "80.9",
      "year": "2000",
      "month": "April",
      "quarter": "",
      "sourceDataset": "UNEM",
      "updateDate": "2015-07-09T00:48:24.587Z"
    },
    {
      "date": "2000 MAY",
      "value": "77.5",
      "year": "2000",
      "month": "May",
      "quarter": "",
      "sourceDataset": "UNEM",
      "updateDate": "2015-07-09T00:48:24.587Z"
    },
    {
      "date": "2000 JUN",
      "value": "75.8",
      "year": "2000",
      "month": "June",
      "quarter": "",
      "sourceDataset": "UNEM",
      "updateDate": "2015-07-09T00:48:24.587Z"
    },
    {
      "date": "2000 JUL",
      "value": "81.2",
      "year": "2000",
      "month": "July",
      "quarter": "",
      "sourceDataset": "UNEM",
      "updateDate": "2015-07-09T00:48:24.587Z"
    },
    {
      "date": "2000 AUG",
      "value": "84.9",
      "year": "2000",
      "month": "August",
      "quarter": "",
      "sourceDataset": "UNEM",
      "updateDate": "2015-07-09T00:48:24.587Z"
    },
    {
      "date": "2000 SEP",
      "value": "79.0",
      "year": "2000",
      "month": "September",
      "quarter": "",
      "sourceDataset": "UNEM",
      "updateDate": "2015-07-09T00:48:24.587Z"
    },
    {
      "date": "2000 OCT",
      "value": "75.3",
      "year": "2000",
      "month": "October",
      "quarter": "",
      "sourceDataset": "UNEM",
      "updateDate": "2015-07-09T00:48:24.587Z"
    },
    {
      "date": "2000 NOV",
      "value": "74.8",
      "year": "2000",
      "month": "November",
      "quarter": "",
      "sourceDataset": "UNEM",
      "updateDate": "2015-07-09T00:48:24.587Z"
    },
    {
      "date": "2000 DEC",
      "value": "73.9",
      "year": "2000",
      "month": "December",
      "quarter": "",
      "sourceDataset": "UNEM",
      "updateDate": "2015-07-09T00:48:24.587Z"
    },
    {
      "date": "2001 JAN",
      "value": "80.5",
      "year": "2001",
      "month": "January",
      "quarter": "",
      "sourceDataset": "UNEM",
      "updateDate": "2015-07-09T00:48:24.587Z"
    },
    {
      "date": "2001 FEB",
      "value": "80.4",
      "year": "2001",
      "month": "February",
      "quarter": "",
      "sourceDataset": "UNEM",
      "updateDate": "2015-07-09T00:48:24.587Z"
    },
    {
      "date": "2001 MAR",
      "value": "76.7",
      "year": "2001",
      "month": "March",
      "quarter": "",
      "sourceDataset": "UNEM",
      "updateDate": "2015-07-09T00:48:24.587Z"
    },
    {
      "date": "2001 APR",
      "value": "74.3",
      "year": "2001",
      "month": "April",
      "quarter": "",
      "sourceDataset": "UNEM",
      "updateDate": "2015-07-09T00:48:24.587Z"
    },
    {
      "date": "2001 MAY",
      "value": "70.8",
      "year": "2001",
      "month": "May",
      "quarter": "",
      "sourceDataset": "UNEM",
      "updateDate": "2015-07-09T00:48:24.587Z"
    },
    {
      "date": "2001 JUN",
      "value": "69.0",
      "year": "2001",
      "month": "June",
      "quarter": "",
      "sourceDataset": "UNEM",
      "updateDate": "2015-07-09T00:48:24.587Z"
    },
    {
      "date": "2001 JUL",
      "value": "73.4",
      "year": "2001",
      "month": "July",
      "quarter": "",
      "sourceDataset": "UNEM",
      "updateDate": "2015-07-09T00:48:24.587Z"
    },
    {
      "date": "2001 AUG",
      "value": "77.1",
      "year": "2001",
      "month": "August",
      "quarter": "",
      "sourceDataset": "UNEM",
      "updateDate": "2015-07-09T00:48:24.587Z"
    },
    {
      "date": "2001 SEP",
      "value": "73.0",
      "year": "2001",
      "month": "September",
      "quarter": "",
      "sourceDataset": "UNEM",
      "updateDate": "2015-07-09T00:48:24.587Z"
    },
    {
      "date": "2001 OCT",
      "value": "71.3",
      "year": "2001",
      "month": "October",
      "quarter": "",
      "sourceDataset": "UNEM",
      "updateDate": "2015-07-09T00:48:24.587Z"
    },
    {
      "date": "2001 NOV",
      "value": "73.1",
      "year": "2001",
      "month": "November",
      "quarter": "",
      "sourceDataset": "UNEM",
      "updateDate": "2015-07-09T00:48:24.587Z"
    },
    {
      "date": "2001 DEC",
      "value": "73.7",
      "year": "2001",
      "month": "December",
      "quarter": "",
      "sourceDataset": "UNEM",
      "updateDate": "2015-07-09T00:48:24.587Z"
    },
    {
      "date": "2002 JAN",
      "value": "80.9",
      "year": "2002",
      "month": "January",
      "quarter": "",
      "sourceDataset": "UNEM",
      "updateDate": "2015-07-09T00:48:24.587Z"
    },
    {
      "date": "2002 FEB",
      "value": "80.9",
      "year": "2002",
      "month": "February",
      "quarter": "",
      "sourceDataset": "UNEM",
      "updateDate": "2015-07-09T00:48:24.587Z"
    },
    {
      "date": "2002 MAR",
      "value": "76.9",
      "year": "2002",
      "month": "March",
      "quarter": "",
      "sourceDataset": "UNEM",
      "updateDate": "2015-07-09T00:48:24.587Z"
    },
    {
      "date": "2002 APR",
      "value": "76.4",
      "year": "2002",
      "month": "April",
      "quarter": "",
      "sourceDataset": "UNEM",
      "updateDate": "2015-07-09T00:48:24.587Z"
    },
    {
      "date": "2002 MAY",
      "value": "74.1",
      "year": "2002",
      "month": "May",
      "quarter": "",
      "sourceDataset": "UNEM",
      "updateDate": "2015-07-09T00:48:24.587Z"
    },
    {
      "date": "2002 JUN",
      "value": "73.1",
      "year": "2002",
      "month": "June",
      "quarter": "",
      "sourceDataset": "UNEM",
      "updateDate": "2015-07-09T00:48:24.587Z"
    },
    {
      "date": "2002 JUL",
      "value": "77.4",
      "year": "2002",
      "month": "July",
      "quarter": "",
      "sourceDataset": "UNEM",
      "updateDate": "2015-07-09T00:48:24.587Z"
    },
    {
      "date": "2002 AUG",
      "value": "80.2",
      "year": "2002",
      "month": "August",
      "quarter": "",
      "sourceDataset": "UNEM",
      "updateDate": "2015-07-09T00:48:24.587Z"
    },
    {
      "date": "2002 SEP",
      "value": "76.6",
      "year": "2002",
      "month": "September",
      "quarter": "",
      "sourceDataset": "UNEM",
      "updateDate": "2015-07-09T00:48:24.587Z"
    },
    {
      "date": "2002 OCT",
      "value": "73.8",
      "year": "2002",
      "month": "October",
      "quarter": "",
      "sourceDataset": "UNEM",
      "updateDate": "2015-07-09T00:48:24.587Z"
    },
    {
      "date": "2002 NOV",
      "value": "73.6",
      "year": "2002",
      "month": "November",
      "quarter": "",
      "sourceDataset": "UNEM",
      "updateDate": "2015-07-09T00:48:24.587Z"
    },
    {
      "date": "2002 DEC",
      "value": "74.3",
      "year": "2002",
      "month": "December",
      "quarter": "",
      "sourceDataset": "UNEM",
      "updateDate": "2015-07-09T00:48:24.587Z"
    },
    {
      "date": "2003 JAN",
      "value": "82.1",
      "year": "2003",
      "month": "January",
      "quarter": "",
      "sourceDataset": "UNEM",
      "updateDate": "2015-07-09T00:48:24.587Z"
    },
    {
      "date": "2003 FEB",
      "value": "83.4",
      "year": "2003",
      "month": "February",
      "quarter": "",
      "sourceDataset": "UNEM",
      "updateDate": "2015-07-09T00:48:24.587Z"
    },
    {
      "date": "2003 MAR",
      "value": "80.9",
      "year": "2003",
      "month": "March",
      "quarter": "",
      "sourceDataset": "UNEM",
      "updateDate": "2015-07-09T00:48:24.587Z"
    },
    {
      "date": "2003 APR",
      "value": "79.4",
      "year": "2003",
      "month": "April",
      "quarter": "",
      "sourceDataset": "UNEM",
      "updateDate": "2015-07-09T00:48:24.587Z"
    },
    {
      "date": "2003 MAY",
      "value": "78.1",
      "year": "2003",
      "month": "May",
      "quarter": "",
      "sourceDataset": "UNEM",
      "updateDate": "2015-07-09T00:48:24.587Z"
    },
    {
      "date": "2003 JUN",
      "value": "75.9",
      "year": "2003",
      "month": "June",
      "quarter": "",
      "sourceDataset": "UNEM",
      "updateDate": "2015-07-09T00:48:24.587Z"
    },
    {
      "date": "2003 JUL",
      "value": "78.4",
      "year": "2003",
      "month": "July",
      "quarter": "",
      "sourceDataset": "UNEM",
      "updateDate": "2015-07-09T00:48:24.587Z"
    },
    {
      "date": "2003 AUG",
      "value": "79.8",
      "year": "2003",
      "month": "August",
      "quarter": "",
      "sourceDataset": "UNEM",
      "updateDate": "2015-07-09T00:48:24.587Z"
    },
    {
      "date": "2003 SEP",
      "value": "76.3",
      "year": "2003",
      "month": "September",
      "quarter": "",
      "sourceDataset": "UNEM",
      "updateDate": "2015-07-09T00:48:24.587Z"
    },
    {
      "date": "2003 OCT",
      "value": "72.7",
      "year": "2003",
      "month": "October",
      "quarter": "",
      "sourceDataset": "UNEM",
      "updateDate": "2015-07-09T00:48:24.587Z"
    },
    {
      "date": "2003 NOV",
      "value": "70.9",
      "year": "2003",
      "month": "November",
      "quarter": "",
      "sourceDataset": "UNEM",
      "updateDate": "2015-07-09T00:48:24.587Z"
    },
    {
      "date": "2003 DEC",
      "value": "69.6",
      "year": "2003",
      "month": "December",
      "quarter": "",
      "sourceDataset": "UNEM",
      "updateDate": "2015-07-09T00:48:24.587Z"
    },
    {
      "date": "2004 JAN",
      "value": "75.1",
      "year": "2004",
      "month": "January",
      "quarter": "",
      "sourceDataset": "UNEM",
      "updateDate": "2015-07-09T00:48:24.587Z"
    },
    {
      "date": "2004 FEB",
      "value": "75.6",
      "year": "2004",
      "month": "February",
      "quarter": "",
      "sourceDataset": "UNEM",
      "updateDate": "2015-07-09T00:48:24.587Z"
    },
    {
      "date": "2004 MAR",
      "value": "72.6",
      "year": "2004",
      "month": "March",
      "quarter": "",
      "sourceDataset": "UNEM",
      "updateDate": "2015-07-09T00:48:24.587Z"
    },
    {
      "date": "2004 APR",
      "value": "71.1",
      "year": "2004",
      "month": "April",
      "quarter": "",
      "sourceDataset": "UNEM",
      "updateDate": "2015-07-09T00:48:24.587Z"
    },
    {
      "date": "2004 MAY",
      "value": "67.7",
      "year": "2004",
      "month": "May",
      "quarter": "",
      "sourceDataset": "UNEM",
      "updateDate": "2015-07-09T00:48:24.587Z"
    },
    {
      "date": "2004 JUN",
      "value": "66.0",
      "year": "2004",
      "month": "June",
      "quarter": "",
      "sourceDataset": "UNEM",
      "updateDate": "2015-07-09T00:48:24.587Z"
    },
    {
      "date": "2004 JUL",
      "value": "68.0",
      "year": "2004",
      "month": "July",
      "quarter": "",
      "sourceDataset": "UNEM",
      "updateDate": "2015-07-09T00:48:24.587Z"
    },
    {
      "date": "2004 AUG",
      "value": "70.5",
      "year": "2004",
      "month": "August",
      "quarter": "",
      "sourceDataset": "UNEM",
      "updateDate": "2015-07-09T00:48:24.587Z"
    },
    {
      "date": "2004 SEP",
      "value": "68.3",
      "year": "2004",
      "month": "September",
      "quarter": "",
      "sourceDataset": "UNEM",
      "updateDate": "2015-07-09T00:48:24.587Z"
    },
    {
      "date": "2004 OCT",
      "value": "65.6",
      "year": "2004",
      "month": "October",
      "quarter": "",
      "sourceDataset": "UNEM",
      "updateDate": "2015-07-09T00:48:24.587Z"
    },
    {
      "date": "2004 NOV",
      "value": "64.9",
      "year": "2004",
      "month": "November",
      "quarter": "",
      "sourceDataset": "UNEM",
      "updateDate": "2015-07-09T00:48:24.587Z"
    },
    {
      "date": "2004 DEC",
      "value": "64.2",
      "year": "2004",
      "month": "December",
      "quarter": "",
      "sourceDataset": "UNEM",
      "updateDate": "2015-07-09T00:48:24.587Z"
    },
    {
      "date": "2005 JAN",
      "value": "70.1",
      "year": "2005",
      "month": "January",
      "quarter": "",
      "sourceDataset": "UNEM",
      "updateDate": "2015-07-09T00:48:24.587Z"
    },
    {
      "date": "2005 FEB",
      "value": "71.3",
      "year": "2005",
      "month": "February",
      "quarter": "",
      "sourceDataset": "UNEM",
      "updateDate": "2015-07-09T00:48:24.587Z"
    },
    {
      "date": "2005 MAR",
      "value": "70.3",
      "year": "2005",
      "month": "March",
      "quarter": "",
      "sourceDataset": "UNEM",
      "updateDate": "2015-07-09T00:48:24.587Z"
    },
    {
      "date": "2005 APR",
      "value": "69.6",
      "year": "2005",
      "month": "April",
      "quarter": "",
      "sourceDataset": "UNEM",
      "updateDate": "2015-07-09T00:48:24.587Z"
    },
    {
      "date": "2005 MAY",
      "value": "68.9",
      "year": "2005",
      "month": "May",
      "quarter": "",
      "sourceDataset": "UNEM",
      "updateDate": "2015-07-09T00:48:24.587Z"
    },
    {
      "date": "2005 JUN",
      "value": "68.5",
      "year": "2005",
      "month": "June",
      "quarter": "",
      "sourceDataset": "UNEM",
      "updateDate": "2015-07-09T00:48:24.587Z"
    },
    {
      "date": "2005 JUL",
      "value": "71.3",
      "year": "2005",
      "month": "July",
      "quarter": "",
      "sourceDataset": "UNEM",
      "updateDate": "2015-07-09T00:48:24.588Z"
    },
    {
      "date": "2005 AUG",
      "value": "73.5",
      "year": "2005",
      "month": "August",
      "quarter": "",
      "sourceDataset": "UNEM",
      "updateDate": "2015-07-09T00:48:24.588Z"
    },
    {
      "date": "2005 SEP",
      "value": "71.4",
      "year": "2005",
      "month": "September",
      "quarter": "",
      "sourceDataset": "UNEM",
      "updateDate": "2015-07-09T00:48:24.588Z"
    },
    {
      "date": "2005 OCT",
      "value": "70.0",
      "year": "2005",
      "month": "October",
      "quarter": "",
      "sourceDataset": "UNEM",
      "updateDate": "2015-07-09T00:48:24.588Z"
    },
    {
      "date": "2005 NOV",
      "value": "70.0",
      "year": "2005",
      "month": "November",
      "quarter": "",
      "sourceDataset": "UNEM",
      "updateDate": "2015-07-09T00:48:24.588Z"
    },
    {
      "date": "2005 DEC",
      "value": "69.8",
      "year": "2005",
      "month": "December",
      "quarter": "",
      "sourceDataset": "UNEM",
      "updateDate": "2015-07-09T00:48:24.588Z"
    },
    {
      "date": "2006 JAN",
      "value": "74.7",
      "year": "2006",
      "month": "January",
      "quarter": "",
      "sourceDataset": "UNEM",
      "updateDate": "2015-07-09T00:48:24.588Z"
    },
    {
      "date": "2006 FEB",
      "value": "76.9",
      "year": "2006",
      "month": "February",
      "quarter": "",
      "sourceDataset": "UNEM",
      "updateDate": "2015-07-09T00:48:24.588Z"
    },
    {
      "date": "2006 MAR",
      "value": "75.9",
      "year": "2006",
      "month": "March",
      "quarter": "",
      "sourceDataset": "UNEM",
      "updateDate": "2015-07-09T00:48:24.588Z"
    },
    {
      "date": "2006 APR",
      "value": "74.5",
      "year": "2006",
      "month": "April",
      "quarter": "",
      "sourceDataset": "UNEM",
      "updateDate": "2015-07-09T00:48:24.588Z"
    },
    {
      "date": "2006 MAY",
      "value": "72.5",
      "year": "2006",
      "month": "May",
      "quarter": "",
      "sourceDataset": "UNEM",
      "updateDate": "2015-07-09T00:48:24.588Z"
    },
    {
      "date": "2006 JUN",
      "value": "71.4",
      "year": "2006",
      "month": "June",
      "quarter": "",
      "sourceDataset": "UNEM",
      "updateDate": "2015-07-09T00:48:24.588Z"
    },
    {
      "date": "2006 JUL",
      "value": "73.8",
      "year": "2006",
      "month": "July",
      "quarter": "",
      "sourceDataset": "UNEM",
      "updateDate": "2015-07-09T00:48:24.588Z"
    },
    {
      "date": "2006 AUG",
      "value": "75.5",
      "year": "2006",
      "month": "August",
      "quarter": "",
      "sourceDataset": "UNEM",
      "updateDate": "2015-07-09T00:48:24.588Z"
    },
    {
      "date": "2006 SEP",
      "value": "74.2",
      "year": "2006",
      "month": "September",
      "quarter": "",
      "sourceDataset": "UNEM",
      "updateDate": "2015-07-09T00:48:24.588Z"
    },
    {
      "date": "2006 OCT",
      "value": "72.5",
      "year": "2006",
      "month": "October",
      "quarter": "",
      "sourceDataset": "UNEM",
      "updateDate": "2015-07-09T00:48:24.588Z"
    },
    {
      "date": "2006 NOV",
      "value": "71.8",
      "year": "2006",
      "month": "November",
      "quarter": "",
      "sourceDataset": "UNEM",
      "updateDate": "2015-07-09T00:48:24.588Z"
    },
    {
      "date": "2006 DEC",
      "value": "70.0",
      "year": "2006",
      "month": "December",
      "quarter": "",
      "sourceDataset": "UNEM",
      "updateDate": "2015-07-09T00:48:24.588Z"
    },
    {
      "date": "2007 JAN",
      "value": "74.2",
      "year": "2007",
      "month": "January",
      "quarter": "",
      "sourceDataset": "UNEM",
      "updateDate": "2015-07-09T00:48:24.588Z"
    },
    {
      "date": "2007 FEB",
      "value": "75.6",
      "year": "2007",
      "month": "February",
      "quarter": "",
      "sourceDataset": "UNEM",
      "updateDate": "2015-07-09T00:48:24.588Z"
    },
    {
      "date": "2007 MAR",
      "value": "73.8",
      "year": "2007",
      "month": "March",
      "quarter": "",
      "sourceDataset": "UNEM",
      "updateDate": "2015-07-09T00:48:24.588Z"
    },
    {
      "date": "2007 APR",
      "value": "71.1",
      "year": "2007",
      "month": "April",
      "quarter": "",
      "sourceDataset": "UNEM",
      "updateDate": "2015-07-09T00:48:24.588Z"
    },
    {
      "date": "2007 MAY",
      "value": "68.6",
      "year": "2007",
      "month": "May",
      "quarter": "",
      "sourceDataset": "UNEM",
      "updateDate": "2015-07-09T00:48:24.588Z"
    },
    {
      "date": "2007 JUN",
      "value": "66.8",
      "year": "2007",
      "month": "June",
      "quarter": "",
      "sourceDataset": "UNEM",
      "updateDate": "2015-07-09T00:48:24.588Z"
    },
    {
      "date": "2007 JUL",
      "value": "68.5",
      "year": "2007",
      "month": "July",
      "quarter": "",
      "sourceDataset": "UNEM",
      "updateDate": "2015-07-09T00:48:24.588Z"
    },
    {
      "date": "2007 AUG",
      "value": "71.3",
      "year": "2007",
      "month": "August",
      "quarter": "",
      "sourceDataset": "UNEM",
      "updateDate": "2015-07-09T00:48:24.588Z"
    },
    {
      "date": "2007 SEP",
      "value": "68.7",
      "year": "2007",
      "month": "September",
      "quarter": "",
      "sourceDataset": "UNEM",
      "updateDate": "2015-07-09T00:48:24.588Z"
    },
    {
      "date": "2007 OCT",
      "value": "66.7",
      "year": "2007",
      "month": "October",
      "quarter": "",
      "sourceDataset": "UNEM",
      "updateDate": "2015-07-09T00:48:24.588Z"
    },
    {
      "date": "2007 NOV",
      "value": "65.3",
      "year": "2007",
      "month": "November",
      "quarter": "",
      "sourceDataset": "UNEM",
      "updateDate": "2015-07-09T00:48:24.588Z"
    },
    {
      "date": "2007 DEC",
      "value": "63.7",
      "year": "2007",
      "month": "December",
      "quarter": "",
      "sourceDataset": "UNEM",
      "updateDate": "2015-07-09T00:48:24.588Z"
    },
    {
      "date": "2008 JAN",
      "value": "67.9",
      "year": "2008",
      "month": "January",
      "quarter": "",
      "sourceDataset": "UNEM",
      "updateDate": "2015-07-09T00:48:24.588Z"
    },
    {
      "date": "2008 FEB",
      "value": "69.4",
      "year": "2008",
      "month": "February",
      "quarter": "",
      "sourceDataset": "UNEM",
      "updateDate": "2015-07-09T00:48:24.588Z"
    },
    {
      "date": "2008 MAR",
      "value": "68.4",
      "year": "2008",
      "month": "March",
      "quarter": "",
      "sourceDataset": "UNEM",
      "updateDate": "2015-07-09T00:48:24.588Z"
    },
    {
      "date": "2008 APR",
      "value": "69.2",
      "year": "2008",
      "month": "April",
      "quarter": "",
      "sourceDataset": "UNEM",
      "updateDate": "2015-07-09T00:48:24.588Z"
    },
    {
      "date": "2008 MAY",
      "value": "69.0",
      "year": "2008",
      "month": "May",
      "quarter": "",
      "sourceDataset": "UNEM",
      "updateDate": "2015-07-09T00:48:24.588Z"
    },
    {
      "date": "2008 JUN",
      "value": "70.8",
      "year": "2008",
      "month": "June",
      "quarter": "",
      "sourceDataset": "UNEM",
      "updateDate": "2015-07-09T00:48:24.588Z"
    },
    {
      "date": "2008 JUL",
      "value": "75.8",
      "year": "2008",
      "month": "July",
      "quarter": "",
      "sourceDataset": "UNEM",
      "updateDate": "2015-07-09T00:48:24.588Z"
    },
    {
      "date": "2008 AUG",
      "value": "82.3",
      "year": "2008",
      "month": "August",
      "quarter": "",
      "sourceDataset": "UNEM",
      "updateDate": "2015-07-09T00:48:24.588Z"
    },
    {
      "date": "2008 SEP",
      "value": "83.5",
      "year": "2008",
      "month": "September",
      "quarter": "",
      "sourceDataset": "UNEM",
      "updateDate": "2015-07-09T00:48:24.588Z"
    },
    {
      "date": "2008 OCT",
      "value": "85.7",
      "year": "2008",
      "month": "October",
      "quarter": "",
      "sourceDataset": "UNEM",
      "updateDate": "2015-07-09T00:48:24.588Z"
    },
    {
      "date": "2008 NOV",
      "value": "92.3",
      "year": "2008",
      "month": "November",
      "quarter": "",
      "sourceDataset": "UNEM",
      "updateDate": "2015-07-09T00:48:24.588Z"
    },
    {
      "date": "2008 DEC",
      "value": "99.6",
      "year": "2008",
      "month": "December",
      "quarter": "",
      "sourceDataset": "UNEM",
      "updateDate": "2015-07-09T00:48:24.588Z"
    },
    {
      "date": "2009 JAN",
      "value": "116.0",
      "year": "2009",
      "month": "January",
      "quarter": "",
      "sourceDataset": "UNEM",
      "updateDate": "2015-07-09T00:48:24.588Z"
    },
    {
      "date": "2009 FEB",
      "value": "135.2",
      "year": "2009",
      "month": "February",
      "quarter": "",
      "sourceDataset": "UNEM",
      "updateDate": "2015-07-09T00:48:24.588Z"
    },
    {
      "date": "2009 MAR",
      "value": "142.4",
      "year": "2009",
      "month": "March",
      "quarter": "",
      "sourceDataset": "UNEM",
      "updateDate": "2015-07-09T00:48:24.588Z"
    },
    {
      "date": "2009 APR",
      "value": "148.4",
      "year": "2009",
      "month": "April",
      "quarter": "",
      "sourceDataset": "UNEM",
      "updateDate": "2015-07-09T00:48:24.588Z"
    },
    {
      "date": "2009 MAY",
      "value": "149.8",
      "year": "2009",
      "month": "May",
      "quarter": "",
      "sourceDataset": "UNEM",
      "updateDate": "2015-07-09T00:48:24.588Z"
    },
    {
      "date": "2009 JUN",
      "value": "147.5",
      "year": "2009",
      "month": "June",
      "quarter": "",
      "sourceDataset": "UNEM",
      "updateDate": "2015-07-09T00:48:24.588Z"
    },
    {
      "date": "2009 JUL",
      "value": "148.6",
      "year": "2009",
      "month": "July",
      "quarter": "",
      "sourceDataset": "UNEM",
      "updateDate": "2015-07-09T00:48:24.588Z"
    },
    {
      "date": "2009 AUG",
      "value": "152.1",
      "year": "2009",
      "month": "August",
      "quarter": "",
      "sourceDataset": "UNEM",
      "updateDate": "2015-07-09T00:48:24.588Z"
    },
    {
      "date": "2009 SEP",
      "value": "150.5",
      "year": "2009",
      "month": "September",
      "quarter": "",
      "sourceDataset": "UNEM",
      "updateDate": "2015-07-09T00:48:24.588Z"
    },
    {
      "date": "2009 OCT",
      "value": "147.8",
      "year": "2009",
      "month": "October",
      "quarter": "",
      "sourceDataset": "UNEM",
      "updateDate": "2015-07-09T00:48:24.588Z"
    },
    {
      "date": "2009 NOV",
      "value": "143.6",
      "year": "2009",
      "month": "November",
      "quarter": "",
      "sourceDataset": "UNEM",
      "updateDate": "2015-07-09T00:48:24.588Z"
    },
    {
      "date": "2009 DEC",
      "value": "140.5",
      "year": "2009",
      "month": "December",
      "quarter": "",
      "sourceDataset": "UNEM",
      "updateDate": "2015-07-09T00:48:24.588Z"
    },
    {
      "date": "2010 JAN",
      "value": "146.8",
      "year": "2010",
      "month": "January",
      "quarter": "",
      "sourceDataset": "UNEM",
      "updateDate": "2015-07-09T00:48:24.588Z"
    },
    {
      "date": "2010 FEB",
      "value": "146.5",
      "year": "2010",
      "month": "February",
      "quarter": "",
      "sourceDataset": "UNEM",
      "updateDate": "2015-07-09T00:48:24.588Z"
    },
    {
      "date": "2010 MAR",
      "value": "142.9",
      "year": "2010",
      "month": "March",
      "quarter": "",
      "sourceDataset": "UNEM",
      "updateDate": "2015-07-09T00:48:24.588Z"
    },
    {
      "date": "2010 APR",
      "value": "141.5",
      "year": "2010",
      "month": "April",
      "quarter": "",
      "sourceDataset": "UNEM",
      "updateDate": "2015-07-09T00:48:24.588Z"
    },
    {
      "date": "2010 MAY",
      "value": "137.4",
      "year": "2010",
      "month": "May",
      "quarter": "",
      "sourceDataset": "UNEM",
      "updateDate": "2015-07-09T00:48:24.588Z"
    },
    {
      "date": "2010 JUN",
      "value": "133.0",
      "year": "2010",
      "month": "June",
      "quarter": "",
      "sourceDataset": "UNEM",
      "updateDate": "2015-07-09T00:48:24.588Z"
    },
    {
      "date": "2010 JUL",
      "value": "139.5",
      "year": "2010",
      "month": "July",
      "quarter": "",
      "sourceDataset": "UNEM",
      "updateDate": "2015-07-09T00:48:24.588Z"
    },
    {
      "date": "2010 AUG",
      "value": "146.4",
      "year": "2010",
      "month": "August",
      "quarter": "",
      "sourceDataset": "UNEM",
      "updateDate": "2015-07-09T00:48:24.588Z"
    },
    {
      "date": "2010 SEP",
      "value": "144.9",
      "year": "2010",
      "month": "September",
      "quarter": "",
      "sourceDataset": "UNEM",
      "updateDate": "2015-07-09T00:48:24.588Z"
    },
    {
      "date": "2010 OCT",
      "value": "142.1",
      "year": "2010",
      "month": "October",
      "quarter": "",
      "sourceDataset": "UNEM",
      "updateDate": "2015-07-09T00:48:24.588Z"
    },
    {
      "date": "2010 NOV",
      "value": "146.5",
      "year": "2010",
      "month": "November",
      "quarter": "",
      "sourceDataset": "UNEM",
      "updateDate": "2015-07-09T00:48:24.588Z"
    },
    {
      "date": "2010 DEC",
      "value": "149.3",
      "year": "2010",
      "month": "December",
      "quarter": "",
      "sourceDataset": "UNEM",
      "updateDate": "2015-07-09T00:48:24.588Z"
    },
    {
      "date": "2011 JAN",
      "value": "164.4",
      "year": "2011",
      "month": "January",
      "quarter": "",
      "sourceDataset": "UNEM",
      "updateDate": "2015-07-09T00:48:24.588Z"
    },
    {
      "date": "2011 FEB",
      "value": "174.4",
      "year": "2011",
      "month": "February",
      "quarter": "",
      "sourceDataset": "UNEM",
      "updateDate": "2015-07-09T00:48:24.588Z"
    },
    {
      "date": "2011 MAR",
      "value": "177.2",
      "year": "2011",
      "month": "March",
      "quarter": "",
      "sourceDataset": "UNEM",
      "updateDate": "2015-07-09T00:48:24.588Z"
    },
    {
      "date": "2011 APR",
      "value": "182.9",
      "year": "2011",
      "month": "April",
      "quarter": "",
      "sourceDataset": "UNEM",
      "updateDate": "2015-07-09T00:48:24.588Z"
    },
    {
      "date": "2011 MAY",
      "value": "179.8",
      "year": "2011",
      "month": "May",
      "quarter": "",
      "sourceDataset": "UNEM",
      "updateDate": "2015-07-09T00:48:24.588Z"
    },
    {
      "date": "2011 JUN",
      "value": "177.0",
      "year": "2011",
      "month": "June",
      "quarter": "",
      "sourceDataset": "UNEM",
      "updateDate": "2015-07-09T00:48:24.588Z"
    },
    {
      "date": "2011 JUL",
      "value": "177.6",
      "year": "2011",
      "month": "July",
      "quarter": "",
      "sourceDataset": "UNEM",
      "updateDate": "2015-07-09T00:48:24.588Z"
    },
    {
      "date": "2011 AUG",
      "value": "176.1",
      "year": "2011",
      "month": "August",
      "quarter": "",
      "sourceDataset": "UNEM",
      "updateDate": "2015-07-09T00:48:24.588Z"
    },
    {
      "date": "2011 SEP",
      "value": "169.8",
      "year": "2011",
      "month": "September",
      "quarter": "",
      "sourceDataset": "UNEM",
      "updateDate": "2015-07-09T00:48:24.588Z"
    },
    {
      "date": "2011 OCT",
      "value": "160.1",
      "year": "2011",
      "month": "October",
      "quarter": "",
      "sourceDataset": "UNEM",
      "updateDate": "2015-07-09T00:48:24.588Z"
    },
    {
      "date": "2011 NOV",
      "value": "157.9",
      "year": "2011",
      "month": "November",
      "quarter": "",
      "sourceDataset": "UNEM",
      "updateDate": "2015-07-09T00:48:24.588Z"
    },
    {
      "date": "2011 DEC",
      "value": "153.8",
      "year": "2011",
      "month": "December",
      "quarter": "",
      "sourceDataset": "UNEM",
      "updateDate": "2015-07-09T00:48:24.588Z"
    },
    {
      "date": "2012 JAN",
      "value": "158.8",
      "year": "2012",
      "month": "January",
      "quarter": "",
      "sourceDataset": "UNEM",
      "updateDate": "2015-07-09T00:48:24.588Z"
    },
    {
      "date": "2012 FEB",
      "value": "160.2",
      "year": "2012",
      "month": "February",
      "quarter": "",
      "sourceDataset": "UNEM",
      "updateDate": "2015-07-09T00:48:24.588Z"
    },
    {
      "date": "2012 MAR",
      "value": "154.0",
      "year": "2012",
      "month": "March",
      "quarter": "",
      "sourceDataset": "UNEM",
      "updateDate": "2015-07-09T00:48:24.588Z"
    },
    {
      "date": "2012 APR",
      "value": "146.4",
      "year": "2012",
      "month": "April",
      "quarter": "",
      "sourceDataset": "UNEM",
      "updateDate": "2015-07-09T00:48:24.588Z"
    },
    {
      "date": "2012 MAY",
      "value": "142.6",
      "year": "2012",
      "month": "May",
      "quarter": "",
      "sourceDataset": "UNEM",
      "updateDate": "2015-07-09T00:48:24.588Z"
    },
    {
      "date": "2012 JUN",
      "value": "146.5",
      "year": "2012",
      "month": "June",
      "quarter": "",
      "sourceDataset": "UNEM",
      "updateDate": "2015-07-09T00:48:24.588Z"
    },
    {
      "date": "2012 JUL",
      "value": "155.4",
      "year": "2012",
      "month": "July",
      "quarter": "",
      "sourceDataset": "UNEM",
      "updateDate": "2015-07-09T00:48:24.588Z"
    },
    {
      "date": "2012 AUG",
      "value": "163.8",
      "year": "2012",
      "month": "August",
      "quarter": "",
      "sourceDataset": "UNEM",
      "updateDate": "2015-07-09T00:48:24.588Z"
    },
    {
      "date": "2012 SEP",
      "value": "170.1",
      "year": "2012",
      "month": "September",
      "quarter": "",
      "sourceDataset": "UNEM",
      "updateDate": "2015-07-09T00:48:24.588Z"
    },
    {
      "date": "2012 OCT",
      "value": "175.7",
      "year": "2012",
      "month": "October",
      "quarter": "",
      "sourceDataset": "UNEM",
      "updateDate": "2015-07-09T00:48:24.588Z"
    },
    {
      "date": "2012 NOV",
      "value": "178.7",
      "year": "2012",
      "month": "November",
      "quarter": "",
      "sourceDataset": "UNEM",
      "updateDate": "2015-07-09T00:48:24.588Z"
    },
    {
      "date": "2012 DEC",
      "value": "171.4",
      "year": "2012",
      "month": "December",
      "quarter": "",
      "sourceDataset": "UNEM",
      "updateDate": "2015-07-09T00:48:24.588Z"
    },
    {
      "date": "2013 JAN",
      "value": "174.2",
      "year": "2013",
      "month": "January",
      "quarter": "",
      "sourceDataset": "UNEM",
      "updateDate": "2015-07-09T00:48:24.588Z"
    },
    {
      "date": "2013 FEB",
      "value": "174.1",
      "year": "2013",
      "month": "February",
      "quarter": "",
      "sourceDataset": "UNEM",
      "updateDate": "2015-07-09T00:48:24.588Z"
    },
    {
      "date": "2013 MAR",
      "value": "163.9",
      "year": "2013",
      "month": "March",
      "quarter": "",
      "sourceDataset": "UNEM",
      "updateDate": "2015-07-09T00:48:24.588Z"
    },
    {
      "date": "2013 APR",
      "value": "154.5",
      "year": "2013",
      "month": "April",
      "quarter": "",
      "sourceDataset": "UNEM",
      "updateDate": "2015-07-09T00:48:24.588Z"
    }
  ],
  "sourceDatasets": [
    "UNEM"
  ],
  "type": "timeseries",
  "uri": "/employmentandlabourmarket/peoplenotinwork/unemployment/timeseries/iacl",
  "breadcrumb": [
    {
      "uri": "/"
    },
    {
      "uri": "/employmentandlabourmarket"
    },
    {
      "uri": "/employmentandlabourmarket/peoplenotinwork"
    },
    {
      "uri": "/employmentandlabourmarket/peoplenotinwork/unemployment"
    }
  ],
  "description": {
    "title": "UK computerised claims, 25-49 yr old women claiming up to 6 mths - NSA - thous",
    "nationalStatistic": false,
    "latestRelease": false,
    "releaseDate": "2015-07-14T23:00:00.000Z",
    "nextRelease": "12 August 2015",
    "cdid": "IACL",
    "unit": "",
    "preUnit": "",
    "source": "Office for National Statistics",
    "seasonalAdjustment": "NSA",
    "number": "94.6",
    "sampleSize": 0
  }
}