{"type":"chart","title":"Figure 1: Percentage difference between upper and lower quartile median house prices for all dwelling types, local authorities","filename":"27117f68","uri":"/peoplepopulationandcommunity/housing/articles/housepricestatisticsforsmallareasinenglandandwales/2015-02-17/27117f68","subtitle":"England and Wales, 1995–2013","unit":"%","source":"Office for National Statistics; Land Registry","decimalPlaces":"","labelInterval":"2","notes":"","altText":"Figure 1: Percentage difference between upper and lower quartile median house prices for all dwelling types, local authorities","data":[{"":"1995","Percentage":"32.45","date":"1995-01-01T00:00:00.000Z","label":"1995"},{"":"1996","Percentage":"32.75","date":"1996-01-01T00:00:00.000Z","label":"1996"},{"":"1997","Percentage":"34.88","date":"1997-01-01T00:00:00.000Z","label":"1997"},{"":"1998","Percentage":"39.12","date":"1998-01-01T00:00:00.000Z","label":"1998"},{"":"1999","Percentage":"39.97","date":"1999-01-01T00:00:00.000Z","label":"1999"},{"":"2000","Percentage":"46.91","date":"2000-01-01T00:00:00.000Z","label":"2000"},{"":"2001","Percentage":"47.80","date":"2001-01-01T00:00:00.000Z","label":"2001"},{"":"2002","Percentage":"47.29","date":"2002-01-01T00:00:00.000Z","label":"2002"},{"":"2003","Percentage":"44.28","date":"2003-01-01T00:00:00.000Z","label":"2003"},{"":"2004","Percentage":"35.37","date":"2004-01-01T00:00:00.000Z","label":"2004"},{"":"2005","Percentage":"34.74","date":"2005-01-01T00:00:00.000Z","label":"2005"},{"":"2006","Percentage":"34.15","date":"2006-01-01T00:00:00.000Z","label":"2006"},{"":"2007","Percentage":"36.95","date":"2007-01-01T00:00:00.000Z","label":"2007"},{"":"2008","Percentage":"38.54","date":"2008-01-01T00:00:00.000Z","label":"2008"},{"":"2009","Percentage":"35.08","date":"2009-01-01T00:00:00.000Z","label":"2009"},{"":"2010","Percentage":"39.36","date":"2010-01-01T00:00:00.000Z","label":"2010"},{"":"2011","Percentage":"41.04","date":"2011-01-01T00:00:00.000Z","label":"2011"},{"":"2012","Percentage":"40.82","date":"2012-01-01T00:00:00.000Z","label":"2012"},{"":"2013","Percentage":"42.30","date":"2013-01-01T00:00:00.000Z","label":"2013"}],"headers":["","Percentage"],"series":["Percentage"],"categories":["1995","1996","1997","1998","1999","2000","2001","2002","2003","2004","2005","2006","2007","2008","2009","2010","2011","2012","2013"],"aspectRatio":"0.56","chartType":"line","files":[{"type":"download-png","filename":"27117f68-download.png"},{"type":"png","filename":"27117f68.png"}],"isTimeSeries":true,"timeSeries":[{"":"1995","Percentage":"32.45","date":"1995-01-01T00:00:00.000Z","label":"1995"},{"":"1996","Percentage":"32.75","date":"1996-01-01T00:00:00.000Z","label":"1996"},{"":"1997","Percentage":"34.88","date":"1997-01-01T00:00:00.000Z","label":"1997"},{"":"1998","Percentage":"39.12","date":"1998-01-01T00:00:00.000Z","label":"1998"},{"":"1999","Percentage":"39.97","date":"1999-01-01T00:00:00.000Z","label":"1999"},{"":"2000","Percentage":"46.91","date":"2000-01-01T00:00:00.000Z","label":"2000"},{"":"2001","Percentage":"47.80","date":"2001-01-01T00:00:00.000Z","label":"2001"},{"":"2002","Percentage":"47.29","date":"2002-01-01T00:00:00.000Z","label":"2002"},{"":"2003","Percentage":"44.28","date":"2003-01-01T00:00:00.000Z","label":"2003"},{"":"2004","Percentage":"35.37","date":"2004-01-01T00:00:00.000Z","label":"2004"},{"":"2005","Percentage":"34.74","date":"2005-01-01T00:00:00.000Z","label":"2005"},{"":"2006","Percentage":"34.15","date":"2006-01-01T00:00:00.000Z","label":"2006"},{"":"2007","Percentage":"36.95","date":"2007-01-01T00:00:00.000Z","label":"2007"},{"":"2008","Percentage":"38.54","date":"2008-01-01T00:00:00.000Z","label":"2008"},{"":"2009","Percentage":"35.08","date":"2009-01-01T00:00:00.000Z","label":"2009"},{"":"2010","Percentage":"39.36","date":"2010-01-01T00:00:00.000Z","label":"2010"},{"":"2011","Percentage":"41.04","date":"2011-01-01T00:00:00.000Z","label":"2011"},{"":"2012","Percentage":"40.82","date":"2012-01-01T00:00:00.000Z","label":"2012"},{"":"2013","Percentage":"42.30","date":"2013-01-01T00:00:00.000Z","label":"2013"}]}