{"type":"chart","title":"Figure 2: Percentage difference between the highest and lowest house prices for all dwelling types, local authorities","filename":"396f2abf","uri":"/peoplepopulationandcommunity/housing/articles/housepricestatisticsforsmallareasinenglandandwales/2015-02-17/396f2abf","subtitle":"England and Wales, 1995–2013","unit":"%","source":"Office for National Statistics; Land Registry","decimalPlaces":"","labelInterval":"2","notes":"","altText":"Figure 2: Percentage difference between the highest and lowest house prices for all dwelling types, local authorities","data":[{"":"1995","Percentage":"516.95","date":"1995-01-01T00:00:00.000Z","label":"1995"},{"":"1996","Percentage":"587.93","date":"1996-01-01T00:00:00.000Z","label":"1996"},{"":"1997","Percentage":"607.69","date":"1997-01-01T00:00:00.000Z","label":"1997"},{"":"1998","Percentage":"718.03","date":"1998-01-01T00:00:00.000Z","label":"1998"},{"":"1999","Percentage":"763.64","date":"1999-01-01T00:00:00.000Z","label":"1999"},{"":"2000","Percentage":"911.47","date":"2000-01-01T00:00:00.000Z","label":"2000"},{"":"2001","Percentage":"1006.06","date":"2001-01-01T00:00:00.000Z","label":"2001"},{"":"2002","Percentage":"1381.30","date":"2002-01-01T00:00:00.000Z","label":"2002"},{"":"2003","Percentage":"1058.80","date":"2003-01-01T00:00:00.000Z","label":"2003"},{"":"2004","Percentage":"1094.74","date":"2004-01-01T00:00:00.000Z","label":"2004"},{"":"2005","Percentage":"830.00","date":"2005-01-01T00:00:00.000Z","label":"2005"},{"":"2006","Percentage":"672.06","date":"2006-01-01T00:00:00.000Z","label":"2006"},{"":"2007","Percentage":"714.64","date":"2007-01-01T00:00:00.000Z","label":"2007"},{"":"2008","Percentage":"775.55","date":"2008-01-01T00:00:00.000Z","label":"2008"},{"":"2009","Percentage":"837.50","date":"2009-01-01T00:00:00.000Z","label":"2009"},{"":"2010","Percentage":"934.48","date":"2010-01-01T00:00:00.000Z","label":"2010"},{"":"2011","Percentage":"1004.90","date":"2011-01-01T00:00:00.000Z","label":"2011"},{"":"2012","Percentage":"1167.86","date":"2012-01-01T00:00:00.000Z","label":"2012"},{"":"2013","Percentage":"1254.17","date":"2013-01-01T00:00:00.000Z","label":"2013"}],"headers":["","Percentage"],"series":["Percentage"],"categories":["1995","1996","1997","1998","1999","2000","2001","2002","2003","2004","2005","2006","2007","2008","2009","2010","2011","2012","2013"],"aspectRatio":"0.56","chartType":"line","files":[{"type":"download-png","filename":"396f2abf-download.png"},{"type":"png","filename":"396f2abf.png"}],"isTimeSeries":true,"timeSeries":[{"":"1995","Percentage":"516.95","date":"1995-01-01T00:00:00.000Z","label":"1995"},{"":"1996","Percentage":"587.93","date":"1996-01-01T00:00:00.000Z","label":"1996"},{"":"1997","Percentage":"607.69","date":"1997-01-01T00:00:00.000Z","label":"1997"},{"":"1998","Percentage":"718.03","date":"1998-01-01T00:00:00.000Z","label":"1998"},{"":"1999","Percentage":"763.64","date":"1999-01-01T00:00:00.000Z","label":"1999"},{"":"2000","Percentage":"911.47","date":"2000-01-01T00:00:00.000Z","label":"2000"},{"":"2001","Percentage":"1006.06","date":"2001-01-01T00:00:00.000Z","label":"2001"},{"":"2002","Percentage":"1381.30","date":"2002-01-01T00:00:00.000Z","label":"2002"},{"":"2003","Percentage":"1058.80","date":"2003-01-01T00:00:00.000Z","label":"2003"},{"":"2004","Percentage":"1094.74","date":"2004-01-01T00:00:00.000Z","label":"2004"},{"":"2005","Percentage":"830.00","date":"2005-01-01T00:00:00.000Z","label":"2005"},{"":"2006","Percentage":"672.06","date":"2006-01-01T00:00:00.000Z","label":"2006"},{"":"2007","Percentage":"714.64","date":"2007-01-01T00:00:00.000Z","label":"2007"},{"":"2008","Percentage":"775.55","date":"2008-01-01T00:00:00.000Z","label":"2008"},{"":"2009","Percentage":"837.50","date":"2009-01-01T00:00:00.000Z","label":"2009"},{"":"2010","Percentage":"934.48","date":"2010-01-01T00:00:00.000Z","label":"2010"},{"":"2011","Percentage":"1004.90","date":"2011-01-01T00:00:00.000Z","label":"2011"},{"":"2012","Percentage":"1167.86","date":"2012-01-01T00:00:00.000Z","label":"2012"},{"":"2013","Percentage":"1254.17","date":"2013-01-01T00:00:00.000Z","label":"2013"}]}