{"type":"chart","title":"Figure 4: Number of middle layer super output areas by median price band for all dwelling types","filename":"a7c78c65","uri":"/peoplepopulationandcommunity/housing/articles/housepricestatisticsforsmallareasinenglandandwales/2015-02-17/a7c78c65","subtitle":"England and Wales, 2013","unit":"Count","source":"Office for National Statistics; Land Registry","decimalPlaces":"","labelInterval":"","notes":"","altText":"Figure 4: Number of middle layer super output areas by median price band for all dwelling types","data":[{"Price band (£)":">£1000000","MSOA count":"16"},{"Price band (£)":"£800001 to £1000000","MSOA count":"27"},{"Price band (£)":"£600001 to £800000","MSOA count":"62"},{"Price band (£)":"£550001 to £600000","MSOA count":"32"},{"Price band (£)":"£500001 to £550000","MSOA count":"35"},{"Price band (£)":"£450001 to £500000","MSOA count":"104"},{"Price band (£)":"£400001 to £450000","MSOA count":"123"},{"Price band (£)":"£350001 to £400000","MSOA count":"222"},{"Price band (£)":"£300001 to £350000","MSOA count":"350"},{"Price band (£)":"£250001 to £300000","MSOA count":"616"},{"Price band (£)":"£200001 to £250000","MSOA count":"1210"},{"Price band (£)":"£150001 to £200000","MSOA count":"1612"},{"Price band (£)":"£100001 to £150000","MSOA count":"1860"},{"Price band (£)":"£50001 to £100000","MSOA count":"911"},{"Price band (£)":"<=£50000","MSOA count":"21"}],"headers":["Price band (£)","MSOA count"],"series":["MSOA count"],"categories":[">£1000000","£800001 to £1000000","£600001 to £800000","£550001 to £600000","£500001 to £550000","£450001 to £500000","£400001 to £450000","£350001 to £400000","£300001 to £350000","£250001 to £300000","£200001 to £250000","£150001 to £200000","£100001 to £150000","£50001 to £100000","<=£50000"],"aspectRatio":"0.75","chartType":"rotated","files":[{"type":"download-png","filename":"a7c78c65-download.png"},{"type":"png","filename":"a7c78c65.png"}],"isTimeSeries":true,"timeSeries":[{"Price band (£)":">£1000000","MSOA count":"16","date":"+050000-01-01T00:00:00.000Z","label":"<=50000"}]}