{"type":"chart","title":"Figure 3: Number of property sales for all dwelling types","filename":"a7df2794","uri":"/peoplepopulationandcommunity/housing/articles/housepricestatisticsforsmallareasinenglandandwales/2015-02-17/a7df2794","subtitle":"England and Wales, 1995–2013","unit":"Number of property sales","source":"Office for National Statistics; Land Registry","decimalPlaces":"","labelInterval":"2","notes":"","altText":"Figure 3: Number of property sales for all dwelling types","data":[{"":"1995","Detached":"189589","Semi-detached":"240319","Terraced":"241836","Flats and maisonettes":"93461","date":"1995-01-01T00:00:00.000Z","label":"1995"},{"":"1996","Detached":"241601","Semi-detached":"286807","Terraced":"286700","Flats and maisonettes":"114391","date":"1996-01-01T00:00:00.000Z","label":"1996"},{"":"1997","Detached":"270618","Semi-detached":"315285","Terraced":"325813","Flats and maisonettes":"148772","date":"1997-01-01T00:00:00.000Z","label":"1997"},{"":"1998","Detached":"254123","Semi-detached":"300662","Terraced":"316803","Flats and maisonettes":"154657","date":"1998-01-01T00:00:00.000Z","label":"1998"},{"":"1999","Detached":"297305","Semi-detached":"337435","Terraced":"356326","Flats and maisonettes":"184630","date":"1999-01-01T00:00:00.000Z","label":"1999"},{"":"2000","Detached":"268526","Semi-detached":"314793","Terraced":"345030","Flats and maisonettes":"184350","date":"2000-01-01T00:00:00.000Z","label":"2000"},{"":"2001","Detached":"291699","Semi-detached":"348612","Terraced":"388731","Flats and maisonettes":"199795","date":"2001-01-01T00:00:00.000Z","label":"2001"},{"":"2002","Detached":"308200","Semi-detached":"370957","Terraced":"428385","Flats and maisonettes":"227410","date":"2002-01-01T00:00:00.000Z","label":"2002"},{"":"2003","Detached":"264240","Semi-detached":"339308","Terraced":"404453","Flats and maisonettes":"217485","date":"2003-01-01T00:00:00.000Z","label":"2003"},{"":"2004","Detached":"263162","Semi-detached":"336955","Terraced":"398634","Flats and maisonettes":"230701","date":"2004-01-01T00:00:00.000Z","label":"2004"},{"":"2005","Detached":"209811","Semi-detached":"286285","Terraced":"344100","Flats and maisonettes":"210396","date":"2005-01-01T00:00:00.000Z","label":"2005"},{"":"2006","Detached":"270621","Semi-detached":"361143","Terraced":"415043","Flats and maisonettes":"266892","date":"2006-01-01T00:00:00.000Z","label":"2006"},{"":"2007","Detached":"251885","Semi-detached":"342016","Terraced":"391686","Flats and maisonettes":"274524","date":"2007-01-01T00:00:00.000Z","label":"2007"},{"":"2008","Detached":"128681","Semi-detached":"173391","Terraced":"195749","Flats and maisonettes":"144175","date":"2008-01-01T00:00:00.000Z","label":"2008"},{"":"2009","Detached":"146519","Semi-detached":"178239","Terraced":"177241","Flats and maisonettes":"115644","date":"2009-01-01T00:00:00.000Z","label":"2009"},{"":"2010","Detached":"158259","Semi-detached":"185661","Terraced":"188733","Flats and maisonettes":"123745","date":"2010-01-01T00:00:00.000Z","label":"2010"},{"":"2011","Detached":"155067","Semi-detached":"187925","Terraced":"191410","Flats and maisonettes":"119930","date":"2011-01-01T00:00:00.000Z","label":"2011"},{"":"2012","Detached":"158911","Semi-detached":"180723","Terraced":"192941","Flats and maisonettes":"120774","date":"2012-01-01T00:00:00.000Z","label":"2012"},{"":"2013","Detached":"192543","Semi-detached":"214621","Terraced":"231474","Flats and maisonettes":"149460","date":"2013-01-01T00:00:00.000Z","label":"2013"}],"headers":["","Detached","Semi-detached","Terraced","Flats and maisonettes"],"series":["Detached","Semi-detached","Terraced","Flats and maisonettes"],"categories":["1995","1996","1997","1998","1999","2000","2001","2002","2003","2004","2005","2006","2007","2008","2009","2010","2011","2012","2013"],"aspectRatio":"0.75","chartType":"line","files":[{"type":"download-png","filename":"a7df2794-download.png"},{"type":"png","filename":"a7df2794.png"}],"isTimeSeries":true,"timeSeries":[{"":"1995","Detached":"189589","Semi-detached":"240319","Terraced":"241836","Flats and maisonettes":"93461","date":"1995-01-01T00:00:00.000Z","label":"1995"},{"":"1996","Detached":"241601","Semi-detached":"286807","Terraced":"286700","Flats and maisonettes":"114391","date":"1996-01-01T00:00:00.000Z","label":"1996"},{"":"1997","Detached":"270618","Semi-detached":"315285","Terraced":"325813","Flats and maisonettes":"148772","date":"1997-01-01T00:00:00.000Z","label":"1997"},{"":"1998","Detached":"254123","Semi-detached":"300662","Terraced":"316803","Flats and maisonettes":"154657","date":"1998-01-01T00:00:00.000Z","label":"1998"},{"":"1999","Detached":"297305","Semi-detached":"337435","Terraced":"356326","Flats and maisonettes":"184630","date":"1999-01-01T00:00:00.000Z","label":"1999"},{"":"2000","Detached":"268526","Semi-detached":"314793","Terraced":"345030","Flats and maisonettes":"184350","date":"2000-01-01T00:00:00.000Z","label":"2000"},{"":"2001","Detached":"291699","Semi-detached":"348612","Terraced":"388731","Flats and maisonettes":"199795","date":"2001-01-01T00:00:00.000Z","label":"2001"},{"":"2002","Detached":"308200","Semi-detached":"370957","Terraced":"428385","Flats and maisonettes":"227410","date":"2002-01-01T00:00:00.000Z","label":"2002"},{"":"2003","Detached":"264240","Semi-detached":"339308","Terraced":"404453","Flats and maisonettes":"217485","date":"2003-01-01T00:00:00.000Z","label":"2003"},{"":"2004","Detached":"263162","Semi-detached":"336955","Terraced":"398634","Flats and maisonettes":"230701","date":"2004-01-01T00:00:00.000Z","label":"2004"},{"":"2005","Detached":"209811","Semi-detached":"286285","Terraced":"344100","Flats and maisonettes":"210396","date":"2005-01-01T00:00:00.000Z","label":"2005"},{"":"2006","Detached":"270621","Semi-detached":"361143","Terraced":"415043","Flats and maisonettes":"266892","date":"2006-01-01T00:00:00.000Z","label":"2006"},{"":"2007","Detached":"251885","Semi-detached":"342016","Terraced":"391686","Flats and maisonettes":"274524","date":"2007-01-01T00:00:00.000Z","label":"2007"},{"":"2008","Detached":"128681","Semi-detached":"173391","Terraced":"195749","Flats and maisonettes":"144175","date":"2008-01-01T00:00:00.000Z","label":"2008"},{"":"2009","Detached":"146519","Semi-detached":"178239","Terraced":"177241","Flats and maisonettes":"115644","date":"2009-01-01T00:00:00.000Z","label":"2009"},{"":"2010","Detached":"158259","Semi-detached":"185661","Terraced":"188733","Flats and maisonettes":"123745","date":"2010-01-01T00:00:00.000Z","label":"2010"},{"":"2011","Detached":"155067","Semi-detached":"187925","Terraced":"191410","Flats and maisonettes":"119930","date":"2011-01-01T00:00:00.000Z","label":"2011"},{"":"2012","Detached":"158911","Semi-detached":"180723","Terraced":"192941","Flats and maisonettes":"120774","date":"2012-01-01T00:00:00.000Z","label":"2012"},{"":"2013","Detached":"192543","Semi-detached":"214621","Terraced":"231474","Flats and maisonettes":"149460","date":"2013-01-01T00:00:00.000Z","label":"2013"}]}