{
  "years": [
    {
      "date": "1999",
      "value": "21669",
      "year": "1999",
      "month": "",
      "quarter": "",
      "sourceDataset": "",
      "updateDate": "2015-07-09T00:48:25.484Z"
    },
    {
      "date": "2000",
      "value": "22001",
      "year": "2000",
      "month": "",
      "quarter": "",
      "sourceDataset": "",
      "updateDate": "2015-07-09T00:48:25.484Z"
    },
    {
      "date": "2001",
      "value": "22079",
      "year": "2001",
      "month": "",
      "quarter": "",
      "sourceDataset": "",
      "updateDate": "2015-07-09T00:48:25.484Z"
    },
    {
      "date": "2002",
      "value": "22181",
      "year": "2002",
      "month": "",
      "quarter": "",
      "sourceDataset": "",
      "updateDate": "2015-07-09T00:48:25.484Z"
    },
    {
      "date": "2003",
      "value": "22346",
      "year": "2003",
      "month": "",
      "quarter": "",
      "sourceDataset": "",
      "updateDate": "2015-07-09T00:48:25.484Z"
    },
    {
      "date": "2004",
      "value": "22443",
      "year": "2004",
      "month": "",
      "quarter": "",
      "sourceDataset": "",
      "updateDate": "2015-07-09T00:48:25.484Z"
    },
    {
      "date": "2005",
      "value": "22740",
      "year": "2005",
      "month": "",
      "quarter": "",
      "sourceDataset": "",
      "updateDate": "2015-07-09T00:48:25.484Z"
    },
    {
      "date": "2006",
      "value": "23058",
      "year": "2006",
      "month": "",
      "quarter": "",
      "sourceDataset": "",
      "updateDate": "2015-07-09T00:48:25.484Z"
    },
    {
      "date": "2007",
      "value": "23308",
      "year": "2007",
      "month": "",
      "quarter": "",
      "sourceDataset": "",
      "updateDate": "2015-07-09T00:48:25.484Z"
    },
    {
      "date": "2008",
      "value": "23661",
      "year": "2008",
      "month": "",
      "quarter": "",
      "sourceDataset": "",
      "updateDate": "2015-07-09T00:48:25.484Z"
    },
    {
      "date": "2009",
      "value": "22688",
      "year": "2009",
      "month": "",
      "quarter": "",
      "sourceDataset": "",
      "updateDate": "2015-07-09T00:48:25.484Z"
    },
    {
      "date": "2010",
      "value": "23008",
      "year": "2010",
      "month": "",
      "quarter": "",
      "sourceDataset": "",
      "updateDate": "2015-07-09T00:48:25.484Z"
    },
    {
      "date": "2011",
      "value": "23238",
      "year": "2011",
      "month": "",
      "quarter": "",
      "sourceDataset": "",
      "updateDate": "2015-07-09T00:48:25.484Z"
    },
    {
      "date": "2012",
      "value": "23979",
      "year": "2012",
      "month": "",
      "quarter": "",
      "sourceDataset": "",
      "updateDate": "2015-07-09T00:48:25.484Z"
    },
    {
      "date": "2013",
      "value": "24298",
      "year": "2013",
      "month": "",
      "quarter": "",
      "sourceDataset": "",
      "updateDate": "2015-07-09T00:48:25.484Z"
    },
    {
      "date": "2014",
      "value": "25263",
      "year": "2014",
      "month": "",
      "quarter": "",
      "sourceDataset": "",
      "updateDate": "2015-07-09T00:48:25.484Z"
    }
  ],
  "quarters": [
    {
      "date": "1999 Q1",
      "value": "21609",
      "year": "1999",
      "month": "",
      "quarter": "Q1",
      "sourceDataset": "",
      "updateDate": "2015-07-09T00:48:25.484Z"
    },
    {
      "date": "1999 Q2",
      "value": "21669",
      "year": "1999",
      "month": "",
      "quarter": "Q2",
      "sourceDataset": "",
      "updateDate": "2015-07-09T00:48:25.484Z"
    },
    {
      "date": "1999 Q3",
      "value": "21743",
      "year": "1999",
      "month": "",
      "quarter": "Q3",
      "sourceDataset": "",
      "updateDate": "2015-07-09T00:48:25.484Z"
    },
    {
      "date": "1999 Q4",
      "value": "21812",
      "year": "1999",
      "month": "",
      "quarter": "Q4",
      "sourceDataset": "",
      "updateDate": "2015-07-09T00:48:25.484Z"
    },
    {
      "date": "2000 Q1",
      "value": "21898",
      "year": "2000",
      "month": "",
      "quarter": "Q1",
      "sourceDataset": "",
      "updateDate": "2015-07-09T00:48:25.484Z"
    },
    {
      "date": "2000 Q2",
      "value": "22001",
      "year": "2000",
      "month": "",
      "quarter": "Q2",
      "sourceDataset": "",
      "updateDate": "2015-07-09T00:48:25.484Z"
    },
    {
      "date": "2000 Q3",
      "value": "21978",
      "year": "2000",
      "month": "",
      "quarter": "Q3",
      "sourceDataset": "",
      "updateDate": "2015-07-09T00:48:25.484Z"
    },
    {
      "date": "2000 Q4",
      "value": "22074",
      "year": "2000",
      "month": "",
      "quarter": "Q4",
      "sourceDataset": "",
      "updateDate": "2015-07-09T00:48:25.484Z"
    },
    {
      "date": "2001 Q1",
      "value": "22071",
      "year": "2001",
      "month": "",
      "quarter": "Q1",
      "sourceDataset": "",
      "updateDate": "2015-07-09T00:48:25.484Z"
    },
    {
      "date": "2001 Q2",
      "value": "22079",
      "year": "2001",
      "month": "",
      "quarter": "Q2",
      "sourceDataset": "",
      "updateDate": "2015-07-09T00:48:25.484Z"
    },
    {
      "date": "2001 Q3",
      "value": "22099",
      "year": "2001",
      "month": "",
      "quarter": "Q3",
      "sourceDataset": "",
      "updateDate": "2015-07-09T00:48:25.484Z"
    },
    {
      "date": "2001 Q4",
      "value": "22110",
      "year": "2001",
      "month": "",
      "quarter": "Q4",
      "sourceDataset": "",
      "updateDate": "2015-07-09T00:48:25.484Z"
    },
    {
      "date": "2002 Q1",
      "value": "22153",
      "year": "2002",
      "month": "",
      "quarter": "Q1",
      "sourceDataset": "",
      "updateDate": "2015-07-09T00:48:25.484Z"
    },
    {
      "date": "2002 Q2",
      "value": "22181",
      "year": "2002",
      "month": "",
      "quarter": "Q2",
      "sourceDataset": "",
      "updateDate": "2015-07-09T00:48:25.484Z"
    },
    {
      "date": "2002 Q3",
      "value": "22266",
      "year": "2002",
      "month": "",
      "quarter": "Q3",
      "sourceDataset": "",
      "updateDate": "2015-07-09T00:48:25.484Z"
    },
    {
      "date": "2002 Q4",
      "value": "22274",
      "year": "2002",
      "month": "",
      "quarter": "Q4",
      "sourceDataset": "",
      "updateDate": "2015-07-09T00:48:25.484Z"
    },
    {
      "date": "2003 Q1",
      "value": "22283",
      "year": "2003",
      "month": "",
      "quarter": "Q1",
      "sourceDataset": "",
      "updateDate": "2015-07-09T00:48:25.484Z"
    },
    {
      "date": "2003 Q2",
      "value": "22346",
      "year": "2003",
      "month": "",
      "quarter": "Q2",
      "sourceDataset": "",
      "updateDate": "2015-07-09T00:48:25.484Z"
    },
    {
      "date": "2003 Q3",
      "value": "22362",
      "year": "2003",
      "month": "",
      "quarter": "Q3",
      "sourceDataset": "",
      "updateDate": "2015-07-09T00:48:25.484Z"
    },
    {
      "date": "2003 Q4",
      "value": "22434",
      "year": "2003",
      "month": "",
      "quarter": "Q4",
      "sourceDataset": "",
      "updateDate": "2015-07-09T00:48:25.484Z"
    },
    {
      "date": "2004 Q1",
      "value": "22450",
      "year": "2004",
      "month": "",
      "quarter": "Q1",
      "sourceDataset": "",
      "updateDate": "2015-07-09T00:48:25.484Z"
    },
    {
      "date": "2004 Q2",
      "value": "22443",
      "year": "2004",
      "month": "",
      "quarter": "Q2",
      "sourceDataset": "",
      "updateDate": "2015-07-09T00:48:25.484Z"
    },
    {
      "date": "2004 Q3",
      "value": "22492",
      "year": "2004",
      "month": "",
      "quarter": "Q3",
      "sourceDataset": "",
      "updateDate": "2015-07-09T00:48:25.484Z"
    },
    {
      "date": "2004 Q4",
      "value": "22658",
      "year": "2004",
      "month": "",
      "quarter": "Q4",
      "sourceDataset": "",
      "updateDate": "2015-07-09T00:48:25.484Z"
    },
    {
      "date": "2005 Q1",
      "value": "22672",
      "year": "2005",
      "month": "",
      "quarter": "Q1",
      "sourceDataset": "",
      "updateDate": "2015-07-09T00:48:25.484Z"
    },
    {
      "date": "2005 Q2",
      "value": "22740",
      "year": "2005",
      "month": "",
      "quarter": "Q2",
      "sourceDataset": "",
      "updateDate": "2015-07-09T00:48:25.484Z"
    },
    {
      "date": "2005 Q3",
      "value": "22794",
      "year": "2005",
      "month": "",
      "quarter": "Q3",
      "sourceDataset": "",
      "updateDate": "2015-07-09T00:48:25.484Z"
    },
    {
      "date": "2005 Q4",
      "value": "22819",
      "year": "2005",
      "month": "",
      "quarter": "Q4",
      "sourceDataset": "",
      "updateDate": "2015-07-09T00:48:25.484Z"
    },
    {
      "date": "2006 Q1",
      "value": "22989",
      "year": "2006",
      "month": "",
      "quarter": "Q1",
      "sourceDataset": "",
      "updateDate": "2015-07-09T00:48:25.484Z"
    },
    {
      "date": "2006 Q2",
      "value": "23058",
      "year": "2006",
      "month": "",
      "quarter": "Q2",
      "sourceDataset": "",
      "updateDate": "2015-07-09T00:48:25.484Z"
    },
    {
      "date": "2006 Q3",
      "value": "23121",
      "year": "2006",
      "month": "",
      "quarter": "Q3",
      "sourceDataset": "",
      "updateDate": "2015-07-09T00:48:25.484Z"
    },
    {
      "date": "2006 Q4",
      "value": "23143",
      "year": "2006",
      "month": "",
      "quarter": "Q4",
      "sourceDataset": "",
      "updateDate": "2015-07-09T00:48:25.484Z"
    },
    {
      "date": "2007 Q1",
      "value": "23180",
      "year": "2007",
      "month": "",
      "quarter": "Q1",
      "sourceDataset": "",
      "updateDate": "2015-07-09T00:48:25.484Z"
    },
    {
      "date": "2007 Q2",
      "value": "23308",
      "year": "2007",
      "month": "",
      "quarter": "Q2",
      "sourceDataset": "",
      "updateDate": "2015-07-09T00:48:25.484Z"
    },
    {
      "date": "2007 Q3",
      "value": "23431",
      "year": "2007",
      "month": "",
      "quarter": "Q3",
      "sourceDataset": "",
      "updateDate": "2015-07-09T00:48:25.484Z"
    },
    {
      "date": "2007 Q4",
      "value": "23568",
      "year": "2007",
      "month": "",
      "quarter": "Q4",
      "sourceDataset": "",
      "updateDate": "2015-07-09T00:48:25.484Z"
    },
    {
      "date": "2008 Q1",
      "value": "23687",
      "year": "2008",
      "month": "",
      "quarter": "Q1",
      "sourceDataset": "",
      "updateDate": "2015-07-09T00:48:25.484Z"
    },
    {
      "date": "2008 Q2",
      "value": "23661",
      "year": "2008",
      "month": "",
      "quarter": "Q2",
      "sourceDataset": "",
      "updateDate": "2015-07-09T00:48:25.484Z"
    },
    {
      "date": "2008 Q3",
      "value": "23463",
      "year": "2008",
      "month": "",
      "quarter": "Q3",
      "sourceDataset": "",
      "updateDate": "2015-07-09T00:48:25.484Z"
    },
    {
      "date": "2008 Q4",
      "value": "23205",
      "year": "2008",
      "month": "",
      "quarter": "Q4",
      "sourceDataset": "",
      "updateDate": "2015-07-09T00:48:25.484Z"
    },
    {
      "date": "2009 Q1",
      "value": "22942",
      "year": "2009",
      "month": "",
      "quarter": "Q1",
      "sourceDataset": "",
      "updateDate": "2015-07-09T00:48:25.484Z"
    },
    {
      "date": "2009 Q2",
      "value": "22688",
      "year": "2009",
      "month": "",
      "quarter": "Q2",
      "sourceDataset": "",
      "updateDate": "2015-07-09T00:48:25.484Z"
    },
    {
      "date": "2009 Q3",
      "value": "22714",
      "year": "2009",
      "month": "",
      "quarter": "Q3",
      "sourceDataset": "",
      "updateDate": "2015-07-09T00:48:25.484Z"
    },
    {
      "date": "2009 Q4",
      "value": "22687",
      "year": "2009",
      "month": "",
      "quarter": "Q4",
      "sourceDataset": "",
      "updateDate": "2015-07-09T00:48:25.484Z"
    },
    {
      "date": "2010 Q1",
      "value": "22711",
      "year": "2010",
      "month": "",
      "quarter": "Q1",
      "sourceDataset": "",
      "updateDate": "2015-07-09T00:48:25.484Z"
    },
    {
      "date": "2010 Q2",
      "value": "23008",
      "year": "2010",
      "month": "",
      "quarter": "Q2",
      "sourceDataset": "",
      "updateDate": "2015-07-09T00:48:25.484Z"
    },
    {
      "date": "2010 Q3",
      "value": "23038",
      "year": "2010",
      "month": "",
      "quarter": "Q3",
      "sourceDataset": "",
      "updateDate": "2015-07-09T00:48:25.484Z"
    },
    {
      "date": "2010 Q4",
      "value": "23160",
      "year": "2010",
      "month": "",
      "quarter": "Q4",
      "sourceDataset": "",
      "updateDate": "2015-07-09T00:48:25.484Z"
    },
    {
      "date": "2011 Q1",
      "value": "23233",
      "year": "2011",
      "month": "",
      "quarter": "Q1",
      "sourceDataset": "",
      "updateDate": "2015-07-09T00:48:25.484Z"
    },
    {
      "date": "2011 Q2",
      "value": "23238",
      "year": "2011",
      "month": "",
      "quarter": "Q2",
      "sourceDataset": "",
      "updateDate": "2015-07-09T00:48:25.484Z"
    },
    {
      "date": "2011 Q3",
      "value": "23221",
      "year": "2011",
      "month": "",
      "quarter": "Q3",
      "sourceDataset": "",
      "updateDate": "2015-07-09T00:48:25.484Z"
    },
    {
      "date": "2011 Q4",
      "value": "23310",
      "year": "2011",
      "month": "",
      "quarter": "Q4",
      "sourceDataset": "",
      "updateDate": "2015-07-09T00:48:25.484Z"
    },
    {
      "date": "2012 Q1",
      "value": "23495",
      "year": "2012",
      "month": "",
      "quarter": "Q1",
      "sourceDataset": "",
      "updateDate": "2015-07-09T00:48:25.484Z"
    },
    {
      "date": "2012 Q2",
      "value": "23979",
      "year": "2012",
      "month": "",
      "quarter": "Q2",
      "sourceDataset": "",
      "updateDate": "2015-07-09T00:48:25.484Z"
    },
    {
      "date": "2012 Q3",
      "value": "23994",
      "year": "2012",
      "month": "",
      "quarter": "Q3",
      "sourceDataset": "",
      "updateDate": "2015-07-09T00:48:25.484Z"
    },
    {
      "date": "2012 Q4",
      "value": "24162",
      "year": "2012",
      "month": "",
      "quarter": "Q4",
      "sourceDataset": "",
      "updateDate": "2015-07-09T00:48:25.484Z"
    },
    {
      "date": "2013 Q1",
      "value": "24174",
      "year": "2013",
      "month": "",
      "quarter": "Q1",
      "sourceDataset": "",
      "updateDate": "2015-07-09T00:48:25.484Z"
    },
    {
      "date": "2013 Q2",
      "value": "24298",
      "year": "2013",
      "month": "",
      "quarter": "Q2",
      "sourceDataset": "",
      "updateDate": "2015-07-09T00:48:25.484Z"
    },
    {
      "date": "2013 Q3",
      "value": "24494",
      "year": "2013",
      "month": "",
      "quarter": "Q3",
      "sourceDataset": "",
      "updateDate": "2015-07-09T00:48:25.484Z"
    },
    {
      "date": "2013 Q4",
      "value": "24785",
      "year": "2013",
      "month": "",
      "quarter": "Q4",
      "sourceDataset": "",
      "updateDate": "2015-07-09T00:48:25.484Z"
    },
    {
      "date": "2014 Q1",
      "value": "25198",
      "year": "2014",
      "month": "",
      "quarter": "Q1",
      "sourceDataset": "",
      "updateDate": "2015-07-09T00:48:25.484Z"
    },
    {
      "date": "2014 Q2",
      "value": "25263",
      "year": "2014",
      "month": "",
      "quarter": "Q2",
      "sourceDataset": "",
      "updateDate": "2015-07-09T00:48:25.484Z"
    },
    {
      "date": "2014 Q3",
      "value": "25393",
      "year": "2014",
      "month": "",
      "quarter": "Q3",
      "sourceDataset": "",
      "updateDate": "2015-07-09T00:48:25.484Z"
    },
    {
      "date": "2014 Q4",
      "value": "25545",
      "year": "2014",
      "month": "",
      "quarter": "Q4",
      "sourceDataset": "",
      "updateDate": "2015-07-09T00:48:25.484Z"
    },
    {
      "date": "2015 Q1",
      "value": "25681",
      "year": "2015",
      "month": "",
      "quarter": "Q1",
      "sourceDataset": "",
      "updateDate": "2015-07-09T00:48:25.484Z"
    }
  ],
  "months": [],
  "sourceDatasets": [
    ""
  ],
  "type": "timeseries",
  "uri": "/employmentandlabourmarket/publicsectorpersonnel/timeseries/g7k5",
  "breadcrumb": [
    {
      "uri": "/"
    },
    {
      "uri": "/employmentandlabourmarket"
    },
    {
      "uri": "/employmentandlabourmarket/publicsectorpersonnel"
    }
  ],
  "description": {
    "title": "Private Sector Employment: UK; HC; SA; Thousands                        ",
    "nationalStatistic": false,
    "latestRelease": false,
    "releaseDate": "2015-06-16T23:00:00.000Z",
    "nextRelease": "16 Sept 2015",
    "cdid": "G7K5",
    "unit": "",
    "preUnit": "",
    "source": "Office for National Statistics",
    "seasonalAdjustment": "NSA",
    "number": "25681",
    "sampleSize": 0
  }
}