{"description":{"releaseDate":"2015-08-05T23:00:00.000Z","nextRelease":"04 August 2016","contact":{"name":"Cecil Prescott","email":"esociety@ons.gsi.gov.uk","telephone":"+44 (0)1633 456767"},"summary":"Use of the internet by adults in Great Britain and how households connected to the Internet. Information on use and purchases online.","datasetId":"","keywords":["mobile","wifi","hotspots","internet activities","internet use,mobile,wifi,hotspots,internet activities,internet use"],"metaDescription":"Use of the internet by adults in Great Britain and how households connected to the Internet. Information on use and purchases online.","nationalStatistic":true,"migrated":false,"title":"Internet access - households and individuals, 95% confidence intervals"},"downloads":[{"title":"2015","file":"/peoplepopulationandcommunity/householdcharacteristics/homeinternetandsocialmediausage/datasets/internetaccesshouseholdsandindividuals95confidenceintervals/ia95confidenceintervals2015_tcm77-413063.xls"}],"section":{"markdown":""},"correction":[],"relatedDatasets":[],"relatedDocuments":[{"uri":"/peoplepopulationandcommunity/householdcharacteristics/homeinternetandsocialmediausage/bulletins/internetaccesshouseholdsandindividuals/latest"}],"relatedMethodology":[],"type":"dataset","uri":"/peoplepopulationandcommunity/householdcharacteristics/homeinternetandsocialmediausage/datasets/internetaccesshouseholdsandindividuals95confidenceintervals","breadcrumb":[{"uri":"/"},{"uri":"/peoplepopulationandcommunity"},{"uri":"/peoplepopulationandcommunity/householdcharacteristics"},{"uri":"/peoplepopulationandcommunity/householdcharacteristics/homeinternetandsocialmediausage"}]}