{
  "years": [
    {
      "date": "1999",
      "value": "982",
      "year": "1999",
      "month": "",
      "quarter": "",
      "sourceDataset": "",
      "updateDate": "2015-07-09T00:48:25.406Z"
    },
    {
      "date": "2000",
      "value": "1001",
      "year": "2000",
      "month": "",
      "quarter": "",
      "sourceDataset": "",
      "updateDate": "2015-07-09T00:48:25.406Z"
    },
    {
      "date": "2001",
      "value": "1037",
      "year": "2001",
      "month": "",
      "quarter": "",
      "sourceDataset": "",
      "updateDate": "2015-07-09T00:48:25.406Z"
    },
    {
      "date": "2002",
      "value": "1088",
      "year": "2002",
      "month": "",
      "quarter": "",
      "sourceDataset": "",
      "updateDate": "2015-07-09T00:48:25.406Z"
    },
    {
      "date": "2003",
      "value": "1139",
      "year": "2003",
      "month": "",
      "quarter": "",
      "sourceDataset": "",
      "updateDate": "2015-07-09T00:48:25.406Z"
    },
    {
      "date": "2004",
      "value": "1192",
      "year": "2004",
      "month": "",
      "quarter": "",
      "sourceDataset": "",
      "updateDate": "2015-07-09T00:48:25.406Z"
    },
    {
      "date": "2005",
      "value": "1236",
      "year": "2005",
      "month": "",
      "quarter": "",
      "sourceDataset": "",
      "updateDate": "2015-07-09T00:48:25.406Z"
    },
    {
      "date": "2006",
      "value": "1238",
      "year": "2006",
      "month": "",
      "quarter": "",
      "sourceDataset": "",
      "updateDate": "2015-07-09T00:48:25.406Z"
    },
    {
      "date": "2007",
      "value": "1234",
      "year": "2007",
      "month": "",
      "quarter": "",
      "sourceDataset": "",
      "updateDate": "2015-07-09T00:48:25.406Z"
    },
    {
      "date": "2008",
      "value": "1259",
      "year": "2008",
      "month": "",
      "quarter": "",
      "sourceDataset": "",
      "updateDate": "2015-07-09T00:48:25.406Z"
    },
    {
      "date": "2009",
      "value": "1318",
      "year": "2009",
      "month": "",
      "quarter": "",
      "sourceDataset": "",
      "updateDate": "2015-07-09T00:48:25.406Z"
    },
    {
      "date": "2010",
      "value": "1350",
      "year": "2010",
      "month": "",
      "quarter": "",
      "sourceDataset": "",
      "updateDate": "2015-07-09T00:48:25.406Z"
    },
    {
      "date": "2011",
      "value": "1321",
      "year": "2011",
      "month": "",
      "quarter": "",
      "sourceDataset": "",
      "updateDate": "2015-07-09T00:48:25.406Z"
    },
    {
      "date": "2012",
      "value": "1315",
      "year": "2012",
      "month": "",
      "quarter": "",
      "sourceDataset": "",
      "updateDate": "2015-07-09T00:48:25.406Z"
    },
    {
      "date": "2013",
      "value": "1309",
      "year": "2013",
      "month": "",
      "quarter": "",
      "sourceDataset": "",
      "updateDate": "2015-07-09T00:48:25.406Z"
    },
    {
      "date": "2014",
      "value": "1337",
      "year": "2014",
      "month": "",
      "quarter": "",
      "sourceDataset": "",
      "updateDate": "2015-07-09T00:48:25.406Z"
    }
  ],
  "quarters": [
    {
      "date": "1999 Q1",
      "value": "978",
      "year": "1999",
      "month": "",
      "quarter": "Q1",
      "sourceDataset": "",
      "updateDate": "2015-07-09T00:48:25.406Z"
    },
    {
      "date": "1999 Q2",
      "value": "982",
      "year": "1999",
      "month": "",
      "quarter": "Q2",
      "sourceDataset": "",
      "updateDate": "2015-07-09T00:48:25.406Z"
    },
    {
      "date": "1999 Q3",
      "value": "990",
      "year": "1999",
      "month": "",
      "quarter": "Q3",
      "sourceDataset": "",
      "updateDate": "2015-07-09T00:48:25.406Z"
    },
    {
      "date": "1999 Q4",
      "value": "992",
      "year": "1999",
      "month": "",
      "quarter": "Q4",
      "sourceDataset": "",
      "updateDate": "2015-07-09T00:48:25.406Z"
    },
    {
      "date": "2000 Q1",
      "value": "996",
      "year": "2000",
      "month": "",
      "quarter": "Q1",
      "sourceDataset": "",
      "updateDate": "2015-07-09T00:48:25.406Z"
    },
    {
      "date": "2000 Q2",
      "value": "1001",
      "year": "2000",
      "month": "",
      "quarter": "Q2",
      "sourceDataset": "",
      "updateDate": "2015-07-09T00:48:25.406Z"
    },
    {
      "date": "2000 Q3",
      "value": "1010",
      "year": "2000",
      "month": "",
      "quarter": "Q3",
      "sourceDataset": "",
      "updateDate": "2015-07-09T00:48:25.406Z"
    },
    {
      "date": "2000 Q4",
      "value": "1017",
      "year": "2000",
      "month": "",
      "quarter": "Q4",
      "sourceDataset": "",
      "updateDate": "2015-07-09T00:48:25.406Z"
    },
    {
      "date": "2001 Q1",
      "value": "1026",
      "year": "2001",
      "month": "",
      "quarter": "Q1",
      "sourceDataset": "",
      "updateDate": "2015-07-09T00:48:25.406Z"
    },
    {
      "date": "2001 Q2",
      "value": "1037",
      "year": "2001",
      "month": "",
      "quarter": "Q2",
      "sourceDataset": "",
      "updateDate": "2015-07-09T00:48:25.406Z"
    },
    {
      "date": "2001 Q3",
      "value": "1051",
      "year": "2001",
      "month": "",
      "quarter": "Q3",
      "sourceDataset": "",
      "updateDate": "2015-07-09T00:48:25.406Z"
    },
    {
      "date": "2001 Q4",
      "value": "1062",
      "year": "2001",
      "month": "",
      "quarter": "Q4",
      "sourceDataset": "",
      "updateDate": "2015-07-09T00:48:25.406Z"
    },
    {
      "date": "2002 Q1",
      "value": "1075",
      "year": "2002",
      "month": "",
      "quarter": "Q1",
      "sourceDataset": "",
      "updateDate": "2015-07-09T00:48:25.406Z"
    },
    {
      "date": "2002 Q2",
      "value": "1088",
      "year": "2002",
      "month": "",
      "quarter": "Q2",
      "sourceDataset": "",
      "updateDate": "2015-07-09T00:48:25.406Z"
    },
    {
      "date": "2002 Q3",
      "value": "1104",
      "year": "2002",
      "month": "",
      "quarter": "Q3",
      "sourceDataset": "",
      "updateDate": "2015-07-09T00:48:25.406Z"
    },
    {
      "date": "2002 Q4",
      "value": "1116",
      "year": "2002",
      "month": "",
      "quarter": "Q4",
      "sourceDataset": "",
      "updateDate": "2015-07-09T00:48:25.406Z"
    },
    {
      "date": "2003 Q1",
      "value": "1128",
      "year": "2003",
      "month": "",
      "quarter": "Q1",
      "sourceDataset": "",
      "updateDate": "2015-07-09T00:48:25.406Z"
    },
    {
      "date": "2003 Q2",
      "value": "1139",
      "year": "2003",
      "month": "",
      "quarter": "Q2",
      "sourceDataset": "",
      "updateDate": "2015-07-09T00:48:25.406Z"
    },
    {
      "date": "2003 Q3",
      "value": "1159",
      "year": "2003",
      "month": "",
      "quarter": "Q3",
      "sourceDataset": "",
      "updateDate": "2015-07-09T00:48:25.406Z"
    },
    {
      "date": "2003 Q4",
      "value": "1167",
      "year": "2003",
      "month": "",
      "quarter": "Q4",
      "sourceDataset": "",
      "updateDate": "2015-07-09T00:48:25.406Z"
    },
    {
      "date": "2004 Q1",
      "value": "1188",
      "year": "2004",
      "month": "",
      "quarter": "Q1",
      "sourceDataset": "",
      "updateDate": "2015-07-09T00:48:25.406Z"
    },
    {
      "date": "2004 Q2",
      "value": "1192",
      "year": "2004",
      "month": "",
      "quarter": "Q2",
      "sourceDataset": "",
      "updateDate": "2015-07-09T00:48:25.406Z"
    },
    {
      "date": "2004 Q3",
      "value": "1207",
      "year": "2004",
      "month": "",
      "quarter": "Q3",
      "sourceDataset": "",
      "updateDate": "2015-07-09T00:48:25.406Z"
    },
    {
      "date": "2004 Q4",
      "value": "1214",
      "year": "2004",
      "month": "",
      "quarter": "Q4",
      "sourceDataset": "",
      "updateDate": "2015-07-09T00:48:25.406Z"
    },
    {
      "date": "2005 Q1",
      "value": "1225",
      "year": "2005",
      "month": "",
      "quarter": "Q1",
      "sourceDataset": "",
      "updateDate": "2015-07-09T00:48:25.406Z"
    },
    {
      "date": "2005 Q2",
      "value": "1236",
      "year": "2005",
      "month": "",
      "quarter": "Q2",
      "sourceDataset": "",
      "updateDate": "2015-07-09T00:48:25.406Z"
    },
    {
      "date": "2005 Q3",
      "value": "1244",
      "year": "2005",
      "month": "",
      "quarter": "Q3",
      "sourceDataset": "",
      "updateDate": "2015-07-09T00:48:25.406Z"
    },
    {
      "date": "2005 Q4",
      "value": "1245",
      "year": "2005",
      "month": "",
      "quarter": "Q4",
      "sourceDataset": "",
      "updateDate": "2015-07-09T00:48:25.406Z"
    },
    {
      "date": "2006 Q1",
      "value": "1239",
      "year": "2006",
      "month": "",
      "quarter": "Q1",
      "sourceDataset": "",
      "updateDate": "2015-07-09T00:48:25.406Z"
    },
    {
      "date": "2006 Q2",
      "value": "1238",
      "year": "2006",
      "month": "",
      "quarter": "Q2",
      "sourceDataset": "",
      "updateDate": "2015-07-09T00:48:25.406Z"
    },
    {
      "date": "2006 Q3",
      "value": "1237",
      "year": "2006",
      "month": "",
      "quarter": "Q3",
      "sourceDataset": "",
      "updateDate": "2015-07-09T00:48:25.406Z"
    },
    {
      "date": "2006 Q4",
      "value": "1237",
      "year": "2006",
      "month": "",
      "quarter": "Q4",
      "sourceDataset": "",
      "updateDate": "2015-07-09T00:48:25.406Z"
    },
    {
      "date": "2007 Q1",
      "value": "1239",
      "year": "2007",
      "month": "",
      "quarter": "Q1",
      "sourceDataset": "",
      "updateDate": "2015-07-09T00:48:25.406Z"
    },
    {
      "date": "2007 Q2",
      "value": "1234",
      "year": "2007",
      "month": "",
      "quarter": "Q2",
      "sourceDataset": "",
      "updateDate": "2015-07-09T00:48:25.406Z"
    },
    {
      "date": "2007 Q3",
      "value": "1238",
      "year": "2007",
      "month": "",
      "quarter": "Q3",
      "sourceDataset": "",
      "updateDate": "2015-07-09T00:48:25.406Z"
    },
    {
      "date": "2007 Q4",
      "value": "1241",
      "year": "2007",
      "month": "",
      "quarter": "Q4",
      "sourceDataset": "",
      "updateDate": "2015-07-09T00:48:25.406Z"
    },
    {
      "date": "2008 Q1",
      "value": "1242",
      "year": "2008",
      "month": "",
      "quarter": "Q1",
      "sourceDataset": "",
      "updateDate": "2015-07-09T00:48:25.406Z"
    },
    {
      "date": "2008 Q2",
      "value": "1259",
      "year": "2008",
      "month": "",
      "quarter": "Q2",
      "sourceDataset": "",
      "updateDate": "2015-07-09T00:48:25.406Z"
    },
    {
      "date": "2008 Q3",
      "value": "1278",
      "year": "2008",
      "month": "",
      "quarter": "Q3",
      "sourceDataset": "",
      "updateDate": "2015-07-09T00:48:25.406Z"
    },
    {
      "date": "2008 Q4",
      "value": "1295",
      "year": "2008",
      "month": "",
      "quarter": "Q4",
      "sourceDataset": "",
      "updateDate": "2015-07-09T00:48:25.406Z"
    },
    {
      "date": "2009 Q1",
      "value": "1308",
      "year": "2009",
      "month": "",
      "quarter": "Q1",
      "sourceDataset": "",
      "updateDate": "2015-07-09T00:48:25.406Z"
    },
    {
      "date": "2009 Q2",
      "value": "1318",
      "year": "2009",
      "month": "",
      "quarter": "Q2",
      "sourceDataset": "",
      "updateDate": "2015-07-09T00:48:25.406Z"
    },
    {
      "date": "2009 Q3",
      "value": "1333",
      "year": "2009",
      "month": "",
      "quarter": "Q3",
      "sourceDataset": "",
      "updateDate": "2015-07-09T00:48:25.406Z"
    },
    {
      "date": "2009 Q4",
      "value": "1353",
      "year": "2009",
      "month": "",
      "quarter": "Q4",
      "sourceDataset": "",
      "updateDate": "2015-07-09T00:48:25.406Z"
    },
    {
      "date": "2010 Q1",
      "value": "1357",
      "year": "2010",
      "month": "",
      "quarter": "Q1",
      "sourceDataset": "",
      "updateDate": "2015-07-09T00:48:25.406Z"
    },
    {
      "date": "2010 Q2",
      "value": "1350",
      "year": "2010",
      "month": "",
      "quarter": "Q2",
      "sourceDataset": "",
      "updateDate": "2015-07-09T00:48:25.406Z"
    },
    {
      "date": "2010 Q3",
      "value": "1340",
      "year": "2010",
      "month": "",
      "quarter": "Q3",
      "sourceDataset": "",
      "updateDate": "2015-07-09T00:48:25.406Z"
    },
    {
      "date": "2010 Q4",
      "value": "1344",
      "year": "2010",
      "month": "",
      "quarter": "Q4",
      "sourceDataset": "",
      "updateDate": "2015-07-09T00:48:25.406Z"
    },
    {
      "date": "2011 Q1",
      "value": "1337",
      "year": "2011",
      "month": "",
      "quarter": "Q1",
      "sourceDataset": "",
      "updateDate": "2015-07-09T00:48:25.406Z"
    },
    {
      "date": "2011 Q2",
      "value": "1321",
      "year": "2011",
      "month": "",
      "quarter": "Q2",
      "sourceDataset": "",
      "updateDate": "2015-07-09T00:48:25.406Z"
    },
    {
      "date": "2011 Q3",
      "value": "1315",
      "year": "2011",
      "month": "",
      "quarter": "Q3",
      "sourceDataset": "",
      "updateDate": "2015-07-09T00:48:25.406Z"
    },
    {
      "date": "2011 Q4",
      "value": "1320",
      "year": "2011",
      "month": "",
      "quarter": "Q4",
      "sourceDataset": "",
      "updateDate": "2015-07-09T00:48:25.406Z"
    },
    {
      "date": "2012 Q1",
      "value": "1320",
      "year": "2012",
      "month": "",
      "quarter": "Q1",
      "sourceDataset": "",
      "updateDate": "2015-07-09T00:48:25.406Z"
    },
    {
      "date": "2012 Q2",
      "value": "1315",
      "year": "2012",
      "month": "",
      "quarter": "Q2",
      "sourceDataset": "",
      "updateDate": "2015-07-09T00:48:25.406Z"
    },
    {
      "date": "2012 Q3",
      "value": "1314",
      "year": "2012",
      "month": "",
      "quarter": "Q3",
      "sourceDataset": "",
      "updateDate": "2015-07-09T00:48:25.406Z"
    },
    {
      "date": "2012 Q4",
      "value": "1323",
      "year": "2012",
      "month": "",
      "quarter": "Q4",
      "sourceDataset": "",
      "updateDate": "2015-07-09T00:48:25.406Z"
    },
    {
      "date": "2013 Q1",
      "value": "1328",
      "year": "2013",
      "month": "",
      "quarter": "Q1",
      "sourceDataset": "",
      "updateDate": "2015-07-09T00:48:25.406Z"
    },
    {
      "date": "2013 Q2",
      "value": "1309",
      "year": "2013",
      "month": "",
      "quarter": "Q2",
      "sourceDataset": "",
      "updateDate": "2015-07-09T00:48:25.406Z"
    },
    {
      "date": "2013 Q3",
      "value": "1320",
      "year": "2013",
      "month": "",
      "quarter": "Q3",
      "sourceDataset": "",
      "updateDate": "2015-07-09T00:48:25.406Z"
    },
    {
      "date": "2013 Q4",
      "value": "1332",
      "year": "2013",
      "month": "",
      "quarter": "Q4",
      "sourceDataset": "",
      "updateDate": "2015-07-09T00:48:25.406Z"
    },
    {
      "date": "2014 Q1",
      "value": "1342",
      "year": "2014",
      "month": "",
      "quarter": "Q1",
      "sourceDataset": "",
      "updateDate": "2015-07-09T00:48:25.406Z"
    },
    {
      "date": "2014 Q2",
      "value": "1337",
      "year": "2014",
      "month": "",
      "quarter": "Q2",
      "sourceDataset": "",
      "updateDate": "2015-07-09T00:48:25.406Z"
    },
    {
      "date": "2014 Q3",
      "value": "1339",
      "year": "2014",
      "month": "",
      "quarter": "Q3",
      "sourceDataset": "",
      "updateDate": "2015-07-09T00:48:25.406Z"
    },
    {
      "date": "2014 Q4",
      "value": "1352",
      "year": "2014",
      "month": "",
      "quarter": "Q4",
      "sourceDataset": "",
      "updateDate": "2015-07-09T00:48:25.406Z"
    },
    {
      "date": "2015 Q1",
      "value": "1356",
      "year": "2015",
      "month": "",
      "quarter": "Q1",
      "sourceDataset": "",
      "updateDate": "2015-07-09T00:48:25.406Z"
    }
  ],
  "months": [],
  "sourceDatasets": [
    ""
  ],
  "type": "timeseries",
  "uri": "/employmentandlabourmarket/publicsectorpersonnel/timeseries/g7gl",
  "breadcrumb": [
    {
      "uri": "/"
    },
    {
      "uri": "/employmentandlabourmarket"
    },
    {
      "uri": "/employmentandlabourmarket/publicsectorpersonnel"
    }
  ],
  "description": {
    "title": "Public Sector Employment by Industry; NHS; UK; FTE; SA; Thousands       ",
    "nationalStatistic": false,
    "latestRelease": false,
    "releaseDate": "2015-06-16T23:00:00.000Z",
    "nextRelease": "16 Sept 2015",
    "cdid": "G7GL",
    "unit": "",
    "preUnit": "",
    "source": "Office for National Statistics",
    "seasonalAdjustment": "NSA",
    "number": "1356",
    "sampleSize": 0
  }
}