{"type":"chart","title":"Figure 4: Internet activities by age, 2014","filename":"34c604c1","uri":"/peoplepopulationandcommunity/householdcharacteristics/homeinternetandsocialmediausage/bulletins/internetaccesshouseholdsandindividuals/2014-08-07/34c604c1","subtitle":"","unit":"%","source":"Office for National Statistics","legend":"top-right","hideLegend":false,"notes":"","altText":"Figure 4: Internet activities by age, 2014","data":[{"":"Reading or downloading online news newspapers or magazines","16-24":"65","25-34":"73","35-44":"69","45-54":"60","55-64":"48","65+":"24"},{"":"Social networking eg Facebook or Twitter","16-24":"91","25-34":"80","35-44":"68","45-54":"54","55-64":"37","65+":"13"},{"":"Using services related to travel or travel accommodation","16-24":"38","25-34":"53","35-44":"52","45-54":"54","55-64":"44","65+":"22"},{"":"Internet banking","16-24":"56","25-34":"71","35-44":"66","45-54":"62","55-64":"47","65+":"23"},{"":"Selling goods or services over the Internet","16-24":"24","25-34":"36","35-44":"35","45-54":"26","55-64":"15","65+":"8"},{"":"Making an appointment with a doctor or other health practitioner","16-24":"8","25-34":"8","35-44":"11","45-54":"13","55-64":"15","65+":"5"}],"headers":["","16-24","25-34","35-44","45-54","55-64","65+"],"series":["16-24","25-34","35-44","45-54","55-64","65+"],"categories":["Reading or downloading online news newspapers or magazines","Social networking eg Facebook or Twitter","Using services related to travel or travel accommodation","Internet banking","Selling goods or services over the Internet","Making an appointment with a doctor or other health practitioner"],"aspectRatio":"0.75","chartType":"rotated","files":[{"type":"download-png","filename":"34c604c1-download.png"},{"type":"png","filename":"34c604c1.png"}],"decimalPlaces":"","labelInterval":""}