{"type":"chart","title":"Figure 3: Internet activities, 2007 and 2014","filename":"48bdac6f","uri":"/peoplepopulationandcommunity/householdcharacteristics/homeinternetandsocialmediausage/bulletins/internetaccesshouseholdsandindividuals/2014-08-07/48bdac6f","subtitle":"","unit":"%","source":"Source: Office for National Statistics","legend":"top-left","hideLegend":false,"notes":"","altText":"Figure 3: Internet activities, 2007 and 2014","data":[{"2007":"24","2014":"44","":"Playing or downloading  games images films or music"},{"2007":"30","2014":"53","":"Internet banking"},{"2007":"42","2014":"43","":"Using services related to travel or travel accommodation"},{"2007":"20","2014":"55","":"Reading or downloading online news newspapers or magazines"},{"2007":"58","2014":"73","":"Finding information about goods and services"},{"2007":"57","2014":"75","":"Sending/receiving emails"}],"headers":["","2014","2007"],"series":["2014","2007"],"categories":["Playing or downloading  games images films or music","Internet banking","Using services related to travel or travel accommodation","Reading or downloading online news newspapers or magazines","Finding information about goods and services","Sending/receiving emails"],"aspectRatio":"0.75","chartType":"rotated","files":[{"type":"download-png","filename":"48bdac6f-download.png"},{"type":"png","filename":"48bdac6f.png"}],"isTimeSeries":true,"timeSeries":[{"":"2014","Playing or downloading  games, images, films or music":"44","Internet banking":"53","Using services related to travel or travel accommodation":"43","Reading or downloading online news, newspapers or magazines":"55","Finding information about goods and services":"73","Sending/receiving emails":"75","date":"2014-01-01T00:00:00.000Z","label":"2014"},{"":"2007","Playing or downloading  games, images, films or music":"24","Internet banking":"30","Using services related to travel or travel accommodation":"42","Reading or downloading online news, newspapers or magazines":"20","Finding information about goods and services":"58","Sending/receiving emails":"57","date":"2007-01-01T00:00:00.000Z","label":"2007"}],"decimalPlaces":"","labelInterval":""}