{"type":"chart","title":"Figure 6: Households with Internet access, 1998 to 2014","filename":"4df90ad0","uri":"/peoplepopulationandcommunity/householdcharacteristics/homeinternetandsocialmediausage/bulletins/internetaccesshouseholdsandindividuals/2014-08-07/4df90ad0","subtitle":"","unit":"%","source":"Office for National Statistics","legend":"false","hideLegend":true,"notes":"1. UK estimates from 1998 to 2004, Great Britian estimates from 2005 to 2014.","altText":"Figure 6: Households with Internet access, 1998 to 2014","data":[{"Year":"1998","%":"9","date":"1998-01-01T00:00:00.000Z","label":"1998"},{"Year":"1999","%":"13","date":"1999-01-01T00:00:00.000Z","label":"1999"},{"Year":"2000","%":"25","date":"2000-01-01T00:00:00.000Z","label":"2000"},{"Year":"2001","%":"36","date":"2001-01-01T00:00:00.000Z","label":"2001"},{"Year":"2002","%":"42","date":"2002-01-01T00:00:00.000Z","label":"2002"},{"Year":"2003","%":"46","date":"2003-01-01T00:00:00.000Z","label":"2003"},{"Year":"2004","%":"49","date":"2004-01-01T00:00:00.000Z","label":"2004"},{"Year":"2005","%":"55","date":"2005-01-01T00:00:00.000Z","label":"2005"},{"Year":"2006","%":"57","date":"2006-01-01T00:00:00.000Z","label":"2006"},{"Year":"2007","%":"61","date":"2007-01-01T00:00:00.000Z","label":"2007"},{"Year":"2008","%":"65","date":"2008-01-01T00:00:00.000Z","label":"2008"},{"Year":"2009","%":"70","date":"2009-01-01T00:00:00.000Z","label":"2009"},{"Year":"2010","%":"73","date":"2010-01-01T00:00:00.000Z","label":"2010"},{"Year":"2011","%":"77","date":"2011-01-01T00:00:00.000Z","label":"2011"},{"Year":"2012","%":"80","date":"2012-01-01T00:00:00.000Z","label":"2012"},{"Year":"2013","%":"83","date":"2013-01-01T00:00:00.000Z","label":"2013"},{"Year":"2014","%":"84","date":"2014-01-01T00:00:00.000Z","label":"2014"}],"headers":["Year","%"],"series":["%"],"categories":["1998","1999","2000","2001","2002","2003","2004","2005","2006","2007","2008","2009","2010","2011","2012","2013","2014"],"aspectRatio":"0.56","chartType":"line","files":[{"type":"download-png","filename":"4df90ad0-download.png"},{"type":"png","filename":"4df90ad0.png"}],"isTimeSeries":true,"timeSeries":[{"Year":"1998","%":"9","date":"1998-01-01T00:00:00.000Z","label":"1998"},{"Year":"1999","%":"13","date":"1999-01-01T00:00:00.000Z","label":"1999"},{"Year":"2000","%":"25","date":"2000-01-01T00:00:00.000Z","label":"2000"},{"Year":"2001","%":"36","date":"2001-01-01T00:00:00.000Z","label":"2001"},{"Year":"2002","%":"42","date":"2002-01-01T00:00:00.000Z","label":"2002"},{"Year":"2003","%":"46","date":"2003-01-01T00:00:00.000Z","label":"2003"},{"Year":"2004","%":"49","date":"2004-01-01T00:00:00.000Z","label":"2004"},{"Year":"2005","%":"55","date":"2005-01-01T00:00:00.000Z","label":"2005"},{"Year":"2006","%":"57","date":"2006-01-01T00:00:00.000Z","label":"2006"},{"Year":"2007","%":"61","date":"2007-01-01T00:00:00.000Z","label":"2007"},{"Year":"2008","%":"65","date":"2008-01-01T00:00:00.000Z","label":"2008"},{"Year":"2009","%":"70","date":"2009-01-01T00:00:00.000Z","label":"2009"},{"Year":"2010","%":"73","date":"2010-01-01T00:00:00.000Z","label":"2010"},{"Year":"2011","%":"77","date":"2011-01-01T00:00:00.000Z","label":"2011"},{"Year":"2012","%":"80","date":"2012-01-01T00:00:00.000Z","label":"2012"},{"Year":"2013","%":"83","date":"2013-01-01T00:00:00.000Z","label":"2013"},{"Year":"2014","%":"84","date":"2014-01-01T00:00:00.000Z","label":"2014"}],"decimalPlaces":"","labelInterval":""}