{"type":"chart","title":"Figure 2: Daily Internet use, 2006 to 2014","filename":"93b32cbe","uri":"/peoplepopulationandcommunity/householdcharacteristics/homeinternetandsocialmediausage/bulletins/internetaccesshouseholdsandindividuals/2014-08-07/93b32cbe","subtitle":"","unit":"Millions","source":"Office for National Statistics","legend":"false","hideLegend":true,"notes":"","altText":"Figure 2: Daily Internet use, 2006 to 2014","data":[{"":"2006","Daily Internet use":"16.2","date":"2006-01-01T00:00:00.000Z","label":"2006"},{"":"2007","Daily Internet use":"20.7","date":"2007-01-01T00:00:00.000Z","label":"2007"},{"":"2008","Daily Internet use":"23","date":"2008-01-01T00:00:00.000Z","label":"2008"},{"":"2009","Daily Internet use":"26.6","date":"2009-01-01T00:00:00.000Z","label":"2009"},{"":"2010","Daily Internet use":"29.2","date":"2010-01-01T00:00:00.000Z","label":"2010"},{"":"2011","Daily Internet use":"31.4","date":"2011-01-01T00:00:00.000Z","label":"2011"},{"":"2012","Daily Internet use":"33.2","date":"2012-01-01T00:00:00.000Z","label":"2012"},{"":"2013","Daily Internet use":"35.7","date":"2013-01-01T00:00:00.000Z","label":"2013"},{"":"2014","Daily Internet use":"37.6","date":"2014-01-01T00:00:00.000Z","label":"2014"}],"headers":["","Daily Internet use"],"series":["Daily Internet use"],"categories":["2006","2007","2008","2009","2010","2011","2012","2013","2014"],"aspectRatio":"0.56","chartType":"bar","files":[{"type":"download-png","filename":"93b32cbe-download.png"},{"type":"png","filename":"93b32cbe.png"}],"isTimeSeries":true,"timeSeries":[{"":"2006","Daily Internet use":"16.2","date":"2006-01-01T00:00:00.000Z","label":"2006"},{"":"2007","Daily Internet use":"20.7","date":"2007-01-01T00:00:00.000Z","label":"2007"},{"":"2008","Daily Internet use":"23","date":"2008-01-01T00:00:00.000Z","label":"2008"},{"":"2009","Daily Internet use":"26.6","date":"2009-01-01T00:00:00.000Z","label":"2009"},{"":"2010","Daily Internet use":"29.2","date":"2010-01-01T00:00:00.000Z","label":"2010"},{"":"2011","Daily Internet use":"31.4","date":"2011-01-01T00:00:00.000Z","label":"2011"},{"":"2012","Daily Internet use":"33.2","date":"2012-01-01T00:00:00.000Z","label":"2012"},{"":"2013","Daily Internet use":"35.7","date":"2013-01-01T00:00:00.000Z","label":"2013"},{"":"2014","Daily Internet use":"37.6","date":"2014-01-01T00:00:00.000Z","label":"2014"}],"decimalPlaces":"","labelInterval":""}