{"type":"chart","title":"Figure 1: Daily computer use by age group, 2006 and 2014","filename":"e2c561d0","uri":"/peoplepopulationandcommunity/householdcharacteristics/homeinternetandsocialmediausage/bulletins/internetaccesshouseholdsandindividuals/2014-08-07/e2c561d0","subtitle":"","unit":"%","source":"Office for National Statistics","legend":"false","hideLegend":true,"notes":"","altText":"Figure 1: Daily computer use by age group, 2006 and 2014","data":[{"2006":"63","2014":"79","":"16-24"},{"2006":"61","2014":"86","":"25-34"},{"2006":"63","2014":"86","":"35-44"},{"2006":"56","2014":"83","":"45-54"},{"2006":"36","2014":"74","":"55-64"},{"2006":"9","2014":"42","":"65+"},{"2006":"45","2014":"73","":"All"}],"headers":["","2006","2014"],"series":["2006","2014"],"categories":["16-24","25-34","35-44","45-54","55-64","65+","All"],"aspectRatio":"0.56","chartType":"bar","files":[{"type":"download-png","filename":"e2c561d0-download.png"},{"type":"png","filename":"e2c561d0.png"}]}