{
  "years": [
    {
      "date": "1999",
      "value": "1984",
      "year": "1999",
      "month": "",
      "quarter": "",
      "sourceDataset": "",
      "updateDate": "2015-07-09T00:48:25.481Z"
    },
    {
      "date": "2000",
      "value": "2013",
      "year": "2000",
      "month": "",
      "quarter": "",
      "sourceDataset": "",
      "updateDate": "2015-07-09T00:48:25.481Z"
    },
    {
      "date": "2001",
      "value": "2076",
      "year": "2001",
      "month": "",
      "quarter": "",
      "sourceDataset": "",
      "updateDate": "2015-07-09T00:48:25.481Z"
    },
    {
      "date": "2002",
      "value": "2151",
      "year": "2002",
      "month": "",
      "quarter": "",
      "sourceDataset": "",
      "updateDate": "2015-07-09T00:48:25.481Z"
    },
    {
      "date": "2003",
      "value": "2239",
      "year": "2003",
      "month": "",
      "quarter": "",
      "sourceDataset": "",
      "updateDate": "2015-07-09T00:48:25.481Z"
    },
    {
      "date": "2004",
      "value": "2321",
      "year": "2004",
      "month": "",
      "quarter": "",
      "sourceDataset": "",
      "updateDate": "2015-07-09T00:48:25.481Z"
    },
    {
      "date": "2005",
      "value": "2367",
      "year": "2005",
      "month": "",
      "quarter": "",
      "sourceDataset": "",
      "updateDate": "2015-07-09T00:48:25.481Z"
    },
    {
      "date": "2006",
      "value": "2351",
      "year": "2006",
      "month": "",
      "quarter": "",
      "sourceDataset": "",
      "updateDate": "2015-07-09T00:48:25.481Z"
    },
    {
      "date": "2007",
      "value": "2340",
      "year": "2007",
      "month": "",
      "quarter": "",
      "sourceDataset": "",
      "updateDate": "2015-07-09T00:48:25.481Z"
    },
    {
      "date": "2008",
      "value": "2352",
      "year": "2008",
      "month": "",
      "quarter": "",
      "sourceDataset": "",
      "updateDate": "2015-07-09T00:48:25.481Z"
    },
    {
      "date": "2009",
      "value": "2447",
      "year": "2009",
      "month": "",
      "quarter": "",
      "sourceDataset": "",
      "updateDate": "2015-07-09T00:48:25.481Z"
    },
    {
      "date": "2010",
      "value": "2470",
      "year": "2010",
      "month": "",
      "quarter": "",
      "sourceDataset": "",
      "updateDate": "2015-07-09T00:48:25.481Z"
    },
    {
      "date": "2011",
      "value": "2438",
      "year": "2011",
      "month": "",
      "quarter": "",
      "sourceDataset": "",
      "updateDate": "2015-07-09T00:48:25.481Z"
    },
    {
      "date": "2012",
      "value": "2369",
      "year": "2012",
      "month": "",
      "quarter": "",
      "sourceDataset": "",
      "updateDate": "2015-07-09T00:48:25.481Z"
    },
    {
      "date": "2013",
      "value": "2444",
      "year": "2013",
      "month": "",
      "quarter": "",
      "sourceDataset": "",
      "updateDate": "2015-07-09T00:48:25.481Z"
    },
    {
      "date": "2014",
      "value": "2490",
      "year": "2014",
      "month": "",
      "quarter": "",
      "sourceDataset": "",
      "updateDate": "2015-07-09T00:48:25.481Z"
    }
  ],
  "quarters": [
    {
      "date": "1999 Q1",
      "value": "1980",
      "year": "1999",
      "month": "",
      "quarter": "Q1",
      "sourceDataset": "",
      "updateDate": "2015-07-09T00:48:25.481Z"
    },
    {
      "date": "1999 Q2",
      "value": "1984",
      "year": "1999",
      "month": "",
      "quarter": "Q2",
      "sourceDataset": "",
      "updateDate": "2015-07-09T00:48:25.481Z"
    },
    {
      "date": "1999 Q3",
      "value": "1993",
      "year": "1999",
      "month": "",
      "quarter": "Q3",
      "sourceDataset": "",
      "updateDate": "2015-07-09T00:48:25.481Z"
    },
    {
      "date": "1999 Q4",
      "value": "2000",
      "year": "1999",
      "month": "",
      "quarter": "Q4",
      "sourceDataset": "",
      "updateDate": "2015-07-09T00:48:25.481Z"
    },
    {
      "date": "2000 Q1",
      "value": "2005",
      "year": "2000",
      "month": "",
      "quarter": "Q1",
      "sourceDataset": "",
      "updateDate": "2015-07-09T00:48:25.481Z"
    },
    {
      "date": "2000 Q2",
      "value": "2013",
      "year": "2000",
      "month": "",
      "quarter": "Q2",
      "sourceDataset": "",
      "updateDate": "2015-07-09T00:48:25.481Z"
    },
    {
      "date": "2000 Q3",
      "value": "2023",
      "year": "2000",
      "month": "",
      "quarter": "Q3",
      "sourceDataset": "",
      "updateDate": "2015-07-09T00:48:25.481Z"
    },
    {
      "date": "2000 Q4",
      "value": "2034",
      "year": "2000",
      "month": "",
      "quarter": "Q4",
      "sourceDataset": "",
      "updateDate": "2015-07-09T00:48:25.481Z"
    },
    {
      "date": "2001 Q1",
      "value": "2058",
      "year": "2001",
      "month": "",
      "quarter": "Q1",
      "sourceDataset": "",
      "updateDate": "2015-07-09T00:48:25.481Z"
    },
    {
      "date": "2001 Q2",
      "value": "2076",
      "year": "2001",
      "month": "",
      "quarter": "Q2",
      "sourceDataset": "",
      "updateDate": "2015-07-09T00:48:25.481Z"
    },
    {
      "date": "2001 Q3",
      "value": "2090",
      "year": "2001",
      "month": "",
      "quarter": "Q3",
      "sourceDataset": "",
      "updateDate": "2015-07-09T00:48:25.481Z"
    },
    {
      "date": "2001 Q4",
      "value": "2109",
      "year": "2001",
      "month": "",
      "quarter": "Q4",
      "sourceDataset": "",
      "updateDate": "2015-07-09T00:48:25.481Z"
    },
    {
      "date": "2002 Q1",
      "value": "2130",
      "year": "2002",
      "month": "",
      "quarter": "Q1",
      "sourceDataset": "",
      "updateDate": "2015-07-09T00:48:25.481Z"
    },
    {
      "date": "2002 Q2",
      "value": "2151",
      "year": "2002",
      "month": "",
      "quarter": "Q2",
      "sourceDataset": "",
      "updateDate": "2015-07-09T00:48:25.481Z"
    },
    {
      "date": "2002 Q3",
      "value": "2172",
      "year": "2002",
      "month": "",
      "quarter": "Q3",
      "sourceDataset": "",
      "updateDate": "2015-07-09T00:48:25.481Z"
    },
    {
      "date": "2002 Q4",
      "value": "2195",
      "year": "2002",
      "month": "",
      "quarter": "Q4",
      "sourceDataset": "",
      "updateDate": "2015-07-09T00:48:25.481Z"
    },
    {
      "date": "2003 Q1",
      "value": "2219",
      "year": "2003",
      "month": "",
      "quarter": "Q1",
      "sourceDataset": "",
      "updateDate": "2015-07-09T00:48:25.481Z"
    },
    {
      "date": "2003 Q2",
      "value": "2239",
      "year": "2003",
      "month": "",
      "quarter": "Q2",
      "sourceDataset": "",
      "updateDate": "2015-07-09T00:48:25.481Z"
    },
    {
      "date": "2003 Q3",
      "value": "2260",
      "year": "2003",
      "month": "",
      "quarter": "Q3",
      "sourceDataset": "",
      "updateDate": "2015-07-09T00:48:25.481Z"
    },
    {
      "date": "2003 Q4",
      "value": "2275",
      "year": "2003",
      "month": "",
      "quarter": "Q4",
      "sourceDataset": "",
      "updateDate": "2015-07-09T00:48:25.481Z"
    },
    {
      "date": "2004 Q1",
      "value": "2304",
      "year": "2004",
      "month": "",
      "quarter": "Q1",
      "sourceDataset": "",
      "updateDate": "2015-07-09T00:48:25.481Z"
    },
    {
      "date": "2004 Q2",
      "value": "2321",
      "year": "2004",
      "month": "",
      "quarter": "Q2",
      "sourceDataset": "",
      "updateDate": "2015-07-09T00:48:25.481Z"
    },
    {
      "date": "2004 Q3",
      "value": "2335",
      "year": "2004",
      "month": "",
      "quarter": "Q3",
      "sourceDataset": "",
      "updateDate": "2015-07-09T00:48:25.481Z"
    },
    {
      "date": "2004 Q4",
      "value": "2339",
      "year": "2004",
      "month": "",
      "quarter": "Q4",
      "sourceDataset": "",
      "updateDate": "2015-07-09T00:48:25.481Z"
    },
    {
      "date": "2005 Q1",
      "value": "2347",
      "year": "2005",
      "month": "",
      "quarter": "Q1",
      "sourceDataset": "",
      "updateDate": "2015-07-09T00:48:25.481Z"
    },
    {
      "date": "2005 Q2",
      "value": "2367",
      "year": "2005",
      "month": "",
      "quarter": "Q2",
      "sourceDataset": "",
      "updateDate": "2015-07-09T00:48:25.481Z"
    },
    {
      "date": "2005 Q3",
      "value": "2367",
      "year": "2005",
      "month": "",
      "quarter": "Q3",
      "sourceDataset": "",
      "updateDate": "2015-07-09T00:48:25.481Z"
    },
    {
      "date": "2005 Q4",
      "value": "2367",
      "year": "2005",
      "month": "",
      "quarter": "Q4",
      "sourceDataset": "",
      "updateDate": "2015-07-09T00:48:25.481Z"
    },
    {
      "date": "2006 Q1",
      "value": "2356",
      "year": "2006",
      "month": "",
      "quarter": "Q1",
      "sourceDataset": "",
      "updateDate": "2015-07-09T00:48:25.481Z"
    },
    {
      "date": "2006 Q2",
      "value": "2351",
      "year": "2006",
      "month": "",
      "quarter": "Q2",
      "sourceDataset": "",
      "updateDate": "2015-07-09T00:48:25.481Z"
    },
    {
      "date": "2006 Q3",
      "value": "2345",
      "year": "2006",
      "month": "",
      "quarter": "Q3",
      "sourceDataset": "",
      "updateDate": "2015-07-09T00:48:25.481Z"
    },
    {
      "date": "2006 Q4",
      "value": "2359",
      "year": "2006",
      "month": "",
      "quarter": "Q4",
      "sourceDataset": "",
      "updateDate": "2015-07-09T00:48:25.481Z"
    },
    {
      "date": "2007 Q1",
      "value": "2353",
      "year": "2007",
      "month": "",
      "quarter": "Q1",
      "sourceDataset": "",
      "updateDate": "2015-07-09T00:48:25.481Z"
    },
    {
      "date": "2007 Q2",
      "value": "2340",
      "year": "2007",
      "month": "",
      "quarter": "Q2",
      "sourceDataset": "",
      "updateDate": "2015-07-09T00:48:25.481Z"
    },
    {
      "date": "2007 Q3",
      "value": "2342",
      "year": "2007",
      "month": "",
      "quarter": "Q3",
      "sourceDataset": "",
      "updateDate": "2015-07-09T00:48:25.481Z"
    },
    {
      "date": "2007 Q4",
      "value": "2341",
      "year": "2007",
      "month": "",
      "quarter": "Q4",
      "sourceDataset": "",
      "updateDate": "2015-07-09T00:48:25.481Z"
    },
    {
      "date": "2008 Q1",
      "value": "2338",
      "year": "2008",
      "month": "",
      "quarter": "Q1",
      "sourceDataset": "",
      "updateDate": "2015-07-09T00:48:25.481Z"
    },
    {
      "date": "2008 Q2",
      "value": "2352",
      "year": "2008",
      "month": "",
      "quarter": "Q2",
      "sourceDataset": "",
      "updateDate": "2015-07-09T00:48:25.481Z"
    },
    {
      "date": "2008 Q3",
      "value": "2382",
      "year": "2008",
      "month": "",
      "quarter": "Q3",
      "sourceDataset": "",
      "updateDate": "2015-07-09T00:48:25.481Z"
    },
    {
      "date": "2008 Q4",
      "value": "2420",
      "year": "2008",
      "month": "",
      "quarter": "Q4",
      "sourceDataset": "",
      "updateDate": "2015-07-09T00:48:25.481Z"
    },
    {
      "date": "2009 Q1",
      "value": "2440",
      "year": "2009",
      "month": "",
      "quarter": "Q1",
      "sourceDataset": "",
      "updateDate": "2015-07-09T00:48:25.481Z"
    },
    {
      "date": "2009 Q2",
      "value": "2447",
      "year": "2009",
      "month": "",
      "quarter": "Q2",
      "sourceDataset": "",
      "updateDate": "2015-07-09T00:48:25.481Z"
    },
    {
      "date": "2009 Q3",
      "value": "2484",
      "year": "2009",
      "month": "",
      "quarter": "Q3",
      "sourceDataset": "",
      "updateDate": "2015-07-09T00:48:25.481Z"
    },
    {
      "date": "2009 Q4",
      "value": "2501",
      "year": "2009",
      "month": "",
      "quarter": "Q4",
      "sourceDataset": "",
      "updateDate": "2015-07-09T00:48:25.481Z"
    },
    {
      "date": "2010 Q1",
      "value": "2500",
      "year": "2010",
      "month": "",
      "quarter": "Q1",
      "sourceDataset": "",
      "updateDate": "2015-07-09T00:48:25.481Z"
    },
    {
      "date": "2010 Q2",
      "value": "2470",
      "year": "2010",
      "month": "",
      "quarter": "Q2",
      "sourceDataset": "",
      "updateDate": "2015-07-09T00:48:25.481Z"
    },
    {
      "date": "2010 Q3",
      "value": "2446",
      "year": "2010",
      "month": "",
      "quarter": "Q3",
      "sourceDataset": "",
      "updateDate": "2015-07-09T00:48:25.481Z"
    },
    {
      "date": "2010 Q4",
      "value": "2447",
      "year": "2010",
      "month": "",
      "quarter": "Q4",
      "sourceDataset": "",
      "updateDate": "2015-07-09T00:48:25.481Z"
    },
    {
      "date": "2011 Q1",
      "value": "2449",
      "year": "2011",
      "month": "",
      "quarter": "Q1",
      "sourceDataset": "",
      "updateDate": "2015-07-09T00:48:25.481Z"
    },
    {
      "date": "2011 Q2",
      "value": "2438",
      "year": "2011",
      "month": "",
      "quarter": "Q2",
      "sourceDataset": "",
      "updateDate": "2015-07-09T00:48:25.481Z"
    },
    {
      "date": "2011 Q3",
      "value": "2472",
      "year": "2011",
      "month": "",
      "quarter": "Q3",
      "sourceDataset": "",
      "updateDate": "2015-07-09T00:48:25.481Z"
    },
    {
      "date": "2011 Q4",
      "value": "2474",
      "year": "2011",
      "month": "",
      "quarter": "Q4",
      "sourceDataset": "",
      "updateDate": "2015-07-09T00:48:25.481Z"
    },
    {
      "date": "2012 Q1",
      "value": "2483",
      "year": "2012",
      "month": "",
      "quarter": "Q1",
      "sourceDataset": "",
      "updateDate": "2015-07-09T00:48:25.481Z"
    },
    {
      "date": "2012 Q2",
      "value": "2369",
      "year": "2012",
      "month": "",
      "quarter": "Q2",
      "sourceDataset": "",
      "updateDate": "2015-07-09T00:48:25.481Z"
    },
    {
      "date": "2012 Q3",
      "value": "2384",
      "year": "2012",
      "month": "",
      "quarter": "Q3",
      "sourceDataset": "",
      "updateDate": "2015-07-09T00:48:25.481Z"
    },
    {
      "date": "2012 Q4",
      "value": "2400",
      "year": "2012",
      "month": "",
      "quarter": "Q4",
      "sourceDataset": "",
      "updateDate": "2015-07-09T00:48:25.481Z"
    },
    {
      "date": "2013 Q1",
      "value": "2413",
      "year": "2013",
      "month": "",
      "quarter": "Q1",
      "sourceDataset": "",
      "updateDate": "2015-07-09T00:48:25.481Z"
    },
    {
      "date": "2013 Q2",
      "value": "2444",
      "year": "2013",
      "month": "",
      "quarter": "Q2",
      "sourceDataset": "",
      "updateDate": "2015-07-09T00:48:25.481Z"
    },
    {
      "date": "2013 Q3",
      "value": "2468",
      "year": "2013",
      "month": "",
      "quarter": "Q3",
      "sourceDataset": "",
      "updateDate": "2015-07-09T00:48:25.481Z"
    },
    {
      "date": "2013 Q4",
      "value": "2478",
      "year": "2013",
      "month": "",
      "quarter": "Q4",
      "sourceDataset": "",
      "updateDate": "2015-07-09T00:48:25.481Z"
    },
    {
      "date": "2014 Q1",
      "value": "2489",
      "year": "2014",
      "month": "",
      "quarter": "Q1",
      "sourceDataset": "",
      "updateDate": "2015-07-09T00:48:25.481Z"
    },
    {
      "date": "2014 Q2",
      "value": "2490",
      "year": "2014",
      "month": "",
      "quarter": "Q2",
      "sourceDataset": "",
      "updateDate": "2015-07-09T00:48:25.481Z"
    },
    {
      "date": "2014 Q3",
      "value": "2499",
      "year": "2014",
      "month": "",
      "quarter": "Q3",
      "sourceDataset": "",
      "updateDate": "2015-07-09T00:48:25.481Z"
    },
    {
      "date": "2014 Q4",
      "value": "2514",
      "year": "2014",
      "month": "",
      "quarter": "Q4",
      "sourceDataset": "",
      "updateDate": "2015-07-09T00:48:25.481Z"
    },
    {
      "date": "2015 Q1",
      "value": "2513",
      "year": "2015",
      "month": "",
      "quarter": "Q1",
      "sourceDataset": "",
      "updateDate": "2015-07-09T00:48:25.481Z"
    }
  ],
  "months": [],
  "sourceDatasets": [
    ""
  ],
  "type": "timeseries",
  "uri": "/employmentandlabourmarket/publicsectorpersonnel/timeseries/g7fp",
  "breadcrumb": [
    {
      "uri": "/"
    },
    {
      "uri": "/employmentandlabourmarket"
    },
    {
      "uri": "/employmentandlabourmarket/publicsectorpersonnel"
    }
  ],
  "description": {
    "title": "Public Sector Employment by Sector;Central Gov;UK;FTE;SA;Thousands      ",
    "nationalStatistic": false,
    "latestRelease": false,
    "releaseDate": "2015-06-16T23:00:00.000Z",
    "nextRelease": "16 Sept 2015",
    "cdid": "G7FP",
    "unit": "m",
    "preUnit": "",
    "source": "Office for National Statistics",
    "seasonalAdjustment": "NSA",
    "number": "2513",
    "sampleSize": 0
  }
}