{
  "years": [
    {
      "date": "1999",
      "value": "5085",
      "year": "1999",
      "month": "",
      "quarter": "",
      "sourceDataset": "",
      "updateDate": "2015-07-09T00:48:25.578Z"
    },
    {
      "date": "2000",
      "value": "5158",
      "year": "2000",
      "month": "",
      "quarter": "",
      "sourceDataset": "",
      "updateDate": "2015-07-09T00:48:25.578Z"
    },
    {
      "date": "2001",
      "value": "5238",
      "year": "2001",
      "month": "",
      "quarter": "",
      "sourceDataset": "",
      "updateDate": "2015-07-09T00:48:25.578Z"
    },
    {
      "date": "2002",
      "value": "5347",
      "year": "2002",
      "month": "",
      "quarter": "",
      "sourceDataset": "",
      "updateDate": "2015-07-09T00:48:25.578Z"
    },
    {
      "date": "2003",
      "value": "5500",
      "year": "2003",
      "month": "",
      "quarter": "",
      "sourceDataset": "",
      "updateDate": "2015-07-09T00:48:25.578Z"
    },
    {
      "date": "2004",
      "value": "5640",
      "year": "2004",
      "month": "",
      "quarter": "",
      "sourceDataset": "",
      "updateDate": "2015-07-09T00:48:25.578Z"
    },
    {
      "date": "2005",
      "value": "5729",
      "year": "2005",
      "month": "",
      "quarter": "",
      "sourceDataset": "",
      "updateDate": "2015-07-09T00:48:25.578Z"
    },
    {
      "date": "2006",
      "value": "5717",
      "year": "2006",
      "month": "",
      "quarter": "",
      "sourceDataset": "",
      "updateDate": "2015-07-09T00:48:25.578Z"
    },
    {
      "date": "2007",
      "value": "5685",
      "year": "2007",
      "month": "",
      "quarter": "",
      "sourceDataset": "",
      "updateDate": "2015-07-09T00:48:25.578Z"
    },
    {
      "date": "2008",
      "value": "5671",
      "year": "2008",
      "month": "",
      "quarter": "",
      "sourceDataset": "",
      "updateDate": "2015-07-09T00:48:25.578Z"
    },
    {
      "date": "2009",
      "value": "5760",
      "year": "2009",
      "month": "",
      "quarter": "",
      "sourceDataset": "",
      "updateDate": "2015-07-09T00:48:25.578Z"
    },
    {
      "date": "2010",
      "value": "5773",
      "year": "2010",
      "month": "",
      "quarter": "",
      "sourceDataset": "",
      "updateDate": "2015-07-09T00:48:25.578Z"
    },
    {
      "date": "2011",
      "value": "5597",
      "year": "2011",
      "month": "",
      "quarter": "",
      "sourceDataset": "",
      "updateDate": "2015-07-09T00:48:25.578Z"
    },
    {
      "date": "2012",
      "value": "5289",
      "year": "2012",
      "month": "",
      "quarter": "",
      "sourceDataset": "",
      "updateDate": "2015-07-09T00:48:25.578Z"
    },
    {
      "date": "2013",
      "value": "5244",
      "year": "2013",
      "month": "",
      "quarter": "",
      "sourceDataset": "",
      "updateDate": "2015-07-09T00:48:25.578Z"
    },
    {
      "date": "2014",
      "value": "5235",
      "year": "2014",
      "month": "",
      "quarter": "",
      "sourceDataset": "",
      "updateDate": "2015-07-09T00:48:25.578Z"
    }
  ],
  "quarters": [
    {
      "date": "1999 Q1",
      "value": "5073",
      "year": "1999",
      "month": "",
      "quarter": "Q1",
      "sourceDataset": "",
      "updateDate": "2015-07-09T00:48:25.578Z"
    },
    {
      "date": "1999 Q2",
      "value": "5085",
      "year": "1999",
      "month": "",
      "quarter": "Q2",
      "sourceDataset": "",
      "updateDate": "2015-07-09T00:48:25.578Z"
    },
    {
      "date": "1999 Q3",
      "value": "5103",
      "year": "1999",
      "month": "",
      "quarter": "Q3",
      "sourceDataset": "",
      "updateDate": "2015-07-09T00:48:25.578Z"
    },
    {
      "date": "1999 Q4",
      "value": "5124",
      "year": "1999",
      "month": "",
      "quarter": "Q4",
      "sourceDataset": "",
      "updateDate": "2015-07-09T00:48:25.578Z"
    },
    {
      "date": "2000 Q1",
      "value": "5145",
      "year": "2000",
      "month": "",
      "quarter": "Q1",
      "sourceDataset": "",
      "updateDate": "2015-07-09T00:48:25.578Z"
    },
    {
      "date": "2000 Q2",
      "value": "5158",
      "year": "2000",
      "month": "",
      "quarter": "Q2",
      "sourceDataset": "",
      "updateDate": "2015-07-09T00:48:25.578Z"
    },
    {
      "date": "2000 Q3",
      "value": "5177",
      "year": "2000",
      "month": "",
      "quarter": "Q3",
      "sourceDataset": "",
      "updateDate": "2015-07-09T00:48:25.578Z"
    },
    {
      "date": "2000 Q4",
      "value": "5186",
      "year": "2000",
      "month": "",
      "quarter": "Q4",
      "sourceDataset": "",
      "updateDate": "2015-07-09T00:48:25.578Z"
    },
    {
      "date": "2001 Q1",
      "value": "5211",
      "year": "2001",
      "month": "",
      "quarter": "Q1",
      "sourceDataset": "",
      "updateDate": "2015-07-09T00:48:25.578Z"
    },
    {
      "date": "2001 Q2",
      "value": "5238",
      "year": "2001",
      "month": "",
      "quarter": "Q2",
      "sourceDataset": "",
      "updateDate": "2015-07-09T00:48:25.578Z"
    },
    {
      "date": "2001 Q3",
      "value": "5261",
      "year": "2001",
      "month": "",
      "quarter": "Q3",
      "sourceDataset": "",
      "updateDate": "2015-07-09T00:48:25.578Z"
    },
    {
      "date": "2001 Q4",
      "value": "5283",
      "year": "2001",
      "month": "",
      "quarter": "Q4",
      "sourceDataset": "",
      "updateDate": "2015-07-09T00:48:25.578Z"
    },
    {
      "date": "2002 Q1",
      "value": "5324",
      "year": "2002",
      "month": "",
      "quarter": "Q1",
      "sourceDataset": "",
      "updateDate": "2015-07-09T00:48:25.578Z"
    },
    {
      "date": "2002 Q2",
      "value": "5347",
      "year": "2002",
      "month": "",
      "quarter": "Q2",
      "sourceDataset": "",
      "updateDate": "2015-07-09T00:48:25.578Z"
    },
    {
      "date": "2002 Q3",
      "value": "5375",
      "year": "2002",
      "month": "",
      "quarter": "Q3",
      "sourceDataset": "",
      "updateDate": "2015-07-09T00:48:25.578Z"
    },
    {
      "date": "2002 Q4",
      "value": "5413",
      "year": "2002",
      "month": "",
      "quarter": "Q4",
      "sourceDataset": "",
      "updateDate": "2015-07-09T00:48:25.578Z"
    },
    {
      "date": "2003 Q1",
      "value": "5454",
      "year": "2003",
      "month": "",
      "quarter": "Q1",
      "sourceDataset": "",
      "updateDate": "2015-07-09T00:48:25.578Z"
    },
    {
      "date": "2003 Q2",
      "value": "5500",
      "year": "2003",
      "month": "",
      "quarter": "Q2",
      "sourceDataset": "",
      "updateDate": "2015-07-09T00:48:25.578Z"
    },
    {
      "date": "2003 Q3",
      "value": "5529",
      "year": "2003",
      "month": "",
      "quarter": "Q3",
      "sourceDataset": "",
      "updateDate": "2015-07-09T00:48:25.578Z"
    },
    {
      "date": "2003 Q4",
      "value": "5577",
      "year": "2003",
      "month": "",
      "quarter": "Q4",
      "sourceDataset": "",
      "updateDate": "2015-07-09T00:48:25.578Z"
    },
    {
      "date": "2004 Q1",
      "value": "5614",
      "year": "2004",
      "month": "",
      "quarter": "Q1",
      "sourceDataset": "",
      "updateDate": "2015-07-09T00:48:25.578Z"
    },
    {
      "date": "2004 Q2",
      "value": "5640",
      "year": "2004",
      "month": "",
      "quarter": "Q2",
      "sourceDataset": "",
      "updateDate": "2015-07-09T00:48:25.578Z"
    },
    {
      "date": "2004 Q3",
      "value": "5671",
      "year": "2004",
      "month": "",
      "quarter": "Q3",
      "sourceDataset": "",
      "updateDate": "2015-07-09T00:48:25.578Z"
    },
    {
      "date": "2004 Q4",
      "value": "5688",
      "year": "2004",
      "month": "",
      "quarter": "Q4",
      "sourceDataset": "",
      "updateDate": "2015-07-09T00:48:25.578Z"
    },
    {
      "date": "2005 Q1",
      "value": "5704",
      "year": "2005",
      "month": "",
      "quarter": "Q1",
      "sourceDataset": "",
      "updateDate": "2015-07-09T00:48:25.578Z"
    },
    {
      "date": "2005 Q2",
      "value": "5729",
      "year": "2005",
      "month": "",
      "quarter": "Q2",
      "sourceDataset": "",
      "updateDate": "2015-07-09T00:48:25.578Z"
    },
    {
      "date": "2005 Q3",
      "value": "5732",
      "year": "2005",
      "month": "",
      "quarter": "Q3",
      "sourceDataset": "",
      "updateDate": "2015-07-09T00:48:25.578Z"
    },
    {
      "date": "2005 Q4",
      "value": "5736",
      "year": "2005",
      "month": "",
      "quarter": "Q4",
      "sourceDataset": "",
      "updateDate": "2015-07-09T00:48:25.578Z"
    },
    {
      "date": "2006 Q1",
      "value": "5724",
      "year": "2006",
      "month": "",
      "quarter": "Q1",
      "sourceDataset": "",
      "updateDate": "2015-07-09T00:48:25.578Z"
    },
    {
      "date": "2006 Q2",
      "value": "5717",
      "year": "2006",
      "month": "",
      "quarter": "Q2",
      "sourceDataset": "",
      "updateDate": "2015-07-09T00:48:25.578Z"
    },
    {
      "date": "2006 Q3",
      "value": "5703",
      "year": "2006",
      "month": "",
      "quarter": "Q3",
      "sourceDataset": "",
      "updateDate": "2015-07-09T00:48:25.578Z"
    },
    {
      "date": "2006 Q4",
      "value": "5696",
      "year": "2006",
      "month": "",
      "quarter": "Q4",
      "sourceDataset": "",
      "updateDate": "2015-07-09T00:48:25.578Z"
    },
    {
      "date": "2007 Q1",
      "value": "5691",
      "year": "2007",
      "month": "",
      "quarter": "Q1",
      "sourceDataset": "",
      "updateDate": "2015-07-09T00:48:25.578Z"
    },
    {
      "date": "2007 Q2",
      "value": "5685",
      "year": "2007",
      "month": "",
      "quarter": "Q2",
      "sourceDataset": "",
      "updateDate": "2015-07-09T00:48:25.578Z"
    },
    {
      "date": "2007 Q3",
      "value": "5680",
      "year": "2007",
      "month": "",
      "quarter": "Q3",
      "sourceDataset": "",
      "updateDate": "2015-07-09T00:48:25.578Z"
    },
    {
      "date": "2007 Q4",
      "value": "5668",
      "year": "2007",
      "month": "",
      "quarter": "Q4",
      "sourceDataset": "",
      "updateDate": "2015-07-09T00:48:25.578Z"
    },
    {
      "date": "2008 Q1",
      "value": "5655",
      "year": "2008",
      "month": "",
      "quarter": "Q1",
      "sourceDataset": "",
      "updateDate": "2015-07-09T00:48:25.578Z"
    },
    {
      "date": "2008 Q2",
      "value": "5671",
      "year": "2008",
      "month": "",
      "quarter": "Q2",
      "sourceDataset": "",
      "updateDate": "2015-07-09T00:48:25.578Z"
    },
    {
      "date": "2008 Q3",
      "value": "5709",
      "year": "2008",
      "month": "",
      "quarter": "Q3",
      "sourceDataset": "",
      "updateDate": "2015-07-09T00:48:25.578Z"
    },
    {
      "date": "2008 Q4",
      "value": "5744",
      "year": "2008",
      "month": "",
      "quarter": "Q4",
      "sourceDataset": "",
      "updateDate": "2015-07-09T00:48:25.578Z"
    },
    {
      "date": "2009 Q1",
      "value": "5753",
      "year": "2009",
      "month": "",
      "quarter": "Q1",
      "sourceDataset": "",
      "updateDate": "2015-07-09T00:48:25.578Z"
    },
    {
      "date": "2009 Q2",
      "value": "5760",
      "year": "2009",
      "month": "",
      "quarter": "Q2",
      "sourceDataset": "",
      "updateDate": "2015-07-09T00:48:25.578Z"
    },
    {
      "date": "2009 Q3",
      "value": "5811",
      "year": "2009",
      "month": "",
      "quarter": "Q3",
      "sourceDataset": "",
      "updateDate": "2015-07-09T00:48:25.578Z"
    },
    {
      "date": "2009 Q4",
      "value": "5819",
      "year": "2009",
      "month": "",
      "quarter": "Q4",
      "sourceDataset": "",
      "updateDate": "2015-07-09T00:48:25.578Z"
    },
    {
      "date": "2010 Q1",
      "value": "5792",
      "year": "2010",
      "month": "",
      "quarter": "Q1",
      "sourceDataset": "",
      "updateDate": "2015-07-09T00:48:25.578Z"
    },
    {
      "date": "2010 Q2",
      "value": "5773",
      "year": "2010",
      "month": "",
      "quarter": "Q2",
      "sourceDataset": "",
      "updateDate": "2015-07-09T00:48:25.578Z"
    },
    {
      "date": "2010 Q3",
      "value": "5731",
      "year": "2010",
      "month": "",
      "quarter": "Q3",
      "sourceDataset": "",
      "updateDate": "2015-07-09T00:48:25.578Z"
    },
    {
      "date": "2010 Q4",
      "value": "5702",
      "year": "2010",
      "month": "",
      "quarter": "Q4",
      "sourceDataset": "",
      "updateDate": "2015-07-09T00:48:25.578Z"
    },
    {
      "date": "2011 Q1",
      "value": "5679",
      "year": "2011",
      "month": "",
      "quarter": "Q1",
      "sourceDataset": "",
      "updateDate": "2015-07-09T00:48:25.578Z"
    },
    {
      "date": "2011 Q2",
      "value": "5597",
      "year": "2011",
      "month": "",
      "quarter": "Q2",
      "sourceDataset": "",
      "updateDate": "2015-07-09T00:48:25.578Z"
    },
    {
      "date": "2011 Q3",
      "value": "5575",
      "year": "2011",
      "month": "",
      "quarter": "Q3",
      "sourceDataset": "",
      "updateDate": "2015-07-09T00:48:25.578Z"
    },
    {
      "date": "2011 Q4",
      "value": "5547",
      "year": "2011",
      "month": "",
      "quarter": "Q4",
      "sourceDataset": "",
      "updateDate": "2015-07-09T00:48:25.578Z"
    },
    {
      "date": "2012 Q1",
      "value": "5514",
      "year": "2012",
      "month": "",
      "quarter": "Q1",
      "sourceDataset": "",
      "updateDate": "2015-07-09T00:48:25.578Z"
    },
    {
      "date": "2012 Q2",
      "value": "5289",
      "year": "2012",
      "month": "",
      "quarter": "Q2",
      "sourceDataset": "",
      "updateDate": "2015-07-09T00:48:25.578Z"
    },
    {
      "date": "2012 Q3",
      "value": "5274",
      "year": "2012",
      "month": "",
      "quarter": "Q3",
      "sourceDataset": "",
      "updateDate": "2015-07-09T00:48:25.578Z"
    },
    {
      "date": "2012 Q4",
      "value": "5259",
      "year": "2012",
      "month": "",
      "quarter": "Q4",
      "sourceDataset": "",
      "updateDate": "2015-07-09T00:48:25.578Z"
    },
    {
      "date": "2013 Q1",
      "value": "5253",
      "year": "2013",
      "month": "",
      "quarter": "Q1",
      "sourceDataset": "",
      "updateDate": "2015-07-09T00:48:25.578Z"
    },
    {
      "date": "2013 Q2",
      "value": "5244",
      "year": "2013",
      "month": "",
      "quarter": "Q2",
      "sourceDataset": "",
      "updateDate": "2015-07-09T00:48:25.578Z"
    },
    {
      "date": "2013 Q3",
      "value": "5271",
      "year": "2013",
      "month": "",
      "quarter": "Q3",
      "sourceDataset": "",
      "updateDate": "2015-07-09T00:48:25.578Z"
    },
    {
      "date": "2013 Q4",
      "value": "5261",
      "year": "2013",
      "month": "",
      "quarter": "Q4",
      "sourceDataset": "",
      "updateDate": "2015-07-09T00:48:25.578Z"
    },
    {
      "date": "2014 Q1",
      "value": "5246",
      "year": "2014",
      "month": "",
      "quarter": "Q1",
      "sourceDataset": "",
      "updateDate": "2015-07-09T00:48:25.578Z"
    },
    {
      "date": "2014 Q2",
      "value": "5235",
      "year": "2014",
      "month": "",
      "quarter": "Q2",
      "sourceDataset": "",
      "updateDate": "2015-07-09T00:48:25.578Z"
    },
    {
      "date": "2014 Q3",
      "value": "5220",
      "year": "2014",
      "month": "",
      "quarter": "Q3",
      "sourceDataset": "",
      "updateDate": "2015-07-09T00:48:25.578Z"
    },
    {
      "date": "2014 Q4",
      "value": "5217",
      "year": "2014",
      "month": "",
      "quarter": "Q4",
      "sourceDataset": "",
      "updateDate": "2015-07-09T00:48:25.578Z"
    },
    {
      "date": "2015 Q1",
      "value": "5192",
      "year": "2015",
      "month": "",
      "quarter": "Q1",
      "sourceDataset": "",
      "updateDate": "2015-07-09T00:48:25.578Z"
    }
  ],
  "months": [],
  "sourceDatasets": [
    ""
  ],
  "type": "timeseries",
  "uri": "/employmentandlabourmarket/publicsectorpersonnel/timeseries/g6nw",
  "breadcrumb": [
    {
      "uri": "/"
    },
    {
      "uri": "/employmentandlabourmarket"
    },
    {
      "uri": "/employmentandlabourmarket/publicsectorpersonnel"
    }
  ],
  "description": {
    "title": "Public Sector Employment by Sector; Total General Gov; UK; HC; SA; Thousands",
    "nationalStatistic": false,
    "latestRelease": false,
    "releaseDate": "2015-06-16T23:00:00.000Z",
    "nextRelease": "16 Sept 2015",
    "cdid": "G6NW",
    "unit": "",
    "preUnit": "",
    "source": "Office for National Statistics",
    "seasonalAdjustment": "NSA",
    "number": "5192",
    "sampleSize": 0
  }
}